projects_count,intersection_percentage
1272,0.0
1,2.7777777777777777
1,4.878048780487805
1,7.142857142857142
