status,intersection
Core,2.37467018469657
Non-core,2.1818181818181817
