status,intersection
Core,0.7741935483870968
Non-core,0.3454231433506045
