status,intersection
Core,10.144927536231885
Non-core,5.2631578947368425
