status,intersection
Core,3.7383177570093458
Non-core,2.898550724637681
