status,intersection
Core,10.169491525423728
Non-core,9.090909090909092
