status,intersection
Core,14.084507042253522
Non-core,5.714285714285714
