status,intersection
Core,16.417910447761194
Non-core,19.51219512195122
