status,intersection
Core,3.2854209445585214
Non-core,2.479338842975207
