status,intersection
Core,6.976744186046512
Non-core,12.195121951219512
