status,intersection
Core,1.5126050420168067
Non-core,0.43956043956043955
