status,intersection
Core,15.942028985507246
Non-core,19.35483870967742
