status,intersection
Core,4.66321243523316
Non-core,2.586206896551724
