status,intersection
Core,12.962962962962964
Non-core,12.820512820512821
