status,intersection
Core,12.745098039215685
Non-core,15.686274509803921
