status,intersection
Core,2.881844380403458
Non-core,2.845528455284553
