status,intersection
Core,3.7900874635568513
Non-core,2.681992337164751
