status,intersection
Core,2.6622296173044924
Non-core,1.8711018711018712
