status,intersection
Core,12.745098039215685
Non-core,13.333333333333334
