status,intersection
Core,3.883495145631068
Non-core,2.4193548387096775
