status,intersection
Core,5.714285714285714
Non-core,10.526315789473685
