status,intersection
Core,5.2631578947368425
Non-core,5.333333333333333
