status,intersection
Core,2.384105960264901
Non-core,1.4184397163120568
