status,intersection
Core,2.73224043715847
Non-core,1.2345679012345678
