status,intersection
Core,5.803571428571429
Non-core,4.827586206896552
