status,intersection
Core,16.39344262295082
Non-core,17.02127659574468
