status,intersection
Core,4.2682926829268295
Non-core,1.7699115044247788
