status,intersection
Core,8.955223880597014
Non-core,3.0303030303030303
