status,intersection
Core,1.1825572801182558
Non-core,0.458295142071494
