status,intersection
Core,6.6115702479338845
Non-core,4.761904761904762
