status,intersection
Core,5.2264808362369335
Non-core,4.301075268817204
