status,intersection
Core,1.8633540372670807
Non-core,0.5333333333333333
