status,intersection
Core,14.864864864864865
Non-core,11.363636363636363
