status,intersection
Core,9.848484848484848
Non-core,11.267605633802816
