status,intersection
Core,6.164383561643835
Non-core,6.422018348623853
