status,intersection
Core,2.137767220902613
Non-core,0.6514657980456026
