status,intersection
Core,5.405405405405405
Non-core,3.6144578313253013
