status,intersection
Core,9.183673469387756
Non-core,10.169491525423728
