status,intersection
Core,4.230769230769231
Non-core,3.9548022598870056
