status,intersection
Core,8.13953488372093
Non-core,7.547169811320755
