status,intersection
Core,4.464285714285714
Non-core,3.389830508474576
