status,intersection
Core,2.842809364548495
Non-core,1.965065502183406
