status,intersection
Core,3.9682539682539684
Non-core,2.5974025974025974
