status,intersection
Core,12.76595744680851
Non-core,4.3478260869565215
