status,intersection
Core,6.172839506172839
Non-core,4.081632653061225
