status,intersection
Core,15.294117647058824
Non-core,13.114754098360656
