status,intersection
Core,1.971830985915493
Non-core,0.7905138339920948
