status,intersection
Core,7.6923076923076925
Non-core,8.450704225352112
