status,intersection
Core,11.842105263157896
Non-core,13.333333333333334
