status,intersection
Core,8.823529411764707
Non-core,9.63855421686747
