status,intersection
Core,1.8461538461538463
Non-core,1.2552301255230125
