status,intersection
Core,6.60377358490566
Non-core,1.639344262295082
