status,intersection
Core,3.0373831775700935
Non-core,2.2435897435897436
