status,intersection
Core,3.0303030303030303
Non-core,1.7241379310344827
