status,intersection
Core,22.916666666666668
Non-core,26.08695652173913
