status,intersection
Core,2.0348837209302326
Non-core,0.8733624454148472
