status,intersection
Core,5.504587155963303
Non-core,1.5151515151515151
