status,intersection
Core,14.035087719298245
Non-core,13.953488372093023
