status,intersection
Core,10.588235294117647
Non-core,7.547169811320755
