status,intersection
Core,2.814814814814815
Non-core,1.9067796610169492
