status,intersection
Core,4.2105263157894735
Non-core,6.382978723404255
