status,intersection
Core,6.7669172932330826
Non-core,2.4390243902439024
