status,intersection
Core,2.8268551236749118
Non-core,1.0471204188481675
