status,intersection
Core,2.0761245674740483
Non-core,1.0050251256281406
