status,intersection
Core,8.849557522123893
Non-core,6.944444444444445
