status,intersection
Core,10.666666666666666
Non-core,13.157894736842104
