status,intersection
Core,2.380952380952381
Non-core,5.2631578947368425
