status,intersection
Core,9.03225806451613
Non-core,8.88888888888889
