status,intersection
Core,7.954545454545454
Non-core,8.181818181818182
