status,intersection
Core,7.317073170731708
Non-core,3.4482758620689653
