status,intersection
Core,8.080808080808081
Non-core,4.444444444444445
