status,intersection
Core,6.043956043956044
Non-core,5.982905982905983
