status,intersection
Core,2.1450459652706844
Non-core,1.478494623655914
