status,intersection
Core,2.147239263803681
Non-core,0.8333333333333334
