status,intersection
Core,6.976744186046512
Non-core,4.761904761904762
