status,intersection
Core,21.568627450980394
Non-core,26.08695652173913
