status,intersection
Core,8.823529411764707
Non-core,7.8431372549019605
