status,intersection
Core,7.211538461538462
Non-core,6.896551724137931
