status,intersection
Core,4.022988505747127
Non-core,1.7699115044247788
