status,intersection
Core,8.955223880597014
Non-core,3.5714285714285716
