status,intersection
Core,15.789473684210526
Non-core,16.27906976744186
