status,intersection
Core,14.492753623188406
Non-core,4.878048780487805
