status,intersection
Core,8.860759493670885
Non-core,9.63855421686747
