status,intersection
Core,7.619047619047619
Non-core,8.870967741935484
