status,intersection
Core,6.730769230769231
Non-core,4.761904761904762
