status,intersection
Core,13.580246913580247
Non-core,17.02127659574468
