status,intersection
Core,3.902439024390244
Non-core,3.717472118959108
