status,intersection
Core,2.2988505747126435
Non-core,0.8130081300813008
