status,intersection
Core,9.836065573770492
Non-core,7.142857142857143
