status,intersection
Core,11.11111111111111
Non-core,13.20754716981132
