status,intersection
Core,2.074688796680498
Non-core,0.8356545961002786
