status,intersection
Core,4.784688995215311
Non-core,2.8776978417266186
