status,intersection
Core,7.246376811594203
Non-core,7.6923076923076925
