status,intersection
Core,5.517241379310345
Non-core,2.1739130434782608
