status,intersection
Core,5.571847507331379
Non-core,3.9473684210526314
