status,intersection
Core,11.764705882352942
Non-core,11.11111111111111
