status,intersection
Core,5.9171597633136095
Non-core,2.0618556701030926
