status,intersection
Core,4.17910447761194
Non-core,4.0358744394618835
