status,intersection
Core,3.1963470319634704
Non-core,1.4285714285714286
