status,intersection
Core,6.896551724137931
Non-core,16.666666666666668
