status,intersection
Core,3.0303030303030303
Non-core,2.727272727272727
