status,intersection
Core,4.827586206896552
Non-core,3.9800995024875623
