status,intersection
Core,4.761904761904762
Non-core,2.0408163265306123
