status,intersection
Core,3.3033033033033035
Non-core,2.4390243902439024
