status,intersection
Core,1.9715224534501643
Non-core,1.5647226173541964
