status,intersection
Core,7.547169811320755
Non-core,8.571428571428571
