status,intersection
Core,8.94308943089431
Non-core,9.523809523809524
