status,intersection
Core,3.1531531531531534
Non-core,3.7313432835820897
