status,intersection
Core,18.181818181818183
Non-core,22.22222222222222
