status,intersection
Core,16.9811320754717
Non-core,3.5714285714285716
