status,intersection
Core,15.254237288135593
Non-core,15.789473684210526
