status,intersection
Core,5.9171597633136095
Non-core,2.830188679245283
