status,intersection
Core,5.769230769230769
Non-core,3.5714285714285716
