status,intersection
Core,11.627906976744185
Non-core,5.555555555555555
