status,intersection
Core,4.794520547945205
Non-core,3.488372093023256
