status,intersection
Core,0.4482477587612062
Non-core,0.09727626459143969
