status,intersection
Core,5.333333333333333
Non-core,4.938271604938271
