status,intersection
Core,20.512820512820515
Non-core,23.80952380952381
