status,intersection
Core,10.714285714285714
Non-core,12.280701754385966
