status,intersection
Core,2.8645833333333335
Non-core,1.1627906976744187
