status,intersection
Core,2.985074626865672
Non-core,2.247191011235955
