status,intersection
Core,2.443991853360489
Non-core,1.5748031496062993
