status,intersection
Core,1.3415892672858618
Non-core,0.5617977528089888
