status,intersection
Core,15.492957746478874
Non-core,12.76595744680851
