status,intersection
Core,7.051282051282051
Non-core,6.185567010309279
