status,intersection
Core,7.826086956521739
Non-core,7.462686567164179
