status,intersection
Core,6.145251396648045
Non-core,6.730769230769231
