status,intersection
Core,16.216216216216218
Non-core,23.529411764705884
