status,intersection
Core,1.349527665317139
Non-core,0.3616636528028933
