status,intersection
Core,11.11111111111111
Non-core,22.22222222222222
