status,intersection
Core,1.1513157894736843
Non-core,0.7142857142857143
