status,intersection
Core,19.23076923076923
Non-core,30.434782608695652
