status,intersection
Core,4.285714285714286
Non-core,0.8130081300813008
