status,intersection
Core,8.19672131147541
Non-core,5.2631578947368425
