status,intersection
Core,6.040268456375839
Non-core,2.3255813953488373
