status,intersection
Core,14.516129032258064
Non-core,12.820512820512821
