status,intersection
Core,7.462686567164179
Non-core,2.912621359223301
