status,intersection
Core,17.647058823529413
Non-core,23.529411764705884
