status,intersection
Core,0.7138934651290499
Non-core,0.19505851755526657
