status,intersection
Core,5.2631578947368425
Non-core,7.894736842105263
