status,intersection
Core,3.658536585365854
Non-core,6.382978723404255
