status,intersection
Core,2.0080321285140563
Non-core,0.5882352941176471
