status,intersection
Core,0.6578947368421053
Non-core,0.9900990099009901
