status,intersection
Core,4.705882352941177
Non-core,7.2727272727272725
