status,intersection
Core,1.6556291390728477
Non-core,1.0526315789473684
