status,intersection
Core,0.43103448275862066
Non-core,0.6097560975609756
