status,intersection
Core,0.3870967741935484
Non-core,0.5199306759098787
