status,intersection
Core,4.511278195488722
Non-core,3.9473684210526314
