status,intersection
Core,0.6006006006006006
Non-core,0.9216589861751152
