status,intersection
Core,1.7341040462427746
Non-core,0.9523809523809523
