status,intersection
Core,9.649122807017545
Non-core,8.19672131147541
