status,intersection
Core,0.9009009009009009
Non-core,1.5384615384615385
