status,intersection
Core,6.046511627906977
Non-core,6.106870229007634
