status,intersection
Core,3.314917127071823
Non-core,4.62962962962963
