status,intersection
Core,4.518072289156627
Non-core,3.883495145631068
