status,intersection
Core,0.7246376811594203
Non-core,1.1627906976744187
