status,intersection
Core,1.1844331641285957
Non-core,0.4424778761061947
