status,intersection
Core,1.4134275618374559
Non-core,1.0256410256410255
