status,intersection
Core,1.3888888888888888
Non-core,2.9411764705882355
