status,intersection
Core,4.123711340206185
Non-core,9.090909090909092
