status,intersection
Core,0.5988023952095808
Non-core,0.9009009009009009
