status,intersection
Core,4.49438202247191
Non-core,6.557377049180328
