status,intersection
Core,1.3824884792626728
Non-core,0.7246376811594203
