status,intersection
Core,9.565217391304348
Non-core,7.246376811594203
