status,intersection
Core,7.086614173228346
Non-core,2.5316455696202533
