status,intersection
Core,2.3121387283236996
Non-core,1.9047619047619047
