status,intersection
Core,8.450704225352112
Non-core,5.405405405405405
