status,intersection
Core,0.6544502617801047
Non-core,0.17391304347826086
