status,intersection
Core,18.556701030927837
Non-core,14.583333333333334
