status,intersection
Core,4.501607717041801
Non-core,4.102564102564102
