status,intersection
Core,19.23076923076923
Non-core,22.22222222222222
