status,intersection
Core,1.2658227848101267
Non-core,2.6315789473684212
