status,intersection
Core,1.0126582278481013
Non-core,0.26246719160104987
