status,intersection
Core,2.0408163265306123
Non-core,5.555555555555555
