status,intersection
Core,7.586206896551724
Non-core,6.451612903225806
