status,intersection
Core,2.197802197802198
Non-core,4.545454545454546
