status,intersection
Core,2.0202020202020203
Non-core,0.8264462809917356
