status,intersection
Core,0.47443331576172904
Non-core,0.19230769230769232
