status,intersection
Core,1.639344262295082
Non-core,3.7037037037037037
