status,intersection
Core,4.263565891472868
Non-core,3.2967032967032965
