status,intersection
Core,9.722222222222221
Non-core,13.513513513513514
