status,intersection
Core,1.1111111111111112
Non-core,2.4390243902439024
