status,intersection
Core,0.42216358839050133
Non-core,0.0641025641025641
