status,intersection
Core,0.51440329218107
Non-core,0.13531799729364005
