status,intersection
Core,12.149532710280374
Non-core,13.559322033898304
