status,intersection
Core,3.658536585365854
Non-core,2.3255813953488373
