status,intersection
Core,8.620689655172415
Non-core,19.23076923076923
