status,intersection
Core,1.0025062656641603
Non-core,0.38022813688212925
