status,intersection
Core,2.272727272727273
Non-core,4.3478260869565215
