status,intersection
Core,3.658536585365854
Non-core,4.25531914893617
