status,intersection
Core,3.7656903765690375
Non-core,4.285714285714286
