status,intersection
Core,0.8333333333333334
Non-core,1.5151515151515151
