status,intersection
Core,1.0869565217391304
Non-core,2.1739130434782608
