status,intersection
Core,1.084010840108401
Non-core,0.8298755186721992
