status,intersection
Core,1.3888888888888888
Non-core,2.7027027027027026
