status,intersection
Core,0.8902077151335311
Non-core,0.21413276231263384
