status,intersection
Core,5.154639175257732
Non-core,5.454545454545454
