status,intersection
Core,4.166666666666667
Non-core,5.769230769230769
