status,intersection
Core,6.024096385542169
Non-core,5.454545454545454
