status,intersection
Core,1.4814814814814814
Non-core,0.5208333333333334
