status,intersection
Core,5.555555555555555
Non-core,4.838709677419355
