status,intersection
Core,1.2820512820512822
Non-core,1.9801980198019802
