status,intersection
Core,2.6785714285714284
Non-core,1.3333333333333333
