status,intersection
Core,0.45662100456621
Non-core,0.7518796992481203
