status,intersection
Core,1.092896174863388
Non-core,0.8298755186721992
