status,intersection
Core,0.8865248226950354
Non-core,0.2386634844868735
