status,intersection
Core,3.5714285714285716
Non-core,7.6923076923076925
