status,intersection
Core,0.9174311926605505
Non-core,0.8368200836820083
