status,intersection
Core,2.1359223300970873
Non-core,2.0618556701030926
