status,intersection
Core,6.593406593406593
Non-core,8.474576271186441
