status,intersection
Core,1.0084033613445378
Non-core,0.6651884700665188
