status,intersection
Core,1.4184397163120568
Non-core,1.3888888888888888
