status,intersection
Core,0.338409475465313
Non-core,0.22624434389140272
