status,intersection
Core,2.5380710659898478
Non-core,4.081632653061225
