status,intersection
Core,4.201680672268908
Non-core,3.1746031746031744
