status,intersection
Core,6.837606837606837
Non-core,10.76923076923077
