status,intersection
Core,1.5544041450777202
Non-core,0.8695652173913043
