status,intersection
Core,3.289473684210526
Non-core,4.25531914893617
