status,intersection
Core,3.6363636363636362
Non-core,2.5641025641025643
