status,intersection
Core,6.3535911602209945
Non-core,5.485232067510548
