status,intersection
Core,0.6043956043956044
Non-core,0.19543973941368079
