status,intersection
Core,1.9607843137254901
Non-core,2.3255813953488373
