status,intersection
Core,1.639344262295082
Non-core,3.076923076923077
