status,intersection
Core,1.0610079575596818
Non-core,1.023890784982935
