status,intersection
Core,7.619047619047619
Non-core,11.666666666666666
