status,intersection
Core,2.8205128205128207
Non-core,2.364864864864865
