status,intersection
Core,1.0067114093959733
Non-core,0.5291005291005291
