status,intersection
Core,3.1847133757961785
Non-core,1.9607843137254901
