status,intersection
Core,0.5500550055005501
Non-core,0.14285714285714285
