status,intersection
Core,2.7624309392265194
Non-core,1.9801980198019802
