status,intersection
Core,0.44609665427509293
Non-core,0.0966183574879227
