status,intersection
Core,1.4388489208633093
Non-core,0.9803921568627451
