status,intersection
Core,5.829596412556054
Non-core,5.343511450381679
