status,intersection
Core,1.0526315789473684
Non-core,1.7543859649122806
