status,intersection
Core,2.73972602739726
Non-core,1.8666666666666667
