status,intersection
Core,5.115089514066496
Non-core,3.942652329749104
