status,intersection
Core,2.0202020202020203
Non-core,1.7857142857142858
