status,intersection
Core,1.6908212560386473
Non-core,1.6286644951140066
