status,intersection
Core,0.5943536404160475
Non-core,0.21413276231263384
