status,intersection
Core,0.9079118028534371
Non-core,0.5217391304347826
