status,intersection
Core,3.076923076923077
Non-core,3.3333333333333335
