status,intersection
Core,4.424778761061947
Non-core,6.349206349206349
