status,intersection
Core,3.5714285714285716
Non-core,8.108108108108109
