status,intersection
Core,5.208333333333333
Non-core,3.7735849056603774
