status,intersection
Core,6.145251396648045
Non-core,5.220883534136546
