status,intersection
Core,0.33783783783783783
Non-core,0.1314060446780552
