status,intersection
Core,1.948051948051948
Non-core,2.380952380952381
