status,intersection
Core,1.735357917570499
Non-core,0.29069767441860467
