status,intersection
Core,3.5398230088495577
Non-core,1.5384615384615385
