status,intersection
Core,2.0202020202020203
Non-core,2.0833333333333335
