status,intersection
Core,0.8445945945945946
Non-core,0.39421813403416556
