status,intersection
Core,4.705882352941177
Non-core,6.976744186046512
