status,intersection
Core,4.587155963302752
Non-core,1.4285714285714286
