status,intersection
Core,4.635761589403973
Non-core,6.097560975609756
