status,intersection
Core,0.7352941176470589
Non-core,1.0362694300518134
