status,intersection
Core,6.009615384615385
Non-core,5.47945205479452
