status,intersection
Core,4.301075268817204
Non-core,1.7543859649122806
