status,intersection
Core,4.195804195804196
Non-core,6.172839506172839
