status,intersection
Core,1.092896174863388
Non-core,0.7092198581560284
