status,intersection
Core,4.123711340206185
Non-core,1.6666666666666667
