status,intersection
Core,1.0204081632653061
Non-core,1.7857142857142858
