status,intersection
Core,1.518987341772152
Non-core,0.4807692307692308
