status,intersection
Core,4.086845466155811
Non-core,3.270223752151463
