status,intersection
Core,0.6329113924050633
Non-core,0.9302325581395349
