status,intersection
Core,0.33277870216306155
Non-core,0.4192872117400419
