status,intersection
Core,2.7624309392265194
Non-core,2.8776978417266186
