status,intersection
Core,1.639344262295082
Non-core,1.0526315789473684
