status,intersection
Core,2.3017902813299234
Non-core,2.356902356902357
