status,intersection
Core,1.1299435028248588
Non-core,1.8018018018018018
