status,intersection
Core,0.22002200220022003
Non-core,0.06514657980456026
