status,intersection
Core,1.0638297872340425
Non-core,0.5555555555555556
