status,intersection
Core,2.097902097902098
Non-core,2.380952380952381
