status,intersection
Core,0.6389776357827476
Non-core,0.46296296296296297
