status,intersection
Core,4.3478260869565215
Non-core,5.128205128205129
