status,intersection
Core,2.1367521367521367
Non-core,1.2048192771084338
