status,intersection
Core,2.6315789473684212
Non-core,2.0202020202020203
