status,intersection
Core,3.8793103448275863
Non-core,3.3783783783783785
