status,intersection
Core,2.0202020202020203
Non-core,3.7037037037037037
