status,intersection
Core,0.47244094488188976
Non-core,0.43103448275862066
