status,intersection
Core,8.51063829787234
Non-core,10.256410256410257
