status,intersection
Core,1.4970059880239521
Non-core,0.4444444444444444
