status,intersection
Core,1.550387596899225
Non-core,0.2777777777777778
