status,intersection
Core,1.908957415565345
Non-core,1.244019138755981
