status,intersection
Core,3.1914893617021276
Non-core,1.8181818181818181
