status,intersection
Core,2.53411306042885
Non-core,2.1447721179624666
