status,intersection
Core,3.7037037037037037
Non-core,4.8076923076923075
