status,intersection
Core,1.492537313432836
Non-core,0.8403361344537815
