status,intersection
Core,2.4390243902439024
Non-core,3.9215686274509802
