status,intersection
Core,2.150537634408602
Non-core,2.4390243902439024
