status,intersection
Core,1.8018018018018018
Non-core,1.9230769230769231
