status,intersection
Core,2.247191011235955
Non-core,1.9607843137254901
