status,intersection
Core,8.13953488372093
Non-core,9.523809523809524
