status,intersection
Core,0.6097560975609756
Non-core,1.2658227848101267
