status,intersection
Core,6.229508196721311
Non-core,3.553299492385787
