status,intersection
Core,18.823529411764707
Non-core,15.909090909090908
