status,intersection
Core,2.0661157024793386
Non-core,1.6853932584269662
