status,intersection
Core,3.9215686274509802
Non-core,5.633802816901408
