status,intersection
Core,5.882352941176471
Non-core,5.755395683453237
