status,intersection
Core,7.222222222222222
Non-core,5.357142857142857
