status,intersection
Core,5.809128630705394
Non-core,6.024096385542169
