status,intersection
Core,1.0362694300518134
Non-core,1.6528925619834711
