status,intersection
Core,7.991360691144709
Non-core,6.600660066006601
