status,intersection
Core,9.691629955947137
Non-core,6.7164179104477615
