status,intersection
Core,1.5384615384615385
Non-core,1.6260162601626016
