status,intersection
Core,13.80281690140845
Non-core,11.788617886178862
