status,intersection
Core,3.745318352059925
Non-core,2.793296089385475
