status,intersection
Core,4.072398190045249
Non-core,5.405405405405405
