status,intersection
Core,9.012875536480687
Non-core,7.142857142857143
