status,intersection
Core,3.686635944700461
Non-core,2.857142857142857
