status,intersection
Core,1.5706806282722514
Non-core,1.680672268907563
