status,intersection
Core,1.5463917525773196
Non-core,0.819672131147541
