status,intersection
Core,5.777777777777778
Non-core,2.1739130434782608
