status,intersection
Core,9.41385435168739
Non-core,7.474226804123711
