status,intersection
Core,3.3333333333333335
Non-core,3.6231884057971016
