status,intersection
Core,3.1380753138075312
Non-core,2.785515320334262
