status,intersection
Core,6.779661016949152
Non-core,3.4246575342465753
