status,intersection
Core,7.174887892376682
Non-core,7.913669064748201
