status,intersection
Core,2.42914979757085
Non-core,1.8404907975460123
