status,intersection
Core,1.9900497512437811
Non-core,1.6528925619834711
