status,intersection
Core,9.727626459143968
Non-core,7.8431372549019605
