status,intersection
Core,5.8558558558558556
Non-core,2.2388059701492535
