status,intersection
Core,2.127659574468085
Non-core,1.3245033112582782
