status,intersection
Core,3.6842105263157894
Non-core,3.4782608695652173
