status,intersection
Core,18.6046511627907
Non-core,15.476190476190476
