status,intersection
Core,5.777777777777778
Non-core,6.622516556291391
