status,intersection
Core,11.6751269035533
Non-core,7.816091954022989
