status,intersection
Core,10.087719298245615
Non-core,10.79136690647482
