status,intersection
Core,5.829596412556054
Non-core,6.666666666666667
