status,intersection
Core,14.065934065934066
Non-core,11.551155115511552
