status,intersection
Core,3.435114503816794
Non-core,3.7735849056603774
