status,intersection
Core,2.42914979757085
Non-core,1.829268292682927
