status,intersection
Core,13.8996138996139
Non-core,12.987012987012987
