status,intersection
Core,4.424778761061947
Non-core,4.605263157894737
