status,intersection
Core,15.13353115727003
Non-core,12.844036697247706
