status,intersection
Core,11.926605504587156
Non-core,11.11111111111111
