status,intersection
Core,4.390243902439025
Non-core,4.032258064516129
