status,intersection
Core,2.834008097165992
Non-core,3.0303030303030303
