status,intersection
Core,12.195121951219512
Non-core,12.727272727272727
