status,intersection
Core,4.273504273504273
Non-core,3.4246575342465753
