status,intersection
Core,10.1010101010101
Non-core,6.153846153846154
