status,intersection
Core,5.882352941176471
Non-core,5.063291139240507
