status,intersection
Core,7.017543859649122
Non-core,4.761904761904762
