status,intersection
Core,3.1118587047939443
Non-core,2.8683181225554106
