status,intersection
Core,10.56910569105691
Non-core,10.95890410958904
