status,intersection
Core,5.47945205479452
Non-core,4.2105263157894735
