status,intersection
Core,4.678362573099415
Non-core,3.930131004366812
