status,intersection
Core,4.639175257731959
Non-core,6.106870229007634
