status,intersection
Core,3.187250996015936
Non-core,2.3049645390070923
