status,intersection
Core,7.8431372549019605
Non-core,10.714285714285714
