status,intersection
Core,5.319148936170213
Non-core,5.2631578947368425
