status,intersection
Core,5.3156146179401995
Non-core,4.040404040404041
