status,intersection
Core,6.593406593406593
Non-core,3.3333333333333335
