status,intersection
Core,4.473684210526316
Non-core,3.1468531468531467
