status,intersection
Core,7.017543859649122
Non-core,5.882352941176471
