status,intersection
Core,10.344827586206897
Non-core,9.848484848484848
