status,intersection
Core,5.699481865284974
Non-core,5.0359712230215825
