status,intersection
Core,7.246376811594203
Non-core,3.8461538461538463
