status,intersection
Core,1.9607843137254901
Non-core,2.7777777777777777
