status,intersection
Core,2.2979985174203112
Non-core,1.628352490421456
