status,intersection
Core,4.984423676012461
Non-core,4.716981132075472
