status,intersection
Core,11.607142857142858
Non-core,14.084507042253522
