status,intersection
Core,5.747126436781609
Non-core,4.3478260869565215
