status,intersection
Core,5.755395683453237
Non-core,4.761904761904762
