status,intersection
Core,8.791208791208792
Non-core,8.51063829787234
