status,intersection
Core,8.620689655172415
Non-core,9.090909090909092
