status,intersection
Core,3.278688524590164
Non-core,2.2222222222222223
