status,intersection
Core,4.519774011299435
Non-core,4.62962962962963
