status,intersection
Core,7.158836689038031
Non-core,5.666666666666667
