status,intersection
Core,7.462686567164179
Non-core,6.32183908045977
