status,intersection
Core,0.7731958762886598
Non-core,0.7722007722007722
