status,intersection
Core,2.6634382566585955
Non-core,2.422145328719723
