status,intersection
Core,1.0025062656641603
Non-core,1.1111111111111112
