status,intersection
Core,7.0588235294117645
Non-core,7.8431372549019605
