status,intersection
Core,4.4496487119437935
Non-core,4.195804195804196
