status,intersection
Core,6.807511737089202
Non-core,5.319148936170213
