status,intersection
Core,1.0638297872340425
Non-core,1.7543859649122806
