status,intersection
Core,4.9504950495049505
Non-core,4.225352112676056
