status,intersection
Core,12.32876712328767
Non-core,10.02444987775061
