status,intersection
Core,12.903225806451612
Non-core,14.130434782608695
