status,intersection
Core,8.666666666666666
Non-core,11.11111111111111
