status,intersection
Core,7.142857142857143
Non-core,5.172413793103448
