status,intersection
Core,15.590200445434299
Non-core,12.709030100334449
