status,intersection
Core,14.776632302405499
Non-core,12.012480499219969
