status,intersection
Core,13.360323886639677
Non-core,10.96774193548387
