status,intersection
Core,11.50326797385621
Non-core,10.017574692442881
