status,intersection
Core,15.30398322851153
Non-core,12.420382165605096
