status,intersection
Core,10.117647058823529
Non-core,8.02919708029197
