status,intersection
Core,6.117647058823529
Non-core,5.2631578947368425
