status,intersection
Core,14.770459081836327
Non-core,10.914454277286136
