status,intersection
Core,12.932604735883425
Non-core,9.32642487046632
