status,intersection
Core,15.859766277128548
Non-core,13.657407407407407
