status,intersection
Core,0.26455026455026454
Non-core,0.39215686274509803
