status,intersection
Core,3.1496062992125986
Non-core,2.1052631578947367
