status,intersection
Core,8.88888888888889
Non-core,7.2727272727272725
