status,intersection
Core,10.981308411214954
Non-core,7.534246575342466
