status,intersection
Core,7.246376811594203
Non-core,6.227106227106227
