status,intersection
Core,8.312958435207824
Non-core,7.246376811594203
