status,intersection
Core,2.7522935779816513
Non-core,1.3888888888888888
