status,intersection
Core,10.502283105022832
Non-core,6.185567010309279
