status,intersection
Core,14.646464646464647
Non-core,10.851419031719532
