status,intersection
Core,1.2853470437017995
Non-core,1.1278195488721805
