status,intersection
Core,5.852417302798982
Non-core,5.343511450381679
