status,intersection
Core,11.834319526627219
Non-core,12.121212121212121
