status,intersection
Core,4.438642297650131
Non-core,3.5294117647058822
