status,intersection
Core,11.904761904761905
Non-core,10.204081632653061
