status,intersection
Core,1.2919896640826873
Non-core,0.7751937984496124
