status,intersection
Core,13.402061855670103
Non-core,12.068965517241379
