status,intersection
Core,4.292929292929293
Non-core,2.681992337164751
