status,intersection
Core,0.7614213197969543
Non-core,1.1070110701107012
