status,intersection
Core,22.0873786407767
Non-core,18.505338078291814
