status,intersection
Core,5.202312138728324
Non-core,2.7522935779816513
