status,intersection
Core,6.459948320413437
Non-core,4.669260700389105
