status,intersection
Core,0.7712082262210797
Non-core,0.7662835249042146
