status,intersection
Core,11.347517730496454
Non-core,9.712230215827338
