status,intersection
Core,8.49056603773585
Non-core,9.21985815602837
