status,intersection
Core,0.783289817232376
Non-core,0.7692307692307693
