status,intersection
Core,6.81265206812652
Non-core,5.693950177935943
