status,intersection
Core,2.6548672566371683
Non-core,1.2345679012345678
