status,intersection
Core,15.789473684210526
Non-core,14.814814814814815
