status,intersection
Core,1.6786570743405276
Non-core,1.3888888888888888
