status,intersection
Core,4.444444444444445
Non-core,3.1779661016949152
