status,intersection
Core,13.937282229965156
Non-core,11.166253101736972
