status,intersection
Core,1.5345268542199488
Non-core,1.8726591760299625
