status,intersection
Core,9.271523178807946
Non-core,9.35483870967742
