status,intersection
Core,12.977099236641221
Non-core,16.216216216216218
