status,intersection
Core,11.989795918367347
Non-core,8.616504854368932
