status,intersection
Core,10.262529832935561
Non-core,10.714285714285714
