status,intersection
Core,16.260162601626018
Non-core,15.492957746478874
