status,intersection
Core,9.433962264150944
Non-core,11.666666666666666
