status,intersection
Core,2.955665024630542
Non-core,3.2142857142857144
