status,intersection
Core,4.594594594594595
Non-core,3.741496598639456
