status,intersection
Core,4.032258064516129
Non-core,1.3888888888888888
