status,intersection
Core,9.417040358744394
Non-core,9.79020979020979
