status,intersection
Core,4.587155963302752
Non-core,2.5974025974025974
