status,intersection
Core,6.928406466512702
Non-core,6.206896551724138
