status,intersection
Core,7.769423558897243
Non-core,5.5762081784386615
