status,intersection
Core,8.264462809917354
Non-core,11.11111111111111
