status,intersection
Core,1.0256410256410255
Non-core,1.1538461538461537
