status,intersection
Core,2.0050125313283207
Non-core,2.5454545454545454
