status,intersection
Core,5.771643663739021
Non-core,4.173622704507513
