status,intersection
Core,2.284263959390863
Non-core,2.5925925925925926
