status,intersection
Core,2.3529411764705883
Non-core,1.8181818181818181
