status,intersection
Core,8.986175115207374
Non-core,6.930693069306931
