status,intersection
Core,2.33160621761658
Non-core,2.3076923076923075
