status,intersection
Core,9.30232558139535
Non-core,9.45945945945946
