status,intersection
Core,12.248995983935743
Non-core,9.734513274336283
