status,intersection
Core,8.823529411764707
Non-core,12.345679012345679
