status,intersection
Core,7.887323943661972
Non-core,7.346938775510204
