status,intersection
Core,5.454545454545454
Non-core,3.7735849056603774
