status,intersection
Core,10.576923076923077
Non-core,10.344827586206897
