status,intersection
Core,4.087736789631107
Non-core,3.5470668485675305
