status,intersection
Core,2.7586206896551726
Non-core,2.6315789473684212
