status,intersection
Core,8.080808080808081
Non-core,11.11111111111111
