status,intersection
Core,11.48936170212766
Non-core,9.868421052631579
