status,intersection
Core,2.9100529100529102
Non-core,1.9607843137254901
