status,intersection
Core,0.5208333333333334
Non-core,0.38910505836575876
