status,intersection
Core,0.5194805194805194
Non-core,0.3875968992248062
