status,intersection
Core,11.009174311926605
Non-core,12.307692307692308
