status,intersection
Core,9.929078014184396
Non-core,9.876543209876543
