status,intersection
Core,11.612903225806452
Non-core,10.1010101010101
