status,intersection
Core,3.6553524804177546
Non-core,3.515625
