status,intersection
Core,17.8743961352657
Non-core,13.72549019607843
