status,intersection
Core,0.7772020725388601
Non-core,1.1406844106463878
