status,intersection
Core,9.33852140077821
Non-core,8.441558441558442
