status,intersection
Core,5.960264900662252
Non-core,7.6923076923076925
