status,intersection
Core,3.3980582524271843
Non-core,3.8194444444444446
