status,intersection
Core,18.87072808320951
Non-core,13.524590163934427
