status,intersection
Core,5.647058823529412
Non-core,2.8469750889679717
