status,intersection
Core,10.85972850678733
Non-core,8.053691275167786
