status,intersection
Core,3.4229828850855744
Non-core,3.2846715328467155
