status,intersection
Core,16.857440166493237
Non-core,13.904494382022472
