status,intersection
Core,9.895833333333334
Non-core,8.870967741935484
