status,intersection
Core,3.0878859857482186
Non-core,3.7162162162162162
