status,intersection
Core,9.397590361445783
Non-core,6.884057971014493
