status,intersection
Core,1.7994858611825193
Non-core,1.8796992481203008
