status,intersection
Core,18.388429752066116
Non-core,13.793103448275861
