status,intersection
Core,4.8902195608782435
Non-core,3.54796320630749
