status,intersection
Core,11.182795698924732
Non-core,8.766233766233766
