status,intersection
Core,14.074074074074074
Non-core,15.662650602409638
