status,intersection
Core,10.071942446043165
Non-core,11.627906976744185
