status,intersection
Core,12.790697674418604
Non-core,9.615384615384615
