status,intersection
Core,1.5267175572519085
Non-core,0.7490636704119851
