status,intersection
Core,11.267605633802816
Non-core,9.342560553633218
