status,intersection
Core,12.135922330097088
Non-core,11.029411764705882
