status,intersection
Core,1.0075566750629723
Non-core,0.7575757575757576
