status,intersection
Core,2.2988505747126435
Non-core,1.7543859649122806
