status,intersection
Core,7.8475336322869955
Non-core,4.605263157894737
