status,intersection
Core,4.643449419568823
Non-core,3.8461538461538463
