status,intersection
Core,5.2259887005649714
Non-core,4.048582995951417
