status,intersection
Core,2.0618556701030926
Non-core,1.5151515151515151
