status,intersection
Core,7.751937984496124
Non-core,9.210526315789474
