status,intersection
Core,9.535452322738386
Non-core,9.21985815602837
