status,intersection
Core,7.238605898123325
Non-core,6.854838709677419
