status,intersection
Core,6.569343065693431
Non-core,9.210526315789474
