status,intersection
Core,18.136439267886857
Non-core,14.97584541062802
