status,intersection
Core,6.403940886699507
Non-core,5.797101449275362
