status,intersection
Core,7.874015748031496
Non-core,8.433734939759036
