status,intersection
Core,5.679012345679013
Non-core,4.074074074074074
