status,intersection
Core,1.2953367875647668
Non-core,1.520912547528517
