status,intersection
Core,2.9875067897881586
Non-core,2.0618556701030926
