status,intersection
Core,18.47222222222222
Non-core,13.148148148148149
