status,intersection
Core,9.195402298850574
Non-core,7.6923076923076925
