status,intersection
Core,7.386363636363637
Non-core,5.769230769230769
