status,intersection
Core,1.0443864229765014
Non-core,1.1538461538461537
