status,intersection
Core,8.991228070175438
Non-core,8.571428571428571
