status,intersection
Core,15.862068965517242
Non-core,13.383838383838384
