status,intersection
Core,8.80952380952381
Non-core,7.3426573426573425
