status,intersection
Core,7.509881422924901
Non-core,6.315789473684211
