status,intersection
Core,12.742980561555076
Non-core,7.8431372549019605
