status,intersection
Core,5.32994923857868
Non-core,2.255639097744361
