status,intersection
Core,7.529411764705882
Non-core,7.168458781362007
