status,intersection
Core,5.429864253393665
Non-core,3.6912751677852347
