status,intersection
Core,7.010309278350515
Non-core,5.763688760806916
