status,intersection
Core,2.506265664160401
Non-core,1.486988847583643
