status,intersection
Core,14.45086705202312
Non-core,10.582010582010582
