status,intersection
Core,13.013698630136986
Non-core,9.655172413793103
