status,intersection
Core,3.464203233256351
Non-core,3.583061889250814
