status,intersection
Core,8.148148148148149
Non-core,7.228915662650603
