status,intersection
Core,9.05511811023622
Non-core,9.803921568627452
