status,intersection
Core,1.8041237113402062
Non-core,2.2641509433962264
