status,intersection
Core,4.270986745213549
Non-core,3.0476190476190474
