status,intersection
Core,9.693877551020408
Non-core,10.483870967741936
