status,intersection
Core,20.357142857142858
Non-core,14.138817480719794
