status,intersection
Core,5.289256198347108
Non-core,4.250559284116331
