status,intersection
Core,9.621993127147766
Non-core,8.009708737864077
