status,intersection
Core,5.729166666666667
Non-core,3.875968992248062
