status,intersection
Core,11.398963730569948
Non-core,11.206896551724139
