status,intersection
Core,9.345794392523365
Non-core,10.144927536231885
