status,intersection
Core,8.525345622119815
Non-core,6.206896551724138
