status,intersection
Core,11.44578313253012
Non-core,11.926605504587156
