status,intersection
Core,0.5235602094240838
Non-core,0.3861003861003861
