status,intersection
Core,11.087866108786612
Non-core,10.365853658536585
