status,intersection
Core,8.454106280193237
Non-core,6.785714285714286
