status,intersection
Core,3.7406483790523692
Non-core,2.9197080291970803
