status,intersection
Core,12.878787878787879
Non-core,14.606741573033707
