status,intersection
Core,6.912442396313364
Non-core,7.586206896551724
