status,intersection
Core,4.218362282878412
Non-core,3.717472118959108
