status,intersection
Core,11.158798283261802
Non-core,8.843537414965986
