status,intersection
Core,12.364945978391356
Non-core,10.526315789473685
