status,intersection
Core,13.276089828269486
Non-core,9.617021276595745
