status,intersection
Core,1.3020833333333333
Non-core,1.5325670498084292
