status,intersection
Core,16.684155299055615
Non-core,11.357340720221607
