status,intersection
Core,6.578947368421052
Non-core,8.333333333333334
