status,intersection
Core,2.295918367346939
Non-core,2.2388059701492535
