status,intersection
Core,7.918552036199095
Non-core,6.122448979591836
