status,intersection
Core,6.788511749347259
Non-core,4.280155642023346
