status,intersection
Core,2.577319587628866
Non-core,2.2388059701492535
