status,intersection
Core,3.0690537084398977
Non-core,1.550387596899225
