status,intersection
Core,12.587412587412587
Non-core,15.909090909090908
