status,intersection
Core,5.9352517985611515
Non-core,4.358974358974359
