status,intersection
Core,2.0618556701030926
Non-core,2.641509433962264
