status,intersection
Core,0.7712082262210797
Non-core,0.7692307692307693
