status,intersection
Core,2.557544757033248
Non-core,2.2813688212927756
