status,intersection
Core,8.679245283018869
Non-core,6.842105263157895
