status,intersection
Core,3.9800995024875623
Non-core,1.845018450184502
