status,intersection
Core,6.112469437652812
Non-core,2.2058823529411766
