status,intersection
Core,2.644230769230769
Non-core,2.3972602739726026
