status,intersection
Core,3.826530612244898
Non-core,4.150943396226415
