status,intersection
Core,12.009237875288683
Non-core,8.865248226950355
