status,intersection
Core,0.7772020725388601
Non-core,0.7633587786259542
