status,intersection
Core,3.953488372093023
Non-core,4.109589041095891
