status,intersection
Core,10.852713178294573
Non-core,9.876543209876543
