status,intersection
Core,2.8761061946902653
Non-core,2.2082018927444795
