status,intersection
Core,11.34020618556701
Non-core,14.754098360655737
