status,intersection
Core,6.045340050377834
Non-core,4.90566037735849
