status,intersection
Core,9.163346613545817
Non-core,8.275862068965518
