status,intersection
Core,5.69620253164557
Non-core,3.5643564356435644
