status,intersection
Core,7.543103448275862
Non-core,5.590062111801243
