status,intersection
Core,6.744186046511628
Non-core,5.923344947735192
