status,intersection
Core,8.870967741935484
Non-core,2.857142857142857
