status,intersection
Core,4.030226700251889
Non-core,3.7037037037037037
