status,intersection
Core,6.971153846153846
Non-core,6.934306569343065
