status,intersection
Core,12.598425196850394
Non-core,15.789473684210526
