status,intersection
Core,12.173913043478262
Non-core,13.88888888888889
