status,intersection
Core,9.178743961352657
Non-core,8.156028368794326
