status,intersection
Core,11.042944785276074
Non-core,12.244897959183673
