status,intersection
Core,12.850619699934768
Non-core,9.795918367346939
