status,intersection
Core,8.299595141700404
Non-core,6.936416184971098
