status,intersection
Core,6.45933014354067
Non-core,6.642066420664206
