status,intersection
Core,7.027027027027027
Non-core,7.086614173228346
