status,intersection
Core,6.0278207109737245
Non-core,4.0733197556008145
