status,intersection
Core,9.23076923076923
Non-core,11.940298507462687
