status,intersection
Core,3.7688442211055277
Non-core,1.1450381679389312
