status,intersection
Core,19.834710743801654
Non-core,13.030303030303031
