status,intersection
Core,8.94308943089431
Non-core,6.508875739644971
