status,intersection
Core,2.094240837696335
Non-core,2.3529411764705883
