status,intersection
Core,14.792899408284024
Non-core,11.879049676025918
