status,intersection
Core,14.756944444444445
Non-core,11.138613861386139
