status,intersection
Core,0.5263157894736842
Non-core,0.7782101167315175
