status,intersection
Core,8.495145631067961
Non-core,7.352941176470588
