status,intersection
Core,21.428571428571427
Non-core,19.81132075471698
