status,intersection
Core,2.709744658676394
Non-core,1.5161086544535691
