status,intersection
Core,8.51063829787234
Non-core,5.882352941176471
