status,intersection
Core,2.1686746987951806
Non-core,1.7985611510791366
