status,intersection
Core,1.3054830287206267
Non-core,1.5384615384615385
