status,intersection
Core,13.658536585365853
Non-core,12.142857142857142
