status,intersection
Core,13.580246913580247
Non-core,9.846153846153847
