status,intersection
Core,5.063291139240507
Non-core,4.424778761061947
