status,intersection
Core,11.63895486935867
Non-core,8.75912408759124
