status,intersection
Core,4.3478260869565215
Non-core,3.2142857142857144
