status,intersection
Core,5.18018018018018
Non-core,2.73972602739726
