status,intersection
Core,6.291390728476821
Non-core,5.882352941176471
