status,intersection
Core,1.0869565217391304
Non-core,1.7857142857142858
