status,intersection
Core,15.6312625250501
Non-core,14.857142857142858
