status,intersection
Core,10.576923076923077
Non-core,9.836065573770492
