status,intersection
Core,9.523809523809524
Non-core,8.445945945945946
