status,intersection
Core,12.734864300626304
Non-core,7.076923076923077
