status,intersection
Core,4.929577464788732
Non-core,3.7037037037037037
