status,intersection
Core,2.432103769760843
Non-core,1.5466408893185113
