status,intersection
Core,12.631578947368421
Non-core,10.714285714285714
