status,intersection
Core,14.586994727592268
Non-core,11.616161616161616
