status,intersection
Core,19.03485254691689
Non-core,13.729128014842301
