status,intersection
Core,13.756613756613756
Non-core,12.820512820512821
