status,intersection
Core,17.528735632183906
Non-core,13.69047619047619
