status,intersection
Core,8.955223880597014
Non-core,7.317073170731708
