status,intersection
Core,15.373961218836564
Non-core,12.218045112781954
