status,intersection
Core,13.716814159292035
Non-core,10.289389067524116
