status,intersection
Core,3.51288056206089
Non-core,3.3222591362126246
