status,intersection
Core,16.322314049586776
Non-core,13.93188854489164
