status,intersection
Core,12.422360248447205
Non-core,10.377358490566039
