status,intersection
Core,11.697247706422019
Non-core,9.446254071661238
