status,intersection
Core,5.555555555555555
Non-core,4.417670682730924
