status,intersection
Core,17.56756756756757
Non-core,12.852664576802507
