status,intersection
Core,6.756756756756757
Non-core,9.782608695652174
