status,intersection
Core,4.622871046228711
Non-core,4.270462633451957
