status,intersection
Core,0.7853403141361257
Non-core,0.390625
