status,intersection
Core,4.645476772616137
Non-core,4.104477611940299
