status,intersection
Core,10.602910602910603
Non-core,8.982035928143713
