status,intersection
Core,4.092071611253197
Non-core,4.230769230769231
