status,intersection
Core,9.738717339667458
Non-core,6.451612903225806
