status,intersection
Core,2.2004889975550124
Non-core,1.7793594306049823
