status,intersection
Core,1.7811704834605597
Non-core,1.1320754716981132
