status,intersection
Core,8.677685950413224
Non-core,7.228915662650603
