status,intersection
Core,15.311004784688995
Non-core,11.751662971175167
