status,intersection
Core,11.79245283018868
Non-core,7.829181494661921
