status,intersection
Core,3.752759381898455
Non-core,3.134796238244514
