status,intersection
Core,7.398568019093079
Non-core,6.405693950177936
