status,intersection
Core,11.670480549199084
Non-core,8.219178082191782
