status,intersection
Core,0.783289817232376
Non-core,1.1538461538461537
