status,intersection
Core,16.44859813084112
Non-core,13.698630136986301
