status,intersection
Core,1.8229166666666667
Non-core,1.9157088122605364
