status,intersection
Core,9.340659340659341
Non-core,8.771929824561404
