status,intersection
Core,11.751152073732719
Non-core,9.688581314878892
