status,intersection
Core,11.046511627906977
Non-core,9.433962264150944
