status,intersection
Core,4.958677685950414
Non-core,4.49438202247191
