status,intersection
Core,2.3136246786632393
Non-core,0.7722007722007722
