status,intersection
Core,4.325699745547074
Non-core,2.6217228464419478
