status,intersection
Core,5.995203836930456
Non-core,4.609929078014185
