status,intersection
Core,7.28051391862955
Non-core,5.13595166163142
