status,intersection
Core,13.414634146341463
Non-core,14.43298969072165
