status,intersection
Core,4.336734693877551
Non-core,3.409090909090909
