status,intersection
Core,13.157894736842104
Non-core,16.923076923076923
