status,intersection
Core,4.504504504504505
Non-core,1.5384615384615385
