status,intersection
Core,8.630393996247655
Non-core,5.882352941176471
