status,intersection
Core,5.69620253164557
Non-core,6.730769230769231
