status,intersection
Core,2.1844660194174756
Non-core,2.7874564459930316
