status,intersection
Core,2.7160493827160495
Non-core,3.2142857142857144
