status,intersection
Core,3.5398230088495577
Non-core,2.4691358024691357
