status,intersection
Core,2.3980815347721824
Non-core,2.0905923344947737
