status,intersection
Core,6.60377358490566
Non-core,7.407407407407407
