status,intersection
Core,6.763285024154589
Non-core,3.1496062992125986
