status,intersection
Core,9.00900900900901
Non-core,4.761904761904762
