status,intersection
Core,6.410256410256411
Non-core,2.4096385542168677
