status,intersection
Core,4.5528455284552845
Non-core,1.4989293361884368
