status,intersection
Core,3.307392996108949
Non-core,1.0256410256410255
