status,intersection
Core,4.961832061068702
Non-core,1.092896174863388
