status,intersection
Core,4.859335038363171
Non-core,2.112676056338028
