status,intersection
Core,3.397027600849257
Non-core,1.238390092879257
