status,intersection
Core,3.252032520325203
Non-core,1.7857142857142858
