status,intersection
Core,3.6820083682008367
Non-core,1.5544041450777202
