status,intersection
Core,12.030075187969924
Non-core,7.042253521126761
