status,intersection
Core,4.901960784313726
Non-core,3.225806451612903
