status,intersection
Core,4.597701149425287
Non-core,1.9230769230769231
