status,intersection
Core,4.848484848484849
Non-core,1.9047619047619047
