status,intersection
Core,5.121293800539084
Non-core,2.05761316872428
