status,intersection
Core,4.782608695652174
Non-core,2.255639097744361
