status,intersection
Core,8.24742268041237
Non-core,4.444444444444445
