status,intersection
Core,5.4945054945054945
Non-core,2.3255813953488373
