status,intersection
Core,3.9603960396039604
Non-core,1.6666666666666667
