status,intersection
Core,6.097560975609756
Non-core,2.0833333333333335
