status,intersection
Core,4.545454545454546
Non-core,1.1363636363636365
