status,intersection
Core,7.079646017699115
Non-core,3.225806451612903
