status,intersection
Core,10.714285714285714
Non-core,7.142857142857143
