status,intersection
Core,8.045977011494253
Non-core,2.3255813953488373
