status,intersection
Core,6.756756756756757
Non-core,2.4390243902439024
