status,intersection
Core,3.10077519379845
Non-core,1.1299435028248588
