status,intersection
Core,6.700167504187605
Non-core,4.719101123595506
