status,intersection
Core,3.763440860215054
Non-core,2.542372881355932
