status,intersection
Core,7.644628099173554
Non-core,5.678233438485805
