status,intersection
Core,2.185792349726776
Non-core,1.7241379310344827
