status,intersection
Core,3.6363636363636362
Non-core,4.838709677419355
