status,intersection
Core,4.639175257731959
Non-core,4.62962962962963
