status,intersection
Core,5.02092050209205
Non-core,2.18978102189781
