status,intersection
Core,7.550644567219153
Non-core,5.913978494623656
