status,intersection
Core,3.2967032967032965
Non-core,3.5398230088495577
