status,intersection
Core,2.717391304347826
Non-core,1.9607843137254901
