status,intersection
Core,6.4171122994652405
Non-core,6.666666666666667
