status,intersection
Core,7.115135834411384
Non-core,4.672897196261682
