status,intersection
Core,2.9761904761904763
Non-core,3.0927835051546393
