status,intersection
Core,6.967213114754099
Non-core,5.2631578947368425
