status,intersection
Core,8.823529411764707
Non-core,8.896797153024911
