status,intersection
Core,7.654320987654321
Non-core,7.0588235294117645
