status,intersection
Core,6.642066420664206
Non-core,6.557377049180328
