status,intersection
Core,4.891304347826087
Non-core,3.4782608695652173
