status,intersection
Core,2.8708133971291865
Non-core,2.255639097744361
