status,intersection
Core,9.44055944055944
Non-core,8.176100628930818
