status,intersection
Core,3.5587188612099645
Non-core,4.419889502762431
