status,intersection
Core,7.327586206896552
Non-core,6.521739130434782
