status,intersection
Core,3.2432432432432434
Non-core,4.716981132075472
