status,intersection
Core,11.374407582938389
Non-core,6.0606060606060606
