status,intersection
Core,9.26517571884984
Non-core,8.421052631578947
