status,intersection
Core,2.051282051282051
Non-core,0.7874015748031497
