status,intersection
Core,4.166666666666667
Non-core,4.032258064516129
