status,intersection
Core,8.724832214765101
Non-core,8.791208791208792
