status,intersection
Core,3.3653846153846154
Non-core,3.361344537815126
