status,intersection
Core,8.308605341246292
Non-core,8.571428571428571
