status,intersection
Core,6.818181818181818
Non-core,5.780346820809249
