status,intersection
Core,1.1627906976744187
Non-core,0.9523809523809523
