status,intersection
Core,4.761904761904762
Non-core,4.62962962962963
