status,intersection
Core,8.974358974358974
Non-core,4.964539007092198
