status,intersection
Core,5.555555555555555
Non-core,3.898635477582846
