status,intersection
Core,2.9585798816568047
Non-core,3.0927835051546393
