status,intersection
Core,4.926108374384237
Non-core,5.2631578947368425
