status,intersection
Core,6.9105691056910565
Non-core,5.031446540880503
