status,intersection
Core,8.962264150943396
Non-core,6.451612903225806
