status,intersection
Core,3.141361256544503
Non-core,2.5641025641025643
