status,intersection
Core,5.923344947735192
Non-core,5.2631578947368425
