status,intersection
Core,8.724832214765101
Non-core,6.214689265536723
