status,intersection
Core,2.247191011235955
Non-core,1.9801980198019802
