status,intersection
Core,3.4146341463414633
Non-core,3.4188034188034186
