status,intersection
Core,4.975124378109452
Non-core,5.3097345132743365
