status,intersection
Core,5.376344086021505
Non-core,5.454545454545454
