status,intersection
Core,6.7924528301886795
Non-core,6.508875739644971
