status,intersection
Core,4.926108374384237
Non-core,5.185185185185185
