status,intersection
Core,4.18848167539267
Non-core,5.607476635514018
