status,intersection
Core,9.787234042553191
Non-core,9.16030534351145
