status,intersection
Core,4.761904761904762
Non-core,4.838709677419355
