status,intersection
Core,6.830601092896175
Non-core,5.9071729957805905
