status,intersection
Core,5.813953488372093
Non-core,6.832298136645963
