status,intersection
Core,6.132075471698113
Non-core,7.086614173228346
