status,intersection
Core,10.869565217391305
Non-core,6.842105263157895
