status,intersection
Core,8.597285067873303
Non-core,6.004140786749482
