status,intersection
Core,10.672853828306264
Non-core,6.643356643356643
