status,intersection
Core,8.582089552238806
Non-core,7.142857142857143
