status,intersection
Core,7.387862796833773
Non-core,6.694560669456067
