status,intersection
Core,7.2727272727272725
Non-core,8.396946564885496
