status,intersection
Core,8.02139037433155
Non-core,6.0728744939271255
