status,intersection
Core,7.361963190184049
Non-core,6.572769953051643
