status,intersection
Core,3.2085561497326203
Non-core,2.912621359223301
