status,intersection
Core,7.239819004524887
Non-core,7.462686567164179
