status,intersection
Core,6.779661016949152
Non-core,7.086614173228346
