status,intersection
Core,8.056872037914692
Non-core,7.936507936507937
