status,intersection
Core,9.968847352024921
Non-core,9.313725490196079
