status,intersection
Core,5.1020408163265305
Non-core,5.2631578947368425
