status,intersection
Core,2.1390374331550803
Non-core,2.5210084033613445
