status,intersection
Core,7.731958762886598
Non-core,6.360424028268551
