status,intersection
Core,6.179775280898877
Non-core,4.380475594493117
