status,intersection
Core,7.581227436823105
Non-core,8.928571428571429
