status,intersection
Core,5.6521739130434785
Non-core,6.666666666666667
