status,intersection
Core,8.16326530612245
Non-core,6.756756756756757
