status,intersection
Core,10.019646365422396
Non-core,8.484848484848484
