status,intersection
Core,7.171314741035856
Non-core,5.882352941176471
