status,intersection
Core,8.273381294964029
Non-core,5.202312138728324
