status,intersection
Core,5.116279069767442
Non-core,4.137931034482759
