status,intersection
Core,8.950617283950617
Non-core,9.35960591133005
