status,intersection
Core,3.404255319148936
Non-core,3.3783783783783785
