status,intersection
Core,5.2117263843648205
Non-core,4.926108374384237
