status,intersection
Core,10.385756676557863
Non-core,10.572687224669604
