status,intersection
Core,7.446808510638298
Non-core,9.821428571428571
