status,intersection
Core,1.183431952662722
Non-core,2.0408163265306123
