status,intersection
Core,8.666666666666666
Non-core,9.090909090909092
