status,intersection
Core,2.2598870056497176
Non-core,2.727272727272727
