status,intersection
Core,2.575107296137339
Non-core,2.684563758389262
