status,intersection
Core,7.6861489191353085
Non-core,5.15970515970516
