status,intersection
Core,0.6060606060606061
Non-core,1.0204081632653061
