status,intersection
Core,5.555555555555555
Non-core,4.026845637583893
