status,intersection
Core,3.314917127071823
Non-core,2.6548672566371683
