status,intersection
Core,10.743801652892563
Non-core,7.194244604316546
