status,intersection
Core,5.319148936170213
Non-core,6.1946902654867255
