status,intersection
Core,4.483586869495596
Non-core,2.924256951102589
