status,intersection
Core,9.649122807017545
Non-core,4.929577464788732
