status,intersection
Core,4.784688995215311
Non-core,6.557377049180328
