status,intersection
Core,7.627118644067797
Non-core,6.756756756756757
