status,intersection
Core,10.99476439790576
Non-core,10.169491525423728
