status,intersection
Core,2.1621621621621623
Non-core,0.746268656716418
