status,intersection
Core,8.955223880597014
Non-core,6.976744186046512
