status,intersection
Core,11.764705882352942
Non-core,10.294117647058824
