status,intersection
Core,12.931034482758621
Non-core,11.688311688311689
