status,intersection
Core,16.455696202531644
Non-core,14.285714285714286
