status,intersection
Core,4.071661237785016
Non-core,2.8747433264887063
