status,intersection
Core,10.526315789473685
Non-core,12.903225806451612
