status,intersection
Core,12.083333333333334
Non-core,7.8431372549019605
