status,intersection
Core,5.042016806722689
Non-core,7.042253521126761
