status,intersection
Core,3.240740740740741
Non-core,3.0303030303030303
