status,intersection
Core,5.092592592592593
Non-core,6.338028169014085
