status,intersection
Core,9.644670050761421
Non-core,9.23076923076923
