status,intersection
Core,10.81081081081081
Non-core,12.244897959183673
