status,intersection
Core,7.6923076923076925
Non-core,5.839416058394161
