status,intersection
Core,3.870967741935484
Non-core,0.970873786407767
