status,intersection
Core,21.10091743119266
Non-core,23.076923076923077
