status,intersection
Core,10.045662100456621
Non-core,9.154929577464788
