status,intersection
Core,7.317073170731708
Non-core,10.869565217391305
