status,intersection
Core,8.88888888888889
Non-core,4.25531914893617
