status,intersection
Core,18.30065359477124
Non-core,18.34862385321101
