status,intersection
Core,6.214689265536723
Non-core,4.464285714285714
