status,intersection
Core,4.477611940298507
Non-core,7.894736842105263
