status,intersection
Core,2.8901734104046244
Non-core,3.5714285714285716
