status,intersection
Core,15.714285714285714
Non-core,17.647058823529413
