status,intersection
Core,8.860759493670885
Non-core,12.244897959183673
