status,intersection
Core,5.851063829787234
Non-core,1.5037593984962405
