status,intersection
Core,5.785123966942149
Non-core,6.779661016949152
