status,intersection
Core,4.658385093167702
Non-core,3.1578947368421053
