status,intersection
Core,9.659090909090908
Non-core,6.1946902654867255
