status,intersection
Core,8.457711442786069
Non-core,8.333333333333334
