status,intersection
Core,5.785123966942149
Non-core,2.5974025974025974
