status,intersection
Core,12.096774193548388
Non-core,14.666666666666666
