status,intersection
Core,21.21212121212121
Non-core,17.647058823529413
