status,intersection
Core,2.2123893805309733
Non-core,1.6129032258064515
