status,intersection
Core,13.425925925925926
Non-core,12.592592592592593
