status,intersection
Core,13.953488372093023
Non-core,17.46031746031746
