status,intersection
Core,8.181818181818182
Non-core,13.114754098360656
