status,intersection
Core,6.738351254480286
Non-core,5.189990732159407
