status,intersection
Core,6.140350877192983
Non-core,3.488372093023256
