status,intersection
Core,8.558558558558559
Non-core,7.6923076923076925
