status,intersection
Core,14.52991452991453
Non-core,13.043478260869565
