status,intersection
Core,12.037037037037036
Non-core,11.71875
