status,intersection
Core,4.424778761061947
Non-core,1.8867924528301887
