status,intersection
Core,2.8517110266159698
Non-core,1.3736263736263736
