status,intersection
Core,11.931818181818182
Non-core,8.695652173913043
