status,intersection
Core,13.740458015267176
Non-core,15.151515151515152
