status,intersection
Core,5.47945205479452
Non-core,5.405405405405405
