status,intersection
Core,7.202216066481994
Non-core,6.097560975609756
