status,intersection
Core,4.123711340206185
Non-core,4.615384615384615
