status,intersection
Core,10.1010101010101
Non-core,9.836065573770492
