status,intersection
Core,7.346938775510204
Non-core,7.28476821192053
