status,intersection
Core,1.2269938650306749
Non-core,0.8849557522123894
