status,intersection
Core,13.829787234042554
Non-core,16.9811320754717
