status,intersection
Core,13.612565445026178
Non-core,13.492063492063492
