status,intersection
Core,8.979089790897909
Non-core,6.721311475409836
