status,intersection
Core,3.7712895377128954
Non-core,2.4390243902439024
