status,intersection
Core,10.869565217391305
Non-core,10.56910569105691
