status,intersection
Core,4.901960784313726
Non-core,7.2727272727272725
