status,intersection
Core,4.30622009569378
Non-core,3.4246575342465753
