status,intersection
Core,3.037974683544304
Non-core,2.5553662691652472
