status,intersection
Core,2.464788732394366
Non-core,2.030456852791878
