status,intersection
Core,4.285714285714286
Non-core,8.333333333333334
