status,intersection
Core,11.409395973154362
Non-core,10.416666666666666
