status,intersection
Core,6.944444444444445
Non-core,6.122448979591836
