status,intersection
Core,6.220095693779904
Non-core,6.015037593984962
