status,intersection
Core,11.881188118811881
Non-core,12.878787878787879
