status,intersection
Core,15.853658536585366
Non-core,13.953488372093023
