status,intersection
Core,4.584527220630372
Non-core,4.405286343612334
