status,intersection
Core,2.1026072329688814
Non-core,1.0471204188481675
