status,intersection
Core,13.983050847457626
Non-core,14.110429447852761
