status,intersection
Core,6.111111111111111
Non-core,6.722689075630252
