status,intersection
Core,4.9281314168377826
Non-core,3.6851967520299813
