status,intersection
Core,11.63575042158516
Non-core,8.747044917257684
