status,intersection
Core,7.758620689655173
Non-core,5.555555555555555
