status,intersection
Core,15.11111111111111
Non-core,13.10344827586207
