status,intersection
Core,10.1010101010101
Non-core,10.169491525423728
