status,intersection
Core,6.896551724137931
Non-core,11.538461538461538
