status,intersection
Core,10.606060606060606
Non-core,8.461538461538462
