status,intersection
Core,9.865470852017937
Non-core,8.391608391608392
