status,intersection
Core,8.51063829787234
Non-core,13.333333333333334
