status,intersection
Core,11.538461538461538
Non-core,5.2631578947368425
