status,intersection
Core,13.86861313868613
Non-core,14.285714285714286
