status,intersection
Core,3.755868544600939
Non-core,4.605263157894737
