status,intersection
Core,5.319148936170213
Non-core,8.333333333333334
