status,intersection
Core,5.825242718446602
Non-core,9.090909090909092
