status,intersection
Core,14.705882352941176
Non-core,17.307692307692307
