status,intersection
Core,4.311774461028192
Non-core,3.104212860310421
