status,intersection
Core,5.411764705882353
Non-core,4.693140794223827
