status,intersection
Core,10.460251046025105
Non-core,6.962025316455696
