status,intersection
Core,4.929577464788732
Non-core,4.901960784313726
