status,intersection
Core,10.126582278481013
Non-core,4.761904761904762
