status,intersection
Core,5.504587155963303
Non-core,3.3333333333333335
