status,intersection
Core,7.734806629834254
Non-core,3.4782608695652173
