status,intersection
Core,9.734513274336283
Non-core,9.23076923076923
