status,intersection
Core,12.017167381974248
Non-core,12.179487179487179
