status,intersection
Core,10.893854748603353
Non-core,9.166666666666666
