status,intersection
Core,0.6329113924050633
Non-core,0.9259259259259259
