status,intersection
Core,6.837606837606837
Non-core,4.411764705882353
