status,intersection
Core,8.947368421052632
Non-core,5.970149253731344
