status,intersection
Core,6.521739130434782
Non-core,3.8461538461538463
