status,intersection
Core,17.757009345794394
Non-core,15.384615384615385
