status,intersection
Core,3.401360544217687
Non-core,1.0526315789473684
