status,intersection
Core,4.117647058823529
Non-core,5.454545454545454
