status,intersection
Core,14.705882352941176
Non-core,22.22222222222222
