status,intersection
Core,4.361873990306947
Non-core,2.839756592292089
