status,intersection
Core,3.8348082595870205
Non-core,2.7149321266968327
