status,intersection
Core,14.52991452991453
Non-core,17.741935483870968
