status,intersection
Core,8.088235294117647
Non-core,9.722222222222221
