status,intersection
Core,3.0864197530864197
Non-core,2.803738317757009
