status,intersection
Core,7.594936708860759
Non-core,4.761904761904762
