status,intersection
Core,8.636363636363637
Non-core,6.617647058823529
