status,intersection
Core,9.540636042402827
Non-core,9.195402298850574
