status,intersection
Core,16.037735849056602
Non-core,16.129032258064516
