status,intersection
Core,9.418282548476455
Non-core,9.75609756097561
