status,intersection
Core,6.179775280898877
Non-core,4.887218045112782
