status,intersection
Core,8.316221765913758
Non-core,6.241699867197875
