status,intersection
Core,5.197132616487456
Non-core,2.7906976744186047
