status,intersection
Core,3.488372093023256
Non-core,1.6129032258064515
