status,intersection
Core,9.844559585492227
Non-core,9.67741935483871
