status,intersection
Core,4.028776978417266
Non-core,2.6804123711340204
