status,intersection
Core,3.7267080745341614
Non-core,1.8691588785046729
