status,intersection
Core,1.5957446808510638
Non-core,1.6666666666666667
