status,intersection
Core,2.6646928201332347
Non-core,1.8251681075888568
