status,intersection
Core,3.745928338762215
Non-core,2.795698924731183
