status,intersection
Core,2.2222222222222223
Non-core,1.7241379310344827
