status,intersection
Core,4.845814977973569
Non-core,4.605263157894737
