status,intersection
Core,6.918238993710692
Non-core,5.769230769230769
