status,intersection
Core,8.494208494208495
Non-core,6.861499364675985
