status,intersection
Core,6.621004566210046
Non-core,5.762711864406779
