status,intersection
Core,3.067484662576687
Non-core,3.7037037037037037
