status,intersection
Core,18.181818181818183
Non-core,14.942528735632184
