status,intersection
Core,2.391304347826087
Non-core,1.5432098765432098
