status,intersection
Core,10.06711409395973
Non-core,6.542056074766355
