status,intersection
Core,2.1487603305785123
Non-core,1.3157894736842106
