status,intersection
Core,10.126582278481013
Non-core,6.730769230769231
