status,intersection
Core,3.4946236559139785
Non-core,1.8315018315018314
