status,intersection
Core,12.264150943396226
Non-core,14.285714285714286
