status,intersection
Core,9.29203539823009
Non-core,8.823529411764707
