status,intersection
Core,3.7974683544303796
Non-core,1.941747572815534
