status,intersection
Core,4.424778761061947
Non-core,1.5873015873015872
