status,intersection
Core,12.041884816753926
Non-core,11.475409836065573
