status,intersection
Core,12.179487179487179
Non-core,9.950248756218905
