status,intersection
Core,1.8108651911468814
Non-core,1.0582010582010581
