status,intersection
Core,5.084745762711864
Non-core,4.716981132075472
