status,intersection
Core,4.225352112676056
Non-core,2.7777777777777777
