status,intersection
Core,10.396039603960396
Non-core,10.861423220973784
