status,intersection
Core,2.5157232704402515
Non-core,0.9615384615384616
