status,intersection
Core,16.822429906542055
Non-core,18.115942028985508
