status,intersection
Core,10.619469026548673
Non-core,8.974358974358974
