status,intersection
Core,12.694877505567929
Non-core,10.149253731343284
