status,intersection
Core,11.494252873563218
Non-core,11.176470588235293
