status,intersection
Core,14.37125748502994
Non-core,13.541666666666666
