status,intersection
Core,16.964285714285715
Non-core,16.923076923076923
