status,intersection
Core,4.901960784313726
Non-core,1.7241379310344827
