status,intersection
Core,9.25925925925926
Non-core,8.928571428571429
