status,intersection
Core,8.540925266903914
Non-core,8.854166666666666
