status,intersection
Core,3.559870550161812
Non-core,2.094972067039106
