status,intersection
Core,11.372549019607844
Non-core,9.941520467836257
