status,intersection
Core,4.591836734693878
Non-core,4.62962962962963
