status,intersection
Core,11.382113821138212
Non-core,10.344827586206897
