status,intersection
Core,8.661417322834646
Non-core,6.557377049180328
