status,intersection
Core,14.457831325301205
Non-core,11.11111111111111
