status,intersection
Core,3.5714285714285716
Non-core,1.694915254237288
