status,intersection
Core,4.794520547945205
Non-core,3.5555555555555554
