status,intersection
Core,9.84251968503937
Non-core,8.602150537634408
