status,intersection
Core,10.37037037037037
Non-core,9.523809523809524
