status,intersection
Core,5.4613935969868175
Non-core,4.336043360433604
