status,intersection
Core,8.974358974358974
Non-core,6.666666666666667
