status,intersection
Core,9.89010989010989
Non-core,8.928571428571429
