status,intersection
Core,16.216216216216218
Non-core,14.285714285714286
