status,intersection
Core,7.194244604316546
Non-core,9.090909090909092
