status,intersection
Core,2.9585798816568047
Non-core,3.6036036036036037
