status,intersection
Core,12.76595744680851
Non-core,9.89010989010989
