status,intersection
Core,14.018691588785046
Non-core,18.333333333333332
