status,intersection
Core,11.320754716981131
Non-core,10.434782608695652
