status,intersection
Core,8.284023668639053
Non-core,6.481481481481482
