status,intersection
Core,4.651162790697675
Non-core,2.127659574468085
