status,intersection
Core,4.597701149425287
Non-core,2.8901734104046244
