status,intersection
Core,5.813953488372093
Non-core,3.8596491228070176
