status,intersection
Core,7.12694877505568
Non-core,7.619047619047619
