status,intersection
Core,5.466237942122186
Non-core,4.225352112676056
