status,intersection
Core,15.441176470588236
Non-core,17.105263157894736
