status,intersection
Core,5.240174672489083
Non-core,3.0864197530864197
