status,intersection
Core,10.663983903420522
Non-core,9.60960960960961
