status,intersection
Core,4.395604395604396
Non-core,4.477611940298507
