status,intersection
Core,3.3622559652928414
Non-core,1.969057665260197
