status,intersection
Core,5.238095238095238
Non-core,4.861111111111111
