status,intersection
Core,9.734513274336283
Non-core,11.666666666666666
