status,intersection
Core,3.419516263552961
Non-core,2.3195876288659796
