status,intersection
Core,16.611295681063122
Non-core,15.277777777777779
