status,intersection
Core,9.734513274336283
Non-core,9.774436090225564
