status,intersection
Core,6.371191135734072
Non-core,6.329113924050633
