status,intersection
Core,12.048192771084338
Non-core,11.650485436893204
