status,intersection
Core,8.280254777070065
Non-core,9.345794392523365
