status,intersection
Core,10.059171597633137
Non-core,9.433962264150944
