status,intersection
Core,12.06140350877193
Non-core,9.26517571884984
