status,intersection
Core,1.792573623559539
Non-core,1.0344827586206897
