status,intersection
Core,12.631578947368421
Non-core,11.864406779661017
