status,intersection
Core,3.314917127071823
Non-core,2.3255813953488373
