status,intersection
Core,2.014153511159499
Non-core,1.1612903225806452
