status,intersection
Core,7.664233576642336
Non-core,7.471264367816092
