status,intersection
Core,3.7974683544303796
Non-core,4.854368932038835
