status,intersection
Core,11.398963730569948
Non-core,10.852713178294573
