status,intersection
Core,6.462585034013605
Non-core,5.769230769230769
