status,intersection
Core,7.9787234042553195
Non-core,8.064516129032258
