status,intersection
Core,4.958677685950414
Non-core,1.5151515151515151
