status,intersection
Core,12.663755458515285
Non-core,10.062893081761006
