status,intersection
Core,6.153846153846154
Non-core,7.317073170731708
