status,intersection
Core,7.291666666666667
Non-core,9.25925925925926
