status,intersection
Core,6.730769230769231
Non-core,5.607476635514018
