status,intersection
Core,5.964912280701754
Non-core,4.891304347826087
