status,intersection
Core,15.555555555555555
Non-core,14.285714285714286
