status,intersection
Core,11.055276381909549
Non-core,10.526315789473685
