status,intersection
Core,7.511737089201878
Non-core,7.407407407407407
