status,intersection
Core,4.093567251461988
Non-core,3.3057851239669422
