status,intersection
Core,2.127659574468085
Non-core,1.8518518518518519
