status,intersection
Core,13.095238095238095
Non-core,13.513513513513514
