status,intersection
Core,21.11111111111111
Non-core,24.489795918367346
