status,intersection
Core,13.26530612244898
Non-core,11.11111111111111
