status,intersection
Core,3.1890660592255125
Non-core,1.9736842105263157
