status,intersection
Core,5.365853658536586
Non-core,4.761904761904762
