status,intersection
Core,1.965065502183406
Non-core,0.8534850640113798
