status,intersection
Core,7.772020725388601
Non-core,6.22568093385214
