status,intersection
Core,11.693548387096774
Non-core,9.75609756097561
