status,intersection
Core,4.207920792079208
Non-core,2.358490566037736
