status,intersection
Core,13.636363636363637
Non-core,17.46031746031746
