status,intersection
Core,8.73015873015873
Non-core,5.2631578947368425
