status,intersection
Core,8.296943231441048
Non-core,7.333333333333333
