status,intersection
Core,8.045977011494253
Non-core,4.3478260869565215
