status,intersection
Core,4.102564102564102
Non-core,3.8095238095238093
