status,intersection
Core,5.726872246696035
Non-core,4.861111111111111
