status,intersection
Core,2.9411764705882355
Non-core,2.5210084033613445
