status,intersection
Core,6.315789473684211
Non-core,5.797101449275362
