status,intersection
Core,2.348993288590604
Non-core,1.1261261261261262
