status,intersection
Core,12.857142857142858
Non-core,7.6923076923076925
