status,intersection
Core,15.454545454545455
Non-core,13.194444444444445
