status,intersection
Core,13.235294117647058
Non-core,19.444444444444443
