status,intersection
Core,5.072463768115942
Non-core,4.819277108433735
