status,intersection
Core,11.637931034482758
Non-core,10.240963855421686
