status,intersection
Core,4.060913705583756
Non-core,1.4184397163120568
