status,intersection
Core,14.473684210526315
Non-core,21.62162162162162
