status,intersection
Core,9.210526315789474
Non-core,5.2631578947368425
