status,intersection
Core,6.220095693779904
Non-core,3.7313432835820897
