status,intersection
Core,1.7100371747211895
Non-core,0.8695652173913043
