status,intersection
Core,8.13953488372093
Non-core,5.405405405405405
