status,intersection
Core,7.042253521126761
Non-core,13.88888888888889
