status,intersection
Core,7.317073170731708
Non-core,7.017543859649122
