status,intersection
Core,7.915567282321899
Non-core,5.981308411214953
