status,intersection
Core,10.36036036036036
Non-core,10.655737704918034
