status,intersection
Core,11.377245508982035
Non-core,8.421052631578947
