status,intersection
Core,5.592841163310962
Non-core,4.823151125401929
