status,intersection
Core,4.411764705882353
Non-core,7.894736842105263
