status,intersection
Core,13.432835820895523
Non-core,15.853658536585366
