status,intersection
Core,14.007782101167315
Non-core,12.883435582822086
