status,intersection
Core,3.5555555555555554
Non-core,2.380952380952381
