status,intersection
Core,13.432835820895523
Non-core,14.285714285714286
