status,intersection
Core,12.785388127853881
Non-core,8.666666666666666
