status,intersection
Core,15.873015873015873
Non-core,15.384615384615385
