status,intersection
Core,8.571428571428571
Non-core,8.695652173913043
