status,intersection
Core,3.8297872340425534
Non-core,4.216867469879518
