status,intersection
Core,13.588850174216027
Non-core,15.254237288135593
