status,intersection
Core,4.712041884816754
Non-core,2.3622047244094486
