status,intersection
Core,7.239819004524887
Non-core,8.391608391608392
