status,intersection
Core,4.166666666666667
Non-core,3.1578947368421053
