status,intersection
Core,4.067796610169491
Non-core,2.512562814070352
