status,intersection
Core,6.329113924050633
Non-core,8.333333333333334
