status,intersection
Core,7.0588235294117645
Non-core,5.084745762711864
