status,intersection
Core,7.792207792207792
Non-core,7.8431372549019605
