status,intersection
Core,12.355212355212355
Non-core,9.63855421686747
