status,intersection
Core,16.10169491525424
Non-core,14.492753623188406
