status,intersection
Core,4.417670682730924
Non-core,3.2598274209012463
