status,intersection
Core,9.045226130653266
Non-core,6.617647058823529
