status,intersection
Core,8.080808080808081
Non-core,4.3478260869565215
