status,intersection
Core,11.965811965811966
Non-core,10.135135135135135
