status,intersection
Core,14.655172413793103
Non-core,10.606060606060606
