status,intersection
Core,6.229508196721311
Non-core,4.390243902439025
