status,intersection
Core,6.756756756756757
Non-core,9.523809523809524
