status,intersection
Core,9.70873786407767
Non-core,5.660377358490566
