status,intersection
Core,7.0588235294117645
Non-core,4.761904761904762
