status,intersection
Core,16.666666666666668
Non-core,21.428571428571427
