status,intersection
Core,5.063291139240507
Non-core,6.818181818181818
