status,intersection
Core,11.009174311926605
Non-core,8.474576271186441
