status,intersection
Core,2.955665024630542
Non-core,1.5384615384615385
