status,intersection
Core,2.356020942408377
Non-core,1.4705882352941178
