status,intersection
Core,6.0606060606060606
Non-core,3.7383177570093458
