status,intersection
Core,2.6954177897574123
Non-core,1.7605633802816902
