status,intersection
Core,19.23076923076923
Non-core,15.942028985507246
