status,intersection
Core,8.88888888888889
Non-core,10.416666666666666
