status,intersection
Core,15.025906735751295
Non-core,15.671641791044776
