status,intersection
Core,9.89010989010989
Non-core,6.382978723404255
