status,intersection
Core,3.1446540880503147
Non-core,4.854368932038835
