status,intersection
Core,4.2682926829268295
Non-core,3.7037037037037037
