status,intersection
Core,20.43010752688172
Non-core,20.754716981132077
