status,intersection
Core,10.344827586206897
Non-core,11.11111111111111
