status,intersection
Core,5.194805194805195
Non-core,4.2105263157894735
