status,intersection
Core,24.324324324324323
Non-core,21.951219512195124
