status,intersection
Core,1.3186813186813187
Non-core,0.547945205479452
