status,intersection
Core,14.772727272727273
Non-core,19.607843137254903
