status,intersection
Core,6.510416666666667
Non-core,5.533596837944664
