status,intersection
Core,9.420289855072463
Non-core,3.6144578313253013
