status,intersection
Core,7.653061224489796
Non-core,5.426356589147287
