status,intersection
Core,14.173228346456693
Non-core,7.317073170731708
