status,intersection
Core,6.870229007633588
Non-core,7.317073170731708
