status,intersection
Core,9.30232558139535
Non-core,12.244897959183673
