status,intersection
Core,5.769230769230769
Non-core,4.615384615384615
