status,intersection
Core,5.813953488372093
Non-core,7.407407407407407
