status,intersection
Core,9.345794392523365
Non-core,11.864406779661017
