status,intersection
Core,9.743589743589743
Non-core,8.94308943089431
