status,intersection
Core,3.067484662576687
Non-core,0.9615384615384616
