status,intersection
Core,5.9880239520958085
Non-core,3.8095238095238093
