status,intersection
Core,5.294117647058823
Non-core,3.8705583756345177
