status,intersection
Core,5.376344086021505
Non-core,1.8867924528301887
