status,intersection
Core,4.563233376792699
Non-core,3.1523642732049035
