status,intersection
Core,2.547307132459971
Non-core,1.7210144927536233
