status,intersection
Core,9.056603773584905
Non-core,7.6923076923076925
