status,intersection
Core,4.830917874396135
Non-core,7.462686567164179
