status,intersection
Core,13.392857142857142
Non-core,16.666666666666668
