status,intersection
Core,4.9504950495049505
Non-core,2.6666666666666665
