status,intersection
Core,11.711711711711711
Non-core,10.76923076923077
