status,intersection
Core,8.19112627986348
Non-core,7.6923076923076925
