status,intersection
Core,15.178571428571429
Non-core,14.516129032258064
