status,intersection
Core,10.27027027027027
Non-core,8.849557522123893
