status,intersection
Core,13.720930232558139
Non-core,11.627906976744185
