status,intersection
Core,2.5477707006369426
Non-core,0.9803921568627451
