status,intersection
Core,12.580645161290322
Non-core,9.852216748768473
