status,intersection
Core,10.38961038961039
Non-core,5.2631578947368425
