status,intersection
Core,6.172839506172839
Non-core,3.3333333333333335
