status,intersection
Core,10.90047393364929
Non-core,8.333333333333334
