status,intersection
Core,6.179775280898877
Non-core,4.385964912280702
