status,intersection
Core,5.960264900662252
Non-core,6.666666666666667
