status,intersection
Core,15.909090909090908
Non-core,16.9811320754717
