status,intersection
Core,11.290322580645162
Non-core,11.428571428571429
