status,intersection
Core,2.9940119760479043
Non-core,0.9174311926605505
