status,intersection
Core,4.25531914893617
Non-core,11.764705882352942
