status,intersection
Core,5.39568345323741
Non-core,4.838709677419355
