status,intersection
Core,8.962264150943396
Non-core,9.75609756097561
