status,intersection
Core,9.691629955947137
Non-core,8.074534161490684
