status,intersection
Core,6.827309236947791
Non-core,8.187134502923977
