status,intersection
Core,8.955223880597014
Non-core,10.606060606060606
