status,intersection
Core,8.938547486033519
Non-core,7.758620689655173
