status,intersection
Core,6.868131868131868
Non-core,5.394190871369295
