status,intersection
Core,11.894273127753303
Non-core,11.842105263157896
