status,intersection
Core,10.92436974789916
Non-core,9.75609756097561
