status,intersection
Core,3.4582132564841497
Non-core,1.937984496124031
