status,intersection
Core,7.386363636363637
Non-core,8.181818181818182
