status,intersection
Core,7.2784810126582276
Non-core,5.627705627705628
