status,intersection
Core,6.444906444906445
Non-core,6.069364161849711
