status,intersection
Core,4.713804713804714
Non-core,3.3653846153846154
