status,intersection
Core,7.87037037037037
Non-core,8.208955223880597
