status,intersection
Core,3.278688524590164
Non-core,5.319148936170213
