status,intersection
Core,12.32876712328767
Non-core,13.095238095238095
