status,intersection
Core,4.8076923076923075
Non-core,2.5316455696202533
