status,intersection
Core,5.384615384615385
Non-core,6.666666666666667
