status,intersection
Core,10.79136690647482
Non-core,10.843373493975903
