status,intersection
Core,5.660377358490566
Non-core,6.451612903225806
