status,intersection
Core,5.294117647058823
Non-core,3.4188034188034186
