status,intersection
Core,11.023622047244094
Non-core,11.267605633802816
