status,intersection
Core,12.781954887218046
Non-core,13.698630136986301
