status,intersection
Core,9.316770186335404
Non-core,7.142857142857143
