status,intersection
Core,3.314917127071823
Non-core,1.4492753623188406
