status,intersection
Core,11.214953271028037
Non-core,16.363636363636363
