status,intersection
Core,7.909604519774011
Non-core,7.359307359307359
