status,intersection
Core,12.087912087912088
Non-core,14.035087719298245
