status,intersection
Core,3.1073446327683616
Non-core,2.1645021645021645
