status,intersection
Core,14.438502673796792
Non-core,13.461538461538462
