status,intersection
Core,12.91866028708134
Non-core,8.823529411764707
