status,intersection
Core,8.280254777070065
Non-core,5.5813953488372094
