status,intersection
Core,13.215859030837004
Non-core,13.513513513513514
