status,intersection
Core,16.176470588235293
Non-core,26.470588235294116
