status,intersection
Core,7.4766355140186915
Non-core,9.67741935483871
