status,intersection
Core,7.951070336391437
Non-core,6.220095693779904
