status,intersection
Core,4.715447154471545
Non-core,3.4188034188034186
