status,intersection
Core,13.72549019607843
Non-core,12.280701754385966
