status,intersection
Core,8.658008658008658
Non-core,7.051282051282051
