status,intersection
Core,9.6045197740113
Non-core,8.51063829787234
