status,intersection
Core,13.513513513513514
Non-core,16.129032258064516
