status,intersection
Core,5.729166666666667
Non-core,7.627118644067797
