status,intersection
Core,17.46031746031746
Non-core,16.666666666666668
