status,intersection
Core,11.347517730496454
Non-core,11.299435028248588
