status,intersection
Core,12.080536912751677
Non-core,11.11111111111111
