status,intersection
Core,6.176470588235294
Non-core,5.1063829787234045
