status,intersection
Core,6.63265306122449
Non-core,5.580357142857143
