status,intersection
Core,8.415841584158416
Non-core,7.936507936507937
