status,intersection
Core,9.00900900900901
Non-core,5.797101449275362
