status,intersection
Core,13.68421052631579
Non-core,12.359550561797754
