status,intersection
Core,5.208333333333333
Non-core,2.3255813953488373
