status,intersection
Core,9.836065573770492
Non-core,9.45273631840796
