status,intersection
Core,5.128205128205129
Non-core,2.8846153846153846
