status,intersection
Core,2.3121387283236996
Non-core,1.6260162601626016
