status,intersection
Core,15.508021390374331
Non-core,14.634146341463415
