status,intersection
Core,5.970149253731344
Non-core,8.108108108108109
