status,intersection
Core,2.366863905325444
Non-core,0.8695652173913043
