status,intersection
Core,5.882352941176471
Non-core,10.294117647058824
