status,intersection
Core,12.962962962962964
Non-core,11.538461538461538
