status,intersection
Core,6.930693069306931
Non-core,8.16326530612245
