status,intersection
Core,6.571428571428571
Non-core,3.861003861003861
