status,intersection
Core,5.376344086021505
Non-core,6.382978723404255
