status,intersection
Core,5.376344086021505
Non-core,2.272727272727273
