status,intersection
Core,7.905138339920948
Non-core,8.720930232558139
