status,intersection
Core,14.606741573033707
Non-core,14.285714285714286
