status,intersection
Core,3.937007874015748
Non-core,4.49438202247191
