status,intersection
Core,0.7751937984496124
Non-core,1.2195121951219512
