status,intersection
Core,5.456702253855279
Non-core,3.8155802861685215
