status,intersection
Core,2.2058823529411766
Non-core,3.3707865168539324
