status,intersection
Core,8.571428571428571
Non-core,5.3097345132743365
