status,intersection
Core,1.941747572815534
Non-core,1.694915254237288
