status,intersection
Core,5.46448087431694
Non-core,5.9405940594059405
