status,intersection
Core,5.232558139534884
Non-core,5.691056910569106
