status,intersection
Core,4.49438202247191
Non-core,1.9230769230769231
