status,intersection
Core,6.617647058823529
Non-core,3.6144578313253013
