status,intersection
Core,2.7027027027027026
Non-core,1.3215859030837005
