status,intersection
Core,1.8181818181818181
Non-core,0.9216589861751152
