status,intersection
Core,4.895104895104895
Non-core,5.208333333333333
