status,intersection
Core,0.8166598611678236
Non-core,0.3896736483195324
