status,intersection
Core,9.714285714285714
Non-core,9.345794392523365
