status,intersection
Core,4.895104895104895
Non-core,5.2631578947368425
