status,intersection
Core,2.5462962962962963
Non-core,0.3257328990228013
