status,intersection
Core,1.2903225806451613
Non-core,0.5163511187607573
