status,intersection
Core,6.106870229007634
Non-core,4.087193460490464
