status,intersection
Core,3.1468531468531467
Non-core,1.6304347826086956
