status,intersection
Core,4.395604395604396
Non-core,3.3333333333333335
