status,intersection
Core,2.255639097744361
Non-core,2.3529411764705883
