status,intersection
Core,5.376344086021505
Non-core,4.081632653061225
