status,intersection
Core,4.109589041095891
Non-core,5.1020408163265305
