status,intersection
Core,3.389830508474576
Non-core,0.970873786407767
