status,intersection
Core,7.425742574257426
Non-core,7.633587786259542
