status,intersection
Core,4.504504504504505
Non-core,1.2987012987012987
