status,intersection
Core,4.7277936962750715
Non-core,3.1569173630454967
