status,intersection
Core,8.78048780487805
Non-core,6.923076923076923
