status,intersection
Core,3.4782608695652173
Non-core,1.4492753623188406
