status,intersection
Core,0.7903055848261328
Non-core,0.2559181062060141
