status,intersection
Core,1.6666666666666667
Non-core,0.4158004158004158
