status,intersection
Core,2.4305555555555554
Non-core,1.0309278350515463
