status,intersection
Core,3.7433155080213902
Non-core,5.2631578947368425
