status,intersection
Core,3.896103896103896
Non-core,2.380952380952381
