status,intersection
Core,6.374501992031872
Non-core,3.1645569620253164
