status,intersection
Core,6.338028169014085
Non-core,6.315789473684211
