status,intersection
Core,1.6150740242261103
Non-core,0.5405405405405406
