status,intersection
Core,5.147058823529412
Non-core,6.741573033707865
