status,intersection
Core,3.9473684210526314
Non-core,4.761904761904762
