status,intersection
Core,2.8901734104046244
Non-core,0.8130081300813008
