status,intersection
Core,5.8441558441558445
Non-core,5.660377358490566
