status,intersection
Core,4.069767441860465
Non-core,1.0416666666666667
