status,intersection
Core,11.333333333333334
Non-core,9.782608695652174
