status,intersection
Core,5.8441558441558445
Non-core,6.666666666666667
