status,intersection
Core,2.1739130434782608
Non-core,3.2967032967032965
