status,intersection
Core,3.0508474576271185
Non-core,0.9950248756218906
