status,intersection
Core,3.35195530726257
Non-core,0.8547008547008547
