status,intersection
Core,1.1804384485666104
Non-core,0.2242152466367713
