status,intersection
Core,3.883495145631068
Non-core,0.819672131147541
