status,intersection
Core,8.549222797927461
Non-core,7.086614173228346
