status,intersection
Core,2.9411764705882355
Non-core,1.0526315789473684
