status,intersection
Core,6.410256410256411
Non-core,3.225806451612903
