status,intersection
Core,1.408450704225352
Non-core,2.0408163265306123
