status,intersection
Core,0.9558823529411765
Non-core,0.4570383912248629
