status,intersection
Core,2.493765586034913
Non-core,0.9389671361502347
