status,intersection
Core,4.90566037735849
Non-core,4.519774011299435
