status,intersection
Core,2.512562814070352
Non-core,0.7936507936507936
