status,intersection
Core,6.593406593406593
Non-core,2.0833333333333335
