status,intersection
Core,1.8575851393188854
Non-core,0.7604562737642585
