status,intersection
Core,2.2388059701492535
Non-core,3.4482758620689653
