status,intersection
Core,0.6289308176100629
Non-core,0.8620689655172413
