status,intersection
Core,1.829268292682927
Non-core,2.803738317757009
