status,intersection
Core,8.256880733944953
Non-core,4.195804195804196
