status,intersection
Core,4.597701149425287
Non-core,2.4390243902439024
