status,intersection
Core,2.484472049689441
Non-core,1.0204081632653061
