status,intersection
Core,2.150537634408602
Non-core,0.7874015748031497
