status,intersection
Core,1.0183299389002036
Non-core,0.5291005291005291
