status,intersection
Core,5.633802816901408
Non-core,2.380952380952381
