status,intersection
Core,5.9171597633136095
Non-core,5.504587155963303
