status,intersection
Core,8.614232209737828
Non-core,7.514450867052023
