status,intersection
Core,5.555555555555555
Non-core,5.325443786982248
