status,intersection
Core,2.766798418972332
Non-core,1.2345679012345678
