status,intersection
Core,2.20125786163522
Non-core,0.9049773755656109
