status,intersection
Core,3.289473684210526
Non-core,3.1914893617021276
