status,intersection
Core,10.833333333333334
Non-core,8.474576271186441
