status,intersection
Core,8.955223880597014
Non-core,2.3255813953488373
