status,intersection
Core,9.54356846473029
Non-core,7.8431372549019605
