status,intersection
Core,7.2727272727272725
Non-core,3.0303030303030303
