status,intersection
Core,2.9197080291970803
Non-core,3.3707865168539324
