status,intersection
Core,7.241379310344827
Non-core,6.486486486486487
