status,intersection
Core,7.482993197278912
Non-core,6.217616580310881
