status,intersection
Core,6.790123456790123
Non-core,7.017543859649122
