status,intersection
Core,3.252032520325203
Non-core,1.2345679012345678
