status,intersection
Core,6.179775280898877
Non-core,5.511811023622047
