status,intersection
Core,8.259587020648967
Non-core,6.521739130434782
