status,intersection
Core,3.5460992907801416
Non-core,4.25531914893617
