status,intersection
Core,2.226345083487941
Non-core,0.966183574879227
