status,intersection
Core,6.164383561643835
Non-core,6.0606060606060606
