status,intersection
Core,1.0245901639344261
Non-core,0.41899441340782123
