status,intersection
Core,2.588996763754045
Non-core,1.5384615384615385
