status,intersection
Core,10.114942528735632
Non-core,5.828220858895706
