status,intersection
Core,1.9366197183098592
Non-core,0.7092198581560284
