status,intersection
Core,2.898550724637681
Non-core,1.2987012987012987
