status,intersection
Core,4.237288135593221
Non-core,1.3157894736842106
