status,intersection
Core,2.696078431372549
Non-core,1.492537313432836
