status,intersection
Core,6.5375302663438255
Non-core,5.4945054945054945
