status,intersection
Core,2.9411764705882355
Non-core,6.666666666666667
