status,intersection
Core,1.639344262295082
Non-core,0.27472527472527475
