status,intersection
Core,9.94475138121547
Non-core,10.344827586206897
