status,intersection
Core,0.7575757575757576
Non-core,1.1764705882352942
