status,intersection
Core,3.1847133757961785
Non-core,3.0927835051546393
