status,intersection
Core,4.895104895104895
Non-core,3.695150115473441
