status,intersection
Core,6.462585034013605
Non-core,6.0606060606060606
