status,intersection
Core,4.054054054054054
Non-core,3.2967032967032965
