status,intersection
Core,1.5384615384615385
Non-core,1.2048192771084338
