status,intersection
Core,2.9585798816568047
Non-core,2.6548672566371683
