status,intersection
Core,8.670520231213873
Non-core,8.181818181818182
