status,intersection
Core,1.3297872340425532
Non-core,1.1070110701107012
