status,intersection
Core,7.894736842105263
Non-core,13.333333333333334
