status,intersection
Core,4.566210045662101
Non-core,3.7593984962406015
