status,intersection
Core,2.9154518950437316
Non-core,1.3215859030837005
