status,intersection
Core,4.166666666666667
Non-core,5.05050505050505
