status,intersection
Core,2.7439024390243905
Non-core,0.823045267489712
