status,intersection
Core,3.488372093023256
Non-core,2.3255813953488373
