status,intersection
Core,4.824561403508772
Non-core,4.545454545454546
