status,intersection
Core,5.038759689922481
Non-core,3.4031413612565444
