status,intersection
Core,10.1010101010101
Non-core,10.714285714285714
