status,intersection
Core,0.1360544217687075
Non-core,0.18181818181818182
