status,intersection
Core,3.225806451612903
Non-core,3.7735849056603774
