status,intersection
Core,1.8276762402088773
Non-core,1.8998272884283247
