status,intersection
Core,0.2717391304347826
Non-core,0.3629764065335753
