status,intersection
Core,0.9421265141318977
Non-core,0.8960573476702509
