status,intersection
Core,0.6747638326585695
Non-core,0.7194244604316546
