status,intersection
Core,5.1020408163265305
Non-core,3.896103896103896
