status,intersection
Core,3.508771929824561
Non-core,2.5641025641025643
