status,intersection
Core,2.6178010471204187
Non-core,0.5263157894736842
