status,intersection
Core,3.021978021978022
Non-core,2.032520325203252
