status,intersection
Core,2.830188679245283
Non-core,3.9473684210526314
