status,intersection
Core,2.457002457002457
Non-core,2.2580645161290325
