status,intersection
Core,1.8421052631578947
Non-core,1.3986013986013985
