status,intersection
Core,1.2113055181695829
Non-core,1.2544802867383513
