status,intersection
Core,7.086614173228346
Non-core,8.571428571428571
