status,intersection
Core,0.8053691275167785
Non-core,0.8928571428571429
