status,intersection
Core,1.7287234042553192
Non-core,1.5901060070671378
