status,intersection
Core,0.2706359945872801
Non-core,0.36101083032490977
