status,intersection
Core,11.270296084049665
Non-core,8.111533586818759
