status,intersection
Core,0.6784260515603799
Non-core,0.7246376811594203
