status,intersection
Core,6.60377358490566
Non-core,5.333333333333333
