status,intersection
Core,1.3477088948787062
Non-core,1.6157989228007181
