status,intersection
Core,0.13568521031207598
Non-core,0.18115942028985507
