status,intersection
Core,0.1362397820163488
Non-core,0.18214936247723132
