status,intersection
Core,0.5412719891745602
Non-core,0.5415162454873647
