status,intersection
Core,2.6923076923076925
Non-core,1.5570934256055364
