status,intersection
Core,0.40705563093622793
Non-core,0.5434782608695652
