status,intersection
Core,3.820816864295125
Non-core,2.626970227670753
