status,intersection
Core,1.728395061728395
Non-core,1.6501650165016502
