status,intersection
Core,4.621309370988446
Non-core,3.103448275862069
