status,intersection
Core,2.2397891963109355
Non-core,1.5957446808510638
