status,intersection
Core,0.4059539918809202
Non-core,0.36101083032490977
