status,intersection
Core,3.0729833546734957
Non-core,1.0398613518197575
