status,intersection
Core,1.0738255033557047
Non-core,1.2522361359570662
