status,intersection
Core,3.6036036036036037
Non-core,2.5316455696202533
