status,intersection
Core,1.3440860215053763
Non-core,0.7233273056057866
