status,intersection
Core,8.323281061519904
Non-core,6.129032258064516
