status,intersection
Core,8.253968253968255
Non-core,6.896551724137931
