status,intersection
Core,0.8108108108108109
Non-core,0.7259528130671506
