status,intersection
Core,0.9370816599732262
Non-core,1.2477718360071302
