status,intersection
Core,2.719665271966527
Non-core,2.373887240356083
