status,intersection
Core,3.5714285714285716
Non-core,2.272727272727273
