status,intersection
Core,0.6775067750677507
Non-core,0.18214936247723132
