status,intersection
Core,2.396804260985353
Non-core,0.7207207207207207
