status,intersection
Core,7.9245283018867925
Non-core,5.2356020942408374
