status,intersection
Core,8.219178082191782
Non-core,9.75609756097561
