status,intersection
Core,0.4076086956521739
Non-core,0.3629764065335753
