status,intersection
Core,3.8793103448275863
Non-core,3.9473684210526314
