status,intersection
Core,1.7173051519154559
Non-core,1.056338028169014
