status,intersection
Core,4.054054054054054
Non-core,3.8461538461538463
