status,intersection
Core,4.411764705882353
Non-core,4.2105263157894735
