status,intersection
Core,13.056603773584905
Non-core,10.196078431372548
