status,intersection
Core,6.756756756756757
Non-core,9.75609756097561
