status,intersection
Core,5.02092050209205
Non-core,4.3478260869565215
