status,intersection
Core,6.297229219143577
Non-core,3.3840947546531304
