status,intersection
Core,1.7015706806282722
Non-core,1.7301038062283738
