status,intersection
Core,0.6765899864682002
Non-core,0.9025270758122743
