status,intersection
Core,6.410256410256411
Non-core,5.555555555555555
