status,intersection
Core,0.27100271002710025
Non-core,0.3616636528028933
