status,intersection
Core,1.3513513513513513
Non-core,2.1739130434782608
