status,intersection
Core,1.2096774193548387
Non-core,1.2544802867383513
