status,intersection
Core,0.8064516129032258
Non-core,0.8960573476702509
