status,intersection
Core,1.8543046357615893
Non-core,1.757469244288225
