status,intersection
Core,6.139315230224321
Non-core,3.9556962025316458
