status,intersection
Core,4.938271604938271
Non-core,3.278688524590164
