status,intersection
Core,2.0752269779507135
Non-core,2.051282051282051
