status,intersection
Core,1.4804845222072678
Non-core,0.7207207207207207
