status,intersection
Core,4.365079365079365
Non-core,3.5714285714285716
