status,intersection
Core,3.1047865459249677
Non-core,2.4305555555555554
