status,intersection
Core,6.60377358490566
Non-core,6.8493150684931505
