status,intersection
Core,6.2025316455696204
Non-core,4.770017035775128
