status,intersection
Core,2.5974025974025974
Non-core,3.6363636363636362
