status,intersection
Core,1.3386880856760375
Non-core,1.4260249554367201
