status,intersection
Core,1.7310252996005326
Non-core,1.7667844522968197
