status,intersection
Core,2.6666666666666665
Non-core,3.6363636363636362
