status,intersection
Core,5.203619909502263
Non-core,3.7800687285223367
