status,intersection
Core,2.2397891963109355
Non-core,1.238938053097345
