status,intersection
Core,1.07095046854083
Non-core,1.2455516014234875
