status,intersection
Core,11.33177570093458
Non-core,9.049079754601227
