status,intersection
Core,10.887949260042284
Non-core,7.659574468085107
