status,intersection
Core,3.2175032175032174
Non-core,2.72572402044293
