status,intersection
Core,4.716981132075472
Non-core,3.5294117647058822
