status,intersection
Core,3.062583222370173
Non-core,2.1238938053097347
