status,intersection
Core,0.272108843537415
Non-core,0.18181818181818182
