status,intersection
Core,1.7482517482517483
Non-core,1.545595054095827
