status,intersection
Core,1.7218543046357615
Non-core,1.7605633802816902
