status,intersection
Core,3.6842105263157894
Non-core,3.501945525291829
