status,intersection
Core,4.504504504504505
Non-core,4.49438202247191
