status,intersection
Core,3.14070351758794
Non-core,2.6578073089700998
