status,intersection
Core,3.0848329048843186
Non-core,2.5553662691652472
