status,intersection
Core,0.9283819628647215
Non-core,1.056338028169014
