status,intersection
Core,3.4346103038309117
Non-core,2.280701754385965
