status,intersection
Core,3.0104712041884816
Non-core,1.0507880910683012
