status,intersection
Core,0.1358695652173913
Non-core,0.18148820326678766
