status,intersection
Core,1.303780964797914
Non-core,1.5517241379310345
