status,intersection
Core,5.617977528089888
Non-core,6.666666666666667
