status,intersection
Core,1.4588859416445623
Non-core,0.35398230088495575
