status,intersection
Core,7.515923566878981
Non-core,4.273504273504273
