status,intersection
Core,2.3720349563046192
Non-core,1.8644067796610169
