status,intersection
Core,4.294478527607362
Non-core,1.9801980198019802
