status,intersection
Core,5.633802816901408
Non-core,6.428571428571429
