status,intersection
Core,4.40251572327044
Non-core,3.3132530120481927
