status,intersection
Core,5.063291139240507
Non-core,5.172413793103448
