status,intersection
Core,4.25531914893617
Non-core,3.1746031746031744
