status,intersection
Core,1.2048192771084338
Non-core,0.7168458781362007
