status,intersection
Core,8.450704225352112
Non-core,9.62962962962963
