status,intersection
Core,3.816793893129771
Non-core,3.225806451612903
