status,intersection
Core,4.237288135593221
Non-core,4.597701149425287
