status,intersection
Core,3.386004514672686
Non-core,3.0508474576271185
