status,intersection
Core,1.2129380053908356
Non-core,1.436265709156194
