status,intersection
Core,3.361344537815126
Non-core,3.0927835051546393
