status,intersection
Core,2.8846153846153846
Non-core,2.3255813953488373
