status,intersection
Core,2.9702970297029703
Non-core,2.2988505747126435
