status,intersection
Core,3.5714285714285716
Non-core,4.651162790697675
