status,intersection
Core,0.8356545961002786
Non-core,0.34843205574912894
