status,intersection
Core,2.830188679245283
Non-core,2.2988505747126435
