status,intersection
Core,5.882352941176471
Non-core,7.6923076923076925
