status,intersection
Core,2.6143790849673203
Non-core,2.459016393442623
