status,intersection
Core,0.27548209366391185
Non-core,0.3436426116838488
