status,intersection
Core,3.9682539682539684
Non-core,3.7037037037037037
