status,intersection
Core,2.793296089385475
Non-core,2.7210884353741496
