status,intersection
Core,3.4482758620689653
Non-core,4.444444444444445
