status,intersection
Core,3.142857142857143
Non-core,2.0618556701030926
