status,intersection
Core,1.0416666666666667
Non-core,1.2345679012345678
