status,intersection
Core,0.31645569620253167
Non-core,0.38022813688212925
