status,intersection
Core,1.6129032258064515
Non-core,2.2222222222222223
