status,intersection
Core,3.0927835051546393
Non-core,2.5316455696202533
