status,intersection
Core,2.4691358024691357
Non-core,1.5151515151515151
