status,intersection
Core,0.5602240896358543
Non-core,0.3508771929824561
