status,intersection
Core,3.508771929824561
Non-core,2.1739130434782608
