status,intersection
Core,2.7522935779816513
Non-core,3.1914893617021276
