status,intersection
Core,2.830188679245283
Non-core,4.3478260869565215
