status,intersection
Core,4.651162790697675
Non-core,2.816901408450704
