status,intersection
Core,0.273224043715847
Non-core,0.3401360544217687
