status,intersection
Core,1.3333333333333333
Non-core,1.5873015873015872
