status,intersection
Core,3.3333333333333335
Non-core,2.912621359223301
