status,intersection
Core,3.206997084548105
Non-core,2.0761245674740483
