status,intersection
Core,3.7313432835820897
Non-core,5.2631578947368425
