status,intersection
Core,5.691056910569106
Non-core,5.882352941176471
