status,intersection
Core,2.912621359223301
Non-core,2.272727272727273
