status,intersection
Core,5.47945205479452
Non-core,4.838709677419355
