status,intersection
Core,0.6349206349206349
Non-core,0.7633587786259542
