status,intersection
Core,4.2105263157894735
Non-core,3.9473684210526314
