status,intersection
Core,3.0303030303030303
Non-core,2.4691358024691357
