status,intersection
Core,3.4782608695652173
Non-core,3.0927835051546393
