status,intersection
Core,1.7094017094017093
Non-core,1.3513513513513513
