status,intersection
Core,0.3184713375796178
Non-core,0.3816793893129771
