status,intersection
Core,1.8633540372670807
Non-core,1.5748031496062993
