status,intersection
Core,1.5873015873015872
Non-core,2.0547945205479454
