status,intersection
Core,2.803738317757009
Non-core,2.2988505747126435
