status,intersection
Core,1.0781671159029649
Non-core,0.6688963210702341
