status,intersection
Core,1.6348773841961852
Non-core,1.0204081632653061
