status,intersection
Core,4.651162790697675
Non-core,3.3333333333333335
