status,intersection
Core,16.666666666666668
Non-core,27.272727272727273
