status,intersection
Core,3.7974683544303796
Non-core,3.278688524590164
