status,intersection
Core,3.278688524590164
Non-core,4.081632653061225
