status,intersection
Core,2.7027027027027026
Non-core,1.7543859649122806
