status,intersection
Core,1.1627906976744187
Non-core,0.7299270072992701
