status,intersection
Core,3.508771929824561
Non-core,2.127659574468085
