status,intersection
Core,2.985074626865672
Non-core,1.8518518518518519
