status,intersection
Core,0.27100271002710025
Non-core,0.33783783783783783
