status,intersection
Core,0.7194244604316546
Non-core,0.9174311926605505
