status,intersection
Core,2.5210084033613445
Non-core,2.0202020202020203
