status,intersection
Core,4.25531914893617
Non-core,5.405405405405405
