status,intersection
Core,1.492537313432836
Non-core,1.694915254237288
