status,intersection
Core,3.937007874015748
Non-core,2.803738317757009
