status,intersection
Core,3.9215686274509802
Non-core,2.4390243902439024
