status,intersection
Core,1.1764705882352942
Non-core,1.4492753623188406
