status,intersection
Core,2.8846153846153846
Non-core,2.247191011235955
