status,intersection
Core,0.6944444444444444
Non-core,0.8771929824561403
