status,intersection
Core,5.769230769230769
Non-core,2.5641025641025643
