status,intersection
Core,2.0648967551622417
Non-core,1.7543859649122806
