status,intersection
Core,2.6109660574412534
Non-core,2.588996763754045
