status,intersection
Core,1.856763925729443
Non-core,1.3201320132013201
