status,intersection
Core,1.1904761904761905
Non-core,1.4492753623188406
