status,intersection
Core,1.075268817204301
Non-core,1.7241379310344827
