status,intersection
Core,2.108433734939759
Non-core,1.4388489208633093
