status,intersection
Core,0.9036144578313253
Non-core,0.7168458781362007
