status,intersection
Core,2.6666666666666665
Non-core,1.639344262295082
