status,intersection
Core,2.9197080291970803
Non-core,4.081632653061225
