status,intersection
Core,2.0527859237536656
Non-core,0.7017543859649122
