status,intersection
Core,4.109589041095891
Non-core,3.3333333333333335
