status,intersection
Core,1.0101010101010102
Non-core,1.2048192771084338
