status,intersection
Core,2.806122448979592
Non-core,2.2435897435897436
