status,intersection
Core,3.896103896103896
Non-core,1.6666666666666667
