status,intersection
Core,2.7027027027027026
Non-core,3.389830508474576
