status,intersection
Core,1.0101010101010102
Non-core,1.2195121951219512
