status,intersection
Core,2.4193548387096775
Non-core,3.061224489795918
