status,intersection
Core,1.2345679012345678
Non-core,1.5151515151515151
