status,intersection
Core,2.197802197802198
Non-core,1.3157894736842106
