status,intersection
Core,2.816901408450704
Non-core,3.389830508474576
