status,intersection
Core,1.095890410958904
Non-core,0.684931506849315
