status,intersection
Core,1.5151515151515151
Non-core,1.7543859649122806
