status,intersection
Core,2.816901408450704
Non-core,1.8867924528301887
