status,intersection
Core,2.150537634408602
Non-core,1.3333333333333333
