status,intersection
Core,1.366120218579235
Non-core,1.0204081632653061
