status,intersection
Core,4.109589041095891
Non-core,3.6363636363636362
