status,intersection
Core,3.6144578313253013
Non-core,2.985074626865672
