status,intersection
Core,1.524390243902439
Non-core,1.4545454545454546
