status,intersection
Core,1.0526315789473684
Non-core,1.3513513513513513
