status,intersection
Core,3.4188034188034186
Non-core,3.0927835051546393
