status,intersection
Core,3.7974683544303796
Non-core,4.545454545454546
