status,intersection
Core,0.8174386920980926
Non-core,0.3401360544217687
