status,intersection
Core,1.5748031496062993
Non-core,0.9433962264150944
