status,intersection
Core,1.2195121951219512
Non-core,1.5151515151515151
