status,intersection
Core,1.6483516483516483
Non-core,1.3605442176870748
