status,intersection
Core,0.9202453987730062
Non-core,0.7299270072992701
