status,intersection
Core,0.2801120448179272
Non-core,0.3508771929824561
