status,intersection
Core,2.3121387283236996
Non-core,1.7182130584192439
