status,intersection
Core,14.285714285714286
Non-core,21.428571428571427
