status,intersection
Core,1.2121212121212122
Non-core,1.0869565217391304
