status,intersection
Core,1.680672268907563
Non-core,2.0833333333333335
