status,intersection
Core,0.9230769230769231
Non-core,0.7380073800738007
