status,intersection
Core,4.615384615384615
Non-core,3.9215686274509802
