status,intersection
Core,0.819672131147541
Non-core,0.6825938566552902
