status,intersection
Core,4.123711340206185
Non-core,2.6315789473684212
