status,intersection
Core,1.2987012987012987
Non-core,1.694915254237288
