status,intersection
Core,2.1739130434782608
Non-core,3.508771929824561
