status,intersection
Core,3.7735849056603774
Non-core,4.761904761904762
