status,intersection
Core,0.5586592178770949
Non-core,0.34965034965034963
