status,intersection
Core,1.36986301369863
Non-core,0.8695652173913043
