status,intersection
Core,1.639344262295082
Non-core,2.0408163265306123
