status,intersection
Core,2.586206896551724
Non-core,2.0408163265306123
