status,intersection
Core,2.373887240356083
Non-core,2.1201413427561837
