status,intersection
Core,2.4390243902439024
Non-core,2.9411764705882355
