status,intersection
Core,3.6144578313253013
Non-core,2.9411764705882355
