status,intersection
Core,2.185792349726776
Non-core,2.0134228187919465
