status,intersection
Core,5.797101449275362
Non-core,3.5714285714285716
