status,intersection
Core,2.73972602739726
Non-core,1.694915254237288
