status,intersection
Core,1.492537313432836
Non-core,2.0408163265306123
