status,intersection
Core,3.7593984962406015
Non-core,3.7735849056603774
