status,intersection
Core,2.247191011235955
Non-core,1.408450704225352
