status,intersection
Core,2.8776978417266186
Non-core,2.608695652173913
