status,intersection
Core,6.0344827586206895
Non-core,3.225806451612903
