status,intersection
Core,5.813953488372093
Non-core,6.666666666666667
