status,intersection
Core,0.8700380641653073
Non-core,0.7092198581560284
