status,intersection
Core,0.2741228070175439
Non-core,0.2594033722438392
