status,intersection
Core,0.43787629994526545
Non-core,0.3883495145631068
