status,intersection
Core,0.16483516483516483
Non-core,0.13003901170351106
