status,intersection
Core,1.7864393016646367
Non-core,1.065891472868217
