status,intersection
Core,2.4284943335132216
Non-core,1.668806161745828
