status,intersection
Core,18.10185185185185
Non-core,14.44261394838001
