status,intersection
Core,6.299212598425197
Non-core,4.411764705882353
