status,intersection
Core,1.9280875455966648
Non-core,1.4197530864197532
