status,intersection
Core,6.962025316455696
Non-core,4.3478260869565215
