status,intersection
Core,4.135338345864661
Non-core,0.5586592178770949
