status,intersection
Core,8.571428571428571
Non-core,9.615384615384615
