status,intersection
Core,2.085561497326203
Non-core,1.7710309930423782
