status,intersection
Core,0.2738225629791895
Non-core,0.25906735751295334
