status,intersection
Core,9.917355371900827
Non-core,6.097560975609756
