status,intersection
Core,1.80623973727422
Non-core,1.427644386761843
