status,intersection
Core,5.223068552774755
Non-core,3.2967032967032965
