status,intersection
Core,1.8518518518518519
Non-core,1.3888888888888888
