status,intersection
Core,2.0640956002172732
Non-core,1.1650485436893203
