status,intersection
Core,3.888888888888889
Non-core,2.092050209205021
