status,intersection
Core,3.9285714285714284
Non-core,2.816901408450704
