status,intersection
Core,4.273504273504273
Non-core,2.898550724637681
