status,intersection
Core,0.10976948408342481
Non-core,0.12987012987012986
