status,intersection
Core,4.294478527607362
Non-core,2.7777777777777777
