status,intersection
Core,1.773604590505999
Non-core,1.015228426395939
