status,intersection
Core,0.21929824561403508
Non-core,0.1297016861219196
