status,intersection
Core,1.5167930660888407
Non-core,1.0946555054732776
