status,intersection
Core,0.70999453850355
Non-core,0.7101355713363461
