status,intersection
Core,2.0833333333333335
Non-core,1.1494252873563218
