status,intersection
Core,7.560849300880373
Non-core,6.088560885608856
