status,intersection
Core,11.940298507462687
Non-core,4.761904761904762
