status,intersection
Core,0.7688083470620538
Non-core,0.3250975292587776
