status,intersection
Core,1.8133333333333332
Non-core,1.4529374605180039
