status,intersection
Core,4.661016949152542
Non-core,3.452605147520402
