status,intersection
Core,1.9128586609989373
Non-core,1.1964735516372795
