status,intersection
Core,6.569343065693431
Non-core,2.4390243902439024
