status,intersection
Core,8.080808080808081
Non-core,1.6666666666666667
