status,intersection
Core,7.466666666666667
Non-core,4.949238578680203
