status,intersection
Core,9.770114942528735
Non-core,8.295454545454545
