status,intersection
Core,1.202843083652269
Non-core,0.8425145819831497
