status,intersection
Core,5.485232067510548
Non-core,3.2051282051282053
