status,intersection
Core,2.4932249322493223
Non-core,1.729660474055093
