status,intersection
Core,1.5053763440860215
Non-core,0.6414368184733804
