status,intersection
Core,0.16456390565002743
Non-core,0.1951854261548471
