status,intersection
Core,9.01639344262295
Non-core,5.714285714285714
