status,intersection
Core,2.808988764044944
Non-core,0.8849557522123894
