status,intersection
Core,4.9504950495049505
Non-core,1.4705882352941178
