status,intersection
Core,8.792924037460978
Non-core,6.39751552795031
