status,intersection
Core,11.475409836065573
Non-core,18.181818181818183
