status,intersection
Core,9.70873786407767
Non-core,7.575757575757576
