status,intersection
Core,3.209242618741977
Non-core,1.8998272884283247
