status,intersection
Core,1.3015184381778742
Non-core,0.9652509652509652
