status,intersection
Core,3.4908700322234156
Non-core,1.8506700701978303
