status,intersection
Core,7.020364415862808
Non-core,4.640813731722822
