status,intersection
Core,15.116279069767442
Non-core,7.317073170731708
