status,intersection
Core,2.2801302931596092
Non-core,1.3522215067611076
