status,intersection
Core,2.7450980392156863
Non-core,1.2121212121212122
