status,intersection
Core,0.6004366812227074
Non-core,0.5161290322580645
