status,intersection
Core,0.982532751091703
Non-core,0.8387096774193549
