status,intersection
Core,3.8380651945320716
Non-core,2.756892230576441
