status,intersection
Core,2.3130715438407745
Non-core,1.794871794871795
