status,intersection
Core,0.32894736842105265
Non-core,0.19505851755526657
