status,intersection
Core,3.542234332425068
Non-core,2.880658436213992
