status,intersection
Core,12.121212121212121
Non-core,8.928571428571429
