status,intersection
Core,3.459119496855346
Non-core,1.9704433497536946
