status,intersection
Core,1.7419706042460534
Non-core,1.355713363460297
