status,intersection
Core,3.84204909284952
Non-core,2.9058749210360078
