status,intersection
Core,26.806526806526808
Non-core,22.759758108851017
