status,intersection
Core,10.129740518962075
Non-core,5.643203883495145
