status,intersection
Core,6.673564407656492
Non-core,4.436229205175601
