status,intersection
Core,4.62962962962963
Non-core,2.9197080291970803
