status,intersection
Core,1.5855658829961727
Non-core,0.7787151200519143
