status,intersection
Core,12.030075187969924
Non-core,8.695652173913043
