status,intersection
Core,7.575757575757576
Non-core,5.583126550868486
