status,intersection
Core,8.19672131147541
Non-core,5.405405405405405
