status,intersection
Core,9.195402298850574
Non-core,4.166666666666667
