status,intersection
Core,2.1593447505584513
Non-core,0.7707129094412332
