status,intersection
Core,3.623580313683072
Non-core,2.6298909557408594
