status,intersection
Core,0.21978021978021978
Non-core,0.06510416666666667
