status,intersection
Core,2.737520128824477
Non-core,1.6005121638924455
