status,intersection
Core,3.1466666666666665
Non-core,1.7142857142857142
