status,intersection
Core,23.798397863818426
Non-core,20.163170163170165
