status,intersection
Core,0.2745744096650192
Non-core,0.1953125
