status,intersection
Core,0.9803921568627451
Non-core,0.8441558441558441
