status,intersection
Core,1.4153511159499184
Non-core,0.9689922480620154
