status,intersection
Core,7.042253521126761
Non-core,2.5641025641025643
