status,intersection
Core,2.246376811594203
Non-core,1.3525698827772767
