status,intersection
Core,5.015673981191223
Non-core,2.7149321266968327
