status,intersection
Core,2.86144578313253
Non-core,1.2219959266802445
