status,intersection
Core,7.653575025176234
Non-core,6.0569351907934585
