status,intersection
Core,1.3970983342289092
Non-core,1.267427122940431
