status,intersection
Core,2.380952380952381
Non-core,1.8867924528301887
