status,intersection
Core,3.0959752321981426
Non-core,1.8433179723502304
