status,intersection
Core,1.5735214324470972
Non-core,0.7741935483870968
