status,intersection
Core,0.3825136612021858
Non-core,0.32299741602067183
