status,intersection
Core,2.743410435718128
Non-core,1.729660474055093
