status,intersection
Core,7.065217391304348
Non-core,2.912621359223301
