status,intersection
Core,6.097560975609756
Non-core,8.108108108108109
