status,intersection
Core,8.16326530612245
Non-core,11.11111111111111
