status,intersection
Core,0.9249183895538629
Non-core,0.8354755784061697
