status,intersection
Core,6.6115702479338845
Non-core,2.816901408450704
