status,intersection
Core,2.3404255319148937
Non-core,1.8273471959672338
