status,intersection
Core,4.232804232804233
Non-core,3.3354310887350533
