status,intersection
Core,8.391608391608392
Non-core,5.128205128205129
