status,intersection
Core,0.977729494839761
Non-core,0.7717041800643086
