status,intersection
Core,8.645096056622851
Non-core,6.231094978826376
