status,intersection
Core,14.183307731694828
Non-core,11.326468806783767
