status,intersection
Core,1.1357490535424555
Non-core,1.0855683269476373
