status,intersection
Core,2.4932249322493223
Non-core,1.5463917525773196
