status,intersection
Core,0.2199010445299615
Non-core,0.06510416666666667
