status,intersection
Core,1.1911207363291825
Non-core,1.027617212588311
