status,intersection
Core,2.7717391304347827
Non-core,2.262443438914027
