status,intersection
Core,7.559288537549407
Non-core,5.7579318448883665
