status,intersection
Core,4.497354497354498
Non-core,2.6565464895635675
