status,intersection
Core,13.235294117647058
Non-core,8.333333333333334
