status,intersection
Core,7.446808510638298
Non-core,4.166666666666667
