status,intersection
Core,2.375809935205184
Non-core,1.6005121638924455
