status,intersection
Core,11.428571428571429
Non-core,3.4482758620689653
