status,intersection
Core,5.426356589147287
Non-core,2.73972602739726
