status,intersection
Core,0.6053935057787562
Non-core,0.3257328990228013
