status,intersection
Core,6.617647058823529
Non-core,4.225352112676056
