status,intersection
Core,6.2015503875969
Non-core,3.8461538461538463
