status,intersection
Core,6.428571428571429
Non-core,4.3478260869565215
