status,intersection
Core,1.0275824770146025
Non-core,0.9578544061302682
