status,intersection
Core,1.0303687635574836
Non-core,0.8968609865470852
