status,intersection
Core,1.095290251916758
Non-core,0.8452535760728218
