status,intersection
Core,2.869287991498406
Non-core,2.141057934508816
