status,intersection
Core,7.964601769911504
Non-core,4.838709677419355
