status,intersection
Core,7.065217391304348
Non-core,4.504504504504505
