status,intersection
Core,6.0606060606060606
Non-core,2.6315789473684212
