status,intersection
Core,5.1891891891891895
Non-core,3.016688061617458
