status,intersection
Core,1.9639934533551555
Non-core,1.2953367875647668
