status,intersection
Core,1.4270032930845225
Non-core,0.715679895901106
