status,intersection
Core,1.7808958445763627
Non-core,1.6602809706257982
