status,intersection
Core,5.044201768070723
Non-core,3.6668738346799254
