status,intersection
Core,4.166666666666667
Non-core,2.9906542056074765
