status,intersection
Core,1.9522776572668112
Non-core,1.4157014157014156
