status,intersection
Core,1.6366612111292962
Non-core,0.9702457956015524
