status,intersection
Core,17.391304347826086
Non-core,21.05263157894737
