status,intersection
Core,5.333333333333333
Non-core,4.2105263157894735
