status,intersection
Core,1.04052573932092
Non-core,0.7138221933809215
