status,intersection
Core,4.100227790432802
Non-core,2.2950819672131146
