status,intersection
Core,2.1630615640599
Non-core,1.1210762331838564
