status,intersection
Core,9.451219512195122
Non-core,6.4380264741275575
