status,intersection
Core,8.433734939759036
Non-core,6.382978723404255
