status,intersection
Core,7.964601769911504
Non-core,4.761904761904762
