status,intersection
Core,1.251360174102285
Non-core,0.7101355713363461
