status,intersection
Core,6.680919294494923
Non-core,3.9027511196417146
