status,intersection
Core,3.3333333333333335
Non-core,1.6597510373443984
