status,intersection
Core,0.5470459518599562
Non-core,0.517464424320828
