status,intersection
Core,9.75609756097561
Non-core,6.779661016949152
