status,intersection
Core,0.6593406593406593
Non-core,0.3257328990228013
