status,intersection
Core,1.2479652740097666
Non-core,1.027617212588311
