status,intersection
Core,6.557377049180328
Non-core,3.7974683544303796
