status,intersection
Core,3.83618455158113
Non-core,2.6054590570719602
