status,intersection
Core,3.736842105263158
Non-core,2.8785982478097623
