status,intersection
Core,1.4786418400876231
Non-core,0.9096816114359974
