status,intersection
Core,4.961832061068702
Non-core,3.141361256544503
