status,intersection
Core,8.84065643197459
Non-core,6.490233144297417
