status,intersection
Core,0.10970927043335162
Non-core,0.12978585334198572
