status,intersection
Core,2.7012425715829282
Non-core,2.053915275994865
