status,intersection
Core,4.3407487791644055
Non-core,2.5177533892834085
