status,intersection
Core,3.7914691943127963
Non-core,3.5714285714285716
