status,intersection
Core,1.9543973941368078
Non-core,1.414790996784566
