status,intersection
Core,4.097924427887174
Non-core,2.853519340519975
