status,intersection
Core,8.045977011494253
Non-core,7.8431372549019605
