status,intersection
Core,0.6553795740032768
Non-core,0.5813953488372093
