status,intersection
Core,4.037097654118931
Non-core,2.0725388601036268
