status,intersection
Core,4.2506811989100814
Non-core,2.9773462783171523
