status,intersection
Core,7.333333333333333
Non-core,2.5316455696202533
