status,intersection
Core,2.0043336944745396
Non-core,1.4810045074050224
