status,intersection
Core,11.701631701631701
Non-core,9.186496956281129
