status,intersection
Core,8.270676691729323
Non-core,3.6144578313253013
