status,intersection
Core,1.893939393939394
Non-core,1.2250161186331399
