status,intersection
Core,0.866738894907909
Non-core,0.8951406649616368
