status,intersection
Core,4.1420118343195265
Non-core,2.727272727272727
