status,intersection
Core,5.238095238095238
Non-core,2.4193548387096775
