status,intersection
Core,5.758055995773904
Non-core,3.8437303087586643
