status,intersection
Core,0.21929824561403508
Non-core,0.19455252918287938
