status,intersection
Core,3.1914893617021276
Non-core,1.4981273408239701
