status,intersection
Core,2.678093197643278
Non-core,1.7777777777777777
