status,intersection
Core,6.211180124223603
Non-core,3.225806451612903
