status,intersection
Core,2.9925187032418954
Non-core,1.6891891891891893
