status,intersection
Core,6.111111111111111
Non-core,4.3478260869565215
