status,intersection
Core,0.3284072249589491
Non-core,0.2588996763754045
