status,intersection
Core,2.780806979280262
Non-core,1.6181229773462784
