status,intersection
Core,5.7034220532319395
Non-core,3.7037037037037037
