status,intersection
Core,2.3630504833512354
Non-core,1.0230179028132993
