status,intersection
Core,2.382241472658365
Non-core,1.6025641025641026
