status,intersection
Core,1.13882863340564
Non-core,0.5148005148005148
