status,intersection
Core,3.6184210526315788
Non-core,2.5641025641025643
