status,intersection
Core,10.185185185185185
Non-core,7.8431372549019605
