status,intersection
Core,1.1937059142702116
Non-core,1.1531069827033953
