status,intersection
Core,0.21929824561403508
Non-core,0.06510416666666667
