status,intersection
Core,3.9660056657223794
Non-core,2.183406113537118
