status,intersection
Core,3.4574468085106385
Non-core,2.18978102189781
