status,intersection
Core,0.4931506849315068
Non-core,0.5184705119896306
