status,intersection
Core,0.6521739130434783
Non-core,0.5138086062941555
