status,intersection
Core,2.50272034820457
Non-core,1.5473887814313345
