status,intersection
Core,5.617977528089888
Non-core,3.9215686274509802
