status,intersection
Core,0.5491488193300385
Non-core,0.4557291666666667
