status,intersection
Core,4.701531959852087
Non-core,3.463476070528967
