status,intersection
Core,1.0456796917996698
Non-core,0.39087947882736157
