status,intersection
Core,0.21965952773201539
Non-core,0.1949317738791423
