status,intersection
Core,0.6604292790313704
Non-core,0.19543973941368079
