status,intersection
Core,23.067961165048544
Non-core,19.699042407660738
