status,intersection
Core,1.151947339550192
Non-core,0.7797270955165692
