status,intersection
Core,2.2186147186147185
Non-core,1.5434083601286173
