status,intersection
Core,0.8762322015334063
Non-core,0.26007802340702213
