status,intersection
Core,0.16447368421052633
Non-core,0.19455252918287938
