status,intersection
Core,1.1548556430446195
Non-core,0.5118362124120281
