status,intersection
Core,1.2008733624454149
Non-core,0.7138221933809215
