status,intersection
Core,3.3308660251665434
Non-core,2.0076481835564053
