status,intersection
Core,10.606060606060606
Non-core,9.67741935483871
