status,intersection
Core,2.3394994559303592
Non-core,1.2281835811247577
