status,intersection
Core,4.173622704507513
Non-core,2.0964360587002098
