status,intersection
Core,3.0595813204508855
Non-core,2.0434227330779056
