status,intersection
Core,6.513994910941475
Non-core,4.537205081669692
