status,intersection
Core,4.301075268817204
Non-core,1.6666666666666667
