status,intersection
Core,3.665768194070081
Non-core,2.1864951768488745
