status,intersection
Core,7.526881720430108
Non-core,3.8461538461538463
