status,intersection
Core,0.5467468562055768
Non-core,0.32404406999351915
