status,intersection
Core,2.364320257925846
Non-core,1.9144862795149968
