status,intersection
Core,5.829596412556054
Non-core,3.816793893129771
