status,intersection
Core,5.769230769230769
Non-core,3.896103896103896
