status,intersection
Core,0.547645125958379
Non-core,0.3246753246753247
