status,intersection
Core,11.764705882352942
Non-core,6.451612903225806
