status,intersection
Core,5.365853658536586
Non-core,2.7586206896551726
