status,intersection
Core,5.19280205655527
Non-core,3.6151960784313726
