status,intersection
Core,2.9633620689655173
Non-core,2.0473448496481126
