status,intersection
Core,0.32786885245901637
Non-core,0.3875968992248062
