status,intersection
Core,1.9704433497536946
Non-core,0.746268656716418
