status,intersection
Core,8.641975308641975
Non-core,6.382978723404255
