status,intersection
Core,5.577689243027889
Non-core,3.821656050955414
