status,intersection
Core,7.488986784140969
Non-core,3.7267080745341614
