status,intersection
Core,2.963917525773196
Non-core,1.5544041450777202
