status,intersection
Core,2.980132450331126
Non-core,0.9803921568627451
