status,intersection
Core,3.3459255261737724
Non-core,2.504816955684008
