status,intersection
Core,2.0629750271444083
Non-core,0.9702457956015524
