status,intersection
Core,9.89010989010989
Non-core,5.660377358490566
