status,intersection
Core,1.8908698001080497
Non-core,1.414790996784566
