status,intersection
Core,7.484725050916497
Non-core,5.62003665241295
