status,intersection
Core,1.6958424507658643
Non-core,0.9721322099805574
