status,intersection
Core,1.3631406761177753
Non-core,1.0369410239792611
