status,intersection
Core,1.556629092860977
Non-core,1.2698412698412698
