status,intersection
Core,0.3833515881708653
Non-core,0.3238341968911917
