status,intersection
Core,0.4915346805024577
Non-core,0.2594033722438392
