status,intersection
Core,3.6150983519404574
Non-core,2.5949367088607596
