status,intersection
Core,13.98989898989899
Non-core,10.95808383233533
