status,intersection
Core,0.7679648930334614
Non-core,0.5204944697462589
