status,intersection
Core,3.106267029972752
Non-core,2.064516129032258
