status,intersection
Core,1.686217008797654
Non-core,0.6386861313868614
