status,intersection
Core,0.2741228070175439
Non-core,0.324254215304799
