status,intersection
Core,5.434782608695652
Non-core,2.272727272727273
