status,intersection
Core,6.796116504854369
Non-core,4.827586206896552
