status,intersection
Core,0.3287671232876712
Non-core,0.1949317738791423
