status,intersection
Core,4.793028322440088
Non-core,3.032258064516129
