status,intersection
Core,7.981927710843373
Non-core,6.024096385542169
