status,intersection
Core,0.10982976386600769
Non-core,0.1299545159194282
