status,intersection
Core,21.209068010075566
Non-core,19.37017231134878
