status,intersection
Core,0.8183306055646481
Non-core,0.6447453255963894
