status,intersection
Core,4.887218045112782
Non-core,3.3865814696485623
