status,intersection
Core,4.361534419337888
Non-core,3.310430980637102
