status,intersection
Core,0.21869874248223073
Non-core,0.2585649644473174
