status,intersection
Core,1.4184397163120568
Non-core,0.5194805194805194
