status,intersection
Core,4.109589041095891
Non-core,2.6455026455026456
