status,intersection
Core,0.27427317608337903
Non-core,0.13020833333333334
