status,intersection
Core,6.422018348623853
Non-core,3.076923076923077
