status,intersection
Core,0.27442371020856204
Non-core,0.19480519480519481
