status,intersection
Core,6.349206349206349
Non-core,3.409090909090909
