status,intersection
Core,1.7014270032930845
Non-core,0.8441558441558441
