status,intersection
Core,1.8867924528301887
Non-core,3.225806451612903
