status,intersection
Core,3.282828282828283
Non-core,2.2950819672131146
