status,intersection
Core,2.029621503017005
Non-core,1.3003901170351104
