status,intersection
Core,9.027777777777779
Non-core,6.741573033707865
