status,intersection
Core,1.4563106796116505
Non-core,1.273074474856779
