status,intersection
Core,3.658536585365854
Non-core,2.6315789473684212
