status,intersection
Core,0.16474464579901152
Non-core,0.1299545159194282
