status,intersection
Core,2.6595744680851063
Non-core,0.8547008547008547
