status,intersection
Core,3.357314148681055
Non-core,2.0833333333333335
