status,intersection
Core,2.323068611561318
Non-core,1.414790996784566
