status,intersection
Core,8.484848484848484
Non-core,4.8076923076923075
