status,intersection
Core,1.1950027159152634
Non-core,0.9621552277100706
