status,intersection
Core,1.1456628477905073
Non-core,0.7766990291262136
