status,intersection
Core,8.333333333333334
Non-core,5.128205128205129
