status,intersection
Core,19.758932414980627
Non-core,15.841073271413828
