status,intersection
Core,4.27892234548336
Non-core,3.189493433395872
