status,intersection
Core,7.826086956521739
Non-core,3.5714285714285716
