status,intersection
Core,2.5906735751295336
Non-core,2.158273381294964
