status,intersection
Core,3.928955866523143
Non-core,3.188775510204082
