status,intersection
Core,7.638888888888889
Non-core,3.5294117647058822
