status,intersection
Core,6.222222222222222
Non-core,3.5714285714285716
