status,intersection
Core,13.793103448275861
Non-core,12.195121951219512
