status,intersection
Core,1.136978884677856
Non-core,1.0862619808306708
