status,intersection
Core,1.5743756786102063
Non-core,0.9652509652509652
