status,intersection
Core,6.256800870511426
Non-core,4.372990353697749
