status,intersection
Core,2.7233115468409586
Non-core,2.193548387096774
