status,intersection
Core,2.12882096069869
Non-core,1.4193548387096775
