status,intersection
Core,4.764370792335577
Non-core,3.0340557275541795
