status,intersection
Core,0.3833515881708653
Non-core,0.26024723487312945
