status,intersection
Core,7.368421052631579
Non-core,1.9230769230769231
