status,intersection
Core,10.526315789473685
Non-core,8.19672131147541
