status,intersection
Core,5.029585798816568
Non-core,3.7209302325581395
