status,intersection
Core,2.809917355371901
Non-core,1.5317286652078774
