status,intersection
Core,0.3825136612021858
Non-core,0.45219638242894056
