status,intersection
Core,0.21978021978021978
Non-core,0.26007802340702213
