status,intersection
Core,1.0337323177366704
Non-core,0.5167958656330749
