status,intersection
Core,6.467661691542289
Non-core,4.081632653061225
