status,intersection
Core,8.808290155440414
Non-core,5.714285714285714
