status,intersection
Core,3.6736898973527823
Non-core,2.504816955684008
