status,intersection
Core,6.240167802831673
Non-core,4.372267332916927
