status,intersection
Core,3.141640042598509
Non-core,2.5268477574226154
