status,intersection
Core,0.7107709130672498
Non-core,0.5817711700064642
