status,intersection
Core,8.737864077669903
Non-core,4.166666666666667
