status,intersection
Core,12.244897959183673
Non-core,11.11111111111111
