status,intersection
Core,5.376344086021505
Non-core,3.9682539682539684
