status,intersection
Core,1.9661387220098308
Non-core,1.4886731391585761
