status,intersection
Core,0.10989010989010989
Non-core,0.13003901170351106
