status,intersection
Core,4.1708542713567835
Non-core,3.569303985722784
