status,intersection
Core,1.0422380691168405
Non-core,0.7152145643693107
