status,intersection
Core,7.462686567164179
Non-core,2.2222222222222223
