status,intersection
Core,2.465166130760986
Non-core,1.5913430935709738
