status,intersection
Core,0.6582556226001097
Non-core,0.3257328990228013
