status,intersection
Core,4.013705335291238
Non-core,3.1088082901554404
