status,intersection
Core,7.594936708860759
Non-core,2.9411764705882355
