status,intersection
Core,7.638888888888889
Non-core,4.395604395604396
