status,intersection
Core,6.338028169014085
Non-core,4.054054054054054
