status,intersection
Core,0.21953896816684962
Non-core,0.19480519480519481
