status,intersection
Core,3.388918773534158
Non-core,2.496798975672215
