status,intersection
Core,1.2439156300703083
Non-core,0.8333333333333334
