status,intersection
Core,1.6930638995084653
Non-core,0.9067357512953368
