status,intersection
Core,1.3963480128893662
Non-core,0.8290816326530612
