status,intersection
Core,0.21810250817884405
Non-core,0.06459948320413436
