status,intersection
Core,6.412294647588765
Non-core,4.725897920604915
