status,intersection
Core,0.8205689277899344
Non-core,0.45395590142671854
