status,intersection
Core,3.4127843986998916
Non-core,2.069857697283312
