status,intersection
Core,4.433497536945813
Non-core,2.9197080291970803
