status,intersection
Core,2.255639097744361
Non-core,1.098901098901099
