status,intersection
Core,0.8719346049046321
Non-core,0.7083065035415326
