status,intersection
Core,0.21905805038335158
Non-core,0.19430051813471502
