status,intersection
Core,5.185185185185185
Non-core,2.1739130434782608
