status,intersection
Core,2.872340425531915
Non-core,2.4035420619860846
