status,intersection
Core,0.8116883116883117
Non-core,0.7028753993610224
