status,intersection
Core,1.3157894736842106
Non-core,2.272727272727273
