status,intersection
Core,8.04890473764646
Non-core,6.386861313868613
