status,intersection
Core,1.1924119241192412
Non-core,0.6447453255963894
