status,intersection
Core,4.918032786885246
Non-core,3.5714285714285716
