status,intersection
Core,0.4383561643835616
Non-core,0.3898635477582846
