status,intersection
Core,3.1500266951414844
Non-core,2.5316455696202533
