status,intersection
Core,25.657370517928285
Non-core,21.70616113744076
