status,intersection
Core,1.4176663031624863
Non-core,0.5832793259883344
