status,intersection
Core,5.714285714285714
Non-core,2.5974025974025974
