status,intersection
Core,15.521383950024028
Non-core,12.585034013605442
