status,intersection
Core,9.401709401709402
Non-core,8.620689655172415
