status,intersection
Core,10.975609756097562
Non-core,5.128205128205129
