status,intersection
Core,1.5317286652078774
Non-core,0.9073233959818535
