status,intersection
Core,5.389221556886228
Non-core,2.727272727272727
