status,intersection
Core,2.2222222222222223
Non-core,4.3478260869565215
