status,intersection
Core,0.7625272331154684
Non-core,0.9009009009009009
