status,intersection
Core,4.2772062804547915
Non-core,3.076923076923077
