status,intersection
Core,1.1817440912795436
Non-core,0.3889158969372873
