status,intersection
Core,4.576659038901602
Non-core,2.0618556701030926
