status,intersection
Core,8.227848101265822
Non-core,3.3333333333333335
