status,intersection
Core,0.4945054945054945
Non-core,0.3257328990228013
