status,intersection
Core,2.1727322107550244
Non-core,1.6139444803098772
