status,intersection
Core,3.4224598930481283
Non-core,2.346227013316424
