status,intersection
Core,7.356076759061834
Non-core,5.0761421319796955
