status,intersection
Core,14.991023339317774
Non-core,12.057877813504824
