status,intersection
Core,5.495689655172414
Non-core,3.6538461538461537
