status,intersection
Core,2.9506437768240343
Non-core,1.0217113665389528
