status,intersection
Core,4.25764192139738
Non-core,2.7219701879455607
