status,intersection
Core,2.106969205834684
Non-core,1.3470173187940988
