status,intersection
Core,2.0708446866485013
Non-core,0.6459948320413437
