status,intersection
Core,10.305343511450381
Non-core,7.926829268292683
