status,intersection
Core,6.9421487603305785
Non-core,4.222222222222222
