status,intersection
Core,9.717868338557993
Non-core,6.829268292682927
