status,intersection
Core,8.755760368663594
Non-core,8.474576271186441
