status,intersection
Core,17.8343949044586
Non-core,15.425531914893616
