status,intersection
Core,4.102564102564102
Non-core,3.5398230088495577
