status,intersection
Core,4.651162790697675
Non-core,4.511278195488722
