status,intersection
Core,4.761904761904762
Non-core,5.970149253731344
