status,intersection
Core,14.239482200647249
Non-core,13.756613756613756
