status,intersection
Core,3.6458333333333335
Non-core,1.834862385321101
