status,intersection
Core,5.116279069767442
Non-core,3.937007874015748
