status,intersection
Core,9.797297297297296
Non-core,7.329842931937173
