status,intersection
Core,4.591836734693878
Non-core,3.389830508474576
