status,intersection
Core,2.2099447513812156
Non-core,1.8691588785046729
