status,intersection
Core,1.6666666666666667
Non-core,2.0202020202020203
