status,intersection
Core,10.16260162601626
Non-core,7.107231920199501
