status,intersection
Core,7.526881720430108
Non-core,3.7383177570093458
