status,intersection
Core,1.1235955056179776
Non-core,0.9615384615384616
