status,intersection
Core,10.404624277456648
Non-core,6.122448979591836
