status,intersection
Core,8.0945558739255
Non-core,4.819277108433735
