status,intersection
Core,13.793103448275861
Non-core,13.548387096774194
