status,intersection
Core,9.95850622406639
Non-core,6.338028169014085
