status,intersection
Core,0.5524861878453039
Non-core,0.9345794392523364
