status,intersection
Core,3.977272727272727
Non-core,5.05050505050505
