status,intersection
Core,3.1818181818181817
Non-core,3.4965034965034967
