status,intersection
Core,6.220095693779904
Non-core,4.273504273504273
