status,intersection
Core,1.092896174863388
Non-core,1.8518518518518519
