status,intersection
Core,12.444444444444445
Non-core,9.491525423728813
