status,intersection
Core,4.0201005025125625
Non-core,4.065040650406504
