status,intersection
Core,3.4653465346534653
Non-core,4.504504504504505
