status,intersection
Core,0.5347593582887701
Non-core,0.9174311926605505
