status,intersection
Core,9.465020576131687
Non-core,6.764705882352941
