status,intersection
Core,2.150537634408602
Non-core,1.7857142857142858
