status,intersection
Core,12.709030100334449
Non-core,10.16042780748663
