status,intersection
Core,9.156626506024097
Non-core,5.203252032520325
