status,intersection
Core,18.103448275862068
Non-core,13.452914798206278
