status,intersection
Core,2.912621359223301
Non-core,2.380952380952381
