status,intersection
Core,10.648148148148149
Non-core,10.483870967741936
