status,intersection
Core,8.710801393728223
Non-core,5.984251968503937
