status,intersection
Core,1.6216216216216217
Non-core,0.9009009009009009
