status,intersection
Core,0.5714285714285714
Non-core,0.9900990099009901
