status,intersection
Core,6.7924528301886795
Non-core,4.320987654320987
