status,intersection
Core,6.008583690987124
Non-core,5.755395683453237
