status,intersection
Core,12.162162162162161
Non-core,11.764705882352942
