status,intersection
Core,9.67741935483871
Non-core,6.923076923076923
