status,intersection
Core,2.5510204081632653
Non-core,2.7027027027027026
