status,intersection
Core,10.824742268041238
Non-core,7.6923076923076925
