status,intersection
Core,8.171206225680933
Non-core,4.9079754601226995
