status,intersection
Core,16.017316017316016
Non-core,10.606060606060606
