status,intersection
Core,2.830188679245283
Non-core,2.962962962962963
