status,intersection
Core,2.1390374331550803
Non-core,1.7857142857142858
