status,intersection
Core,9.831460674157304
Non-core,7.8838174273858925
