status,intersection
Core,1.098901098901099
Non-core,1.8691588785046729
