status,intersection
Core,19.011406844106464
Non-core,13.924050632911392
