status,intersection
Core,6.177606177606178
Non-core,4.545454545454546
