status,intersection
Core,2.314814814814815
Non-core,2.158273381294964
