status,intersection
Core,6.691449814126394
Non-core,6.395348837209302
