status,intersection
Core,18.007662835249043
Non-core,13.414634146341463
