status,intersection
Core,8.906882591093117
Non-core,6.802721088435374
