status,intersection
Core,18.250950570342205
Non-core,13.375796178343949
