status,intersection
Core,1.0526315789473684
Non-core,0.8695652173913043
