status,intersection
Core,10.272536687631026
Non-core,6.41399416909621
