status,intersection
Core,18.64951768488746
Non-core,15.873015873015873
