status,intersection
Core,0.5555555555555556
Non-core,0.9433962264150944
