status,intersection
Core,17.004048582995953
Non-core,12.587412587412587
