status,intersection
Core,3.5294117647058822
Non-core,2.9940119760479043
