status,intersection
Core,6.995884773662551
Non-core,6.666666666666667
