status,intersection
Core,5.0761421319796955
Non-core,1.8867924528301887
