status,intersection
Core,15.434782608695652
Non-core,10.819672131147541
