status,intersection
Core,10.99195710455764
Non-core,7.287449392712551
