status,intersection
Core,10.045662100456621
Non-core,7.142857142857143
