status,intersection
Core,2.127659574468085
Non-core,1.7699115044247788
