status,intersection
Core,8.872901678657074
Non-core,7.665505226480836
