status,intersection
Core,1.6853932584269662
Non-core,1.9230769230769231
