status,intersection
Core,10.931174089068826
Non-core,10.416666666666666
