status,intersection
Core,1.1111111111111112
Non-core,0.9433962264150944
