status,intersection
Core,17.727272727272727
Non-core,12.686567164179104
