status,intersection
Core,16.346153846153847
Non-core,8.264462809917354
