status,intersection
Core,6.161137440758294
Non-core,7.758620689655173
