status,intersection
Core,3.6649214659685865
Non-core,3.4188034188034186
