status,intersection
Core,9.154929577464788
Non-core,12.087912087912088
