status,intersection
Core,11.848341232227488
Non-core,12.23021582733813
