status,intersection
Core,1.6574585635359116
Non-core,2.255639097744361
