status,intersection
Core,2.6881720430107525
Non-core,1.4705882352941178
