status,intersection
Core,11.673151750972762
Non-core,8.762886597938145
