status,intersection
Core,5.681818181818182
Non-core,10.869565217391305
