status,intersection
Core,10.15625
Non-core,10.126582278481013
