status,intersection
Core,17.94871794871795
Non-core,15.068493150684931
