status,intersection
Core,4.651162790697675
Non-core,7.017543859649122
