status,intersection
Core,3.9761431411530817
Non-core,3.259452411994785
