status,intersection
Core,3.592814371257485
Non-core,5.4945054945054945
