status,intersection
Core,2.644230769230769
Non-core,3.272727272727273
