status,intersection
Core,8.49056603773585
Non-core,6.622516556291391
