status,intersection
Core,17.293233082706767
Non-core,16.483516483516482
