status,intersection
Core,15.254237288135593
Non-core,22.857142857142858
