status,intersection
Core,15.737704918032787
Non-core,13.397129186602871
