status,intersection
Core,5.483028720626632
Non-core,4.513888888888889
