status,intersection
Core,5.291005291005291
Non-core,3.6231884057971016
