status,intersection
Core,2.2988505747126435
Non-core,2.3076923076923075
