status,intersection
Core,3.2019704433497536
Non-core,3.1198686371100166
