status,intersection
Core,14.685314685314685
Non-core,16.049382716049383
