status,intersection
Core,7.591623036649215
Non-core,6.691449814126394
