status,intersection
Core,8.88888888888889
Non-core,11.864406779661017
