status,intersection
Core,10.778443113772456
Non-core,7.826086956521739
