status,intersection
Core,11.764705882352942
Non-core,13.131313131313131
