status,intersection
Core,4.278074866310161
Non-core,1.4814814814814814
