status,intersection
Core,5.357142857142857
Non-core,4.291845493562231
