status,intersection
Core,7.531380753138075
Non-core,7.547169811320755
