status,intersection
Core,11.214953271028037
Non-core,8.695652173913043
