status,intersection
Core,9.420289855072463
Non-core,9.090909090909092
