status,intersection
Core,10.94890510948905
Non-core,7.614213197969543
