status,intersection
Core,2.1333333333333333
Non-core,1.7667844522968197
