status,intersection
Core,3.780718336483932
Non-core,2.912621359223301
