status,intersection
Core,3.8043478260869565
Non-core,3.5714285714285716
