status,intersection
Core,6.551724137931035
Non-core,5.660377358490566
