status,intersection
Core,5.7591623036649215
Non-core,3.7593984962406015
