status,intersection
Core,4.867256637168142
Non-core,4.848484848484849
