status,intersection
Core,3.902439024390244
Non-core,2.0134228187919465
