status,intersection
Core,5.254777070063694
Non-core,4.564315352697095
