status,intersection
Core,11.258278145695364
Non-core,10.784313725490197
