status,intersection
Core,3.2085561497326203
Non-core,2.112676056338028
