status,intersection
Core,8.527131782945736
Non-core,8.045977011494253
