status,intersection
Core,13.278008298755188
Non-core,11.764705882352942
