status,intersection
Core,5.932203389830509
Non-core,8.450704225352112
