status,intersection
Core,10.671936758893281
Non-core,7.909604519774011
