status,intersection
Core,6.91358024691358
Non-core,6.159420289855072
