status,intersection
Core,5.668016194331984
Non-core,4.733727810650888
