status,intersection
Core,3.585657370517928
Non-core,3.1746031746031744
