status,intersection
Core,6.382978723404255
Non-core,8.064516129032258
