status,intersection
Core,3.0201342281879193
Non-core,3.111111111111111
