status,intersection
Core,1.6304347826086956
Non-core,1.4285714285714286
