status,intersection
Core,1.002004008016032
Non-core,0.7712082262210797
