status,intersection
Core,3.2019704433497536
Non-core,2.7777777777777777
