status,intersection
Core,3.896103896103896
Non-core,1.8518518518518519
