status,intersection
Core,3.056768558951965
Non-core,2.2988505747126435
