status,intersection
Core,6.278026905829597
Non-core,7.096774193548387
