status,intersection
Core,7.518796992481203
Non-core,10.465116279069768
