status,intersection
Core,7.920792079207921
Non-core,7.246376811594203
