status,intersection
Core,4.147465437788019
Non-core,5.185185185185185
