status,intersection
Core,4.867256637168142
Non-core,4.545454545454546
