status,intersection
Core,13.66906474820144
Non-core,11.764705882352942
