status,intersection
Core,5.319148936170213
Non-core,5.882352941176471
