status,intersection
Core,9.75609756097561
Non-core,13.846153846153847
