status,intersection
Core,4.484304932735426
Non-core,2.4539877300613497
