status,intersection
Core,9.912536443148689
Non-core,6.923076923076923
