status,intersection
Core,3.1914893617021276
Non-core,2.73972602739726
