status,intersection
Core,9.7165991902834
Non-core,9.433962264150944
