status,intersection
Core,12.592592592592593
Non-core,8.51063829787234
