status,intersection
Core,5.181347150259067
Non-core,2.7586206896551726
