status,intersection
Core,7.079646017699115
Non-core,10.344827586206897
