status,intersection
Core,11.013215859030836
Non-core,7.096774193548387
