status,intersection
Core,9.70873786407767
Non-core,13.559322033898304
