status,intersection
Core,6.976744186046512
Non-core,5.714285714285714
