status,intersection
Core,8.11965811965812
Non-core,9.23076923076923
