status,intersection
Core,3.902439024390244
Non-core,4.545454545454546
