status,intersection
Core,8.294930875576037
Non-core,6.756756756756757
