status,intersection
Core,5.829596412556054
Non-core,5.68561872909699
