status,intersection
Core,6.451612903225806
Non-core,4.895104895104895
