status,intersection
Core,5.811623246492986
Non-core,5.706521739130435
