status,intersection
Core,7.981220657276995
Non-core,5.405405405405405
