status,intersection
Core,2.2222222222222223
Non-core,1.7543859649122806
