status,intersection
Core,9.747292418772563
Non-core,8.947368421052632
