status,intersection
Core,4.157549234135668
Non-core,3.260869565217391
