status,intersection
Core,8.205128205128204
Non-core,7.042253521126761
