status,intersection
Core,1.7341040462427746
Non-core,1.550387596899225
