status,intersection
Core,11.020408163265307
Non-core,10.96774193548387
