status,intersection
Core,2.898550724637681
Non-core,3.0864197530864197
