status,intersection
Core,4.845814977973569
Non-core,4.790419161676646
