status,intersection
Core,3.943661971830986
Non-core,3.3472803347280333
