status,intersection
Core,12.666666666666666
Non-core,12.962962962962964
