status,intersection
Core,4.380341880341881
Non-core,3.586206896551724
