status,intersection
Core,1.0980966325036603
Non-core,0.9082652134423251
