status,intersection
Core,4.389465283320032
Non-core,3.619047619047619
