status,intersection
Core,2.980132450331126
Non-core,2.6548672566371683
