status,intersection
Core,1.7133956386292835
Non-core,1.894736842105263
