status,intersection
Core,10.633484162895927
Non-core,10.749185667752442
