status,intersection
Core,9.090909090909092
Non-core,10.256410256410257
