status,intersection
Core,2.542372881355932
Non-core,2.8328611898016995
