status,intersection
Core,18.867924528301888
Non-core,30.76923076923077
