status,intersection
Core,6.0200668896321075
Non-core,5.238095238095238
