status,intersection
Core,10.984848484848484
Non-core,9.782608695652174
