status,intersection
Core,7.142857142857143
Non-core,9.473684210526315
