status,intersection
Core,2.7888446215139444
Non-core,2.3121387283236996
