status,intersection
Core,4.212637913741224
Non-core,3.3875338753387534
