status,intersection
Core,1.5321756894790604
Non-core,1.6689847009735743
