status,intersection
Core,4.66321243523316
Non-core,4.477611940298507
