status,intersection
Core,9.793814432989691
Non-core,8.527131782945736
