status,intersection
Core,16.181229773462782
Non-core,11.555555555555555
