status,intersection
Core,3.626943005181347
Non-core,3.3557046979865772
