status,intersection
Core,3.587443946188341
Non-core,3.7313432835820897
