status,intersection
Core,4.615384615384615
Non-core,4.9504950495049505
