status,intersection
Core,5.217391304347826
Non-core,6.329113924050633
