status,intersection
Core,2.6315789473684212
Non-core,3.508771929824561
