status,intersection
Core,11.881188118811881
Non-core,10.294117647058824
