status,intersection
Core,8.955223880597014
Non-core,12.195121951219512
