status,intersection
Core,8.61244019138756
Non-core,5.806451612903226
