status,intersection
Core,9.27536231884058
Non-core,6.995884773662551
