status,intersection
Core,2.989130434782609
Non-core,3.103448275862069
