status,intersection
Core,9.18918918918919
Non-core,6.474820143884892
