status,intersection
Core,13.793103448275861
Non-core,18.181818181818183
