status,intersection
Core,8.522727272727273
Non-core,5.2631578947368425
