status,intersection
Core,9.389671361502348
Non-core,7.8431372549019605
