status,intersection
Core,14.285714285714286
Non-core,19.23076923076923
