status,intersection
Core,2.202643171806167
Non-core,3.3557046979865772
