status,intersection
Core,3.9808917197452227
Non-core,3.3684210526315788
