status,intersection
Core,2.1298701298701297
Non-core,1.5762925598991173
