status,intersection
Core,4.741379310344827
Non-core,4.216867469879518
