status,intersection
Core,9.876543209876543
Non-core,8.620689655172415
