status,intersection
Core,8.426966292134832
Non-core,7.6923076923076925
