status,intersection
Core,9.16030534351145
Non-core,9.75609756097561
