status,intersection
Core,9.223300970873787
Non-core,5.691056910569106
