status,intersection
Core,11.742424242424242
Non-core,10.15625
