status,intersection
Core,3.4782608695652173
Non-core,3.225806451612903
