status,intersection
Core,14.864864864864865
Non-core,12.871287128712872
