status,intersection
Core,15.178571428571429
Non-core,11.71875
