status,intersection
Core,8.15450643776824
Non-core,5.590062111801243
