status,intersection
Core,4.651162790697675
Non-core,5.376344086021505
