status,intersection
Core,5.025125628140704
Non-core,6.451612903225806
