status,intersection
Core,7.731958762886598
Non-core,5.882352941176471
