status,intersection
Core,9.565217391304348
Non-core,8.823529411764707
