status,intersection
Core,2.2222222222222223
Non-core,2.848101265822785
