status,intersection
Core,8.421052631578947
Non-core,6.617647058823529
