status,intersection
Core,4.8076923076923075
Non-core,3.493449781659389
