status,intersection
Core,12.698412698412698
Non-core,11.39240506329114
