status,intersection
Core,9.777777777777779
Non-core,9.090909090909092
