status,intersection
Core,3.6437246963562755
Non-core,2.8901734104046244
