status,intersection
Core,8.423326133909287
Non-core,7.384615384615385
