status,intersection
Core,18.620689655172413
Non-core,15.151515151515152
