status,intersection
Core,7.43801652892562
Non-core,9.210526315789474
