status,intersection
Core,6.303724928366762
Non-core,6.198347107438017
