status,intersection
Core,7.046070460704607
Non-core,7.171314741035856
