status,intersection
Core,11.506849315068493
Non-core,10.276679841897232
