status,intersection
Core,14.492753623188406
Non-core,14.893617021276595
