status,intersection
Core,6.923076923076923
Non-core,3.225806451612903
