status,intersection
Core,6.504065040650406
Non-core,7.894736842105263
