status,intersection
Core,11.344537815126051
Non-core,9.75609756097561
