status,intersection
Core,9.489051094890511
Non-core,8.433734939759036
