status,intersection
Core,7.936507936507937
Non-core,7.368421052631579
