status,intersection
Core,1.0355029585798816
Non-core,1.0546500479386385
