status,intersection
Core,6.7073170731707314
Non-core,6.4935064935064934
