status,intersection
Core,3.4129692832764507
Non-core,4.18848167539267
