status,intersection
Core,5.276381909547739
Non-core,4.861111111111111
