status,intersection
Core,8.469055374592834
Non-core,7.407407407407407
