status,intersection
Core,3.076923076923077
Non-core,2.0134228187919465
