status,intersection
Core,5.573248407643312
Non-core,4.356435643564357
