status,intersection
Core,12.210200927357032
Non-core,10.183299389002036
