status,intersection
Core,1.9943019943019944
Non-core,2.380952380952381
