status,intersection
Core,11.920529801324504
Non-core,7.547169811320755
