status,intersection
Core,11.11111111111111
Non-core,12.244897959183673
