status,intersection
Core,11.11111111111111
Non-core,17.24137931034483
