status,intersection
Core,6.198347107438017
Non-core,5.3977272727272725
