status,intersection
Core,6.486486486486487
Non-core,7.6923076923076925
