status,intersection
Core,7.659574468085107
Non-core,7.926829268292683
