status,intersection
Core,9.268292682926829
Non-core,7.042253521126761
