status,intersection
Core,8.13953488372093
Non-core,8.064516129032258
