status,intersection
Core,8.01526717557252
Non-core,6.906077348066298
