status,intersection
Core,6.938775510204081
Non-core,6.936416184971098
