status,intersection
Core,5.7591623036649215
Non-core,4.316546762589928
