status,intersection
Core,2.1367521367521367
Non-core,1.935483870967742
