status,intersection
Core,8.074534161490684
Non-core,7.441860465116279
