status,intersection
Core,9.560723514211887
Non-core,6.451612903225806
