status,intersection
Core,6.652806652806653
Non-core,5.070422535211268
