status,intersection
Core,4.371584699453552
Non-core,4.201680672268908
