status,intersection
Core,8.778625954198473
Non-core,5.524861878453039
