status,intersection
Core,1.906158357771261
Non-core,1.8867924528301887
