status,intersection
Core,11.518324607329843
Non-core,9.917355371900827
