status,intersection
Core,0.6092607636068237
Non-core,0.5822416302765647
