status,intersection
Core,3.061224489795918
Non-core,3.4722222222222223
