status,intersection
Core,7.120743034055727
Non-core,5.603448275862069
