status,intersection
Core,2.711864406779661
Non-core,2.4630541871921183
