status,intersection
Core,6.368089573128062
Non-core,5.017301038062284
