status,intersection
Core,4.2105263157894735
Non-core,3.7037037037037037
