status,intersection
Core,1.1299435028248588
Non-core,0.7518796992481203
