status,intersection
Core,5.183585313174946
Non-core,4.093567251461988
