status,intersection
Core,8.366533864541832
Non-core,6.358381502890174
