status,intersection
Core,12.62135922330097
Non-core,11.594202898550725
