status,intersection
Core,4.878048780487805
Non-core,7.2727272727272725
