status,intersection
Core,2.824858757062147
Non-core,3.1496062992125986
