status,intersection
Core,3.7433155080213902
Non-core,2.985074626865672
