status,intersection
Core,6.57672849915683
Non-core,5.145413870246085
