status,intersection
Core,10.65989847715736
Non-core,8.275862068965518
