status,intersection
Core,7.339449541284404
Non-core,10.06711409395973
