status,intersection
Core,2.336448598130841
Non-core,1.8518518518518519
