status,intersection
Core,3.482587064676617
Non-core,1.3071895424836601
