status,intersection
Core,1.1428571428571428
Non-core,0.7874015748031497
