status,intersection
Core,6.329113924050633
Non-core,8.602150537634408
