status,intersection
Core,9.8981077147016
Non-core,8.901515151515152
