status,intersection
Core,7.755102040816326
Non-core,6.9216757741347905
