status,intersection
Core,5.213270142180095
Non-core,4.191616766467066
