status,intersection
Core,6.829268292682927
Non-core,3.9473684210526314
