status,intersection
Core,2.2099447513812156
Non-core,2.272727272727273
