status,intersection
Core,5.426356589147287
Non-core,4.90566037735849
