status,intersection
Core,6.365503080082136
Non-core,5.7894736842105265
