status,intersection
Core,5.49738219895288
Non-core,5.839416058394161
