status,intersection
Core,6.733167082294265
Non-core,5.6105610561056105
