status,intersection
Core,10.738255033557047
Non-core,10.194174757281553
