status,intersection
Core,1.3550135501355014
Non-core,1.5037593984962405
