status,intersection
Core,19.35483870967742
Non-core,14.942528735632184
