status,intersection
Core,5.439330543933054
Non-core,4.819277108433735
