status,intersection
Core,6.862745098039215
Non-core,5.063291139240507
