status,intersection
Core,5.660377358490566
Non-core,7.042253521126761
