status,intersection
Core,7.43801652892562
Non-core,2.7027027027027026
