status,intersection
Core,2.197802197802198
Non-core,2.3255813953488373
