status,intersection
Core,6.164383561643835
Non-core,7.766990291262136
