status,intersection
Core,12.195121951219512
Non-core,14.814814814814815
