status,intersection
Core,4.901960784313726
Non-core,1.5384615384615385
