status,intersection
Core,9.933774834437086
Non-core,10.344827586206897
