status,intersection
Core,14.516129032258064
Non-core,18.91891891891892
