status,intersection
Core,2.5974025974025974
Non-core,2.6785714285714284
