status,intersection
Core,9.866017052375152
Non-core,8.373590982286634
