status,intersection
Core,9.615384615384615
Non-core,11.764705882352942
