status,intersection
Core,10.404624277456648
Non-core,10.476190476190476
