status,intersection
Core,12.043795620437956
Non-core,7.936507936507937
