status,intersection
Core,1.812191103789127
Non-core,1.8518518518518519
