status,intersection
Core,2.6217228464419478
Non-core,3.4285714285714284
