status,intersection
Core,6.12725844461901
Non-core,4.733727810650888
