status,intersection
Core,8.870967741935484
Non-core,9.30232558139535
