status,intersection
Core,11.589403973509933
Non-core,9.95475113122172
