status,intersection
Core,8.024691358024691
Non-core,5.932203389830509
