status,intersection
Core,1.1173184357541899
Non-core,0.7407407407407407
