status,intersection
Core,4.678362573099415
Non-core,2.3622047244094486
