status,intersection
Core,7.734806629834254
Non-core,7.037037037037037
