status,intersection
Core,4.804804804804805
Non-core,4.242424242424242
