status,intersection
Core,3.389830508474576
Non-core,1.5748031496062993
