status,intersection
Core,7.357859531772576
Non-core,7.441860465116279
