status,intersection
Core,7.604562737642586
Non-core,6.779661016949152
