status,intersection
Core,8.547008547008547
Non-core,4.444444444444445
