status,intersection
Core,18.0327868852459
Non-core,12.429378531073446
