status,intersection
Core,8.411214953271028
Non-core,10.606060606060606
