status,intersection
Core,2.618181818181818
Non-core,2.0676691729323307
