status,intersection
Core,2.112676056338028
Non-core,2.3529411764705883
