status,intersection
Core,6.122448979591836
Non-core,2.9411764705882355
