status,intersection
Core,4.205607476635514
Non-core,3.5714285714285716
