status,intersection
Core,7.9787234042553195
Non-core,8.088235294117647
