status,intersection
Core,13.08411214953271
Non-core,11.03896103896104
