status,intersection
Core,4.501607717041801
Non-core,5.527638190954774
