status,intersection
Core,9.119496855345911
Non-core,7.575757575757576
