status,intersection
Core,2.1052631578947367
Non-core,0.684931506849315
