status,intersection
Core,2.2099447513812156
Non-core,3.076923076923077
