status,intersection
Core,7.207207207207207
Non-core,12.727272727272727
