status,intersection
Core,1.7467248908296944
Non-core,1.6973125884016973
