status,intersection
Core,1.6853932584269662
Non-core,2.3255813953488373
