status,intersection
Core,8.304498269896193
Non-core,8.900523560209423
