status,intersection
Core,9.278350515463918
Non-core,12.280701754385966
