status,intersection
Core,7.874015748031496
Non-core,6.756756756756757
