status,intersection
Core,10.091743119266056
Non-core,9.722222222222221
