status,intersection
Core,10.38961038961039
Non-core,5.357142857142857
