status,intersection
Core,10.344827586206897
Non-core,7.894736842105263
