status,intersection
Core,4.390243902439025
Non-core,4.109589041095891
