status,intersection
Core,3.673469387755102
Non-core,4.761904761904762
