status,intersection
Core,6.111111111111111
Non-core,3.10077519379845
