status,intersection
Core,16.883116883116884
Non-core,13.513513513513514
