status,intersection
Core,9.15032679738562
Non-core,8.16326530612245
