status,intersection
Core,9.027777777777779
Non-core,9.523809523809524
