status,intersection
Core,9.840425531914894
Non-core,8.812260536398467
