status,intersection
Core,3.5460992907801416
Non-core,3.0927835051546393
