status,intersection
Core,8.007626310772164
Non-core,6.377551020408164
