status,intersection
Core,5.699481865284974
Non-core,2.898550724637681
