status,intersection
Core,9.340659340659341
Non-core,7.377049180327869
