status,intersection
Core,9.663865546218487
Non-core,8.310249307479225
