status,intersection
Core,8.187134502923977
Non-core,8.333333333333334
