status,intersection
Core,3.488372093023256
Non-core,1.694915254237288
