status,intersection
Core,3.9408866995073892
Non-core,3.1645569620253164
