status,intersection
Core,1.6304347826086956
Non-core,2.2900763358778624
