status,intersection
Core,2.9177718832891246
Non-core,3.5714285714285716
