status,intersection
Core,10.869565217391305
Non-core,8.19672131147541
