status,intersection
Core,3.0973451327433628
Non-core,2.4691358024691357
