status,intersection
Core,8.443271767810026
Non-core,7.352941176470588
