status,intersection
Core,13.675213675213675
Non-core,14.473684210526315
