status,intersection
Core,11.702127659574469
Non-core,8.450704225352112
