status,intersection
Core,3.7837837837837838
Non-core,3.7593984962406015
