status,intersection
Core,3.1390134529147984
Non-core,4.3478260869565215
