status,intersection
Core,9.89010989010989
Non-core,8.24742268041237
