status,intersection
Core,5.555555555555555
Non-core,7.246376811594203
