status,intersection
Core,4.657534246575342
Non-core,4.040404040404041
