status,intersection
Core,2.717391304347826
Non-core,0.7299270072992701
