status,intersection
Core,5.365853658536586
Non-core,6.153846153846154
