status,intersection
Core,1.675977653631285
Non-core,0.8064516129032258
