status,intersection
Core,9.126984126984127
Non-core,5.555555555555555
