status,intersection
Core,10.43956043956044
Non-core,8.51063829787234
