status,intersection
Core,8.78048780487805
Non-core,8.503401360544217
