status,intersection
Core,17.171717171717173
Non-core,15.151515151515152
