status,intersection
Core,11.246200607902736
Non-core,9.45945945945946
