status,intersection
Core,9.473684210526315
Non-core,13.333333333333334
