status,intersection
Core,6.161137440758294
Non-core,1.3793103448275863
