status,intersection
Core,4.888888888888889
Non-core,2.4539877300613497
