status,intersection
Core,11.818181818181818
Non-core,8.450704225352112
