status,intersection
Core,9.583333333333334
Non-core,6.629834254143646
