status,intersection
Core,7.317073170731708
Non-core,5.839416058394161
