status,intersection
Core,4.938271604938271
Non-core,7.291666666666667
