status,intersection
Core,6.211180124223603
Non-core,6.0606060606060606
