status,intersection
Core,7.017543859649122
Non-core,5.434782608695652
