status,intersection
Core,7.762557077625571
Non-core,6.569343065693431
