status,intersection
Core,8.37789661319073
Non-core,7.021791767554479
