status,intersection
Core,8.19672131147541
Non-core,5.555555555555555
