status,intersection
Core,9.538461538461538
Non-core,8.19672131147541
