status,intersection
Core,9.01639344262295
Non-core,6.666666666666667
