status,intersection
Core,1.7605633802816902
Non-core,1.4423076923076923
