status,intersection
Core,5.063291139240507
Non-core,1.8518518518518519
