status,intersection
Core,4.132231404958677
Non-core,5.797101449275362
