status,intersection
Core,8.61244019138756
Non-core,10.344827586206897
