status,intersection
Core,7.619047619047619
Non-core,9.090909090909092
