status,intersection
Core,5.747126436781609
Non-core,5.555555555555555
