status,intersection
Core,5.128205128205129
Non-core,7.142857142857143
