status,intersection
Core,5.2631578947368425
Non-core,4.651162790697675
