status,intersection
Core,2.2222222222222223
Non-core,3.0303030303030303
