status,intersection
Core,1.856763925729443
Non-core,2.0202020202020203
