status,intersection
Core,2.4630541871921183
Non-core,1.8518518518518519
