status,intersection
Core,0.5494505494505495
Non-core,0.6944444444444444
