status,intersection
Core,1.9704433497536946
Non-core,1.2578616352201257
