status,intersection
Core,2.1052631578947367
Non-core,1.3888888888888888
