status,intersection
Core,0.6493506493506493
Non-core,0.8403361344537815
