status,intersection
Core,3.2051282051282053
Non-core,3.7037037037037037
