status,intersection
Core,1.971830985915493
Non-core,2.158273381294964
