status,intersection
Core,1.1695906432748537
Non-core,1.5267175572519085
