status,intersection
Core,2.5522041763341066
Non-core,2.3255813953488373
