status,intersection
Core,0.9554140127388535
Non-core,1.1627906976744187
