status,intersection
Core,2.0408163265306123
Non-core,1.5384615384615385
