status,intersection
Core,5.58659217877095
Non-core,3.4188034188034186
