status,intersection
Core,4.918032786885246
Non-core,3.225806451612903
