status,intersection
Core,2.2284122562674096
Non-core,1.7094017094017093
