status,intersection
Core,1.935483870967742
Non-core,1.1235955056179776
