status,intersection
Core,7.042253521126761
Non-core,1.2195121951219512
