status,intersection
Core,8.664259927797834
Non-core,8.045977011494253
