status,intersection
Core,1.2578616352201257
Non-core,2.0833333333333335
