status,intersection
Core,0.6622516556291391
Non-core,1.098901098901099
