status,intersection
Core,11.290322580645162
Non-core,10.377358490566039
