status,intersection
Core,7.308970099667774
Non-core,5.542168674698795
