status,intersection
Core,4.237288135593221
Non-core,1.8867924528301887
