status,intersection
Core,5.3019145802650955
Non-core,3.3932135728542914
