status,intersection
Core,8.88888888888889
Non-core,9.615384615384615
