status,intersection
Core,1.6556291390728477
Non-core,0.5263157894736842
