status,intersection
Core,2.5477707006369426
Non-core,1.9801980198019802
