status,intersection
Core,10.472972972972974
Non-core,10.638297872340425
