status,intersection
Core,1.3986013986013985
Non-core,2.4096385542168677
