status,intersection
Core,2.43161094224924
Non-core,1.3392857142857142
