status,intersection
Core,2.925531914893617
Non-core,1.4492753623188406
