status,intersection
Core,9.313725490196079
Non-core,6.956521739130435
