status,intersection
Core,11.11111111111111
Non-core,10.185185185185185
