status,intersection
Core,2.3026315789473686
Non-core,1.9607843137254901
