status,intersection
Core,3.5573122529644268
Non-core,1.8072289156626506
