status,intersection
Core,2.793296089385475
Non-core,1.1235955056179776
