status,intersection
Core,2.608695652173913
Non-core,1.7777777777777777
