status,intersection
Core,5.641025641025641
Non-core,4.37956204379562
