status,intersection
Core,12.582781456953642
Non-core,10.588235294117647
