status,intersection
Core,1.639344262295082
Non-core,1.3100436681222707
