status,intersection
Core,2.027027027027027
Non-core,1.1627906976744187
