status,intersection
Core,3.4285714285714284
Non-core,3.361344537815126
