status,intersection
Core,10.514018691588785
Non-core,9.027777777777779
