status,intersection
Core,1.3605442176870748
Non-core,1.1764705882352942
