status,intersection
Core,6.932153392330384
Non-core,5.1233396584440225
