status,intersection
Core,11.194029850746269
Non-core,10.909090909090908
