status,intersection
Core,3.1578947368421053
Non-core,1.8181818181818181
