status,intersection
Core,8.484848484848484
Non-core,6.930693069306931
