status,intersection
Core,6.315789473684211
Non-core,4.464285714285714
