status,intersection
Core,3.8869257950530036
Non-core,3.35195530726257
