status,intersection
Core,3.3112582781456954
Non-core,1.1494252873563218
