status,intersection
Core,2.3121387283236996
Non-core,2.3255813953488373
