status,intersection
Core,4.029304029304029
Non-core,3.4285714285714284
