status,intersection
Core,8.37696335078534
Non-core,7.8431372549019605
