status,intersection
Core,5.806451612903226
Non-core,7.777777777777778
