status,intersection
Core,4.945717732207479
Non-core,3.4539473684210527
