status,intersection
Core,14.137931034482758
Non-core,10.588235294117647
