status,intersection
Core,10.653753026634382
Non-core,8.823529411764707
