status,intersection
Core,1.8072289156626506
Non-core,2.727272727272727
