status,intersection
Core,8.315098468271335
Non-core,5.960264900662252
