status,intersection
Core,8.298755186721992
Non-core,6.756756756756757
