status,intersection
Core,2.830188679245283
Non-core,2.0408163265306123
