status,intersection
Core,4.961832061068702
Non-core,6.214689265536723
