status,intersection
Core,9.090909090909092
Non-core,6.956521739130435
