status,intersection
Core,0.9966777408637874
Non-core,0.6501950585175552
