status,intersection
Core,11.524163568773234
Non-core,11.176470588235293
