status,intersection
Core,4.964539007092198
Non-core,3.658536585365854
