status,intersection
Core,8.363636363636363
Non-core,6.134969325153374
