status,intersection
Core,2.0134228187919465
Non-core,1.1764705882352942
