status,intersection
Core,3.053435114503817
Non-core,2.5316455696202533
