status,intersection
Core,8.934707903780069
Non-core,8.241758241758241
