status,intersection
Core,6.818181818181818
Non-core,5.2631578947368425
