status,intersection
Core,4.862579281183932
Non-core,3.9156626506024095
