status,intersection
Core,3.658536585365854
Non-core,3.0303030303030303
