status,intersection
Core,5.056179775280899
Non-core,4.098360655737705
