status,intersection
Core,12.32876712328767
Non-core,5.681818181818182
