status,intersection
Core,7.8431372549019605
Non-core,4.761904761904762
