status,intersection
Core,3.9832285115303985
Non-core,2.7216856892010535
