status,intersection
Core,19.626168224299064
Non-core,14.814814814814815
