status,intersection
Core,2.797202797202797
Non-core,2.127659574468085
