status,intersection
Core,9.608540925266905
Non-core,9.202453987730062
