status,intersection
Core,7.7272727272727275
Non-core,7.575757575757576
