status,intersection
Core,1.8789144050104385
Non-core,1.4285714285714286
