status,intersection
Core,9.777777777777779
Non-core,10.56338028169014
