status,intersection
Core,4.022988505747127
Non-core,3.8461538461538463
