status,intersection
Core,6.8807339449541285
Non-core,6.106870229007634
