status,intersection
Core,1.675977653631285
Non-core,1.8867924528301887
