status,intersection
Core,0.6451612903225806
Non-core,1.0101010101010102
