status,intersection
Core,1.094890510948905
Non-core,0.6386861313868614
