status,intersection
Core,5.4945054945054945
Non-core,0.9803921568627451
