status,intersection
Core,1.7605633802816902
Non-core,1.3888888888888888
