status,intersection
Core,1.2170385395537526
Non-core,0.8368200836820083
