status,intersection
Core,7.2642967542503865
Non-core,5.520169851380042
