status,intersection
Core,7.5675675675675675
Non-core,8.16326530612245
