status,intersection
Core,12.337662337662337
Non-core,10.280373831775702
