status,intersection
Core,2.192982456140351
Non-core,1.4861995753715498
