status,intersection
Core,3.7209302325581395
Non-core,2.985074626865672
