status,intersection
Core,5.590062111801243
Non-core,5.4945054945054945
