status,intersection
Core,6.8807339449541285
Non-core,7.317073170731708
