status,intersection
Core,6.451612903225806
Non-core,6.930693069306931
