status,intersection
Core,9.711286089238845
Non-core,7.777777777777778
