status,intersection
Core,2.6548672566371683
Non-core,1.9607843137254901
