status,intersection
Core,1.8433179723502304
Non-core,0.6944444444444444
