status,intersection
Core,8.796296296296296
Non-core,6.617647058823529
