status,intersection
Core,1.0471204188481675
Non-core,1.639344262295082
