status,intersection
Core,5.389221556886228
Non-core,1.834862385321101
