status,intersection
Core,4.470588235294118
Non-core,4.024767801857585
