status,intersection
Core,7.453416149068323
Non-core,10.112359550561798
