status,intersection
Core,9.47867298578199
Non-core,8.75912408759124
