status,intersection
Core,7.317073170731708
Non-core,7.377049180327869
