status,intersection
Core,0.6944444444444444
Non-core,1.1363636363636365
