status,intersection
Core,2.4390243902439024
Non-core,1.0204081632653061
