status,intersection
Core,4.318936877076412
Non-core,3.6082474226804124
