status,intersection
Core,4.964539007092198
Non-core,2.4691358024691357
