status,intersection
Core,2.018633540372671
Non-core,0.847457627118644
