status,intersection
Core,6.130268199233717
Non-core,5.882352941176471
