status,intersection
Core,7.846715328467154
Non-core,7.379134860050891
