status,intersection
Core,4.242424242424242
Non-core,3.9603960396039604
