status,intersection
Core,3.7344398340248963
Non-core,3.821656050955414
