status,intersection
Core,1.3201320132013201
Non-core,1.0101010101010102
