status,intersection
Core,9.72972972972973
Non-core,8.256880733944953
