status,intersection
Core,7.506702412868632
Non-core,5.009633911368016
