status,intersection
Core,1.6853932584269662
Non-core,0.8152173913043478
