status,intersection
Core,8.940397350993377
Non-core,6.8807339449541285
