status,intersection
Core,7.659574468085107
Non-core,7.299270072992701
