status,intersection
Core,0.7194244604316546
Non-core,1.2048192771084338
