status,intersection
Core,5.527638190954774
Non-core,4.838709677419355
