status,intersection
Core,6.451612903225806
Non-core,7.027027027027027
