status,intersection
Core,1.4341590612777053
Non-core,0.7079646017699115
