status,intersection
Core,9.29203539823009
Non-core,6.338028169014085
