status,intersection
Core,4.615384615384615
Non-core,3.0303030303030303
