status,intersection
Core,11.46788990825688
Non-core,11.864406779661017
