status,intersection
Core,2.4242424242424243
Non-core,1.8518518518518519
