status,intersection
Core,1.5317286652078774
Non-core,1.2779552715654952
