status,intersection
Core,8.040201005025125
Non-core,7.317073170731708
