status,intersection
Core,10.21505376344086
Non-core,8.403361344537815
