status,intersection
Core,2.956989247311828
Non-core,1.7482517482517483
