status,intersection
Core,6.229508196721311
Non-core,4.9504950495049505
