status,intersection
Core,1.0590631364562118
Non-core,0.3889158969372873
