status,intersection
Core,4.975124378109452
Non-core,5.737704918032787
