status,intersection
Core,2.142857142857143
Non-core,1.2345679012345678
