status,intersection
Core,5.755395683453237
Non-core,4.938271604938271
