status,intersection
Core,1.1695906432748537
Non-core,0.9900990099009901
