status,intersection
Core,7.798165137614679
Non-core,7.017543859649122
