status,intersection
Core,1.5527950310559007
Non-core,1.4705882352941178
