status,intersection
Core,7.831325301204819
Non-core,6.593406593406593
