status,intersection
Core,2.4193548387096775
Non-core,1.3736263736263736
