status,intersection
Core,12.626262626262626
Non-core,9.090909090909092
