status,intersection
Core,4.651162790697675
Non-core,6.666666666666667
