status,intersection
Core,5.142857142857143
Non-core,4.201680672268908
