status,intersection
Core,8.227848101265822
Non-core,7.446808510638298
