status,intersection
Core,2.158273381294964
Non-core,1.2345679012345678
