status,intersection
Core,4.712041884816754
Non-core,5.769230769230769
