status,intersection
Core,9.125475285171103
Non-core,6.802721088435374
