status,intersection
Core,5.095541401273885
Non-core,6.666666666666667
