status,intersection
Core,4.025764895330113
Non-core,2.598652550529355
