status,intersection
Core,4.9079754601226995
Non-core,3.7735849056603774
