status,intersection
Core,10.99476439790576
Non-core,10.344827586206897
