status,intersection
Core,10.85972850678733
Non-core,10.869565217391305
