status,intersection
Core,12.413793103448276
Non-core,4.705882352941177
