status,intersection
Core,1.0204081632653061
Non-core,2.127659574468085
