status,intersection
Core,2.2222222222222223
Non-core,1.2820512820512822
