status,intersection
Core,10.36036036036036
Non-core,8.053691275167786
