status,intersection
Core,6.508875739644971
Non-core,6.0606060606060606
