status,intersection
Core,3.1847133757961785
Non-core,4.444444444444445
