status,intersection
Core,7.368421052631579
Non-core,6.896551724137931
