status,intersection
Core,8.262108262108262
Non-core,5.232558139534884
