status,intersection
Core,11.275964391691394
Non-core,10.849056603773585
