status,intersection
Core,8.150470219435737
Non-core,7.462686567164179
