status,intersection
Core,8.055235903337168
Non-core,6.055900621118012
