status,intersection
Core,7.299270072992701
Non-core,7.006369426751593
