status,intersection
Core,9.281437125748504
Non-core,8.256880733944953
