status,intersection
Core,2.932551319648094
Non-core,2.573529411764706
