status,intersection
Core,8.474576271186441
Non-core,7.6923076923076925
