status,intersection
Core,9.63855421686747
Non-core,6.382978723404255
