status,intersection
Core,1.6129032258064515
Non-core,3.3333333333333335
