status,intersection
Core,12.962962962962964
Non-core,10.714285714285714
