status,intersection
Core,3.5989717223650386
Non-core,2.491103202846975
