status,intersection
Core,15.476190476190476
Non-core,9.89010989010989
