status,intersection
Core,4.524886877828054
Non-core,4.026845637583893
