status,intersection
Core,10.377358490566039
Non-core,12.903225806451612
