status,intersection
Core,8.791208791208792
Non-core,4.545454545454546
