status,intersection
Core,5.147058823529412
Non-core,4.945054945054945
