status,intersection
Core,4.722222222222222
Non-core,4.201680672268908
