status,intersection
Core,7.382550335570469
Non-core,8.080808080808081
