status,intersection
Core,6.040268456375839
Non-core,5.882352941176471
