status,intersection
Core,5.208333333333333
Non-core,5.454545454545454
