status,intersection
Core,3.937007874015748
Non-core,3.0303030303030303
