status,intersection
Core,4.945054945054945
Non-core,3.3333333333333335
