status,intersection
Core,4.672897196261682
Non-core,8.333333333333334
