status,intersection
Core,7.777777777777778
Non-core,3.6363636363636362
