status,intersection
Core,5.084745762711864
Non-core,5.2631578947368425
