status,intersection
Core,3.1446540880503147
Non-core,2.857142857142857
