status,intersection
Core,7.203389830508475
Non-core,6.5476190476190474
