status,intersection
Core,14.583333333333334
Non-core,12.727272727272727
