status,intersection
Core,9.722222222222221
Non-core,9.090909090909092
