status,intersection
Core,5.555555555555555
Non-core,3.8251366120218577
