status,intersection
Core,4.109589041095891
Non-core,3.9215686274509802
