status,intersection
Core,1.7241379310344827
Non-core,2.6315789473684212
