status,intersection
Core,10.843373493975903
Non-core,14.634146341463415
