status,intersection
Core,6.666666666666667
Non-core,7.042253521126761
