status,intersection
Core,5.181347150259067
Non-core,6.349206349206349
