status,intersection
Core,6.206896551724138
Non-core,3.2967032967032965
