status,intersection
Core,8.421052631578947
Non-core,10.344827586206897
