status,intersection
Core,3.8461538461538463
Non-core,6.451612903225806
