status,intersection
Core,7.246376811594203
Non-core,4.25531914893617
