status,intersection
Core,6.779661016949152
Non-core,5.2631578947368425
