status,intersection
Core,2.8025477707006368
Non-core,2.04778156996587
