status,intersection
Core,5.154639175257732
Non-core,1.6129032258064515
