status,intersection
Core,7.526881720430108
Non-core,1.7543859649122806
