status,intersection
Core,5.714285714285714
Non-core,7.317073170731708
