status,intersection
Core,4.931506849315069
Non-core,3.585657370517928
