status,intersection
Core,14.563106796116505
Non-core,7.575757575757576
