status,intersection
Core,3.504043126684636
Non-core,3.018867924528302
