status,intersection
Core,8.872901678657074
Non-core,5.985915492957746
