status,intersection
Core,11.046511627906977
Non-core,9.243697478991596
