status,intersection
Core,7.766990291262136
Non-core,6.0606060606060606
