status,intersection
Core,8.522727272727273
Non-core,5.084745762711864
