status,intersection
Core,7.553956834532374
Non-core,7.777777777777778
