status,intersection
Core,8.724832214765101
Non-core,4.761904761904762
