status,intersection
Core,8.088235294117647
Non-core,8.791208791208792
