status,intersection
Core,6.951871657754011
Non-core,7.079646017699115
