status,intersection
Core,2.7027027027027026
Non-core,1.8181818181818181
