status,intersection
Core,3.888888888888889
Non-core,3.8910505836575875
