status,intersection
Core,1.1695906432748537
Non-core,1.2552301255230125
