status,intersection
Core,14.668769716088327
Non-core,7.8431372549019605
