status,intersection
Core,2.54957507082153
Non-core,1.2605042016806722
