status,intersection
Core,2.898550724637681
Non-core,4.545454545454546
