status,intersection
Core,11.617426139208813
Non-core,8.737864077669903
