status,intersection
Core,7.948717948717949
Non-core,5.343511450381679
