status,intersection
Core,0.5797101449275363
Non-core,0.8264462809917356
