status,intersection
Core,10.077519379844961
Non-core,7.228915662650603
