status,intersection
Core,5.612244897959184
Non-core,2.985074626865672
