status,intersection
Core,8.556149732620321
Non-core,7.352941176470588
