status,intersection
Core,4.8979591836734695
Non-core,3.468208092485549
