status,intersection
Core,13.800424628450106
Non-core,12.389380530973451
