status,intersection
Core,2.586206896551724
Non-core,0.8403361344537815
