status,intersection
Core,5.423728813559322
Non-core,4.310344827586207
