status,intersection
Core,1.876675603217158
Non-core,2.2388059701492535
