status,intersection
Core,18.128654970760234
Non-core,14.52991452991453
