status,intersection
Core,2.9585798816568047
Non-core,1.702127659574468
