status,intersection
Core,13.924050632911392
Non-core,12.62135922330097
