status,intersection
Core,5.833333333333333
Non-core,3.5714285714285716
