status,intersection
Core,0.5681818181818182
Non-core,0.40160642570281124
