status,intersection
Core,7.882882882882883
Non-core,5.2805280528052805
