status,intersection
Core,13.626373626373626
Non-core,9.523809523809524
