status,intersection
Core,14.890885750962774
Non-core,12.048192771084338
