status,intersection
Core,11.564625850340136
Non-core,9.090909090909092
