status,intersection
Core,10.223048327137546
Non-core,9.45273631840796
