status,intersection
Core,10.653266331658292
Non-core,8.882907133243608
