status,intersection
Core,1.9337016574585635
Non-core,1.9305019305019304
