status,intersection
Core,5.9880239520958085
Non-core,5.3097345132743365
