status,intersection
Core,5.467196819085487
Non-core,4.048582995951417
