status,intersection
Core,7.28476821192053
Non-core,5.376344086021505
