status,intersection
Core,9.923664122137405
Non-core,6.024096385542169
