status,intersection
Core,8.93371757925072
Non-core,7.509881422924901
