status,intersection
Core,14.429530201342281
Non-core,11.03448275862069
