status,intersection
Core,4.424778761061947
Non-core,3.3333333333333335
