status,intersection
Core,6.722689075630252
Non-core,4.3478260869565215
