status,intersection
Core,3.7267080745341614
Non-core,2.8846153846153846
