status,intersection
Core,6.435643564356436
Non-core,8.088235294117647
