status,intersection
Core,5.236907730673317
Non-core,4.744525547445256
