status,intersection
Core,2.097535395909806
Non-core,1.3350286077558804
