status,intersection
Core,14.902807775377969
Non-core,10.679611650485437
