status,intersection
Core,14.346895074946467
Non-core,10.248447204968944
