status,intersection
Core,11.132437619961612
Non-core,6.36604774535809
