status,intersection
Core,15.35181236673774
Non-core,12.056737588652481
