status,intersection
Core,14.155251141552512
Non-core,10.26694045174538
