status,intersection
Core,8.522727272727273
Non-core,5.3097345132743365
