status,intersection
Core,4.1558441558441555
Non-core,3.942652329749104
