status,intersection
Core,7.090464547677262
Non-core,4.081632653061225
