status,intersection
Core,2.4539877300613497
Non-core,2.150537634408602
