status,intersection
Core,10.943396226415095
Non-core,10.429447852760736
