status,intersection
Core,6.4935064935064934
Non-core,6.122448979591836
