status,intersection
Core,2.9761904761904763
Non-core,2.586206896551724
