status,intersection
Core,5.053191489361702
Non-core,3.861003861003861
