status,intersection
Core,3.225806451612903
Non-core,2.3255813953488373
