status,intersection
Core,2.395209580838323
Non-core,1.680672268907563
