status,intersection
Core,5.2631578947368425
Non-core,3.488372093023256
