status,intersection
Core,8.353221957040573
Non-core,8.904109589041095
