status,intersection
Core,9.859154929577464
Non-core,2.272727272727273
