status,intersection
Core,3.361344537815126
Non-core,3.6144578313253013
