status,intersection
Core,1.4245014245014245
Non-core,1.6129032258064515
