status,intersection
Core,10.119047619047619
Non-core,8.296943231441048
