status,intersection
Core,11.886304909560723
Non-core,8.88030888030888
