status,intersection
Core,4.615384615384615
Non-core,1.5151515151515151
