status,intersection
Core,7.73067331670823
Non-core,4.609929078014185
