status,intersection
Core,11.068702290076336
Non-core,10.457516339869281
