status,intersection
Core,14.723926380368098
Non-core,10.568181818181818
