status,intersection
Core,3.591160220994475
Non-core,3.1620553359683794
