status,intersection
Core,10.92436974789916
Non-core,4.054054054054054
