status,intersection
Core,5.994550408719346
Non-core,5.905511811023622
