status,intersection
Core,6.572769953051643
Non-core,3.076923076923077
