status,intersection
Core,1.6853932584269662
Non-core,1.5810276679841897
