status,intersection
Core,8.49673202614379
Non-core,5.9405940594059405
