status,intersection
Core,6.63265306122449
Non-core,6.390977443609023
