status,intersection
Core,7.291666666666667
Non-core,3.278688524590164
