status,intersection
Core,5.721393034825871
Non-core,4.3478260869565215
