status,intersection
Core,9.836065573770492
Non-core,8.547008547008547
