status,intersection
Core,7.092198581560283
Non-core,7.317073170731708
