status,intersection
Core,10.780669144981413
Non-core,7.18562874251497
