status,intersection
Core,11.888111888111888
Non-core,9.30232558139535
