status,intersection
Core,2.272727272727273
Non-core,1.639344262295082
