status,intersection
Core,3.4229828850855744
Non-core,2.5089605734767026
