status,intersection
Core,8.94308943089431
Non-core,5.2631578947368425
