status,intersection
Core,2.387267904509284
Non-core,2.2058823529411766
