status,intersection
Core,0.29239766081871343
Non-core,0.41841004184100417
