status,intersection
Core,6.359649122807017
Non-core,5.345911949685535
