status,intersection
Core,2.046783625730994
Non-core,1.702127659574468
