status,intersection
Core,14.814814814814815
Non-core,10.820451843043996
