status,intersection
Core,11.206896551724139
Non-core,9.333333333333334
