status,intersection
Core,9.734513274336283
Non-core,6.578947368421052
