status,intersection
Core,12.949640287769784
Non-core,10.638297872340425
