status,intersection
Core,12.07920792079208
Non-core,10.169491525423728
