status,intersection
Core,8.761904761904763
Non-core,6.923076923076923
