status,intersection
Core,8.043478260869565
Non-core,7.4766355140186915
