status,intersection
Core,4.4692737430167595
Non-core,1.6194331983805668
