status,intersection
Core,3.1486146095717884
Non-core,2.1739130434782608
