status,intersection
Core,5.442176870748299
Non-core,6.122448979591836
