status,intersection
Core,14.914163090128755
Non-core,10.437235543018335
