status,intersection
Core,6.78391959798995
Non-core,5.714285714285714
