status,intersection
Core,8.785529715762275
Non-core,8.239700374531836
