status,intersection
Core,9.711286089238845
Non-core,8.42911877394636
