status,intersection
Core,7.7134986225895315
Non-core,6.692913385826771
