status,intersection
Core,12.068965517241379
Non-core,9.210526315789474
