status,intersection
Core,3.8251366120218577
Non-core,4.198473282442748
