status,intersection
Core,6.837606837606837
Non-core,8.450704225352112
