status,intersection
Core,4.878048780487805
Non-core,3.6809815950920246
