status,intersection
Core,11.879432624113475
Non-core,10.025706940874036
