status,intersection
Core,4.878048780487805
Non-core,1.639344262295082
