status,intersection
Core,15.882352941176471
Non-core,9.821428571428571
