status,intersection
Core,15.420023014959725
Non-core,11.128775834658187
