status,intersection
Core,13.176470588235293
Non-core,9.187279151943462
