status,intersection
Core,10.909090909090908
Non-core,7.619047619047619
