status,intersection
Core,2.346041055718475
Non-core,2.5641025641025643
