status,intersection
Core,3.601108033240997
Non-core,4.132231404958677
