status,intersection
Core,3.8461538461538463
Non-core,2.0100502512562812
