status,intersection
Core,9.045226130653266
Non-core,6.934306569343065
