status,intersection
Core,13.22505800464037
Non-core,8.741258741258742
