status,intersection
Core,5.722070844686648
Non-core,5.098039215686274
