status,intersection
Core,16.545454545454547
Non-core,13.705583756345177
