status,intersection
Core,9.172873382987063
Non-core,6.722689075630252
