status,intersection
Core,6.424581005586592
Non-core,4.990019960079841
