status,intersection
Core,5.607476635514018
Non-core,5.970149253731344
