status,intersection
Core,3.536977491961415
Non-core,2.4096385542168677
