status,intersection
Core,4.105571847507331
Non-core,2.542372881355932
