status,intersection
Core,15.281899109792285
Non-core,11.066398390342052
