status,intersection
Core,4.301075268817204
Non-core,1.694915254237288
