status,intersection
Core,11.917098445595855
Non-core,7.936507936507937
