status,intersection
Core,3.7735849056603774
Non-core,2.3529411764705883
