status,intersection
Core,9.848484848484848
Non-core,6.944444444444445
