status,intersection
Core,14.666666666666666
Non-core,12.371134020618557
