status,intersection
Core,5.365853658536586
Non-core,4.054054054054054
