status,intersection
Core,3.081232492997199
Non-core,2.380952380952381
