status,intersection
Core,4.901960784313726
Non-core,6.0606060606060606
