status,intersection
Core,5.093833780160858
Non-core,3.5714285714285716
