status,intersection
Core,7.172995780590718
Non-core,4.571428571428571
