status,intersection
Core,8.533916849015318
Non-core,5.7926829268292686
