status,intersection
Core,4.49438202247191
Non-core,1.4492753623188406
