status,intersection
Core,1.749271137026239
Non-core,2.0833333333333335
