status,intersection
Core,8.98876404494382
Non-core,5.357142857142857
