status,intersection
Core,1.1299435028248588
Non-core,0.4048582995951417
