status,intersection
Core,10.025062656641603
Non-core,8.633093525179856
