status,intersection
Core,5.181347150259067
Non-core,5.204460966542751
