status,intersection
Core,8.1419624217119
Non-core,6.1946902654867255
