status,intersection
Core,3.686635944700461
Non-core,3.3333333333333335
