status,intersection
Core,5.583756345177665
Non-core,4.37956204379562
