status,intersection
Core,4.804804804804805
Non-core,4.545454545454546
