status,intersection
Core,4.545454545454546
Non-core,2.510460251046025
