status,intersection
Core,5.524861878453039
Non-core,4.048582995951417
