status,intersection
Core,6.10079575596817
Non-core,5.769230769230769
