status,intersection
Core,10.422535211267606
Non-core,9.649122807017545
