status,intersection
Core,2.808988764044944
Non-core,2.3622047244094486
