status,intersection
Core,9.271523178807946
Non-core,5.376344086021505
