status,intersection
Core,5.163043478260869
Non-core,4.048582995951417
