status,intersection
Core,8.297872340425531
Non-core,5.813953488372093
