status,intersection
Core,11.557788944723619
Non-core,7.9245283018867925
