status,intersection
Core,0.8670520231213873
Non-core,0.411522633744856
