status,intersection
Core,8.37696335078534
Non-core,9.523809523809524
