status,intersection
Core,2.743142144638404
Non-core,2.4390243902439024
