status,intersection
Core,10.2880658436214
Non-core,6.7114093959731544
