status,intersection
Core,16.33986928104575
Non-core,16.3265306122449
