status,intersection
Core,5.970149253731344
Non-core,5.617977528089888
