status,intersection
Core,8.673469387755102
Non-core,6.666666666666667
