status,intersection
Core,9.659090909090908
Non-core,10.784313725490197
