status,intersection
Core,7.142857142857143
Non-core,5.86080586080586
