status,intersection
Core,3.3333333333333335
Non-core,1.4492753623188406
