status,intersection
Core,4.545454545454546
Non-core,5.333333333333333
