status,intersection
Core,12.39530988274707
Non-core,10.869565217391305
