status,intersection
Core,7.299270072992701
Non-core,4.945054945054945
