status,intersection
Core,3.225806451612903
Non-core,5.128205128205129
