status,intersection
Core,1.466275659824047
Non-core,0.8547008547008547
