status,intersection
Core,11.194029850746269
Non-core,7.664233576642336
