status,intersection
Core,4.675324675324675
Non-core,3.861003861003861
