status,intersection
Core,9.056603773584905
Non-core,6.467661691542289
