status,intersection
Core,3.2967032967032965
Non-core,1.7543859649122806
