status,intersection
Core,3.3434650455927053
Non-core,2.191780821917808
