status,intersection
Core,11.324376199616124
Non-core,9.23913043478261
