status,intersection
Core,5.367231638418079
Non-core,4.184100418410042
