status,intersection
Core,4.3604651162790695
Non-core,2.9661016949152543
