status,intersection
Core,5.970149253731344
Non-core,4.201680672268908
