status,intersection
Core,6.422018348623853
Non-core,6.8493150684931505
