status,intersection
Core,8.080808080808081
Non-core,6.451612903225806
