status,intersection
Core,13.179448994787789
Non-core,9.70231532524807
