status,intersection
Core,5.905511811023622
Non-core,3.4782608695652173
