status,intersection
Core,1.7191977077363896
Non-core,1.702127659574468
