status,intersection
Core,11.333333333333334
Non-core,10.289389067524116
