status,intersection
Core,7.462686567164179
Non-core,2.5316455696202533
