status,intersection
Core,12.105263157894736
Non-core,14.173228346456693
