status,intersection
Core,17.510853835021706
Non-core,13.461538461538462
