status,intersection
Core,0.5865102639296188
Non-core,0.8403361344537815
