status,intersection
Core,7.246376811594203
Non-core,7.920792079207921
