status,intersection
Core,5.637982195845697
Non-core,4.031209362808843
