status,intersection
Core,3.1914893617021276
Non-core,2.674897119341564
