status,intersection
Core,5.857740585774058
Non-core,2.6490066225165565
