status,intersection
Core,5.361930294906166
Non-core,1.5810276679841897
