status,intersection
Core,8.536585365853659
Non-core,7.547169811320755
