status,intersection
Core,13.793103448275861
Non-core,16.19047619047619
