status,intersection
Core,2.849002849002849
Non-core,2.479338842975207
