status,intersection
Core,6.303724928366762
Non-core,4.201680672268908
