status,intersection
Core,5.449591280653951
Non-core,4.878048780487805
