status,intersection
Core,3.7333333333333334
Non-core,4.059040590405904
