status,intersection
Core,7.949790794979079
Non-core,7.586206896551724
