status,intersection
Core,3.860294117647059
Non-core,2.0725388601036268
