status,intersection
Core,11.538461538461538
Non-core,9.558823529411764
