status,intersection
Core,7.296137339055794
Non-core,6.918238993710692
