status,intersection
Core,5.915492957746479
Non-core,4.132231404958677
