status,intersection
Core,8.92018779342723
Non-core,7.462686567164179
