status,intersection
Core,11.560693641618498
Non-core,13.20754716981132
