status,intersection
Core,4.627249357326479
Non-core,4.577464788732394
