status,intersection
Core,17.424242424242426
Non-core,15.853658536585366
