status,intersection
Core,11.780277961614825
Non-core,8.258381030253474
