status,intersection
Core,3.0252100840336134
Non-core,1.797752808988764
