status,intersection
Core,5.177111716621253
Non-core,4.4534412955465585
