status,intersection
Core,12.64367816091954
Non-core,6.666666666666667
