status,intersection
Core,5.172413793103448
Non-core,5.3097345132743365
