status,intersection
Core,6.722689075630252
Non-core,4.938271604938271
