status,intersection
Core,6.636155606407323
Non-core,5.466237942122186
