status,intersection
Core,7.853403141361256
Non-core,4.62962962962963
