status,intersection
Core,6.282722513089006
Non-core,6.2015503875969
