status,intersection
Core,4.2105263157894735
Non-core,3.3707865168539324
