status,intersection
Core,14.964788732394366
Non-core,11.11111111111111
