status,intersection
Core,4.854368932038835
Non-core,6.349206349206349
