status,intersection
Core,15.358931552587647
Non-core,11.58129175946548
