status,intersection
Core,5.357142857142857
Non-core,6.796116504854369
