status,intersection
Core,4.8517520215633425
Non-core,4.21455938697318
