status,intersection
Core,0.28901734104046245
Non-core,0.411522633744856
