status,intersection
Core,6.117021276595745
Non-core,4.230769230769231
