status,intersection
Core,9.067357512953368
Non-core,7.2796934865900385
