status,intersection
Core,2.7548209366391183
Non-core,2.3715415019762847
