status,intersection
Core,3.313840155945419
Non-core,2.2613065326633164
