status,intersection
Core,15.17412935323383
Non-core,11.320754716981131
