status,intersection
Core,7.160493827160494
Non-core,5.925925925925926
