status,intersection
Core,6.930693069306931
Non-core,3.225806451612903
