status,intersection
Core,10.784313725490197
Non-core,9.090909090909092
