status,intersection
Core,18.181818181818183
Non-core,13.812154696132596
