status,intersection
Core,9.114583333333334
Non-core,9.96168582375479
