status,intersection
Core,9.523809523809524
Non-core,8.51063829787234
