status,intersection
Core,10.92896174863388
Non-core,7.575757575757576
