status,intersection
Core,2.816901408450704
Non-core,5.128205128205129
