status,intersection
Core,10.199004975124378
Non-core,8.098591549295774
