status,intersection
Core,7.801418439716312
Non-core,6.024096385542169
