status,intersection
Core,4.603580562659847
Non-core,2.711864406779661
