status,intersection
Core,3.404255319148936
Non-core,2.4096385542168677
