status,intersection
Core,7.526881720430108
Non-core,5.166051660516605
