status,intersection
Core,0.29069767441860467
Non-core,0.4149377593360996
