status,intersection
Core,10.679611650485437
Non-core,9.523809523809524
