status,intersection
Core,6.27906976744186
Non-core,4.88599348534202
