status,intersection
Core,2.6634382566585955
Non-core,1.880424300867888
