status,intersection
Core,12.413793103448276
Non-core,9.782608695652174
