status,intersection
Core,4.598540145985401
Non-core,3.207547169811321
