status,intersection
Core,10.174418604651162
Non-core,7.142857142857143
