status,intersection
Core,8.536585365853659
Non-core,4.25531914893617
