status,intersection
Core,4.0201005025125625
Non-core,2.816901408450704
