status,intersection
Core,8.064516129032258
Non-core,2.6315789473684212
