status,intersection
Core,4.8076923076923075
Non-core,2.9411764705882355
