status,intersection
Core,3.278688524590164
Non-core,2.380952380952381
