status,intersection
Core,10.666666666666666
Non-core,2.0833333333333335
