status,intersection
Core,4.854368932038835
Non-core,1.5873015873015872
