status,intersection
Core,4.777070063694268
Non-core,3.240740740740741
