status,intersection
Core,7.017543859649122
Non-core,6.329113924050633
