status,intersection
Core,6.274007682458387
Non-core,4.631217838765009
