status,intersection
Core,11.956521739130435
Non-core,12.962962962962964
