status,intersection
Core,7.333333333333333
Non-core,7.216494845360825
