status,intersection
Core,6.0344827586206895
Non-core,2.7777777777777777
