status,intersection
Core,4.8517520215633425
Non-core,3.5714285714285716
