status,intersection
Core,7.191011235955056
Non-core,5.015673981191223
