status,intersection
Core,5.8558558558558556
Non-core,2.797202797202797
