status,intersection
Core,13.629842180774748
Non-core,11.411992263056092
