status,intersection
Core,5.813953488372093
Non-core,3.389830508474576
