status,intersection
Core,3.0985915492957745
Non-core,2.8112449799196786
