status,intersection
Core,5.863192182410423
Non-core,4.326923076923077
