status,intersection
Core,1.9830028328611897
Non-core,1.606425702811245
