status,intersection
Core,8.176100628930818
Non-core,6.451612903225806
