status,intersection
Core,5.579399141630901
Non-core,3.821656050955414
