status,intersection
Core,1.7094017094017093
Non-core,0.8333333333333334
