status,intersection
Core,5.7441253263707575
Non-core,4.924242424242424
