status,intersection
Core,11.924119241192411
Non-core,10.15625
