status,intersection
Core,4.838709677419355
Non-core,2.6315789473684212
