status,intersection
Core,6.753246753246753
Non-core,4.961832061068702
