status,intersection
Core,6.372549019607843
Non-core,6.504065040650406
