status,intersection
Core,12.322274881516588
Non-core,10.852713178294573
