status,intersection
Core,2.5139664804469275
Non-core,2.3529411764705883
