status,intersection
Core,3.2911392405063293
Non-core,1.8181818181818181
