status,intersection
Core,9.541984732824428
Non-core,8.045977011494253
