status,intersection
Core,10.88888888888889
Non-core,9.415584415584416
