status,intersection
Core,8.167770419426049
Non-core,6.896551724137931
