status,intersection
Core,1.881720430107527
Non-core,2.3076923076923075
