status,intersection
Core,11.688311688311689
Non-core,8.88888888888889
