status,intersection
Core,7.207207207207207
Non-core,5.633802816901408
