status,intersection
Core,11.023622047244094
Non-core,6.329113924050633
