status,intersection
Core,6.4935064935064934
Non-core,6.083650190114068
