status,intersection
Core,10.204081632653061
Non-core,9.395973154362416
