status,intersection
Core,2.824858757062147
Non-core,1.646090534979424
