status,intersection
Core,9.076682316118935
Non-core,6.852248394004283
