status,intersection
Core,9.63855421686747
Non-core,3.8461538461538463
