status,intersection
Core,5.912596401028278
Non-core,5.434782608695652
