status,intersection
Core,6.876790830945558
Non-core,3.3057851239669422
