status,intersection
Core,3.6931818181818183
Non-core,3.3755274261603376
