status,intersection
Core,4.285714285714286
Non-core,1.9607843137254901
