status,intersection
Core,1.6129032258064515
Non-core,2.6315789473684212
