status,intersection
Core,9.94475138121547
Non-core,5.714285714285714
