status,intersection
Core,8.73015873015873
Non-core,3.8461538461538463
