status,intersection
Core,10.79136690647482
Non-core,6.315789473684211
