status,intersection
Core,10.945273631840797
Non-core,9.642857142857142
