status,intersection
Core,0.29411764705882354
Non-core,0.4219409282700422
