status,intersection
Core,10.264900662251655
Non-core,8.775981524249422
