status,intersection
Core,6.086956521739131
Non-core,2.7777777777777777
