status,intersection
Core,14.849624060150376
Non-core,11.671087533156498
