status,intersection
Core,7.894736842105263
Non-core,8.450704225352112
