status,intersection
Core,2.6548672566371683
Non-core,2.127659574468085
