status,intersection
Core,8.201058201058201
Non-core,7.335907335907336
