status,intersection
Core,6.73469387755102
Non-core,5.373134328358209
