status,intersection
Core,7.216494845360825
Non-core,7.116104868913857
