status,intersection
Core,4.516129032258065
Non-core,2.542372881355932
