status,intersection
Core,4.8076923076923075
Non-core,4.3478260869565215
