status,intersection
Core,8.649789029535865
Non-core,5.654761904761905
