status,intersection
Core,9.774436090225564
Non-core,8.045977011494253
