status,intersection
Core,3.5242290748898677
Non-core,3.048780487804878
