status,intersection
Core,13.076923076923077
Non-core,9.722222222222221
