status,intersection
Core,9.18918918918919
Non-core,8.49056603773585
