status,intersection
Core,5.369127516778524
Non-core,6.185567010309279
