status,intersection
Core,14.554794520547945
Non-core,11.246943765281173
