status,intersection
Core,14.970059880239521
Non-core,11.224489795918368
