status,intersection
Core,5.084745762711864
Non-core,2.717391304347826
