status,intersection
Core,10.240963855421686
Non-core,8.333333333333334
