status,intersection
Core,11.886304909560723
Non-core,7.806691449814126
