status,intersection
Core,8.353221957040573
Non-core,5.743243243243243
