status,intersection
Core,4.289544235924933
Non-core,3.5714285714285716
