status,intersection
Core,11.029411764705882
Non-core,9.195402298850574
