status,intersection
Core,10.218978102189782
Non-core,4.545454545454546
