status,intersection
Core,3.713527851458886
Non-core,2.681992337164751
