status,intersection
Core,0.8645533141210374
Non-core,0.819672131147541
