status,intersection
Core,4.7091412742382275
Non-core,3.278688524590164
