status,intersection
Core,12.264150943396226
Non-core,10.309278350515465
