status,intersection
Core,3.2544378698224854
Non-core,2.127659574468085
