status,intersection
Core,10.869565217391305
Non-core,9.090909090909092
