status,intersection
Core,5.607476635514018
Non-core,4.545454545454546
