status,intersection
Core,2.793296089385475
Non-core,1.7793594306049823
