status,intersection
Core,6.185567010309279
Non-core,7.017543859649122
