status,intersection
Core,3.585657370517928
Non-core,2.9411764705882355
