status,intersection
Core,2.7777777777777777
Non-core,2.347417840375587
