status,intersection
Core,6.481481481481482
Non-core,7.142857142857143
