status,intersection
Core,1.859504132231405
Non-core,0.7978723404255319
