status,intersection
Core,8.571428571428571
Non-core,4.166666666666667
