status,intersection
Core,3.389830508474576
Non-core,3.5714285714285716
