status,intersection
Core,5.785123966942149
Non-core,4.545454545454546
