status,intersection
Core,2.494802494802495
Non-core,1.392757660167131
