status,intersection
Core,5.660377358490566
Non-core,2.4390243902439024
