status,intersection
Core,1.8433179723502304
Non-core,2.9197080291970803
