status,intersection
Core,9.433962264150944
Non-core,5.405405405405405
