status,intersection
Core,1.2647554806070826
Non-core,0.6544502617801047
