status,intersection
Core,3.6144578313253013
Non-core,1.639344262295082
