status,intersection
Core,7.894736842105263
Non-core,4.918032786885246
