status,intersection
Core,12.244897959183673
Non-core,7.894736842105263
