status,intersection
Core,8.695652173913043
Non-core,10.909090909090908
