status,intersection
Core,3.9145907473309607
Non-core,2.7624309392265194
