status,intersection
Core,5.591397849462366
Non-core,3.4055727554179565
