status,intersection
Core,9.32642487046632
Non-core,8.396946564885496
