status,intersection
Core,4.0060851926977685
Non-core,2.957486136783734
