status,intersection
Core,9.9601593625498
Non-core,6.024096385542169
