status,intersection
Core,3.629032258064516
Non-core,2.3529411764705883
