status,intersection
Core,1.0526315789473684
Non-core,0.704225352112676
