status,intersection
Core,6.431535269709544
Non-core,5.8495821727019495
