status,intersection
Core,2.7131782945736433
Non-core,0.6060606060606061
