status,intersection
Core,2.0725388601036268
Non-core,1.5151515151515151
