status,intersection
Core,2.37467018469657
Non-core,2.2813688212927756
