status,intersection
Core,3.553299492385787
Non-core,2.272727272727273
