status,intersection
Core,0.3856041131105398
Non-core,0.5145797598627787
