status,intersection
Core,3.763440860215054
Non-core,0.7936507936507936
