status,intersection
Core,0.8810572687224669
Non-core,0.5714285714285714
