status,intersection
Core,2.9411764705882355
Non-core,2.0618556701030926
