status,intersection
Core,0.5952380952380952
Non-core,0.819672131147541
