status,intersection
Core,6.498194945848375
Non-core,4.1450777202072535
