status,intersection
Core,0.9615384615384616
Non-core,0.6289308176100629
