status,intersection
Core,7.8231292517006805
Non-core,5.825242718446602
