status,intersection
Core,1.2875536480686696
Non-core,1.1695906432748537
