status,intersection
Core,1.1527377521613833
Non-core,0.8547008547008547
