status,intersection
Core,0.632577754348972
Non-core,0.5124919923126201
