status,intersection
Core,3.7914691943127963
Non-core,4.032258064516129
