status,intersection
Core,2.6881720430107525
Non-core,2.727272727272727
