status,intersection
Core,4.322766570605188
Non-core,3.7974683544303796
