status,intersection
Core,1.834862385321101
Non-core,2.0661157024793386
