status,intersection
Core,3.896103896103896
Non-core,1.9607843137254901
