status,intersection
Core,3.883495145631068
Non-core,6.122448979591836
