status,intersection
Core,6.563245823389021
Non-core,4.746835443037975
