status,intersection
Core,4.178272980501393
Non-core,2.443280977312391
