status,intersection
Core,2.717391304347826
Non-core,2.2304832713754648
