status,intersection
Core,2.845528455284553
Non-core,2.3255813953488373
