status,intersection
Core,1.3245033112582782
Non-core,1.075268817204301
