status,intersection
Core,1.7937219730941705
Non-core,1.8404907975460123
