status,intersection
Core,2.04778156996587
Non-core,1.834862385321101
