status,intersection
Core,6.133333333333334
Non-core,4.280155642023346
