status,intersection
Core,3.0837004405286343
Non-core,2.4096385542168677
