status,intersection
Core,3.883495145631068
Non-core,4.761904761904762
