status,intersection
Core,2.661596958174905
Non-core,2.2222222222222223
