status,intersection
Core,7.178217821782178
Non-core,5.054151624548736
