status,intersection
Core,2.0202020202020203
Non-core,2.479338842975207
