status,intersection
Core,0.831946755407654
Non-core,0.6224066390041494
