status,intersection
Core,6.787330316742081
Non-core,4.72972972972973
