status,intersection
Core,1.7374517374517375
Non-core,1.3736263736263736
