status,intersection
Core,2.3391812865497075
Non-core,1.7543859649122806
