status,intersection
Core,1.0695187165775402
Non-core,0.7194244604316546
