status,intersection
Core,5.7591623036649215
Non-core,4.615384615384615
