status,intersection
Core,1.9455252918287937
Non-core,1.7857142857142858
