status,intersection
Core,14.095238095238095
Non-core,11.082474226804123
