status,intersection
Core,3.7037037037037037
Non-core,3.8461538461538463
