status,intersection
Core,2.5280898876404496
Non-core,2.109704641350211
