status,intersection
Core,0.819672131147541
Non-core,0.7915567282321899
