status,intersection
Core,1.5789473684210527
Non-core,1.5748031496062993
