status,intersection
Core,1.5151515151515151
Non-core,0.7352941176470589
