status,intersection
Core,4.724409448818897
Non-core,4.301075268817204
