status,intersection
Core,2.7149321266968327
Non-core,2.4539877300613497
