status,intersection
Core,2.2346368715083798
Non-core,2.4193548387096775
