status,intersection
Core,0.5347593582887701
Non-core,0.7194244604316546
