status,intersection
Core,2.304147465437788
Non-core,0.6535947712418301
