status,intersection
Core,8.974358974358974
Non-core,5.228758169934641
