status,intersection
Core,1.4836795252225519
Non-core,0.8733624454148472
