status,intersection
Core,3.278688524590164
Non-core,4.3478260869565215
