status,intersection
Core,8.786610878661088
Non-core,3.5502958579881656
