status,intersection
Core,4.3478260869565215
Non-core,3.1847133757961785
