status,intersection
Core,3.3434650455927053
Non-core,2.2222222222222223
