status,intersection
Core,5.325443786982248
Non-core,4.385964912280702
