status,intersection
Core,1.4005602240896358
Non-core,1.1673151750972763
