status,intersection
Core,4.8034934497816595
Non-core,2.395209580838323
