status,intersection
Core,5.649717514124294
Non-core,4.466727438468551
