status,intersection
Core,6.049822064056939
Non-core,4.712041884816754
