status,intersection
Core,10.096153846153847
Non-core,7.352941176470588
