status,intersection
Core,0.8053691275167785
Non-core,0.7194244604316546
