status,intersection
Core,5.109489051094891
Non-core,3.7383177570093458
