status,intersection
Core,1.8018018018018018
Non-core,1.3245033112582782
