status,intersection
Core,2.904564315352697
Non-core,1.2820512820512822
