status,intersection
Core,1.7937219730941705
Non-core,1.829268292682927
