status,intersection
Core,2.7874564459930316
Non-core,1.0309278350515463
