status,intersection
Core,5.439330543933054
Non-core,3.4285714285714284
