status,intersection
Core,6.273062730627307
Non-core,5.172413793103448
