status,intersection
Core,1.6042780748663101
Non-core,0.7246376811594203
