status,intersection
Core,0.9615384615384616
Non-core,0.6329113924050633
