status,intersection
Core,6.0606060606060606
Non-core,11.764705882352942
