status,intersection
Core,3.1578947368421053
Non-core,3.0927835051546393
