status,intersection
Core,11.320754716981131
Non-core,13.333333333333334
