status,intersection
Core,8.521303258145364
Non-core,5.633802816901408
