status,intersection
Core,2.3346303501945527
Non-core,2.366863905325444
