status,intersection
Core,5.392156862745098
Non-core,3.676470588235294
