status,intersection
Core,7.829181494661921
Non-core,3.867403314917127
