status,intersection
Core,2.097902097902098
Non-core,1.941747572815534
