status,intersection
Core,1.044776119402985
Non-core,0.8695652173913043
