status,intersection
Core,0.5524861878453039
Non-core,0.7633587786259542
