status,intersection
Core,9.333333333333334
Non-core,5.769230769230769
