status,intersection
Core,3.717472118959108
Non-core,1.6216216216216217
