status,intersection
Core,0.8241758241758241
Non-core,0.3472222222222222
