status,intersection
Core,2.7649769585253456
Non-core,0.6896551724137931
