status,intersection
Core,5.904059040590406
Non-core,4.522613065326633
