status,intersection
Core,3.1578947368421053
Non-core,3.4482758620689653
