status,intersection
Core,7.024793388429752
Non-core,4.437869822485207
