status,intersection
Core,3.8095238095238093
Non-core,4.081632653061225
