status,intersection
Core,3.056768558951965
Non-core,2.6315789473684212
