status,intersection
Core,4.105090311986864
Non-core,2.978723404255319
