status,intersection
Core,3.712871287128713
Non-core,2.364864864864865
