status,intersection
Core,2.8213166144200628
Non-core,2.6548672566371683
