status,intersection
Core,4.514672686230249
Non-core,3.1545741324921135
