status,intersection
Core,4.587155963302752
Non-core,6.779661016949152
