status,intersection
Core,7.169811320754717
Non-core,6.111111111111111
