status,intersection
Core,7.4498567335243555
Non-core,4.942965779467681
