status,intersection
Core,4.787234042553192
Non-core,5.172413793103448
