status,intersection
Core,1.6574585635359116
Non-core,1.550387596899225
