status,intersection
Core,3.5483870967741935
Non-core,2.3696682464454977
