status,intersection
Core,4.326923076923077
Non-core,3.4965034965034967
