status,intersection
Core,0.7005253940455342
Non-core,0.4694835680751174
