status,intersection
Core,4.072398190045249
Non-core,1.2738853503184713
