status,intersection
Core,3.755868544600939
Non-core,2.0408163265306123
