status,intersection
Core,1.9920318725099602
Non-core,2.4691358024691357
