status,intersection
Core,4.942965779467681
Non-core,3.4482758620689653
