status,intersection
Core,7.530120481927711
Non-core,4.97737556561086
