status,intersection
Core,1.941747572815534
Non-core,1.9867549668874172
