status,intersection
Core,1.2658227848101267
Non-core,0.43478260869565216
