status,intersection
Core,9.24092409240924
Non-core,6.030150753768845
