status,intersection
Core,2.926829268292683
Non-core,2.7210884353741496
