status,intersection
Core,3.292181069958848
Non-core,2.7472527472527473
