status,intersection
Core,3.8062283737024223
Non-core,2.4038461538461537
