status,intersection
Core,2.8688524590163933
Non-core,1.7341040462427746
