status,intersection
Core,1.744186046511628
Non-core,1.7543859649122806
