status,intersection
Core,4.608294930875576
Non-core,3.3112582781456954
