status,intersection
Core,3.007518796992481
Non-core,2.380952380952381
