status,intersection
Core,1.596806387225549
Non-core,0.7731958762886598
