status,intersection
Core,0.970873786407767
Non-core,0.6410256410256411
