status,intersection
Core,2.304147465437788
Non-core,1.4598540145985401
