status,intersection
Core,2.5609756097560976
Non-core,1.74503150751333
