status,intersection
Core,8.372093023255815
Non-core,8.870967741935484
