status,intersection
Core,6.356968215158925
Non-core,5.405405405405405
