status,intersection
Core,13.90134529147982
Non-core,13.333333333333334
