status,intersection
Core,4.932735426008969
Non-core,2.5641025641025643
