status,intersection
Core,8.49056603773585
Non-core,4.615384615384615
