status,intersection
Core,15.934065934065934
Non-core,15.384615384615385
