status,intersection
Core,12.698412698412698
Non-core,13.157894736842104
