status,intersection
Core,6.521739130434782
Non-core,6.349206349206349
