status,intersection
Core,5.275779376498801
Non-core,3.668261562998405
