status,intersection
Core,14.765100671140939
Non-core,15.730337078651685
