status,intersection
Core,17.93103448275862
Non-core,21.794871794871796
