status,intersection
Core,13.548387096774194
Non-core,14.736842105263158
