status,intersection
Core,3.092243186582809
Non-core,2.1642266072565244
