status,intersection
Core,12.280701754385966
Non-core,13.10344827586207
