status,intersection
Core,8.13953488372093
Non-core,7.8431372549019605
