status,intersection
Core,11.688311688311689
Non-core,8.333333333333334
