status,intersection
Core,15.189873417721518
Non-core,14.482758620689655
