status,intersection
Core,16.89189189189189
Non-core,18.681318681318682
