status,intersection
Core,8.92018779342723
Non-core,7.28476821192053
