status,intersection
Core,13.008130081300813
Non-core,16.417910447761194
