status,intersection
Core,4.931506849315069
Non-core,4.123711340206185
