status,intersection
Core,11.578947368421053
Non-core,9.23076923076923
