status,intersection
Core,9.21985815602837
Non-core,9.63855421686747
