status,intersection
Core,11.403508771929825
Non-core,13.333333333333334
