status,intersection
Core,6.6115702479338845
Non-core,5.194805194805195
