status,intersection
Core,7.425742574257426
Non-core,6.451612903225806
