status,intersection
Core,13.496932515337424
Non-core,10.1010101010101
