status,intersection
Core,11.290322580645162
Non-core,12.820512820512821
