status,intersection
Core,5.459057071960298
Non-core,4.838709677419355
