status,intersection
Core,4.516129032258065
Non-core,5.454545454545454
