status,intersection
Core,12.389380530973451
Non-core,11.267605633802816
