status,intersection
Core,5.645161290322581
Non-core,4.2105263157894735
