status,intersection
Core,6.312769010043041
Non-core,4.918032786885246
