status,intersection
Core,4.746044962531224
Non-core,3.8560411311053984
