status,intersection
Core,8.421052631578947
Non-core,11.538461538461538
