status,intersection
Core,3.7267080745341614
Non-core,4.424778761061947
