status,intersection
Core,14.598540145985401
Non-core,19.047619047619047
