status,intersection
Core,14.18918918918919
Non-core,12.631578947368421
