status,intersection
Core,9.30232558139535
Non-core,11.267605633802816
