status,intersection
Core,4.672897196261682
Non-core,2.5641025641025643
