status,intersection
Core,11.688311688311689
Non-core,13.978494623655914
