status,intersection
Core,16.025641025641026
Non-core,16.27906976744186
