status,intersection
Core,3.6231884057971016
Non-core,4.166666666666667
