status,intersection
Core,10.434782608695652
Non-core,12.121212121212121
