status,intersection
Core,4.7440699126092385
Non-core,4.013377926421405
