status,intersection
Core,5.654281098546042
Non-core,4.525862068965517
