status,intersection
Core,8.474576271186441
Non-core,2.73972602739726
