status,intersection
Core,8.16326530612245
Non-core,10.169491525423728
