status,intersection
Core,10.294117647058824
Non-core,9.473684210526315
