status,intersection
Core,13.071895424836601
Non-core,10.576923076923077
