status,intersection
Core,8.16326530612245
Non-core,8.19672131147541
