status,intersection
Core,12.084592145015106
Non-core,11.320754716981131
