status,intersection
Core,4.819277108433735
Non-core,8.16326530612245
