status,intersection
Core,8.571428571428571
Non-core,8.074534161490684
