status,intersection
Core,13.461538461538462
Non-core,13.68421052631579
