status,intersection
Core,20.454545454545453
Non-core,17.72151898734177
