status,intersection
Core,6.392694063926941
Non-core,6.293706293706293
