status,intersection
Core,9.316770186335404
Non-core,8.181818181818182
