status,intersection
Core,9.554140127388536
Non-core,11.235955056179776
