status,intersection
Core,14.285714285714286
Non-core,15.068493150684931
