status,intersection
Core,2.857142857142857
Non-core,3.896103896103896
