status,intersection
Core,12.422360248447205
Non-core,12.222222222222221
