status,intersection
Core,20.52980132450331
Non-core,23.863636363636363
