status,intersection
Core,7.865168539325842
Non-core,8.19672131147541
