status,intersection
Core,9.195402298850574
Non-core,5.769230769230769
