status,intersection
Core,7.407407407407407
Non-core,4.761904761904762
