status,intersection
Core,7.854984894259819
Non-core,6.172839506172839
