status,intersection
Core,17.02127659574468
Non-core,18.91891891891892
