status,intersection
Core,3.8999264164827077
Non-core,2.759276879162702
