status,intersection
Core,14.814814814814815
Non-core,14.084507042253522
