status,intersection
Core,9.89010989010989
Non-core,6.837606837606837
