status,intersection
Core,12.612612612612613
Non-core,15.942028985507246
