status,intersection
Core,5.376344086021505
Non-core,5.172413793103448
