status,intersection
Core,9.448818897637794
Non-core,8.433734939759036
