status,intersection
Core,7.766990291262136
Non-core,9.090909090909092
