status,intersection
Core,10.29810298102981
Non-core,8.94308943089431
