status,intersection
Core,7.964601769911504
Non-core,5.421686746987952
