status,intersection
Core,11.666666666666666
Non-core,14.084507042253522
