status,intersection
Core,10.106382978723405
Non-core,9.917355371900827
