status,intersection
Core,12.272727272727273
Non-core,10.687022900763358
