status,intersection
Core,9.734513274336283
Non-core,12.698412698412698
