status,intersection
Core,12.834224598930481
Non-core,10.169491525423728
