status,intersection
Core,11.538461538461538
Non-core,11.666666666666666
