status,intersection
Core,15.172413793103448
Non-core,18.42105263157895
