status,intersection
Core,11.971830985915492
Non-core,14.102564102564102
