status,intersection
Core,9.649122807017545
Non-core,12.698412698412698
