status,intersection
Core,8.860759493670885
Non-core,7.8431372549019605
