status,intersection
Core,16.867469879518072
Non-core,14.285714285714286
