status,intersection
Core,1.1111111111111112
Non-core,1.6129032258064515
