status,intersection
Core,9.615384615384615
Non-core,9.21985815602837
