status,intersection
Core,15.714285714285714
Non-core,16.27906976744186
