status,intersection
Core,13.934426229508198
Non-core,17.80821917808219
