status,intersection
Core,6.097560975609756
Non-core,10.416666666666666
