status,intersection
Core,13.839285714285714
Non-core,13.66906474820144
