status,intersection
Core,6.923076923076923
Non-core,6.185567010309279
