status,intersection
Core,6.666666666666667
Non-core,10.169491525423728
