status,intersection
Core,5.05050505050505
Non-core,5.714285714285714
