status,intersection
Core,15.217391304347826
Non-core,17.647058823529413
