status,intersection
Core,10.628019323671497
Non-core,10.638297872340425
