status,intersection
Core,7.377049180327869
Non-core,2.9411764705882355
