status,intersection
Core,5.825242718446602
Non-core,7.462686567164179
