status,intersection
Core,8.185053380782918
Non-core,6.842105263157895
