status,intersection
Core,5.217391304347826
Non-core,3.4482758620689653
