status,intersection
Core,1.6260162601626016
Non-core,0.7407407407407407
