status,intersection
Core,3.883495145631068
Non-core,1.4492753623188406
