status,intersection
Core,1.2698412698412698
Non-core,0.91324200913242
