status,intersection
Core,3.937007874015748
Non-core,2.9411764705882355
