status,intersection
Core,1.6574585635359116
Non-core,1.6129032258064515
