status,intersection
Core,2.027027027027027
Non-core,2.150537634408602
