status,intersection
Core,8.108108108108109
Non-core,7.6923076923076925
