status,intersection
Core,1.1270491803278688
Non-core,0.4037685060565276
