status,intersection
Core,0.8791208791208791
Non-core,0.5706134094151213
