status,intersection
Core,0.5886681383370125
Non-core,0.36596523330283626
