status,intersection
Core,0.8631319358816276
Non-core,0.4942339373970346
