status,intersection
Core,0.5306122448979592
Non-core,0.24342745861733203
