status,intersection
Core,1.834862385321101
Non-core,1.6129032258064515
