status,intersection
Core,1.82648401826484
Non-core,0.974025974025974
