status,intersection
Core,2.482269503546099
Non-core,1.092896174863388
