status,intersection
Core,5.405405405405405
Non-core,2.73972602739726
