status,intersection
Core,3.5211267605633805
Non-core,2.197802197802198
