status,intersection
Core,5.333333333333333
Non-core,4.545454545454546
