status,intersection
Core,3.409090909090909
Non-core,2.3255813953488373
