status,intersection
Core,0.8202833706189411
Non-core,0.2892960462873674
