status,intersection
Core,5.217391304347826
Non-core,3.896103896103896
