status,intersection
Core,3.468208092485549
Non-core,1.7543859649122806
