status,intersection
Core,2.5316455696202533
Non-core,2.3255813953488373
