status,intersection
Core,2.5210084033613445
Non-core,2.2222222222222223
