status,intersection
Core,1.3651877133105803
Non-core,0.4608294930875576
