status,intersection
Core,0.8403361344537815
Non-core,0.39215686274509803
