status,intersection
Core,1.9138755980861244
Non-core,1.6129032258064515
