status,intersection
Core,4.25531914893617
Non-core,10.526315789473685
