status,intersection
Core,1.7595307917888563
Non-core,0.8849557522123894
