status,intersection
Core,0.746268656716418
Non-core,1.0638297872340425
