status,intersection
Core,1.5337423312883436
Non-core,0.8298755186721992
