status,intersection
Core,1.2539184952978057
Non-core,0.7662835249042146
