status,intersection
Core,1.6835016835016836
Non-core,0.8385744234800838
