status,intersection
Core,2.857142857142857
Non-core,2.4390243902439024
