status,intersection
Core,6.024096385542169
Non-core,6.122448979591836
