status,intersection
Core,3.7037037037037037
Non-core,1.7857142857142858
