status,intersection
Core,3.314917127071823
Non-core,1.941747572815534
