status,intersection
Core,0.9267059814658803
Non-core,0.39215686274509803
