status,intersection
Core,2.08955223880597
Non-core,1.3761467889908257
