status,intersection
Core,4.854368932038835
Non-core,3.0303030303030303
