status,intersection
Core,2.254428341384863
Non-core,1.0570824524312896
