status,intersection
Core,4.301075268817204
Non-core,1.4285714285714286
