status,intersection
Core,2.7545909849749584
Non-core,1.9404915912031049
