status,intersection
Core,5.607476635514018
Non-core,1.4492753623188406
