status,intersection
Core,3.3596837944664033
Non-core,2.1333333333333333
