status,intersection
Core,4.316546762589928
Non-core,2.6455026455026456
