status,intersection
Core,4.597701149425287
Non-core,1.5384615384615385
