status,intersection
Core,9.25925925925926
Non-core,6.666666666666667
