status,intersection
Core,1.2684989429175475
Non-core,0.60790273556231
