status,intersection
Core,1.2468827930174564
Non-core,1.0067114093959733
