status,intersection
Core,4.117647058823529
Non-core,3.4188034188034186
