status,intersection
Core,1.0810810810810811
Non-core,0.746268656716418
