status,intersection
Core,5.607476635514018
Non-core,3.0303030303030303
