status,intersection
Core,3.3783783783783785
Non-core,1.0869565217391304
