status,intersection
Core,4.761904761904762
Non-core,1.7543859649122806
