status,intersection
Core,1.7391304347826086
Non-core,1.2048192771084338
