status,intersection
Core,3.488372093023256
Non-core,1.0695187165775402
