status,intersection
Core,2.6315789473684212
Non-core,2.097902097902098
