status,intersection
Core,3.0172413793103448
Non-core,1.3157894736842106
