status,intersection
Core,4.938271604938271
Non-core,4.25531914893617
