status,intersection
Core,4.444444444444445
Non-core,1.5151515151515151
