status,intersection
Core,5.797101449275362
Non-core,2.127659574468085
