status,intersection
Core,2.293577981651376
Non-core,0.6944444444444444
