status,intersection
Core,5.128205128205129
Non-core,1.8181818181818181
