status,intersection
Core,0.6716417910447762
Non-core,0.0966183574879227
