status,intersection
Core,1.4005602240896358
Non-core,0.7168458781362007
