status,intersection
Core,2.0725388601036268
Non-core,0.8695652173913043
