status,intersection
Core,1.639344262295082
Non-core,0.7518796992481203
