status,intersection
Core,0.8438818565400844
Non-core,0.1310615989515072
