status,intersection
Core,1.839080459770115
Non-core,0.6557377049180327
