status,intersection
Core,1.2474012474012475
Non-core,0.27932960893854747
