status,intersection
Core,5.47945205479452
Non-core,2.2222222222222223
