status,intersection
Core,6.557377049180328
Non-core,3.3333333333333335
