status,intersection
Core,2.5641025641025643
Non-core,0.746268656716418
