status,intersection
Core,1.353637901861252
Non-core,0.4424778761061947
