status,intersection
Core,0.45871559633027525
Non-core,0.6060606060606061
