status,intersection
Core,2.8735632183908044
Non-core,2.3255813953488373
