status,intersection
Core,5.2805280528052805
Non-core,4.910714285714286
