status,intersection
Core,7.298136645962733
Non-core,5.950991831971995
