status,intersection
Core,1.3824884792626728
Non-core,1.2121212121212122
