status,intersection
Core,6.306306306306307
Non-core,8.108108108108109
