status,intersection
Core,5.777777777777778
Non-core,5.69620253164557
