status,intersection
Core,2.5974025974025974
Non-core,1.6853932584269662
