status,intersection
Core,9.465020576131687
Non-core,8.823529411764707
