status,intersection
Core,5.8558558558558556
Non-core,3.1645569620253164
