status,intersection
Core,10.256410256410257
Non-core,11.347517730496454
