status,intersection
Core,10.21671826625387
Non-core,9.166666666666666
