status,intersection
Core,5.217391304347826
Non-core,6.944444444444445
