status,intersection
Core,8.26086956521739
Non-core,8.433734939759036
