status,intersection
Core,1.4285714285714286
Non-core,0.6802721088435374
