status,intersection
Core,6.617647058823529
Non-core,8.823529411764707
