status,intersection
Core,4.526748971193416
Non-core,2.9585798816568047
