status,intersection
Core,6.206896551724138
Non-core,4.424778761061947
