status,intersection
Core,2.388059701492537
Non-core,2.314814814814815
