status,intersection
Core,7.627118644067797
Non-core,5.882352941176471
