status,intersection
Core,7.083333333333333
Non-core,6.88622754491018
