status,intersection
Core,9.420289855072463
Non-core,10.588235294117647
