status,intersection
Core,10.588235294117647
Non-core,10.576923076923077
