status,intersection
Core,10.112359550561798
Non-core,8.695652173913043
