status,intersection
Core,12.688821752265861
Non-core,11.160714285714286
