status,intersection
Core,5.982905982905983
Non-core,6.349206349206349
