status,intersection
Core,2.0408163265306123
Non-core,4.3478260869565215
