status,intersection
Core,8.298755186721992
Non-core,5.9171597633136095
