status,intersection
Core,11.764705882352942
Non-core,17.647058823529413
