status,intersection
Core,4.281345565749236
Non-core,3.5714285714285716
