status,intersection
Core,3.1204644412191582
Non-core,2.4482109227871938
