status,intersection
Core,3.755868544600939
Non-core,3.1446540880503147
