status,intersection
Core,6.944444444444445
Non-core,7.317073170731708
