status,intersection
Core,2.3217247097844114
Non-core,1.4644351464435146
