status,intersection
Core,7.817589576547231
Non-core,6.392694063926941
