status,intersection
Core,12.878787878787879
Non-core,12.941176470588236
