status,intersection
Core,12.727272727272727
Non-core,10.476190476190476
