status,intersection
Core,7.876712328767123
Non-core,6.872037914691943
