status,intersection
Core,10.052910052910052
Non-core,9.523809523809524
