status,intersection
Core,17.086834733893557
Non-core,15.298507462686567
