status,intersection
Core,7.751937984496124
Non-core,6.4935064935064934
