status,intersection
Core,5.154639175257732
Non-core,8.333333333333334
