status,intersection
Core,4.032258064516129
Non-core,2.4691358024691357
