status,intersection
Core,7.6923076923076925
Non-core,12.903225806451612
