status,intersection
Core,7.468879668049793
Non-core,6.214689265536723
