status,intersection
Core,16.929133858267715
Non-core,14.917127071823204
