status,intersection
Core,0.4784688995215311
Non-core,0.6369426751592356
