status,intersection
Core,4.761904761904762
Non-core,1.8633540372670807
