status,intersection
Core,12.953367875647668
Non-core,11.643835616438356
