status,intersection
Core,6.545454545454546
Non-core,6.111111111111111
