status,intersection
Core,9.393939393939394
Non-core,8.035714285714286
