status,intersection
Core,4.166666666666667
Non-core,3.585657370517928
