status,intersection
Core,6.944444444444445
Non-core,7.142857142857143
