status,intersection
Core,12.250712250712251
Non-core,9.44206008583691
