status,intersection
Core,9.731543624161073
Non-core,8.035714285714286
