status,intersection
Core,1.5088013411567478
Non-core,0.651890482398957
