status,intersection
Core,5.371900826446281
Non-core,1.7964071856287425
