status,intersection
Core,3.626943005181347
Non-core,2.830188679245283
