status,intersection
Core,10.104529616724738
Non-core,8.962264150943396
