status,intersection
Core,5.288461538461538
Non-core,5.343511450381679
