status,intersection
Core,17.105263157894736
Non-core,19.791666666666668
