status,intersection
Core,4.1420118343195265
Non-core,4.878048780487805
