status,intersection
Core,3.543307086614173
Non-core,3.508771929824561
