status,intersection
Core,10.280373831775702
Non-core,18.181818181818183
