status,intersection
Core,10.548523206751055
Non-core,8.670520231213873
