status,intersection
Core,3.1963470319634704
Non-core,2.9411764705882355
