status,intersection
Core,10.507246376811594
Non-core,8.910891089108912
