status,intersection
Core,10.504201680672269
Non-core,7.878787878787879
