status,intersection
Core,9.202453987730062
Non-core,8.256880733944953
