status,intersection
Core,2.242152466367713
Non-core,2.3529411764705883
