status,intersection
Core,13.120567375886525
Non-core,10.447761194029852
