status,intersection
Core,6.593406593406593
Non-core,4.464285714285714
