status,intersection
Core,8.49056603773585
Non-core,10.526315789473685
