status,intersection
Core,2.2123893805309733
Non-core,2.857142857142857
