status,intersection
Core,5.05050505050505
Non-core,6.779661016949152
