status,intersection
Core,13.533834586466165
Non-core,14.102564102564102
