status,intersection
Core,4.180064308681672
Non-core,5.2631578947368425
