status,intersection
Core,3.3472803347280333
Non-core,1.1627906976744187
