status,intersection
Core,11.848341232227488
Non-core,10.883280757097792
