status,intersection
Core,12.222222222222221
Non-core,14.285714285714286
