status,intersection
Core,3.5608308605341246
Non-core,4.128440366972477
