status,intersection
Core,1.5050167224080269
Non-core,1.1261261261261262
