status,intersection
Core,7.264957264957265
Non-core,7.831325301204819
