status,intersection
Core,2.450980392156863
Non-core,1.8779342723004695
