status,intersection
Core,3.8251366120218577
Non-core,2.9702970297029703
