status,intersection
Core,5.819838056680162
Non-core,4.858548585485855
