status,intersection
Core,3.463203463203463
Non-core,1.1363636363636365
