status,intersection
Core,11.788617886178862
Non-core,11.428571428571429
