status,intersection
Core,12.727272727272727
Non-core,31.57894736842105
