status,intersection
Core,4.822335025380711
Non-core,5.0359712230215825
