status,intersection
Core,1.8604651162790697
Non-core,1.2345679012345678
