status,intersection
Core,7.777777777777778
Non-core,11.627906976744185
