status,intersection
Core,8.396946564885496
Non-core,10.497237569060774
