status,intersection
Core,2.2123893805309733
Non-core,1.7241379310344827
