status,intersection
Core,1.702127659574468
Non-core,0.5988023952095808
