status,intersection
Core,8.366533864541832
Non-core,7.865168539325842
