status,intersection
Core,4.484304932735426
Non-core,4.3478260869565215
