status,intersection
Core,6.840390879478828
Non-core,6.6371681415929205
