status,intersection
Core,10.436893203883495
Non-core,9.627329192546584
