status,intersection
Core,2.2900763358778624
Non-core,3.1746031746031744
