status,intersection
Core,1.4354066985645932
Non-core,1.9736842105263157
