status,intersection
Core,9.195402298850574
Non-core,7.017543859649122
