status,intersection
Core,13.055954088952655
Non-core,10.498220640569395
