status,intersection
Core,3.7313432835820897
Non-core,3.3333333333333335
