status,intersection
Core,10.15625
Non-core,11.538461538461538
