status,intersection
Core,8.256880733944953
Non-core,8.474576271186441
