status,intersection
Core,1.1956521739130435
Non-core,0.9971509971509972
