status,intersection
Core,3.4313725490196076
Non-core,2.684563758389262
