status,intersection
Core,1.5706806282722514
Non-core,1.4705882352941178
