status,intersection
Core,9.883720930232558
Non-core,9.00900900900901
