status,intersection
Core,12.941176470588236
Non-core,11.11111111111111
