status,intersection
Core,8.930232558139535
Non-core,7.785888077858881
