status,intersection
Core,3.932584269662921
Non-core,4.132231404958677
