status,intersection
Core,4.2682926829268295
Non-core,4.62962962962963
