status,intersection
Core,6.487341772151899
Non-core,4.752475247524752
