status,intersection
Core,5.490196078431373
Non-core,4.651162790697675
