status,intersection
Core,1.8604651162790697
Non-core,0.6578947368421053
