status,intersection
Core,7.382550335570469
Non-core,5.936073059360731
