status,intersection
Core,9.120521172638437
Non-core,7.981220657276995
