status,intersection
Core,11.02661596958175
Non-core,10.674157303370787
