status,intersection
Core,3.2110091743119265
Non-core,3.048780487804878
