status,intersection
Core,6.42570281124498
Non-core,4.545454545454546
