status,intersection
Core,11.290322580645162
Non-core,8.78048780487805
