status,intersection
Core,6.4935064935064934
Non-core,7.608695652173913
