status,intersection
Core,17.037037037037038
Non-core,17.24137931034483
