status,intersection
Core,8.579881656804734
Non-core,7.327586206896552
