status,intersection
Core,7.7272727272727275
Non-core,8.724832214765101
