status,intersection
Core,8.455882352941176
Non-core,7.9787234042553195
