status,intersection
Core,6.0046189376443415
Non-core,5.9748427672955975
