status,intersection
Core,7.178631051752921
Non-core,6.787330316742081
