status,intersection
Core,10.773480662983426
Non-core,8.60655737704918
