status,intersection
Core,7.534246575342466
Non-core,8.411214953271028
