status,intersection
Core,12.146422628951747
Non-core,10.307017543859649
