status,intersection
Core,2.304147465437788
Non-core,1.2578616352201257
