status,intersection
Core,12.345679012345679
Non-core,9.821428571428571
