status,intersection
Core,11.186440677966102
Non-core,9.595959595959595
