status,intersection
Core,16.417910447761194
Non-core,22.22222222222222
