status,intersection
Core,3.5335689045936394
Non-core,2.1479713603818618
