status,intersection
Core,8.464566929133857
Non-core,7.369758576874206
