status,intersection
Core,5.514705882352941
Non-core,6.214689265536723
