status,intersection
Core,3.3846153846153846
Non-core,3.088803088803089
