status,intersection
Core,6.185567010309279
Non-core,3.9800995024875623
