status,intersection
Core,7.7994428969359335
Non-core,7.3076923076923075
