status,intersection
Core,7.526881720430108
Non-core,12.244897959183673
