status,intersection
Core,7.317073170731708
Non-core,7.262569832402234
