status,intersection
Core,8.298755186721992
Non-core,6.7073170731707314
