status,intersection
Core,8.582089552238806
Non-core,10.526315789473685
