status,intersection
Core,8.064516129032258
Non-core,12.280701754385966
