status,intersection
Core,7.751937984496124
Non-core,7.142857142857143
