status,intersection
Core,4.109589041095891
Non-core,3.1578947368421053
