status,intersection
Core,2.898550724637681
Non-core,1.8779342723004695
