status,intersection
Core,10.486891385767791
Non-core,8.938547486033519
