status,intersection
Core,0.6913379422529483
Non-core,0.38929440389294406
