status,intersection
Core,9.23076923076923
Non-core,11.428571428571429
