status,intersection
Core,10.966542750929367
Non-core,9.62566844919786
