status,intersection
Core,4.705882352941177
Non-core,2.7027027027027026
