status,intersection
Core,13.70262390670554
Non-core,11.788617886178862
