status,intersection
Core,3.8947368421052633
Non-core,3.009575923392613
