status,intersection
Core,10.504201680672269
Non-core,7.7844311377245505
