status,intersection
Core,4.972375690607735
Non-core,6.542056074766355
