status,intersection
Core,5.277044854881266
Non-core,5.577689243027889
