status,intersection
Core,6.140350877192983
Non-core,4.938271604938271
