status,intersection
Core,13.533834586466165
Non-core,12.048192771084338
