status,intersection
Core,4.964539007092198
Non-core,7.594936708860759
