status,intersection
Core,3.7267080745341614
Non-core,4.385964912280702
