status,intersection
Core,11.336032388663968
Non-core,7.471264367816092
