status,intersection
Core,8.300395256916996
Non-core,7.368421052631579
