status,intersection
Core,3.7800687285223367
Non-core,2.717391304347826
