status,intersection
Core,9.226932668329177
Non-core,9.025270758122744
