status,intersection
Core,13.157894736842104
Non-core,11.428571428571429
