status,intersection
Core,4.203821656050955
Non-core,3.7800687285223367
