status,intersection
Core,11.076923076923077
Non-core,8.597285067873303
