status,intersection
Core,14.396887159533074
Non-core,15.300546448087431
