status,intersection
Core,3.1390134529147984
Non-core,1.7647058823529411
