status,intersection
Core,6.086956521739131
Non-core,4.705882352941177
