status,intersection
Core,5.882352941176471
Non-core,13.636363636363637
