status,intersection
Core,5.747126436781609
Non-core,10.81081081081081
