status,intersection
Core,9.316770186335404
Non-core,8.085106382978724
