status,intersection
Core,11.428571428571429
Non-core,16.666666666666668
