status,intersection
Core,2.9748283752860414
Non-core,2.6490066225165565
