status,intersection
Core,9.90990990990991
Non-core,12.698412698412698
