status,intersection
Core,8.088235294117647
Non-core,4.522613065326633
