status,intersection
Core,10.583941605839415
Non-core,10.152284263959391
