status,intersection
Core,15.72700296735905
Non-core,14.644351464435147
