status,intersection
Core,7.359307359307359
Non-core,6.470588235294118
