status,intersection
Core,3.2388663967611335
Non-core,3.1088082901554404
