status,intersection
Core,13.461538461538462
Non-core,16.949152542372882
