status,intersection
Core,10.62992125984252
Non-core,10.497237569060774
