status,intersection
Core,8.432147562582346
Non-core,7.205623901581722
