status,intersection
Core,5.747126436781609
Non-core,6.349206349206349
