status,intersection
Core,9.917355371900827
Non-core,9.722222222222221
