status,intersection
Core,1.0362694300518134
Non-core,0.7722007722007722
