status,intersection
Core,14.705882352941176
Non-core,14.792899408284024
