status,intersection
Core,1.6877637130801688
Non-core,2.2857142857142856
