status,intersection
Core,5.5813953488372094
Non-core,3.225806451612903
