status,intersection
Core,2.4271844660194173
Non-core,0.6711409395973155
