status,intersection
Core,11.283185840707965
Non-core,11.076923076923077
