status,intersection
Core,13.219616204690832
Non-core,10.843373493975903
