status,intersection
Core,2.202643171806167
Non-core,1.7857142857142858
