status,intersection
Core,14.716981132075471
Non-core,13.297872340425531
