status,intersection
Core,3.827751196172249
Non-core,2.6490066225165565
