status,intersection
Core,7.157057654075547
Non-core,6.434316353887399
