status,intersection
Core,7.238605898123325
Non-core,6.204379562043796
