status,intersection
Core,7.87037037037037
Non-core,5.921052631578948
