status,intersection
Core,6.273062730627307
Non-core,2.6737967914438503
