status,intersection
Core,9.00900900900901
Non-core,10.909090909090908
