status,intersection
Core,11.666666666666666
Non-core,10.317460317460318
