status,intersection
Core,7.17948717948718
Non-core,6.870229007633588
