status,intersection
Core,5.555555555555555
Non-core,5.769230769230769
