status,intersection
Core,2.3728813559322033
Non-core,2.0618556701030926
