status,intersection
Core,5.1020408163265305
Non-core,4.664723032069971
