status,intersection
Core,3.252032520325203
Non-core,3.260869565217391
