status,intersection
Core,8.133971291866029
Non-core,7.947019867549669
