status,intersection
Core,8.305084745762711
Non-core,7.390300230946882
