status,intersection
Core,9.81132075471698
Non-core,7.344632768361582
