status,intersection
Core,11.032863849765258
Non-core,9.868421052631579
