status,intersection
Core,9.737827715355806
Non-core,8.290155440414507
