status,intersection
Core,1.6376663254861823
Non-core,1.2640449438202248
