status,intersection
Core,8.978328173374614
Non-core,9.956709956709958
