status,intersection
Core,0.8933263268523384
Non-core,0.5124919923126201
