status,intersection
Core,14.754098360655737
Non-core,10.734463276836157
