status,intersection
Core,6.476190476190476
Non-core,5.115089514066496
