status,intersection
Core,11.971830985915492
Non-core,11.428571428571429
