status,intersection
Core,2.380952380952381
Non-core,0.6711409395973155
