status,intersection
Core,12.293144208037825
Non-core,9.67741935483871
