status,intersection
Core,5.769230769230769
Non-core,5.47945205479452
