status,intersection
Core,19.5906432748538
Non-core,18.823529411764707
