status,intersection
Core,3.7383177570093458
Non-core,4.761904761904762
