status,intersection
Core,2.834008097165992
Non-core,2.2099447513812156
