status,intersection
Core,5.4945054945054945
Non-core,6.976744186046512
