status,intersection
Core,14.705882352941176
Non-core,13.333333333333334
