status,intersection
Core,14.583333333333334
Non-core,16.363636363636363
