status,intersection
Core,1.8181818181818181
Non-core,1.1976047904191616
