status,intersection
Core,7.913669064748201
Non-core,8.235294117647058
