status,intersection
Core,8.896797153024911
Non-core,6.888361045130641
