status,intersection
Core,4.225352112676056
Non-core,5.714285714285714
