status,intersection
Core,4.574132492113565
Non-core,4.008438818565401
