status,intersection
Core,3.6824877250409167
Non-core,2.512562814070352
