status,intersection
Core,1.9138755980861244
Non-core,2.6666666666666665
