status,intersection
Core,1.477832512315271
Non-core,0.6756756756756757
