status,intersection
Core,7.708333333333333
Non-core,6.2714776632302405
