status,intersection
Core,3.1476997578692494
Non-core,2.6217228464419478
