status,intersection
Core,2.8629856850715747
Non-core,2.2284122562674096
