status,intersection
Core,1.3100436681222707
Non-core,1.1428571428571428
