status,intersection
Core,10.135135135135135
Non-core,8.791208791208792
