status,intersection
Core,13.846153846153847
Non-core,14.285714285714286
