status,intersection
Core,3.0651340996168583
Non-core,1.941747572815534
