status,intersection
Core,8.614668218859139
Non-core,6.912442396313364
