status,intersection
Core,6.666666666666667
Non-core,8.19672131147541
