status,intersection
Core,9.266409266409266
Non-core,7.386363636363637
