status,intersection
Core,7.718120805369128
Non-core,6.962962962962963
