status,intersection
Core,1.838235294117647
Non-core,1.3201320132013201
