status,intersection
Core,9.383378016085791
Non-core,8.42911877394636
