status,intersection
Core,4.324324324324325
Non-core,5.3097345132743365
