status,intersection
Core,8.016877637130802
Non-core,6.993006993006993
