status,intersection
Core,12.987012987012987
Non-core,21.62162162162162
