status,intersection
Core,9.276437847866418
Non-core,6.006006006006006
