status,intersection
Core,2.292263610315186
Non-core,2.479338842975207
