status,intersection
Core,5.092592592592593
Non-core,5.806451612903226
