status,intersection
Core,13.461538461538462
Non-core,22.727272727272727
