status,intersection
Core,1.4354066985645932
Non-core,0.6369426751592356
