status,intersection
Core,4.66321243523316
Non-core,5.607476635514018
