status,intersection
Core,7.142857142857143
Non-core,5.69620253164557
