status,intersection
Core,9.454545454545455
Non-core,8.040201005025125
