status,intersection
Core,8.287292817679559
Non-core,7.964601769911504
