status,intersection
Core,7.255520504731861
Non-core,6.097560975609756
