status,intersection
Core,13.565891472868216
Non-core,13.114754098360656
