status,intersection
Core,7.2727272727272725
Non-core,11.538461538461538
