status,intersection
Core,15.348837209302326
Non-core,13.88888888888889
