status,intersection
Core,5.376344086021505
Non-core,7.317073170731708
