status,intersection
Core,5.555555555555555
Non-core,4.2105263157894735
