status,intersection
Core,9.15032679738562
Non-core,8.045977011494253
