status,intersection
Core,8.683473389355742
Non-core,7.393483709273183
