status,intersection
Core,16.666666666666668
Non-core,26.31578947368421
