status,intersection
Core,3.8095238095238093
Non-core,6.153846153846154
