status,intersection
Core,3.6101083032490973
Non-core,4.1450777202072535
