status,intersection
Core,10.594315245478036
Non-core,7.829181494661921
