status,intersection
Core,11.506276150627615
Non-core,10.714285714285714
