status,intersection
Core,8.882521489971346
Non-core,8.641975308641975
