status,intersection
Core,14.52991452991453
Non-core,15.789473684210526
