status,intersection
Core,2.9411764705882355
Non-core,2.185792349726776
