status,intersection
Core,14.43298969072165
Non-core,14.516129032258064
