status,intersection
Core,9.54356846473029
Non-core,9.210526315789474
