status,intersection
Core,8.374384236453203
Non-core,9.16030534351145
