status,intersection
Core,9.34959349593496
Non-core,9.090909090909092
