status,intersection
Core,2.6785714285714284
Non-core,2.5641025641025643
