status,intersection
Core,6.8833652007648185
Non-core,7.012987012987013
