status,intersection
Core,10.331632653061224
Non-core,9.090909090909092
