status,intersection
Core,6.22568093385214
Non-core,5.617977528089888
