status,intersection
Core,9.174311926605505
Non-core,10.144927536231885
