status,intersection
Core,6.437768240343348
Non-core,6.211180124223603
