status,intersection
Core,17.73049645390071
Non-core,17.391304347826086
