status,intersection
Core,5.172413793103448
Non-core,7.096774193548387
