status,intersection
Core,12.068965517241379
Non-core,9.565217391304348
