status,intersection
Core,2.926829268292683
Non-core,2.0134228187919465
