status,intersection
Core,9.477124183006536
Non-core,7.798165137614679
