status,intersection
Core,6.862745098039215
Non-core,7.936507936507937
