status,intersection
Core,6.410256410256411
Non-core,5.882352941176471
