status,intersection
Core,1.36986301369863
Non-core,2.9411764705882355
