status,intersection
Core,6.593406593406593
Non-core,10.638297872340425
