status,intersection
Core,11.11111111111111
Non-core,9.195402298850574
