status,intersection
Core,7.446808510638298
Non-core,6.122448979591836
