status,intersection
Core,7.826086956521739
Non-core,8.474576271186441
