status,intersection
Core,4.716981132075472
Non-core,5.194805194805195
