status,intersection
Core,5.241935483870968
Non-core,6.081081081081081
