status,intersection
Core,11.1731843575419
Non-core,11.009174311926605
