status,intersection
Core,3.023598820058997
Non-core,1.8129770992366412
