status,intersection
Core,6.477732793522267
Non-core,5.69620253164557
