status,intersection
Core,7.0588235294117645
Non-core,8.333333333333334
