status,intersection
Core,2.985074626865672
Non-core,5.405405405405405
