status,intersection
Core,4.289544235924933
Non-core,3.435114503816794
