status,intersection
Core,10.869565217391305
Non-core,7.407407407407407
