status,intersection
Core,3.6144578313253013
Non-core,4.3478260869565215
