status,intersection
Core,4.827586206896552
Non-core,2.857142857142857
