status,intersection
Core,6.726457399103139
Non-core,4.026845637583893
