status,intersection
Core,7.2727272727272725
Non-core,9.523809523809524
