status,intersection
Core,5.797101449275362
Non-core,6.172839506172839
