status,intersection
Core,11.206896551724139
Non-core,7.575757575757576
