status,intersection
Core,5.555555555555555
Non-core,5.434782608695652
