status,intersection
Core,6.542056074766355
Non-core,4.615384615384615
