status,intersection
Core,14.414414414414415
Non-core,15.873015873015873
