status,intersection
Core,7.569721115537849
Non-core,7.344632768361582
