status,intersection
Core,5.333333333333333
Non-core,6.122448979591836
