status,intersection
Core,2.727272727272727
Non-core,2.73972602739726
