status,intersection
Core,4.738154613466334
Non-core,3.8194444444444446
