status,intersection
Core,3.3707865168539324
Non-core,1.5873015873015872
