status,intersection
Core,5.960264900662252
Non-core,7.368421052631579
