status,intersection
Core,8.695652173913043
Non-core,10.714285714285714
