status,intersection
Core,10.56910569105691
Non-core,8.823529411764707
