status,intersection
Core,5.944055944055944
Non-core,5.7591623036649215
