status,intersection
Core,7.0588235294117645
Non-core,6.122448979591836
