status,intersection
Core,4.3478260869565215
Non-core,8.108108108108109
