status,intersection
Core,5.839416058394161
Non-core,6.097560975609756
