status,intersection
Core,6.756756756756757
Non-core,7.317073170731708
