status,intersection
Core,7.865168539325842
Non-core,11.363636363636363
