status,intersection
Core,3.007518796992481
Non-core,3.3707865168539324
