status,intersection
Core,6.802721088435374
Non-core,6.896551724137931
