status,intersection
Core,10.045662100456621
Non-core,10.218978102189782
