status,intersection
Core,10.38961038961039
Non-core,7.865168539325842
