status,intersection
Core,6.779661016949152
Non-core,9.523809523809524
