status,intersection
Core,1.829268292682927
Non-core,1.6483516483516483
