status,intersection
Core,1.9569471624266144
Non-core,1.5267175572519085
