status,intersection
Core,1.639344262295082
Non-core,2.5641025641025643
