status,intersection
Core,3.925233644859813
Non-core,3.2085561497326203
