status,intersection
Core,5.063291139240507
Non-core,6.382978723404255
