status,intersection
Core,3.252032520325203
Non-core,4.054054054054054
