status,intersection
Core,3.488372093023256
Non-core,4.081632653061225
