status,intersection
Core,0.7299270072992701
Non-core,1.0204081632653061
