status,intersection
Core,5.042016806722689
Non-core,2.857142857142857
