status,intersection
Core,1.7660044150110374
Non-core,1.3371537726838587
