status,intersection
Core,3.592814371257485
Non-core,3.225806451612903
