status,intersection
Core,4.477611940298507
Non-core,3.787878787878788
