status,intersection
Core,2.3017902813299234
Non-core,2.4305555555555554
