status,intersection
Core,2.2222222222222223
Non-core,1.5151515151515151
