status,intersection
Core,2.6548672566371683
Non-core,3.389830508474576
