status,intersection
Core,4.672897196261682
Non-core,6.153846153846154
