status,intersection
Core,1.6255899318300997
Non-core,1.0834926704907584
