status,intersection
Core,4.3478260869565215
Non-core,6.153846153846154
