status,intersection
Core,5.517241379310345
Non-core,5.2631578947368425
