status,intersection
Core,5.303030303030303
Non-core,6.578947368421052
