status,intersection
Core,1.053484602917342
Non-core,0.7751937984496124
