status,intersection
Core,1.278772378516624
Non-core,0.6578947368421053
