status,intersection
Core,3.3707865168539324
Non-core,3.8461538461538463
