status,intersection
Core,3.438395415472779
Non-core,3.0303030303030303
