status,intersection
Core,2.512562814070352
Non-core,3.10077519379845
