status,intersection
Core,5.154639175257732
Non-core,7.6923076923076925
