status,intersection
Core,1.361573373676248
Non-core,1.02880658436214
