status,intersection
Core,3.10077519379845
Non-core,3.8461538461538463
