status,intersection
Core,1.9230769230769231
Non-core,2.9411764705882355
