status,intersection
Core,3.5587188612099645
Non-core,3.2967032967032965
