status,intersection
Core,4.366812227074236
Non-core,3.4285714285714284
