status,intersection
Core,2.1739130434782608
Non-core,2.2988505747126435
