status,intersection
Core,3.3175355450236967
Non-core,3.278688524590164
