status,intersection
Core,2.6272577996715927
Non-core,1.5250544662309369
