status,intersection
Core,2.5974025974025974
Non-core,1.7543859649122806
