status,intersection
Core,2.100840336134454
Non-core,2.7586206896551726
