status,intersection
Core,4.705882352941177
Non-core,5.660377358490566
