status,intersection
Core,2.888086642599278
Non-core,2.808988764044944
