status,intersection
Core,2.7522935779816513
Non-core,2.0547945205479454
