status,intersection
Core,2.7417027417027415
Non-core,2.922755741127349
