status,intersection
Core,2.985074626865672
Non-core,4.411764705882353
