status,intersection
Core,3.597122302158273
Non-core,4.278074866310161
