status,intersection
Core,6.930693069306931
Non-core,5.660377358490566
