status,intersection
Core,1.7857142857142858
Non-core,2.6315789473684212
