status,intersection
Core,2.1052631578947367
Non-core,1.36986301369863
