status,intersection
Core,6.944444444444445
Non-core,2.3255813953488373
