status,intersection
Core,2.5876460767946576
Non-core,1.8064516129032258
