status,intersection
Core,2.8225806451612905
Non-core,2.247191011235955
