status,intersection
Core,3.821656050955414
Non-core,4.672897196261682
