status,intersection
Core,4.519774011299435
Non-core,3.6036036036036037
