status,intersection
Core,4.860392967942089
Non-core,2.9451137884872827
