status,intersection
Core,1.6233766233766234
Non-core,0.9915014164305949
