status,intersection
Core,0.5512679162072768
Non-core,0.5698005698005698
