status,intersection
Core,0.77007700770077
Non-core,0.7132667617689016
