status,intersection
Core,6.911447084233261
Non-core,3.7815126050420167
