status,intersection
Core,13.064361191162345
Non-core,10.050251256281408
