status,intersection
Core,0.3303964757709251
Non-core,0.14285714285714285
