status,intersection
Core,2.4704618689581097
Non-core,2.496532593619972
