status,intersection
Core,2.918918918918919
Non-core,2.2346368715083798
