status,intersection
Core,4.2887029288702925
Non-core,3.2697547683923704
