status,intersection
Core,7.1888412017167385
Non-core,4.189944134078212
