status,intersection
Core,4.264392324093817
Non-core,3.1767955801104972
