status,intersection
Core,0.6637168141592921
Non-core,0.1430615164520744
