status,intersection
Core,1.543550165380375
Non-core,0.8571428571428571
