status,intersection
Core,0.9174311926605505
Non-core,0.45871559633027525
