status,intersection
Core,6.3444108761329305
Non-core,5.228758169934641
