status,intersection
Core,2.572347266881029
Non-core,1.2448132780082988
