status,intersection
Core,0.11074197120708748
Non-core,0.14326647564469913
