status,intersection
Core,23.69720241360395
Non-core,19.438877755511022
