status,intersection
Core,11.892450879007239
Non-core,6.929347826086956
