status,intersection
Core,14.773869346733669
Non-core,11.21251629726206
