status,intersection
Core,1.7222820236813778
Non-core,1.8131101813110182
