status,intersection
Core,2.2483940042826553
Non-core,1.9390581717451523
