status,intersection
Core,1.6059957173447537
Non-core,1.5130674002751032
