status,intersection
Core,1.6198704103671706
Non-core,1.3986013986013985
