status,intersection
Core,3.54251012145749
Non-core,2.6109660574412534
