status,intersection
Core,2.6344676180021955
Non-core,1.702127659574468
