status,intersection
Core,6.413043478260869
Non-core,4.481792717086835
