status,intersection
Core,11.30524152106886
Non-core,7.866666666666666
