status,intersection
Core,0.33076074972436603
Non-core,0.2849002849002849
