status,intersection
Core,1.7316017316017316
Non-core,0.9887005649717514
