status,intersection
Core,0.7667031763417306
Non-core,0.7112375533428165
