status,intersection
Core,23.175319789315274
Non-core,19.330143540669855
