status,intersection
Core,0.7734806629834254
Non-core,0.28653295128939826
