status,intersection
Core,15.724815724815725
Non-core,11.746031746031745
