status,intersection
Core,0.33003300330033003
Non-core,0.14326647564469913
