status,intersection
Core,5.226824457593688
Non-core,4.3984476067270375
