status,intersection
Core,9.322033898305085
Non-core,5.931034482758621
