status,intersection
Core,2.75027502750275
Non-core,1.4265335235378032
