status,intersection
Core,0.5452562704471101
Non-core,0.702247191011236
