status,intersection
Core,2.3157894736842106
Non-core,2.188782489740082
