status,intersection
Core,0.8800880088008801
Non-core,0.28530670470756064
