status,intersection
Core,1.5102481121898597
Non-core,1.3850415512465375
