status,intersection
Core,2.7292576419213974
Non-core,1.841359773371105
