status,intersection
Core,3.4140969162995596
Non-core,2.1398002853067046
