status,intersection
Core,0.544069640914037
Non-core,0.14064697609001406
