status,intersection
Core,2.735229759299781
Non-core,1.2765957446808511
