status,intersection
Core,0.7675438596491229
Non-core,0.7112375533428165
