status,intersection
Core,5.155746509129968
Non-core,3.361344537815126
