status,intersection
Core,1.6357688113413305
Non-core,1.4204545454545454
