status,intersection
Core,1.191765980498375
Non-core,0.7032348804500703
