status,intersection
Core,3.909465020576132
Non-core,3.0423280423280423
