status,intersection
Core,2.735229759299781
Non-core,1.5602836879432624
