status,intersection
Core,1.4130434782608696
Non-core,1.3986013986013985
