status,intersection
Core,11.472081218274111
Non-core,7.038512616201859
