status,intersection
Core,4.722792607802875
Non-core,3.0997304582210243
