status,intersection
Core,7.203389830508475
Non-core,5.471956224350206
