status,intersection
Core,7.531380753138075
Non-core,5.149051490514905
