status,intersection
Core,5.59662090813094
Non-core,3.9835164835164836
