status,intersection
Core,1.4207650273224044
Non-core,1.408450704225352
