status,intersection
Core,4.072883172561629
Non-core,2.7739251040221915
