status,intersection
Core,20.506912442396313
Non-core,14.807502467917079
