status,intersection
Core,0.32930845225027444
Non-core,0.28368794326241137
