status,intersection
Core,5.544933078393881
Non-core,3.6616161616161618
