status,intersection
Core,0.44004400440044006
Non-core,0.42613636363636365
