status,intersection
Core,8.905579399141631
Non-core,5.955678670360111
