status,intersection
Core,3.0851063829787235
Non-core,1.941747572815534
