status,intersection
Core,9.14396887159533
Non-core,6.699751861042183
