status,intersection
Core,1.4115092290988056
Non-core,1.1173184357541899
