status,intersection
Core,4.037267080745342
Non-core,3.5135135135135136
