status,intersection
Core,3.7280701754385963
Non-core,2.269503546099291
