status,intersection
Core,2.4364406779661016
Non-core,2.168021680216802
