status,intersection
Core,0.5482456140350878
Non-core,0.5657708628005658
