status,intersection
Core,2.4598930481283423
Non-core,2.2222222222222223
