status,intersection
Core,0.8781558726673985
Non-core,0.9957325746799431
