status,intersection
Core,0.967741935483871
Non-core,0.46296296296296297
