status,intersection
Core,3.062302006335797
Non-core,2.200825309491059
