status,intersection
Core,0.8620689655172413
Non-core,1.1065006915629323
