status,intersection
Core,10.72340425531915
Non-core,6.896551724137931
