status,intersection
Core,12.640163098878695
Non-core,8.222811671087532
