status,intersection
Core,1.0479041916167664
Non-core,0.21413276231263384
