status,intersection
Core,9.35910478128179
Non-core,5.710491367861886
