status,intersection
Core,9.633507853403142
Non-core,5.601092896174864
