status,intersection
Core,9.3841642228739
Non-core,7.08955223880597
