status,intersection
Core,7.9129574678536105
Non-core,6.002554278416348
