status,intersection
Core,5.458290422245108
Non-core,4.122340425531915
