status,intersection
Core,5.870020964360587
Non-core,3.3057851239669422
