status,intersection
Core,2.1482277121374866
Non-core,0.9749303621169917
