status,intersection
Core,1.8478260869565217
Non-core,1.267605633802817
