status,intersection
Core,0.9846827133479212
Non-core,0.846262341325811
