status,intersection
Core,0.5482456140350878
Non-core,0.7072135785007072
