status,intersection
Core,3.316062176165803
Non-core,3.2564450474898234
