status,intersection
Core,8.90890890890891
Non-core,6.151832460732984
