status,intersection
Core,8.395324123273113
Non-core,5.255878284923928
