status,intersection
Core,5.5876685934489405
Non-core,4.674046740467404
