status,intersection
Core,26.268320180383313
Non-core,22.418670438472418
