status,intersection
Core,2.516411378555799
Non-core,1.4245014245014245
