status,intersection
Core,2.696871628910464
Non-core,1.8335684062059239
