status,intersection
Core,1.9375672766415502
Non-core,1.2605042016806722
