status,intersection
Core,23.664825046040516
Non-core,19.67020023557126
