status,intersection
Core,12.950819672131148
Non-core,11.470281543274243
