status,intersection
Core,0.7692307692307693
Non-core,0.5706134094151213
