status,intersection
Core,21.13821138211382
Non-core,17.846153846153847
