status,intersection
Core,4.816753926701571
Non-core,3.9348710990502034
