status,intersection
Core,3.056768558951965
Non-core,1.8492176386913228
