status,intersection
Core,4.633620689655173
Non-core,2.661064425770308
