status,intersection
Core,4.223864836325237
Non-core,2.4930747922437675
