status,intersection
Core,0.4410143329658214
Non-core,0.42735042735042733
