status,intersection
Core,4.125950054288817
Non-core,1.9662921348314606
