status,intersection
Core,6.772486772486772
Non-core,3.872752420470263
