status,intersection
Core,0.41237113402061853
Non-core,0.1404494382022472
