status,intersection
Core,8.463661453541858
Non-core,6.071428571428571
