status,intersection
Core,0.5319148936170213
Non-core,0.2386634844868735
