status,intersection
Core,2.55863539445629
Non-core,2.3578363384188625
