status,intersection
Core,14.681014604150654
Non-core,11.83206106870229
