status,intersection
Core,0.9879253567508233
Non-core,1.13314447592068
