status,intersection
Core,4.0966386554621845
Non-core,3.401360544217687
