status,intersection
Core,4.479166666666667
Non-core,3.3738191632928474
