status,intersection
Core,0.33185840707964603
Non-core,0.1430615164520744
