status,intersection
Core,6.981740064446831
Non-core,4.323570432357044
