status,intersection
Core,6.0732984293193715
Non-core,3.6885245901639343
