status,intersection
Core,1.696712619300106
Non-core,1.7639077340569878
