status,intersection
Core,1.9148936170212767
Non-core,1.2569832402234637
