status,intersection
Core,6.847935548841893
Non-core,3.9682539682539684
