status,intersection
Core,1.5069967707212055
Non-core,1.1095700416088765
