status,intersection
Core,5.274043433298862
Non-core,4.539385847797063
