status,intersection
Core,4.334038054968287
Non-core,3.453038674033149
