status,intersection
Core,6.05759682224429
Non-core,4.134366925064599
