status,intersection
Core,3.5269709543568464
Non-core,2.8150134048257374
