status,intersection
Core,0.6586169045005489
Non-core,0.14326647564469913
