status,intersection
Core,2.310924369747899
Non-core,0.9655172413793104
