status,intersection
Core,1.4989293361884368
Non-core,1.646090534979424
