status,intersection
Core,0.546448087431694
Non-core,0.704225352112676
