status,intersection
Core,1.5418502202643172
Non-core,1.1428571428571428
