status,intersection
Core,7.381193124368049
Non-core,5.598958333333333
