status,intersection
Core,3.755364806866953
Non-core,2.5316455696202533
