status,intersection
Core,3.3684210526315788
Non-core,2.627939142461964
