status,intersection
Core,2.3655913978494625
Non-core,2.364394993045897
