status,intersection
Core,9.332023575638507
Non-core,8.238276299112801
