status,intersection
Core,1.5217391304347827
Non-core,1.1283497884344147
