status,intersection
Core,0.32967032967032966
Non-core,0.14184397163120568
