status,intersection
Core,2.0697167755991286
Non-core,2.1186440677966103
