status,intersection
Core,1.7057569296375266
Non-core,1.6371077762619373
