status,intersection
Core,3.0501089324618738
Non-core,2.397743300423131
