status,intersection
Core,5.016008537886873
Non-core,3.4626038781163433
