status,intersection
Core,6.316916488222698
Non-core,3.0683403068340307
