status,intersection
Core,4.239917269906929
Non-core,3.2432432432432434
