status,intersection
Core,5.900948366701791
Non-core,4.689655172413793
