status,intersection
Core,7.046332046332046
Non-core,5.082592121982211
