status,intersection
Core,0.87527352297593
Non-core,0.9873060648801129
