status,intersection
Core,1.4023732470334411
Non-core,1.4164305949008498
