status,intersection
Core,2.104097452934662
Non-core,0.8595988538681948
