status,intersection
Core,0.8501594048884166
Non-core,0.823045267489712
