status,intersection
Core,0.44280442804428044
Non-core,0.09157509157509157
