status,intersection
Core,0.9836065573770492
Non-core,0.9859154929577465
