status,intersection
Core,6.713426853707415
Non-core,4.980340760157274
