status,intersection
Core,4.612159329140461
Non-core,2.845528455284553
