status,intersection
Core,2.8877005347593583
Non-core,2.664796633941094
