status,intersection
Core,0.8839779005524862
Non-core,0.4297994269340974
