status,intersection
Core,15.164220824598184
Non-core,12.164579606440071
