status,intersection
Core,1.492537313432836
Non-core,1.2278308321964528
