status,intersection
Core,12.417218543046358
Non-core,10.40339702760085
