status,intersection
Core,2.4083769633507854
Non-core,2.165087956698241
