status,intersection
Core,1.3230429988974641
Non-core,0.14285714285714285
