status,intersection
Core,6.673511293634497
Non-core,4.6916890080428955
