status,intersection
Core,4.952581664910432
Non-core,3.017832647462277
