status,intersection
Core,1.9586507072905333
Non-core,1.13314447592068
