status,intersection
Core,4.046858359957401
Non-core,3.3287101248266295
