status,intersection
Core,0.11025358324145534
Non-core,0.14245014245014245
