status,intersection
Core,0.5530973451327433
Non-core,0.7153075822603719
