status,intersection
Core,4.268943436499466
Non-core,3.1724137931034484
