status,intersection
Core,0.5979073243647235
Non-core,0.19342359767891681
