status,intersection
Core,4.213771839671121
Non-core,3.8873994638069704
