status,intersection
Core,1.2181616832779623
Non-core,0.7163323782234957
