status,intersection
Core,5.5721393034825875
Non-core,4.150453955901427
