status,intersection
Core,1.4192139737991267
Non-core,0.9929078014184397
