status,intersection
Core,5.7560975609756095
Non-core,4.086845466155811
