status,intersection
Core,11.561866125760648
Non-core,8.620689655172415
