status,intersection
Core,13.555858310626704
Non-core,10.216450216450216
