status,intersection
Core,5.700483091787439
Non-core,4.424778761061947
