status,intersection
Core,3.451995685005394
Non-core,0.9803921568627451
