status,intersection
Core,12.862010221465077
Non-core,9.320175438596491
