status,intersection
Core,7.00836820083682
Non-core,4.318488529014845
