status,intersection
Core,0.5488474204171241
Non-core,0.56657223796034
