status,intersection
Core,30.844382414515003
Non-core,27.168141592920353
