status,intersection
Core,1.4254385964912282
Non-core,1.2820512820512822
