status,intersection
Core,1.6129032258064515
Non-core,1.4492753623188406
