status,intersection
Core,7.17896865520728
Non-core,5.310880829015544
