status,intersection
Core,5.628140703517588
Non-core,4.444444444444445
