status,intersection
Core,5.719921104536489
Non-core,4.609475032010243
