status,intersection
Core,0.4357298474945534
Non-core,0.5610098176718092
