status,intersection
Core,17.67719897523484
Non-core,13.211600429645543
