status,intersection
Core,1.735357917570499
Non-core,1.5536723163841808
