status,intersection
Core,0.43907793633369924
Non-core,0.56657223796034
