status,intersection
Core,1.312910284463895
Non-core,0.5673758865248227
