status,intersection
Core,1.4973262032085561
Non-core,1.2552301255230125
