status,intersection
Core,2.4287222808870115
Non-core,1.9498607242339834
