status,intersection
Core,10.681818181818182
Non-core,8.463035019455253
