status,intersection
Core,5.635245901639344
Non-core,4.204993429697766
