status,intersection
Core,1.7297297297297298
Non-core,1.6666666666666667
