status,intersection
Core,0.989010989010989
Non-core,0.8571428571428571
