status,intersection
Core,4.301075268817204
Non-core,2.6462395543175488
