status,intersection
Core,2.0320855614973263
Non-core,1.6877637130801688
