status,intersection
Core,3.2943676939426143
Non-core,2.9085872576177287
