status,intersection
Core,14.585232452142206
Non-core,12.209302325581396
