status,intersection
Core,3.232533889468196
Non-core,3.3692722371967654
