status,intersection
Core,2.2629310344827585
Non-core,2.0775623268698062
