status,intersection
Core,5.744888023369036
Non-core,4.615384615384615
