status,intersection
Core,3.4722222222222223
Non-core,0.9900990099009901
