status,intersection
Core,2.5821596244131455
Non-core,2.0408163265306123
