status,intersection
Core,3.8043478260869565
Non-core,4.273504273504273
