status,intersection
Core,2.9411764705882355
Non-core,2.2900763358778624
