status,intersection
Core,5.161290322580645
Non-core,1.8518518518518519
