status,intersection
Core,1.4705882352941178
Non-core,2.0618556701030926
