status,intersection
Core,3.349282296650718
Non-core,3.1645569620253164
