status,intersection
Core,3.6842105263157894
Non-core,2.797202797202797
