status,intersection
Core,2.3529411764705883
Non-core,2.2388059701492535
