status,intersection
Core,2.158273381294964
Non-core,0.9615384615384616
