status,intersection
Core,2.2058823529411766
Non-core,0.9900990099009901
