status,intersection
Core,2.9197080291970803
Non-core,2.0408163265306123
