status,intersection
Core,0.746268656716418
Non-core,1.0101010101010102
