status,intersection
Core,7.3604060913705585
Non-core,6.666666666666667
