status,intersection
Core,3.0120481927710845
Non-core,3.278688524590164
