status,intersection
Core,3.35195530726257
Non-core,3.5460992907801416
