status,intersection
Core,6.525573192239859
Non-core,4.651162790697675
