status,intersection
Core,3.7735849056603774
Non-core,3.4782608695652173
