status,intersection
Core,3.3653846153846154
Non-core,2.816901408450704
