status,intersection
Core,1.8072289156626506
Non-core,0.8064516129032258
