status,intersection
Core,5.752212389380531
Non-core,2.6315789473684212
