status,intersection
Core,2.4691358024691357
Non-core,2.4193548387096775
