status,intersection
Core,5.4945054945054945
Non-core,4.651162790697675
