status,intersection
Core,2.5157232704402515
Non-core,1.6528925619834711
