status,intersection
Core,5.39568345323741
Non-core,5.729166666666667
