status,intersection
Core,4.324324324324325
Non-core,2.479338842975207
