status,intersection
Core,0.7246376811594203
Non-core,0.970873786407767
