status,intersection
Core,3.048780487804878
Non-core,0.8771929824561403
