status,intersection
Core,6.770833333333333
Non-core,5.714285714285714
