status,intersection
Core,7.74818401937046
Non-core,5.447470817120623
