status,intersection
Core,3.1645569620253164
Non-core,5.063291139240507
