status,intersection
Core,8.878504672897197
Non-core,10.169491525423728
