status,intersection
Core,5.649717514124294
Non-core,3.3707865168539324
