status,intersection
Core,4.864864864864865
Non-core,5.454545454545454
