status,intersection
Core,3.6458333333333335
Non-core,3.4188034188034186
