status,intersection
Core,6.030150753768845
Non-core,3.508771929824561
