status,intersection
Core,4.046242774566474
Non-core,4.49438202247191
