status,intersection
Core,7.303370786516854
Non-core,8.24742268041237
