status,intersection
Core,7.508532423208191
Non-core,3.910614525139665
