status,intersection
Core,2.4242424242424243
Non-core,3.2967032967032965
