status,intersection
Core,3.5175879396984926
Non-core,2.6785714285714284
