status,intersection
Core,8.709677419354838
Non-core,6.521739130434782
