status,intersection
Core,7.598784194528875
Non-core,6.598984771573604
