status,intersection
Core,5.074626865671642
Non-core,3.626943005181347
