status,intersection
Core,7.375643224699829
Non-core,4.428904428904429
