status,intersection
Core,3.8095238095238093
Non-core,3.7383177570093458
