status,intersection
Core,1.8072289156626506
Non-core,1.0869565217391304
