status,intersection
Core,1.7964071856287425
Non-core,2.150537634408602
