status,intersection
Core,4.318181818181818
Non-core,1.834862385321101
