status,intersection
Core,0.5882352941176471
Non-core,1.0526315789473684
