status,intersection
Core,8.96551724137931
Non-core,7.558139534883721
