status,intersection
Core,9.821428571428571
Non-core,4.545454545454546
