status,intersection
Core,3.58974358974359
Non-core,3.3333333333333335
