status,intersection
Core,0.5882352941176471
Non-core,1.0416666666666667
