status,intersection
Core,0.6211180124223602
Non-core,1.1494252873563218
