status,intersection
Core,2.6881720430107525
Non-core,2.0833333333333335
