status,intersection
Core,6.134969325153374
Non-core,4.878048780487805
