status,intersection
Core,6.2717770034843205
Non-core,3.3280507131537242
