status,intersection
Core,3.8043478260869565
Non-core,1.8867924528301887
