status,intersection
Core,6.862745098039215
Non-core,4.545454545454546
