status,intersection
Core,3.6842105263157894
Non-core,2.6315789473684212
