status,intersection
Core,3.3333333333333335
Non-core,2.8846153846153846
