status,intersection
Core,1.2578616352201257
Non-core,1.1764705882352942
