status,intersection
Core,13.941018766756033
Non-core,9.44206008583691
