status,intersection
Core,11.6751269035533
Non-core,11.764705882352942
