status,intersection
Core,1.8987341772151898
Non-core,1.1904761904761905
