status,intersection
Core,14.146341463414634
Non-core,6.422018348623853
