status,intersection
Core,6.985294117647059
Non-core,4.098360655737705
