status,intersection
Core,9.090909090909092
Non-core,6.145251396648045
