status,intersection
Core,15.588235294117647
Non-core,9.90990990990991
