status,intersection
Core,1.5706806282722514
Non-core,1.7391304347826086
