status,intersection
Core,10.59322033898305
Non-core,7.751937984496124
