status,intersection
Core,3.5294117647058822
Non-core,4.2105263157894735
