status,intersection
Core,5.031446540880503
Non-core,2.3054755043227666
