status,intersection
Core,9.66183574879227
Non-core,7.339449541284404
