status,intersection
Core,5.590062111801243
Non-core,6.097560975609756
