status,intersection
Core,10.705394190871369
Non-core,7.573812580231065
