status,intersection
Core,0.6289308176100629
Non-core,1.1764705882352942
