status,intersection
Core,11.063829787234043
Non-core,6.153846153846154
