status,intersection
Core,10.919540229885058
Non-core,8.695652173913043
