status,intersection
Core,5.319148936170213
Non-core,4.3478260869565215
