status,intersection
Core,4.729064039408867
Non-core,4.289544235924933
