status,intersection
Core,5.220883534136546
Non-core,2.2857142857142856
