status,intersection
Core,7.971014492753623
Non-core,7.6923076923076925
