status,intersection
Core,9.35960591133005
Non-core,4.9504950495049505
