status,intersection
Core,7.878787878787879
Non-core,8.51063829787234
