status,intersection
Core,8.842297174111213
Non-core,6.91358024691358
