status,intersection
Core,0.7113821138211383
Non-core,0.5494505494505495
