status,intersection
Core,7.936507936507937
Non-core,5.660377358490566
