status,intersection
Core,12.686567164179104
Non-core,13.953488372093023
