status,intersection
Core,6.847935548841893
Non-core,4.644808743169399
