status,intersection
Core,4.6421663442940035
Non-core,3.7908496732026142
