status,intersection
Core,6.818181818181818
Non-core,3.658536585365854
