status,intersection
Core,6.956521739130435
Non-core,8.474576271186441
