status,intersection
Core,0.41279669762641896
Non-core,0.42016806722689076
