status,intersection
Core,6.1946902654867255
Non-core,5.747126436781609
