status,intersection
Core,4.830917874396135
Non-core,3.2119914346895073
