status,intersection
Core,0.8080808080808081
Non-core,1.08843537414966
