status,intersection
Core,7.2796934865900385
Non-core,5.434782608695652
