status,intersection
Core,7.547169811320755
Non-core,1.8518518518518519
