status,intersection
Core,11.157718120805368
Non-core,8.695652173913043
