status,intersection
Core,2.274975272007913
Non-core,2.0161290322580645
