status,intersection
Core,11.728395061728396
Non-core,10.576923076923077
