status,intersection
Core,14.912280701754385
Non-core,9.23076923076923
