status,intersection
Core,0.6128702757916241
Non-core,0.4143646408839779
