status,intersection
Core,12.23021582733813
Non-core,10.447761194029852
