status,intersection
Core,4.743465634075508
Non-core,2.7777777777777777
