status,intersection
Core,10.552763819095478
Non-core,9.90990990990991
