status,intersection
Core,13.875598086124402
Non-core,11.029411764705882
