status,intersection
Core,14.855875831485587
Non-core,12.121212121212121
