status,intersection
Core,4.109589041095891
Non-core,3.9473684210526314
