status,intersection
Core,17.687074829931973
Non-core,14.130434782608695
