status,intersection
Core,5.50314465408805
Non-core,3.789473684210526
