status,intersection
Core,8.49056603773585
Non-core,9.23076923076923
