status,intersection
Core,10.891089108910892
Non-core,10.204081632653061
