status,intersection
Core,3.524672708962739
Non-core,2.8767123287671232
