status,intersection
Core,11.11111111111111
Non-core,8.181818181818182
