status,intersection
Core,11.881188118811881
Non-core,14.035087719298245
