status,intersection
Core,8.241758241758241
Non-core,7.619047619047619
