status,intersection
Core,17.839607201309327
Non-core,13.88888888888889
