status,intersection
Core,7.738095238095238
Non-core,6.756756756756757
