status,intersection
Core,3.7593984962406015
Non-core,4.938271604938271
