status,intersection
Core,1.9607843137254901
Non-core,3.389830508474576
