status,intersection
Core,9.13978494623656
Non-core,8.256880733944953
