status,intersection
Core,9.411764705882353
Non-core,9.090909090909092
