status,intersection
Core,5.386875612144956
Non-core,3.7184594953519254
