status,intersection
Core,6.223175965665236
Non-core,4.037267080745342
