status,intersection
Core,15.714285714285714
Non-core,8.791208791208792
