status,intersection
Core,4.0033361134278564
Non-core,2.3255813953488373
