status,intersection
Core,4.888888888888889
Non-core,3.909465020576132
