status,intersection
Core,7.818930041152264
Non-core,6.451612903225806
