status,intersection
Core,1.5479876160990713
Non-core,1.1235955056179776
