status,intersection
Core,4.409448818897638
Non-core,3.004291845493562
