status,intersection
Core,4.059040590405904
Non-core,1.7751479289940828
