status,intersection
Core,4.830917874396135
Non-core,4.234527687296417
