status,intersection
Core,10.32258064516129
Non-core,9.433962264150944
