status,intersection
Core,5.865921787709497
Non-core,4.782608695652174
