status,intersection
Core,4.776422764227642
Non-core,3.729281767955801
