status,intersection
Core,7.6923076923076925
Non-core,8.064516129032258
