status,intersection
Core,8.736942070275404
Non-core,6.072351421188631
