status,intersection
Core,11.258278145695364
Non-core,7.0588235294117645
