status,intersection
Core,6.722689075630252
Non-core,3.896103896103896
