status,intersection
Core,7.758620689655173
Non-core,5.797101449275362
