status,intersection
Core,0.30832476875642345
Non-core,0.1392757660167131
