status,intersection
Core,4.81335952848723
Non-core,3.871829105473965
