status,intersection
Core,5.945945945945946
Non-core,2.479338842975207
