status,intersection
Core,3.027245206861756
Non-core,1.2430939226519337
