status,intersection
Core,7.746478873239437
Non-core,9.090909090909092
