status,intersection
Core,8.860759493670885
Non-core,6.7973856209150325
