status,intersection
Core,16.541353383458645
Non-core,11.764705882352942
