status,intersection
Core,13.54581673306773
Non-core,11.486486486486486
