status,intersection
Core,4.896907216494846
Non-core,3.9792387543252596
