status,intersection
Core,6.211180124223603
Non-core,1.8181818181818181
