status,intersection
Core,9.23076923076923
Non-core,3.4482758620689653
