status,intersection
Core,7.6923076923076925
Non-core,11.363636363636363
