status,intersection
Core,11.34020618556701
Non-core,13.559322033898304
