status,intersection
Core,2.684563758389262
Non-core,1.9607843137254901
