status,intersection
Core,0.814663951120163
Non-core,0.5502063273727648
