status,intersection
Core,11.666666666666666
Non-core,7.920792079207921
