status,intersection
Core,2.2044088176352705
Non-core,1.7687074829931972
