status,intersection
Core,5.508474576271187
Non-core,3.5460992907801416
