status,intersection
Core,9.523809523809524
Non-core,12.068965517241379
