status,intersection
Core,6.442021803766105
Non-core,4.959785522788204
