status,intersection
Core,1.8633540372670807
Non-core,0.7032348804500703
