status,intersection
Core,2.479338842975207
Non-core,1.3157894736842106
