status,intersection
Core,1.7400204708290685
Non-core,1.5256588072122053
