status,intersection
Core,1.1178861788617886
Non-core,1.0973936899862826
