status,intersection
Core,4.838709677419355
Non-core,1.4492753623188406
