status,intersection
Core,5.670103092783505
Non-core,1.8518518518518519
