status,intersection
Core,9.821428571428571
Non-core,5.970149253731344
