status,intersection
Core,0.7121057985757884
Non-core,0.5524861878453039
