status,intersection
Core,8.333333333333334
Non-core,9.558823529411764
