status,intersection
Core,6.965174129353234
Non-core,4.1891891891891895
