status,intersection
Core,1.710261569416499
Non-core,1.095890410958904
