status,intersection
Core,11.650485436893204
Non-core,14.583333333333334
