status,intersection
Core,5.054509415262636
Non-core,3.908355795148248
