status,intersection
Core,13.91304347826087
Non-core,11.290322580645162
