status,intersection
Core,2.7522935779816513
Non-core,2.4096385542168677
