status,intersection
Core,10.185185185185185
Non-core,9.433962264150944
