status,intersection
Core,3.309929789368104
Non-core,2.5956284153005464
