status,intersection
Core,2.9940119760479043
Non-core,3.6363636363636362
