status,intersection
Core,13.82660687593423
Non-core,10.707269155206287
