status,intersection
Core,8.98876404494382
Non-core,6.818181818181818
