status,intersection
Core,7.8431372549019605
Non-core,5.660377358490566
