status,intersection
Core,12.578616352201259
Non-core,7.8431372549019605
