status,intersection
Core,5.72289156626506
Non-core,4.087193460490464
