status,intersection
Core,8.241758241758241
Non-core,6.870229007633588
