status,intersection
Core,8.51063829787234
Non-core,4.109589041095891
