status,intersection
Core,13.26530612244898
Non-core,13.333333333333334
