status,intersection
Core,1.0341261633919339
Non-core,0.2812939521800281
