status,intersection
Core,14.17910447761194
Non-core,8.219178082191782
