status,intersection
Core,10.48951048951049
Non-core,10.975609756097562
