status,intersection
Core,2.6694045174537986
Non-core,1.8105849582172702
