status,intersection
Core,0.10351966873706005
Non-core,0.14064697609001406
