status,intersection
Core,1.3131313131313131
Non-core,1.3623978201634876
