status,intersection
Core,3.0905077262693155
Non-core,1.6236867239732569
