status,intersection
Core,6.951871657754011
Non-core,4.511278195488722
