status,intersection
Core,5.376344086021505
Non-core,3.3333333333333335
