status,intersection
Core,5.617977528089888
Non-core,7.142857142857143
