status,intersection
Core,15.686274509803921
Non-core,14.545454545454545
