status,intersection
Core,9.836065573770492
Non-core,11.016949152542374
