status,intersection
Core,3.3837293016558676
Non-core,1.981981981981982
