status,intersection
Core,1.4492753623188406
Non-core,2.7777777777777777
