status,intersection
Core,7.382550335570469
Non-core,4.123711340206185
