status,intersection
Core,14.153327716933445
Non-core,7.511737089201878
