status,intersection
Core,14.957264957264957
Non-core,12.318840579710145
