status,intersection
Core,7.563025210084033
Non-core,6.349206349206349
