status,intersection
Core,10.447761194029852
Non-core,10.294117647058824
