status,intersection
Core,4.25531914893617
Non-core,2.7662517289073305
