status,intersection
Core,17.027863777089784
Non-core,15.121951219512194
