status,intersection
Core,2.6058631921824102
Non-core,0.8620689655172413
