status,intersection
Core,12.711864406779661
Non-core,13.043478260869565
