status,intersection
Core,1.075268817204301
Non-core,1.9607843137254901
