status,intersection
Core,5.421686746987952
Non-core,4.52054794520548
