status,intersection
Core,18.367346938775512
Non-core,22.22222222222222
