status,intersection
Core,2.7946537059538277
Non-core,1.1419249592169658
