status,intersection
Core,11.650485436893204
Non-core,11.11111111111111
