status,intersection
Core,10.655737704918034
Non-core,9.333333333333334
