status,intersection
Core,2.525252525252525
Non-core,0.9345794392523364
