status,intersection
Core,2.9381965552178317
Non-core,1.941747572815534
