status,intersection
Core,0.7186858316221766
Non-core,0.7012622720897616
