status,intersection
Core,25.423728813559322
Non-core,22.033898305084747
