status,intersection
Core,5.871212121212121
Non-core,3.91644908616188
