status,intersection
Core,5.806451612903226
Non-core,3.9215686274509802
