status,intersection
Core,10.13215859030837
Non-core,9.45945945945946
