status,intersection
Core,24.074074074074073
Non-core,17.24137931034483
