status,intersection
Core,4.071246819338422
Non-core,2.9411764705882355
