status,intersection
Core,8.157099697885196
Non-core,6.6350710900473935
