status,intersection
Core,4.545454545454546
Non-core,3.6144578313253013
