status,intersection
Core,11.961722488038278
Non-core,10.869565217391305
