status,intersection
Core,3.061224489795918
Non-core,1.3513513513513513
