status,intersection
Core,4.657179818887451
Non-core,3.1634446397188047
