status,intersection
Core,8.786610878661088
Non-core,9.49367088607595
