status,intersection
Core,30.201342281879196
Non-core,23.80952380952381
