status,intersection
Core,3.523316062176166
Non-core,1.8309859154929577
