status,intersection
Core,9.547738693467336
Non-core,6.870229007633588
