status,intersection
Core,2.9940119760479043
Non-core,3.669724770642202
