status,intersection
Core,11.229946524064172
Non-core,11.864406779661017
