status,intersection
Core,5.560619872379216
Non-core,4.101326899879373
