status,intersection
Core,2.9166666666666665
Non-core,1.4584654407102093
