status,intersection
Core,5.128205128205129
Non-core,5.333333333333333
