status,intersection
Core,6.3535911602209945
Non-core,4.4609665427509295
