status,intersection
Core,1.6528925619834711
Non-core,1.2987012987012987
