status,intersection
Core,7.086614173228346
Non-core,8.433734939759036
