status,intersection
Core,3.9117352056168504
Non-core,1.8518518518518519
