status,intersection
Core,4.0968342644320295
Non-core,1.9753086419753085
