status,intersection
Core,6.944444444444445
Non-core,6.926406926406926
