status,intersection
Core,11.304347826086957
Non-core,10.909090909090908
