status,intersection
Core,10.377358490566039
Non-core,3.508771929824561
