status,intersection
Core,4.504504504504505
Non-core,3.9473684210526314
