status,intersection
Core,12.820512820512821
Non-core,12.244897959183673
