status,intersection
Core,2.044989775051125
Non-core,1.5214384508990317
