status,intersection
Core,21.818181818181817
Non-core,15.789473684210526
