status,intersection
Core,5.384615384615385
Non-core,5.882352941176471
