status,intersection
Core,13.698630136986301
Non-core,13.580246913580247
