status,intersection
Core,9.871244635193133
Non-core,7.6923076923076925
