status,intersection
Core,6.486486486486487
Non-core,2.4390243902439024
