status,intersection
Core,11.650485436893204
Non-core,10.909090909090908
