status,intersection
Core,9.89010989010989
Non-core,10.638297872340425
