status,intersection
Core,5.8495821727019495
Non-core,3.8910505836575875
