status,intersection
Core,4.435483870967742
Non-core,1.694915254237288
