status,intersection
Core,6.415094339622642
Non-core,2.840909090909091
