status,intersection
Core,4.317269076305221
Non-core,2.735978112175103
