status,intersection
Core,0.8080808080808081
Non-core,0.6802721088435374
