status,intersection
Core,3.597122302158273
Non-core,1.7241379310344827
