status,intersection
Core,8.487084870848708
Non-core,8.19672131147541
