status,intersection
Core,5.35279805352798
Non-core,2.7649769585253456
