status,intersection
Core,3.270348837209302
Non-core,2.7149321266968327
