status,intersection
Core,6.938775510204081
Non-core,4.3478260869565215
