status,intersection
Core,0.20639834881320948
Non-core,0.1400560224089636
