status,intersection
Core,5.154639175257732
Non-core,7.2727272727272725
