status,intersection
Core,12.162162162162161
Non-core,13.095238095238095
