status,intersection
Core,3.6622583926754833
Non-core,3.0470914127423825
