status,intersection
Core,7.647058823529412
Non-core,4.979253112033195
