status,intersection
Core,4.382470119521912
Non-core,4.3126684636118595
