status,intersection
Core,6.600985221674877
Non-core,5.34045393858478
