status,intersection
Core,5.617977528089888
Non-core,5.454545454545454
