status,intersection
Core,14.344600164880461
Non-core,10.393873085339168
