status,intersection
Core,12.162162162162161
Non-core,10.81081081081081
