status,intersection
Core,5.46218487394958
Non-core,3.8585209003215435
