status,intersection
Core,10.416666666666666
Non-core,12.244897959183673
