status,intersection
Core,0.999000999000999
Non-core,0.8097165991902834
