status,intersection
Core,3.7313432835820897
Non-core,3.7974683544303796
