status,intersection
Core,0.7092198581560284
Non-core,0.6830601092896175
