status,intersection
Core,5.005005005005005
Non-core,3.5616438356164384
