status,intersection
Core,21.559633027522935
Non-core,18.65671641791045
