status,intersection
Core,3.4447821681864235
Non-core,1.9337016574585635
