status,intersection
Core,20.098039215686274
Non-core,16.78832116788321
