status,intersection
Core,5.4945054945054945
Non-core,6.818181818181818
