status,intersection
Core,3.7525354969574036
Non-core,2.4759284731774414
