status,intersection
Core,4.069767441860465
Non-core,4.3478260869565215
