status,intersection
Core,0.6179196704428425
Non-core,0.6983240223463687
