status,intersection
Core,24.087123638693146
Non-core,19.25925925925926
