status,intersection
Core,1.3026052104208417
Non-core,1.214574898785425
