status,intersection
Core,6.382978723404255
Non-core,6.779661016949152
