status,intersection
Core,10.404624277456648
Non-core,9.166666666666666
