status,intersection
Core,4.421326397919376
Non-core,2.946273830155979
