status,intersection
Core,3.8567493112947657
Non-core,3.793103448275862
