status,intersection
Core,0.10245901639344263
Non-core,0.13869625520110956
