status,intersection
Core,10.059171597633137
Non-core,10.256410256410257
