status,intersection
Core,2.150537634408602
Non-core,3.9215686274509802
