status,intersection
Core,2.4311183144246353
Non-core,0.8213552361396304
