status,intersection
Core,6.267806267806268
Non-core,6.584362139917696
