status,intersection
Core,8.75912408759124
Non-core,6.410256410256411
