status,intersection
Core,7.889125799573561
Non-core,4.601226993865031
