status,intersection
Core,7.092198581560283
Non-core,6.578947368421052
