status,intersection
Core,7.647058823529412
Non-core,7.2727272727272725
