status,intersection
Core,9.23913043478261
Non-core,7.6923076923076925
