status,intersection
Core,2.9866117404737382
Non-core,1.1235955056179776
