status,intersection
Core,8.187134502923977
Non-core,7.920792079207921
