status,intersection
Core,23.357664233576642
Non-core,20.253164556962027
