status,intersection
Core,4.780876494023905
Non-core,3.6437246963562755
