status,intersection
Core,0.82389289392379
Non-core,0.14084507042253522
