status,intersection
Core,16.161616161616163
Non-core,13.20754716981132
