status,intersection
Core,5.303030303030303
Non-core,5.747126436781609
