status,intersection
Core,5.6105610561056105
Non-core,4.405286343612334
