status,intersection
Core,0.8163265306122449
Non-core,0.5517241379310345
