status,intersection
Core,11.578947368421053
Non-core,13.333333333333334
