status,intersection
Core,9.623430962343097
Non-core,8.695652173913043
