status,intersection
Core,0.205761316872428
Non-core,0.2789400278940028
