status,intersection
Core,15.702479338842975
Non-core,12.698412698412698
