status,intersection
Core,7.092907092907093
Non-core,4.526748971193416
