status,intersection
Core,6.953642384105961
Non-core,6.220095693779904
