status,intersection
Core,5.857740585774058
Non-core,5.921052631578948
