status,intersection
Core,9.45945945945946
Non-core,7.317073170731708
