status,intersection
Core,6.837606837606837
Non-core,4.895104895104895
