status,intersection
Core,7.327586206896552
Non-core,8.333333333333334
