status,intersection
Core,1.7471736896197327
Non-core,1.4005602240896358
