status,intersection
Core,3.7185929648241207
Non-core,2.1828103683492497
