status,intersection
Core,15.90739357729649
Non-core,12.39109390125847
