status,intersection
Core,2.5641025641025643
Non-core,2.272727272727273
