status,intersection
Core,7.373271889400922
Non-core,6.944444444444445
