status,intersection
Core,7.253886010362694
Non-core,3.278688524590164
