status,intersection
Core,12.052117263843648
Non-core,7.906976744186046
