status,intersection
Core,1.2371134020618557
Non-core,1.1220196353436185
