status,intersection
Core,1.0101010101010102
Non-core,1.7543859649122806
