status,intersection
Core,4.343534057255677
Non-core,3.342245989304813
