status,intersection
Core,7.926829268292683
Non-core,5.394190871369295
