status,intersection
Core,2.3323615160349855
Non-core,2.247191011235955
