status,intersection
Core,2.947845804988662
Non-core,2.1148036253776437
