status,intersection
Core,15.384615384615385
Non-core,15.909090909090908
