status,intersection
Core,7.865168539325842
Non-core,9.090909090909092
