status,intersection
Core,15.639810426540285
Non-core,13.333333333333334
