status,intersection
Core,0.6122448979591837
Non-core,0.5517241379310345
