status,intersection
Core,0.2059732234809475
Non-core,0.13966480446927373
