status,intersection
Core,0.20682523267838676
Non-core,0.2808988764044944
