status,intersection
Core,10.687022900763358
Non-core,7.594936708860759
