status,intersection
Core,8.629441624365482
Non-core,8.035714285714286
