status,intersection
Core,2.3421588594704685
Non-core,2.074688796680498
