status,intersection
Core,8.084696823869105
Non-core,4.862023653088042
