status,intersection
Core,1.492537313432836
Non-core,1.4686248331108145
