status,intersection
Core,0.3054989816700611
Non-core,0.1375515818431912
