status,intersection
Core,22.950819672131146
Non-core,24.193548387096776
