status,intersection
Core,13.095238095238095
Non-core,14.634146341463415
