status,intersection
Core,2.8741328047571852
Non-core,2.303523035230352
