status,intersection
Core,4.094165813715455
Non-core,3.3287101248266295
