status,intersection
Core,11.1731843575419
Non-core,8.547008547008547
