status,intersection
Core,2.8776978417266186
Non-core,1.5341701534170153
