status,intersection
Core,13.654301499605367
Non-core,11.328527291452112
