status,intersection
Core,6.4423076923076925
Non-core,4.057591623036649
