status,intersection
Core,6.153846153846154
Non-core,2.6315789473684212
