status,intersection
Core,6.160164271047228
Non-core,4.475524475524476
