status,intersection
Core,4.339051463168516
Non-core,3.43878954607978
