status,intersection
Core,3.248730964467005
Non-core,2.361111111111111
