status,intersection
Core,7.62970498474059
Non-core,5.386740331491713
