status,intersection
Core,3.1440162271805274
Non-core,2.3545706371191137
