status,intersection
Core,7.0588235294117645
Non-core,6.818181818181818
