status,intersection
Core,11.242603550295858
Non-core,7.368421052631579
