status,intersection
Core,0.5112474437627812
Non-core,0.4149377593360996
