status,intersection
Core,7.291666666666667
Non-core,6.451612903225806
