status,intersection
Core,2.026753141467369
Non-core,1.4513788098693758
