status,intersection
Core,0.10330578512396695
Non-core,0.1402524544179523
