status,intersection
Core,3.2854209445585214
Non-core,1.5341701534170153
