status,intersection
Core,4.2074363992172215
Non-core,3.3200531208499338
