status,intersection
Core,2.684563758389262
Non-core,4.25531914893617
