status,intersection
Core,8.333333333333334
Non-core,5.797101449275362
