status,intersection
Core,2.0134228187919465
Non-core,1.1904761904761905
