status,intersection
Core,4.4136191677175285
Non-core,2.711864406779661
