status,intersection
Core,0.1019367991845056
Non-core,0.13774104683195593
