status,intersection
Core,8.40258541089566
Non-core,6.148055207026349
