status,intersection
Core,1.0070493454179255
Non-core,0.9497964721845319
