status,intersection
Core,10.447761194029852
Non-core,11.11111111111111
