status,intersection
Core,1.6326530612244898
Non-core,1.1267605633802817
