status,intersection
Core,1.098901098901099
Non-core,2.0408163265306123
