status,intersection
Core,0.8213552361396304
Non-core,0.6993006993006993
