status,intersection
Core,1.7435897435897436
Non-core,0.7002801120448179
