status,intersection
Core,3.3932135728542914
Non-core,1.6348773841961852
