status,intersection
Core,9.183673469387756
Non-core,11.11111111111111
