status,intersection
Core,0.30895983522142123
Non-core,0.27932960893854747
