status,intersection
Core,7.339449541284404
Non-core,8.219178082191782
