status,intersection
Core,8.96551724137931
Non-core,5.882352941176471
