status,intersection
Core,4.145601617795753
Non-core,3.009575923392613
