status,intersection
Core,5.555555555555555
Non-core,6.172839506172839
