status,intersection
Core,11.818181818181818
Non-core,10.687022900763358
