status,intersection
Core,1.7094017094017093
Non-core,1.4285714285714286
