status,intersection
Core,4.041720990873533
Non-core,2.112676056338028
