status,intersection
Core,23.12925170068027
Non-core,18.9873417721519
