status,intersection
Core,1.0309278350515463
Non-core,2.0408163265306123
