status,intersection
Core,15.88785046728972
Non-core,10.526315789473685
