status,intersection
Core,2.3976023976023977
Non-core,1.4864864864864864
