status,intersection
Core,8.296943231441048
Non-core,8.064516129032258
