status,intersection
Core,6.461232604373757
Non-core,3.9509536784741144
