status,intersection
Core,0.10298661174047374
Non-core,0.13966480446927373
