status,intersection
Core,6.244087038789026
Non-core,4.487179487179487
