status,intersection
Core,16.99570815450644
Non-core,13.13953488372093
