status,intersection
Core,0.30927835051546393
Non-core,0.27972027972027974
