status,intersection
Core,1.861427094105481
Non-core,0.9845288326300985
