status,intersection
Core,5.982905982905983
Non-core,7.042253521126761
