status,intersection
Core,9.271523178807946
Non-core,9.411764705882353
