status,intersection
Core,5.206286836935167
Non-core,3.8461538461538463
