status,intersection
Core,15.151515151515152
Non-core,19.565217391304348
