status,intersection
Core,4.021447721179625
Non-core,2.3076923076923075
