status,intersection
Core,5.172413793103448
Non-core,4.545454545454546
