status,intersection
Core,17.086834733893557
Non-core,14.102564102564102
