status,intersection
Core,10.48951048951049
Non-core,6.976744186046512
