status,intersection
Core,6.481481481481482
Non-core,6.8493150684931505
