status,intersection
Core,8.463949843260188
Non-core,5.217391304347826
