status,intersection
Core,5.47808764940239
Non-core,4.054054054054054
