status,intersection
Core,11.971830985915492
Non-core,4.545454545454546
