status,intersection
Core,6.28140703517588
Non-core,4.633204633204633
