status,intersection
Core,1.1398963730569949
Non-core,0.704225352112676
