status,intersection
Core,7.352941176470588
Non-core,6.410256410256411
