status,intersection
Core,9.195402298850574
Non-core,7.547169811320755
