status,intersection
Core,15.733113673805601
Non-core,12.22707423580786
