status,intersection
Core,9.210526315789474
Non-core,8.270676691729323
