status,intersection
Core,3.4120734908136483
Non-core,0.8802816901408451
