status,intersection
Core,21.316348195329088
Non-core,17.027863777089784
