status,intersection
Core,2.522704339051463
Non-core,1.917808219178082
