status,intersection
Core,14.666666666666666
Non-core,11.827956989247312
