status,intersection
Core,5.759599332220367
Non-core,4.150453955901427
