status,intersection
Core,0.5107252298263534
Non-core,0.4143646408839779
