status,intersection
Core,6.834170854271357
Non-core,5.040871934604905
