status,intersection
Core,2.3391812865497075
Non-core,2.1739130434782608
