status,intersection
Core,6.540284360189573
Non-core,4.974489795918367
