status,intersection
Core,5.369127516778524
Non-core,4.901960784313726
