status,intersection
Core,14.012738853503185
Non-core,10.416666666666666
