status,intersection
Core,7.758620689655173
Non-core,6.896551724137931
