status,intersection
Core,0.9155645981688708
Non-core,0.9615384615384616
