status,intersection
Core,12.396694214876034
Non-core,13.513513513513514
