status,intersection
Core,19.138056975894813
Non-core,14.858260019550341
