status,intersection
Core,10.1010101010101
Non-core,9.803921568627452
