status,intersection
Core,4.282868525896414
Non-core,4.2349726775956285
