status,intersection
Core,5.337078651685394
Non-core,3.258655804480652
