status,intersection
Core,7.751937984496124
Non-core,7.317073170731708
