status,intersection
Core,6.578947368421052
Non-core,10.869565217391305
