status,intersection
Core,10.614525139664805
Non-core,7.758620689655173
