status,intersection
Core,6.686930091185411
Non-core,4.918032786885246
