status,intersection
Core,7.751937984496124
Non-core,7.100591715976331
