status,intersection
Core,18.96551724137931
Non-core,18.840579710144926
