status,intersection
Core,9.004739336492891
Non-core,7.947019867549669
