status,intersection
Core,3.2901296111665004
Non-core,1.749663526244953
