status,intersection
Core,7.509157509157509
Non-core,5.365853658536586
