status,intersection
Core,10.828025477707007
Non-core,12.162162162162161
