status,intersection
Core,0.5170630816959669
Non-core,0.14064697609001406
