status,intersection
Core,6.188118811881188
Non-core,4.676258992805756
