status,intersection
Core,0.411946446961895
Non-core,0.27932960893854747
