status,intersection
Core,7.2368421052631575
Non-core,5.882352941176471
