status,intersection
Core,5.863192182410423
Non-core,4.583333333333333
