status,intersection
Core,3.7313432835820897
Non-core,2.272727272727273
