status,intersection
Core,5.9171597633136095
Non-core,5.454545454545454
