status,intersection
Core,14.173228346456693
Non-core,12.67605633802817
