status,intersection
Core,1.7364657814096016
Non-core,1.3812154696132597
