status,intersection
Core,2.2979985174203112
Non-core,0.8645533141210374
