status,intersection
Core,0.7172131147540983
Non-core,0.8321775312066574
