status,intersection
Core,11.949685534591195
Non-core,12.380952380952381
