status,intersection
Core,9.70873786407767
Non-core,11.11111111111111
