status,intersection
Core,5.39714867617108
Non-core,3.1944444444444446
