status,intersection
Core,3.35195530726257
Non-core,0.9900990099009901
