status,intersection
Core,10.1010101010101
Non-core,3.8461538461538463
