status,intersection
Core,13.194444444444445
Non-core,15.384615384615385
