status,intersection
Core,11.188811188811188
Non-core,13.157894736842104
