status,intersection
Core,5.221674876847291
Non-core,3.342245989304813
