status,intersection
Core,4.5602605863192185
Non-core,2.912621359223301
