status,intersection
Core,9.615384615384615
Non-core,8.737864077669903
