status,intersection
Core,3.096903096903097
Non-core,2.3255813953488373
