status,intersection
Core,1.6511867905056758
Non-core,0.7032348804500703
