status,intersection
Core,2.479338842975207
Non-core,1.4492753623188406
