status,intersection
Core,1.5197568389057752
Non-core,1.1049723756906078
