status,intersection
Core,2.277227722772277
Non-core,2.278820375335121
