status,intersection
Core,8.771929824561404
Non-core,7.462686567164179
