status,intersection
Core,2.3076923076923075
Non-core,2.5641025641025643
