status,intersection
Core,0.31023784901758017
Non-core,0.14064697609001406
