status,intersection
Core,17.21311475409836
Non-core,12.162162162162161
