status,intersection
Core,1.8499486125385407
Non-core,0.9762900976290098
