status,intersection
Core,1.116751269035533
Non-core,0.9602194787379973
