status,intersection
Core,10.69182389937107
Non-core,11.458333333333334
