status,intersection
Core,8.73015873015873
Non-core,8.641975308641975
