status,intersection
Core,0.6198347107438017
Non-core,0.14064697609001406
