status,intersection
Core,11.872146118721462
Non-core,10.447761194029852
