status,intersection
Core,3.648068669527897
Non-core,1.8237082066869301
