status,intersection
Core,8.227848101265822
Non-core,8.88888888888889
