status,intersection
Core,6.106870229007634
Non-core,4.854368932038835
