status,intersection
Core,8.67579908675799
Non-core,7.894736842105263
