status,intersection
Core,5.747126436781609
Non-core,5.691056910569106
