status,intersection
Core,2.8025477707006368
Non-core,1.36986301369863
