status,intersection
Core,0.9278350515463918
Non-core,0.702247191011236
