status,intersection
Core,5.828220858895706
Non-core,5.3097345132743365
