status,intersection
Core,8.235294117647058
Non-core,9.090909090909092
