status,intersection
Core,0.8179959100204499
Non-core,0.4160887656033287
