status,intersection
Core,10.983763132760268
Non-core,7.782101167315175
