status,intersection
Core,7.971014492753623
Non-core,3.658536585365854
