status,intersection
Core,1.75054704595186
Non-core,0.7279344858962693
