status,intersection
Core,14.332514332514332
Non-core,11.062431544359255
