status,intersection
Core,5.333333333333333
Non-core,3.0303030303030303
