status,intersection
Core,2.33739837398374
Non-core,1.8030513176144245
