status,intersection
Core,14.68218442256043
Non-core,12.218268090154211
