status,intersection
Core,4.191616766467066
Non-core,3.361344537815126
