status,intersection
Core,4.415584415584416
Non-core,1.1811023622047243
