status,intersection
Core,2.6490066225165565
Non-core,1.1494252873563218
