status,intersection
Core,19.78021978021978
Non-core,17.391304347826086
