status,intersection
Core,3.182751540041068
Non-core,1.8105849582172702
