status,intersection
Core,4.878048780487805
Non-core,5.660377358490566
