status,intersection
Core,13.596491228070175
Non-core,10.317460317460318
