status,intersection
Core,0.20639834881320948
Non-core,0.2801120448179272
