status,intersection
Core,3.4188034188034186
Non-core,2.73972602739726
