status,intersection
Core,7.024029574861368
Non-core,5.221932114882507
