status,intersection
Core,2.6666666666666665
Non-core,1.1142061281337048
