status,intersection
Core,4.052684903748734
Non-core,2.4861878453038675
