status,intersection
Core,9.883720930232558
Non-core,6.862745098039215
