status,intersection
Core,5.0947867298578196
Non-core,3.3653846153846154
