status,intersection
Core,11.347517730496454
Non-core,10.95890410958904
