status,intersection
Core,6.167400881057269
Non-core,3.816793893129771
