status,intersection
Core,3.5957240038872693
Non-core,2.356020942408377
