status,intersection
Core,10.294117647058824
Non-core,9.558823529411764
