status,intersection
Core,2.9896907216494846
Non-core,1.8232819074333801
