status,intersection
Core,12.011439466158246
Non-core,10.600255427841635
