status,intersection
Core,7.964601769911504
Non-core,7.017543859649122
