status,intersection
Core,12.138728323699421
Non-core,10.75268817204301
