status,intersection
Core,11.403508771929825
Non-core,6.779661016949152
