status,intersection
Core,5.7926829268292686
Non-core,3.3057851239669422
