status,intersection
Core,7.164179104477612
Non-core,4.576043068640646
