status,intersection
Core,3.524672708962739
Non-core,1.6574585635359116
