status,intersection
Core,12.987012987012987
Non-core,9.411764705882353
