status,intersection
Core,2.075098814229249
Non-core,2.0026702269692924
