status,intersection
Core,7.18562874251497
Non-core,4.166666666666667
