status,intersection
Core,7.623318385650224
Non-core,3.7593984962406015
