status,intersection
Core,10.289389067524116
Non-core,6.698564593301436
