status,intersection
Core,4.704704704704705
Non-core,3.5470668485675305
