status,intersection
Core,1.60481444332999
Non-core,1.6172506738544474
