status,intersection
Core,5.747126436781609
Non-core,4.918032786885246
