status,intersection
Core,6.936416184971098
Non-core,5.555555555555555
