status,intersection
Core,4.895104895104895
Non-core,3.1578947368421053
