status,intersection
Core,5.343511450381679
Non-core,5.617977528089888
