status,intersection
Core,5.744888023369036
Non-core,4.605263157894737
