status,intersection
Core,12.23021582733813
Non-core,12.790697674418604
