status,intersection
Core,8.547008547008547
Non-core,5.333333333333333
