status,intersection
Core,9.00900900900901
Non-core,7.43801652892562
