status,intersection
Core,9.166666666666666
Non-core,9.333333333333334
