status,intersection
Core,19.424460431654676
Non-core,15.476190476190476
