status,intersection
Core,11.03896103896104
Non-core,7.526881720430108
