status,intersection
Core,10.222222222222221
Non-core,9.420289855072463
