status,intersection
Core,3.3576642335766422
Non-core,2.001819836214741
