status,intersection
Core,4.150197628458498
Non-core,2.027027027027027
