status,intersection
Core,17.532467532467532
Non-core,14.772727272727273
