status,intersection
Core,13.071895424836601
Non-core,13.043478260869565
