status,intersection
Core,5.096839959225281
Non-core,3.6161335187760777
