status,intersection
Core,3.0405405405405403
Non-core,2.2346368715083798
