status,intersection
Core,6.779661016949152
Non-core,6.60377358490566
