status,intersection
Core,14.444444444444445
Non-core,17.77777777777778
