status,intersection
Core,6.140350877192983
Non-core,9.090909090909092
