status,intersection
Core,12.977099236641221
Non-core,14.925373134328359
