status,intersection
Core,2.161100196463654
Non-core,2.257636122177955
