status,intersection
Core,6.553911205073995
Non-core,4.491017964071856
