status,intersection
Core,7.640232108317215
Non-core,5.736636245110821
