status,intersection
Core,5.194805194805195
Non-core,8.51063829787234
