status,intersection
Core,19.41747572815534
Non-core,18.181818181818183
