status,intersection
Core,10.95890410958904
Non-core,11.764705882352942
