status,intersection
Core,2.594142259414226
Non-core,1.0389610389610389
