status,intersection
Core,7.368421052631579
Non-core,8.333333333333334
