status,intersection
Core,10.975609756097562
Non-core,10.75268817204301
