status,intersection
Core,17.147192716236724
Non-core,13.88888888888889
