status,intersection
Core,8.983218163869694
Non-core,6.040268456375839
