status,intersection
Core,10.502283105022832
Non-core,7.299270072992701
