status,intersection
Core,11.176470588235293
Non-core,8.108108108108109
