status,intersection
Core,6.756756756756757
Non-core,5.194805194805195
