status,intersection
Core,7.0680628272251305
Non-core,3.866432337434095
