status,intersection
Core,3.597122302158273
Non-core,4.444444444444445
