status,intersection
Core,10.734463276836157
Non-core,9.345794392523365
