status,intersection
Core,10.273972602739725
Non-core,11.39240506329114
