status,intersection
Core,3.7848605577689245
Non-core,3.3647375504710633
