status,intersection
Core,10.511089681774349
Non-core,8.24607329842932
