status,intersection
Core,2.2587268993839835
Non-core,1.2605042016806722
