status,intersection
Core,6.741573033707865
Non-core,6.349206349206349
