status,intersection
Core,6.0344827586206895
Non-core,3.4482758620689653
