status,intersection
Core,0.9109311740890689
Non-core,0.9549795361527967
