status,intersection
Core,13.274336283185841
Non-core,11.842105263157896
