status,intersection
Core,9.56175298804781
Non-core,8.974358974358974
