status,intersection
Core,4.838709677419355
Non-core,1.7857142857142858
