status,intersection
Core,9.565217391304348
Non-core,10.526315789473685
