status,intersection
Core,8.743169398907105
Non-core,6.224066390041494
