status,intersection
Core,2.952755905511811
Non-core,2.127659574468085
