status,intersection
Core,6.920415224913495
Non-core,7.303370786516854
