status,intersection
Core,3.4146341463414633
Non-core,1.5384615384615385
