status,intersection
Core,11.238095238095237
Non-core,8.914728682170542
