status,intersection
Core,5.9523809523809526
Non-core,3.7735849056603774
