status,intersection
Core,10.679611650485437
Non-core,6.363636363636363
