status,intersection
Core,8.78186968838527
Non-core,7.594936708860759
