status,intersection
Core,2.9027576197387517
Non-core,1.6877637130801688
