status,intersection
Core,7.82122905027933
Non-core,7.446808510638298
