status,intersection
Core,0.5133470225872689
Non-core,0.5602240896358543
