status,intersection
Core,0.2047082906857728
Non-core,0.13850415512465375
