status,intersection
Core,0.2059732234809475
Non-core,0.27932960893854747
