status,intersection
Core,8.165225744476466
Non-core,7.115135834411384
