status,intersection
Core,5.276381909547739
Non-core,2.8716216216216215
