status,intersection
Core,5.05050505050505
Non-core,1.9607843137254901
