status,intersection
Core,9.765625
Non-core,5.8441558441558445
