status,intersection
Core,6.6115702479338845
Non-core,4.225352112676056
