status,intersection
Core,7.0588235294117645
Non-core,2.3255813953488373
