status,intersection
Core,4.158215010141988
Non-core,2.074688796680498
