status,intersection
Core,3.0837004405286343
Non-core,0.6993006993006993
