status,intersection
Core,7.079646017699115
Non-core,6.410256410256411
