status,intersection
Core,2.658486707566462
Non-core,2.092050209205021
