status,intersection
Core,3.8805970149253732
Non-core,3.146374829001368
