status,intersection
Core,7.219251336898396
Non-core,5.138339920948616
