status,intersection
Core,11.940298507462687
Non-core,12.121212121212121
