status,intersection
Core,3.2051282051282053
Non-core,4.504504504504505
