status,intersection
Core,1.4373716632443532
Non-core,0.6983240223463687
