status,intersection
Core,3.7373737373737375
Non-core,3.0344827586206895
