status,intersection
Core,0.2066115702479339
Non-core,0.1402524544179523
