status,intersection
Core,9.426229508196721
Non-core,9.333333333333334
