status,intersection
Core,0.6166495375128469
Non-core,0.42016806722689076
