status,intersection
Core,4.18848167539267
Non-core,4.059040590405904
