status,intersection
Core,1.8461538461538463
Non-core,1.5363128491620113
