status,intersection
Core,4.244031830238727
Non-core,2.4305555555555554
