status,intersection
Core,0.513874614594039
Non-core,0.4195804195804196
