status,intersection
Core,6.959008579599619
Non-core,5.229591836734694
