status,intersection
Core,5.813953488372093
Non-core,5.660377358490566
