status,intersection
Core,15.107913669064748
Non-core,12.195121951219512
