status,intersection
Core,0.8052708638360175
Non-core,0.8159564823209429
