status,intersection
Core,18.636096413874192
Non-core,13.669590643274853
