status,intersection
Core,0.8714596949891068
Non-core,0.8078994614003591
