status,intersection
Core,1.6776075857038657
Non-core,1.1807447774750226
