status,intersection
Core,2.6049204052098407
Non-core,1.3489208633093526
