status,intersection
Core,0.22140221402214022
Non-core,0.2744739249771272
