status,intersection
Core,1.2463343108504399
Non-core,1.0909090909090908
