status,intersection
Core,0.14771048744460857
Non-core,0.18315018315018314
