status,intersection
Core,0.8082292432035268
Non-core,0.7279344858962693
