status,intersection
Core,3.1824611032531824
Non-core,2.4496937882764653
