status,intersection
Core,1.1721611721611722
Non-core,0.8204193254329991
