status,intersection
Core,4.011670313639679
Non-core,3.176043557168784
