status,intersection
Core,2.586206896551724
Non-core,1.6230838593327321
