status,intersection
Core,1.1644832605531295
Non-core,1.17011701170117
