status,intersection
Core,15.279429250891795
Non-core,12.976539589442815
