status,intersection
Core,0.880410858400587
Non-core,0.3646308113035551
