status,intersection
Core,2.463768115942029
Non-core,1.3550135501355014
