status,intersection
Core,0.4434589800443459
Non-core,0.09165902841429881
