status,intersection
Core,2.39477503628447
Non-core,1.9855595667870036
