status,intersection
Core,3.316510454217736
Non-core,2.244165170556553
