status,intersection
Core,1.440922190201729
Non-core,1.601423487544484
