status,intersection
Core,0.14738393515106854
Non-core,0.091324200913242
