status,intersection
Core,2.1307861866274798
Non-core,1.1839708561020037
