status,intersection
Core,2.1216407355021216
Non-core,1.8421052631578947
