status,intersection
Core,0.6627393225331369
Non-core,0.3656307129798903
