status,intersection
Core,1.5272727272727273
Non-core,0.9963768115942029
