status,intersection
Core,5.882352941176471
Non-core,3.8593481989708405
