status,intersection
Core,18.96447922937989
Non-core,15.464684014869889
