status,intersection
Core,1.0211524434719184
Non-core,1.2623985572587917
