status,intersection
Core,0.36791758646063283
Non-core,0.4562043795620438
