status,intersection
Core,2.7656477438136826
Non-core,1.6274864376130198
