status,intersection
Core,0.5131964809384164
Non-core,0.6352087114337568
