status,intersection
Core,1.3254786450662739
Non-core,0.821917808219178
