status,intersection
Core,0.2210759027266028
Non-core,0.182648401826484
