status,intersection
Core,5.3977272727272725
Non-core,3.8869257950530036
