status,intersection
Core,4.3509272467903
Non-core,3.4574468085106385
