status,intersection
Core,0.22123893805309736
Non-core,0.2742230347349177
