status,intersection
Core,15.030170049369172
Non-core,11.896668932698844
