status,intersection
Core,0.36737692872887584
Non-core,0.4549590536851683
