status,intersection
Core,1.9636363636363636
Non-core,1.4453477868112015
