status,intersection
Core,1.2247838616714697
Non-core,0.539568345323741
