status,intersection
Core,13.744654856444717
Non-core,10.197869101978691
