status,intersection
Core,4.124457308248915
Non-core,2.605570530098832
