status,intersection
Core,0.7358351729212657
Non-core,0.8204193254329991
