status,intersection
Core,4.558610709117222
Non-core,2.9810298102981028
