status,intersection
Core,4.412811387900356
Non-core,3.615520282186949
