status,intersection
Core,3.8081805359661494
Non-core,2.8820960698689957
