status,intersection
Core,0.14792899408284024
Non-core,0.1834862385321101
