status,intersection
Core,0.7385524372230429
Non-core,0.36663611365719523
