status,intersection
Core,2.3723939611790077
Non-core,1.704035874439462
