status,intersection
Core,0.36845983787767134
Non-core,0.273972602739726
