status,intersection
Core,1.2363636363636363
Non-core,1.17011701170117
