status,intersection
Core,0.51698670605613
Non-core,0.27497708524289644
