status,intersection
Core,0.44052863436123346
Non-core,0.45578851412944393
