status,intersection
Core,1.684981684981685
Non-core,0.818926296633303
