status,intersection
Core,0.07390983000739099
Non-core,0.09165902841429881
