status,intersection
Core,2.81182408074982
Non-core,2.150537634408602
