status,intersection
Core,1.5884476534296028
Non-core,1.2567324955116697
