status,intersection
Core,4.664723032069971
Non-core,3.071364046973803
