status,intersection
Core,11.35135135135135
Non-core,8.02364864864865
