status,intersection
Core,9.084699453551913
Non-core,6.292517006802721
