status,intersection
Core,0.9523809523809523
Non-core,0.9066183136899365
