status,intersection
Core,2.0527859237536656
Non-core,1.6363636363636365
