status,intersection
Core,0.36443148688046645
Non-core,0.27149321266968324
