status,intersection
Core,0.6603081438004402
Non-core,0.8174386920980926
