status,intersection
Core,6.490727532097004
Non-core,4.085257548845471
