status,intersection
Core,1.0174418604651163
Non-core,0.9033423667570009
