status,intersection
Core,16.13739468567725
Non-core,12.910986367281476
