status,intersection
Core,2.0452885317750185
Non-core,1.0899182561307903
