status,intersection
Core,1.1808118081180812
Non-core,0.7326007326007326
