status,intersection
Core,11.422845691382765
Non-core,9.405940594059405
