status,intersection
Core,5.835734870317003
Non-core,3.408071748878924
