status,intersection
Core,10.051880674448768
Non-core,7.463884430176565
