status,intersection
Core,2.958152958152958
Non-core,2.060931899641577
