status,intersection
Core,15.706143128562381
Non-core,12.704598597038192
