status,intersection
Core,9.33852140077821
Non-core,7.171964140179299
