status,intersection
Core,0.7336757153338225
Non-core,0.7266121707538601
