status,intersection
Core,1.5736766809728182
Non-core,1.328609388839681
