status,intersection
Core,1.4978601997146932
Non-core,0.6266786034019696
