status,intersection
Core,3.4457478005865103
Non-core,2.2747952684258417
