status,intersection
Core,1.3157894736842106
Non-core,1.2715712988192551
