status,intersection
Core,2.0393299344501092
Non-core,1.5356820234869015
