status,intersection
Core,2.7066569129480613
Non-core,1.9125683060109289
