status,intersection
Core,1.0086455331412103
Non-core,0.08984725965858041
