status,intersection
Core,13.506320691949435
Non-core,11.963696369636963
