status,intersection
Core,0.8843036109064112
Non-core,0.6404391582799634
