status,intersection
Core,6.262359920896507
Non-core,4.746317512274959
