status,intersection
Core,0.4411764705882353
Non-core,0.4553734061930783
