status,intersection
Core,6.138613861386139
Non-core,5.537459283387622
