status,intersection
Core,3.3022254127781765
Non-core,2.226179875333927
