status,intersection
Core,5.6125941136208075
Non-core,4.017094017094017
