status,intersection
Core,7.741027445460943
Non-core,4.244031830238727
