status,intersection
Core,25.308947108255065
Non-core,19.342359767891683
