status,intersection
Core,1.3858497447118892
Non-core,1.3525698827772767
