status,intersection
Core,2.156721782890007
Non-core,1.6964285714285714
