status,intersection
Core,1.0869565217391304
Non-core,1.1638316920322291
