status,intersection
Core,1.1670313639679066
Non-core,0.27347310847766637
