status,intersection
Core,3.023758099352052
Non-core,1.8867924528301887
