status,intersection
Core,8.246753246753247
Non-core,6.382978723404255
