status,intersection
Core,2.7464788732394365
Non-core,2.35191637630662
