status,intersection
Core,7.624234172906739
Non-core,5.50381033022862
