status,intersection
Core,4.228187919463087
Non-core,2.1903959561920807
