status,intersection
Core,7.313642756680731
Non-core,5.114638447971782
