status,intersection
Core,1.4513788098693758
Non-core,1.3464991023339319
