status,intersection
Core,1.099706744868035
Non-core,0.365296803652968
