status,intersection
Core,3.750884642604388
Non-core,3.0755711775043935
