status,intersection
Core,1.171303074670571
Non-core,1.2692656391659112
