status,intersection
Core,3.6443148688046647
Non-core,1.9056261343012704
