status,intersection
Core,0.44280442804428044
Non-core,0.45745654162854527
