status,intersection
Core,4.842105263157895
Non-core,3.251318101933216
