status,intersection
Core,0.804093567251462
Non-core,0.8137432188065099
