status,intersection
Core,25.62162162162162
Non-core,21.60904255319149
