status,intersection
Core,14.193200215866163
Non-core,11.595174262734584
