status,intersection
Core,0.2952029520295203
Non-core,0.36596523330283626
