status,intersection
Core,3.2350826743350107
Non-core,1.883408071748879
