status,intersection
Core,3.487544483985765
Non-core,2.5686448184233837
