status,intersection
Core,2.986161689730517
Non-core,2.0833333333333335
