status,intersection
Core,5.194805194805195
Non-core,3.9320822162645217
