status,intersection
Core,6.492589978828511
Non-core,5.424321959755031
