status,intersection
Core,0.8118081180811808
Non-core,0.45787545787545786
