status,intersection
Core,1.7972681524083394
Non-core,1.7761989342806395
