status,intersection
Core,0.5755395683453237
Non-core,0.5352363960749331
