status,intersection
Core,2.04828090709583
Non-core,1.1818181818181819
