status,intersection
Core,4.812455767869781
Non-core,4.042179261862917
