status,intersection
Core,1.1552346570397112
Non-core,1.0695187165775402
