status,intersection
Core,1.2408759124087592
Non-core,1.0830324909747293
