status,intersection
Core,4.017216642754663
Non-core,2.8596961572832886
