status,intersection
Core,18.79271070615034
Non-core,15.585331452750353
