status,intersection
Core,1.2283236994219653
Non-core,1.075268817204301
