status,intersection
Core,7.407407407407407
Non-core,5.1573426573426575
