status,intersection
Core,0.5895357406042742
Non-core,0.547945205479452
