status,intersection
Core,0.7347538574577517
Non-core,0.6369426751592356
