status,intersection
Core,5.669737774627923
Non-core,3.883495145631068
