status,intersection
Core,2.5405786873676783
Non-core,1.6622922134733158
