status,intersection
Core,2.48403122782115
Non-core,2.194907813871817
