status,intersection
Core,5.799151343705799
Non-core,3.0061892130857646
