status,intersection
Core,2.2496371552975325
Non-core,1.6260162601626016
