status,intersection
Core,3.052325581395349
Non-core,2.168021680216802
