status,intersection
Core,9.99346832135859
Non-core,6.933115823817292
