status,intersection
Core,2.3487544483985765
Non-core,1.4209591474245116
