status,intersection
Core,1.7621145374449338
Non-core,1.1839708561020037
