status,intersection
Core,0.9475218658892128
Non-core,0.9918845807033363
