status,intersection
Core,6.171107994389902
Non-core,4.283216783216783
