status,intersection
Core,1.4587892049598834
Non-core,0.8159564823209429
