status,intersection
Core,0.7342143906020558
Non-core,0.6363636363636364
