status,intersection
Core,1.721664275466284
Non-core,1.0781671159029649
