status,intersection
Core,5.065926439972242
Non-core,3.5839160839160837
