status,intersection
Core,1.095690284879474
Non-core,1.1743450767841013
