status,intersection
Core,23.018581721653394
Non-core,19.17191719171917
