status,intersection
Core,7.79401530967293
Non-core,5.212858384013901
