status,intersection
Core,0.29455081001472755
Non-core,0.36496350364963503
