status,intersection
Core,2.239884393063584
Non-core,1.6172506738544474
