status,intersection
Core,2.5491624180626364
Non-core,1.3599274705349047
