status,intersection
Core,8.811748998664887
Non-core,7.172643869891576
