status,intersection
Core,1.3274336283185841
Non-core,0.6410256410256411
