status,intersection
Core,1.3043478260869565
Non-core,1.2533572068039391
