status,intersection
Core,0.22172949002217296
Non-core,0.1834862385321101
