status,intersection
Core,3.5842293906810037
Non-core,2.5112107623318387
