status,intersection
Core,2.403495994173343
Non-core,1.6230838593327321
