status,intersection
Core,1.0196649672250546
Non-core,0.8100810081008101
