status,intersection
Core,0.8136094674556213
Non-core,0.45871559633027525
