status,intersection
Core,5.323741007194244
Non-core,3.5810205908683974
