status,intersection
Core,1.239067055393586
Non-core,0.9990917347865577
