status,intersection
Core,1.6140865737344094
Non-core,1.2727272727272727
