status,intersection
Core,1.322556943423953
Non-core,0.9124087591240876
