status,intersection
Core,2.3512123438648054
Non-core,1.0009099181073704
