status,intersection
Core,0.29390154298310067
Non-core,0.36429872495446264
