status,intersection
Core,4.694167852062589
Non-core,2.824360105913504
