status,intersection
Core,1.373825018076645
Non-core,0.7220216606498195
