status,intersection
Core,1.8624641833810889
Non-core,1.8551236749116609
