status,intersection
Core,1.1070110701107012
Non-core,0.5494505494505495
