status,intersection
Core,6.563161609033169
Non-core,4.155614500442087
