status,intersection
Core,0.22091310751104565
Non-core,0.27472527472527475
