status,intersection
Core,6.671398154719659
Non-core,3.9180765805877114
