status,intersection
Core,0.5139500734214391
Non-core,0.5454545454545454
