status,intersection
Core,4.7277936962750715
Non-core,2.767857142857143
