status,intersection
Core,1.0263929618768328
Non-core,0.7299270072992701
