status,intersection
Core,4.771929824561403
Non-core,3.5683202785030463
