status,intersection
Core,0.3654970760233918
Non-core,0.18148820326678766
