status,intersection
Core,0.5143277002204262
Non-core,0.545950864422202
