status,intersection
Core,0.5873715124816447
Non-core,0.18331805682859761
