status,intersection
Core,6.275579809004093
Non-core,3.8330494037478706
