status,intersection
Core,7.964033397559409
Non-core,6.500802568218298
