status,intersection
Core,0.36954915003695493
Non-core,0.458295142071494
