status,intersection
Core,1.0964912280701755
Non-core,0.9057971014492754
