status,intersection
Core,0.29542097488921715
Non-core,0.3663003663003663
