status,intersection
Core,0.6612784717119765
Non-core,0.45871559633027525
