status,intersection
Core,0.2947678703021371
Non-core,0.365296803652968
