status,intersection
Core,0.8784773060029283
Non-core,0.8159564823209429
