status,intersection
Core,1.6164584864070537
Non-core,0.4562043795620438
