status,intersection
Core,2.4655547498187094
Non-core,1.8901890189018902
