status,intersection
Core,16.395418927064497
Non-core,13.353115727002967
