status,intersection
Core,6.726149622512011
Non-core,4.7986289631533845
