status,intersection
Core,0.8765522279035792
Non-core,0.9033423667570009
