status,intersection
Core,7.161125319693094
Non-core,6.093189964157706
