status,intersection
Core,1.1952191235059761
Non-core,1.7543859649122806
