status,intersection
Core,2.5531914893617023
Non-core,3.0864197530864197
