status,intersection
Core,1.3824884792626728
Non-core,2.0547945205479454
