status,intersection
Core,7.246376811594203
Non-core,7.317073170731708
