status,intersection
Core,0.9090909090909091
Non-core,1.3605442176870748
