status,intersection
Core,0.9900990099009901
Non-core,1.4492753623188406
