status,intersection
Core,1.4981273408239701
Non-core,2.197802197802198
