status,intersection
Core,5.603448275862069
Non-core,5.405405405405405
