status,intersection
Core,2.6315789473684212
Non-core,3.4722222222222223
