status,intersection
Core,1.7857142857142858
Non-core,2.1186440677966103
