status,intersection
Core,0.45045045045045046
Non-core,0.6666666666666666
