status,intersection
Core,1.3274336283185841
Non-core,1.9736842105263157
