status,intersection
Core,0.47393364928909953
Non-core,0.7142857142857143
