status,intersection
Core,1.4150943396226414
Non-core,2.127659574468085
