status,intersection
Core,2.620967741935484
Non-core,1.917808219178082
