status,intersection
Core,7.317073170731708
Non-core,4.864864864864865
