status,intersection
Core,4.700854700854701
Non-core,5.369127516778524
