status,intersection
Core,8.579881656804734
Non-core,9.00900900900901
