status,intersection
Core,7.522123893805309
Non-core,7.333333333333333
