status,intersection
Core,9.043927648578812
Non-core,8.058608058608058
