status,intersection
Core,5.821917808219178
Non-core,5.1020408163265305
