status,intersection
Core,6.410256410256411
Non-core,6.382978723404255
