status,intersection
Core,3.7344398340248963
Non-core,2.8735632183908044
