status,intersection
Core,1.4354066985645932
Non-core,2.2222222222222223
