status,intersection
Core,4.11522633744856
Non-core,4.093567251461988
