status,intersection
Core,7.961783439490445
Non-core,6.073752711496746
