status,intersection
Core,1.968503937007874
Non-core,2.7777777777777777
