status,intersection
Core,2.293577981651376
Non-core,2.142857142857143
