status,intersection
Core,0.4694835680751174
Non-core,0.704225352112676
