status,intersection
Core,2.1551724137931036
Non-core,2.5316455696202533
