status,intersection
Core,5.1194539249146755
Non-core,5.291005291005291
