status,intersection
Core,13.842482100238664
Non-core,10.676156583629894
