status,intersection
Core,1.8099547511312217
Non-core,2.097902097902098
