status,intersection
Core,3.004291845493562
Non-core,4.861111111111111
