status,intersection
Core,9.523809523809524
Non-core,15.789473684210526
