status,intersection
Core,0.91324200913242
Non-core,1.3605442176870748
