status,intersection
Core,0.4672897196261682
Non-core,0.6993006993006993
