status,intersection
Core,1.345291479820628
Non-core,2.0134228187919465
