status,intersection
Core,3.6363636363636362
Non-core,2.857142857142857
