status,intersection
Core,9.126984126984127
Non-core,9.25925925925926
