status,intersection
Core,2.5806451612903225
Non-core,1.8018018018018018
