status,intersection
Core,12.587412587412587
Non-core,12.658227848101266
