status,intersection
Core,4.318936877076412
Non-core,2.926829268292683
