status,intersection
Core,11.270983213429256
Non-core,8.650519031141869
