status,intersection
Core,7.183908045977011
Non-core,6.422018348623853
