status,intersection
Core,11.19221411192214
Non-core,6.7669172932330826
