status,intersection
Core,9.287257019438444
Non-core,7.359307359307359
