status,intersection
Core,2.289156626506024
Non-core,1.1254019292604502
