status,intersection
Core,7.364341085271318
Non-core,5.555555555555555
