status,intersection
Core,1.3937282229965158
Non-core,0.9803921568627451
