status,intersection
Core,6.0702875399361025
Non-core,5.454545454545454
