status,intersection
Core,4.090909090909091
Non-core,2.127659574468085
