status,intersection
Core,3.10077519379845
Non-core,3.260869565217391
