status,intersection
Core,8.232445520581114
Non-core,7.903780068728523
