status,intersection
Core,5.982905982905983
Non-core,4.615384615384615
