status,intersection
Core,1.9777503090234858
Non-core,1.1570247933884297
