status,intersection
Core,1.354679802955665
Non-core,0.6611570247933884
