status,intersection
Core,11.538461538461538
Non-core,14.035087719298245
