status,intersection
Core,2.7611044417767108
Non-core,1.6103059581320451
