status,intersection
Core,6.229508196721311
Non-core,5.741626794258373
