status,intersection
Core,6.324110671936759
Non-core,6.164383561643835
