status,intersection
Core,9.289617486338798
Non-core,7.786885245901639
