status,intersection
Core,5.723905723905724
Non-core,2.898550724637681
