status,intersection
Core,3.1531531531531534
Non-core,2.0876826722338206
