status,intersection
Core,4.318936877076412
Non-core,2.898550724637681
