status,intersection
Core,10.280373831775702
Non-core,7.66721044045677
