status,intersection
Core,5.957446808510638
Non-core,6.870229007633588
