status,intersection
Core,3.1026252983293556
Non-core,2.380952380952381
