status,intersection
Core,5.013192612137203
Non-core,4.814814814814815
