status,intersection
Core,0.36585365853658536
Non-core,0.32310177705977383
