status,intersection
Core,9.482758620689655
Non-core,13.461538461538462
