status,intersection
Core,0.9090909090909091
Non-core,0.6802721088435374
