status,intersection
Core,1.3953488372093024
Non-core,2.1739130434782608
