status,intersection
Core,5.143540669856459
Non-core,3.5426731078904994
