status,intersection
Core,8.904109589041095
Non-core,11.627906976744185
