status,intersection
Core,3.265940902021773
Non-core,2.7027027027027026
