status,intersection
Core,2.356902356902357
Non-core,1.8691588785046729
