status,intersection
Core,0.7416563658838071
Non-core,0.8278145695364238
