status,intersection
Core,7.303370786516854
Non-core,5.882352941176471
