status,intersection
Core,2.6200873362445414
Non-core,1.9230769230769231
