status,intersection
Core,7.73067331670823
Non-core,7.042253521126761
