status,intersection
Core,3.3444816053511706
Non-core,2.336448598130841
