status,intersection
Core,6.504065040650406
Non-core,6.164383561643835
