status,intersection
Core,7.57396449704142
Non-core,4.617834394904459
