status,intersection
Core,7.857142857142857
Non-core,4.0358744394618835
