status,intersection
Core,2.9661016949152543
Non-core,2.484472049689441
