status,intersection
Core,10.179640718562874
Non-core,8.746355685131196
