status,intersection
Core,6.818181818181818
Non-core,7.317073170731708
