status,intersection
Core,5.1194539249146755
Non-core,5.084745762711864
