status,intersection
Core,8.227848101265822
Non-core,5.05050505050505
