status,intersection
Core,6.233062330623306
Non-core,4.545454545454546
