status,intersection
Core,8.085106382978724
Non-core,7.6923076923076925
