status,intersection
Core,2.7027027027027026
Non-core,1.3333333333333333
