status,intersection
Core,4.777070063694268
Non-core,4.761904761904762
