status,intersection
Core,1.8181818181818181
Non-core,1.8032786885245902
