status,intersection
Core,9.234234234234235
Non-core,8.223684210526315
