status,intersection
Core,7.575757575757576
Non-core,6.956521739130435
