status,intersection
Core,5.633802816901408
Non-core,3.9473684210526314
