status,intersection
Core,7.317073170731708
Non-core,5.357142857142857
