status,intersection
Core,5.633802816901408
Non-core,10.714285714285714
