status,intersection
Core,6.770833333333333
Non-core,5.384615384615385
