status,intersection
Core,9.667673716012084
Non-core,7.929515418502203
