status,intersection
Core,10.15625
Non-core,10.294117647058824
