status,intersection
Core,4.033214709371293
Non-core,3.1595576619273302
