status,intersection
Core,5.919003115264798
Non-core,3.65296803652968
