status,intersection
Core,2.511961722488038
Non-core,1.4331210191082802
