status,intersection
Core,8.270676691729323
Non-core,10.294117647058824
