status,intersection
Core,5.194805194805195
Non-core,9.67741935483871
