status,intersection
Core,5.588235294117647
Non-core,5.416666666666667
