status,intersection
Core,1.8094089264173703
Non-core,0.6546644844517185
