status,intersection
Core,4.102564102564102
Non-core,2.573529411764706
