status,intersection
Core,2.4242424242424243
Non-core,2.727272727272727
