status,intersection
Core,5.776173285198556
Non-core,4.326923076923077
