status,intersection
Core,12.790697674418604
Non-core,17.647058823529413
