status,intersection
Core,12.67605633802817
Non-core,11.428571428571429
