status,intersection
Core,4.444444444444445
Non-core,2.797202797202797
