status,intersection
Core,1.3969732246798603
Non-core,0.7668711656441718
