status,intersection
Core,3.855421686746988
Non-core,2.9079159935379644
