status,intersection
Core,0.7317073170731707
Non-core,0.48465266558966075
