status,intersection
Core,4.416403785488959
Non-core,2.7649769585253456
