status,intersection
Core,7.643312101910828
Non-core,5.2631578947368425
