status,intersection
Core,8.49673202614379
Non-core,3.488372093023256
