status,intersection
Core,8.866995073891626
Non-core,7.2727272727272725
