status,intersection
Core,3.821656050955414
Non-core,1.9047619047619047
