status,intersection
Core,3.5483870967741935
Non-core,1.978021978021978
