status,intersection
Core,7.857142857142857
Non-core,3.8461538461538463
