status,intersection
Core,7.575757575757576
Non-core,5.788712011577424
