status,intersection
Core,6.1946902654867255
Non-core,4.195804195804196
