status,intersection
Core,5.154639175257732
Non-core,4.761904761904762
