status,intersection
Core,6.666666666666667
Non-core,5.928853754940712
