status,intersection
Core,5.241935483870968
Non-core,4.819277108433735
