status,intersection
Core,0.37082818294190356
Non-core,0.3284072249589491
