status,intersection
Core,0.37220843672456577
Non-core,0.49504950495049505
