status,intersection
Core,8.670520231213873
Non-core,6.542056074766355
