status,intersection
Core,2.73972602739726
Non-core,5.714285714285714
