status,intersection
Core,2.18978102189781
Non-core,3.7037037037037037
