status,intersection
Core,8.764940239043824
Non-core,6.410256410256411
