status,intersection
Core,14.465937762825904
Non-core,11.842105263157896
