status,intersection
Core,2.7586206896551726
Non-core,2.380952380952381
