status,intersection
Core,9.03010033444816
Non-core,7.5675675675675675
