status,intersection
Core,8.02919708029197
Non-core,5.9171597633136095
