status,intersection
Core,3.5460992907801416
Non-core,3.409090909090909
