status,intersection
Core,6.936416184971098
Non-core,3.0303030303030303
