status,intersection
Core,8.37696335078534
Non-core,6.7924528301886795
