status,intersection
Core,0.243605359317905
Non-core,0.3225806451612903
