status,intersection
Core,10.857142857142858
Non-core,8.438818565400844
