status,intersection
Core,6.859205776173285
Non-core,6.806282722513089
