status,intersection
Core,6.134969325153374
Non-core,6.521739130434782
