status,intersection
Core,6.903991370010788
Non-core,5.4519368723099
