status,intersection
Core,9.545454545454545
Non-core,9.420289855072463
