status,intersection
Core,4.705882352941177
Non-core,4.587155963302752
