status,intersection
Core,9.153318077803204
Non-core,5.2631578947368425
