status,intersection
Core,13.008130081300813
Non-core,5.970149253731344
