status,intersection
Core,9.848484848484848
Non-core,8.333333333333334
