status,intersection
Core,3.2104637336504163
Non-core,2.2151898734177213
