status,intersection
Core,3.2490974729241877
Non-core,2.6455026455026456
