status,intersection
Core,0.37082818294190356
Non-core,0.16583747927031509
