status,intersection
Core,6.145251396648045
Non-core,2.7522935779816513
