status,intersection
Core,2.348993288590604
Non-core,2.3255813953488373
