status,intersection
Core,9.975669099756692
Non-core,8.791208791208792
