status,intersection
Core,6.415094339622642
Non-core,6.214689265536723
