status,intersection
Core,5.788876276958002
Non-core,4.81203007518797
