status,intersection
Core,9.871244635193133
Non-core,8.450704225352112
