status,intersection
Core,0.12315270935960591
Non-core,0.16339869281045752
