status,intersection
Core,2.9411764705882355
Non-core,2.3529411764705883
