status,intersection
Core,3.5031847133757963
Non-core,2.5806451612903225
