status,intersection
Core,10.037174721189592
Non-core,7.386363636363637
