status,intersection
Core,10.236966824644549
Non-core,7.558859975216852
