status,intersection
Core,12.39193083573487
Non-core,11.946902654867257
