status,intersection
Core,6.779661016949152
Non-core,9.836065573770492
