status,intersection
Core,3.1818181818181817
Non-core,2.857142857142857
