status,intersection
Core,0.24721878862793573
Non-core,0.16420361247947454
