status,intersection
Core,5.780346820809249
Non-core,3.629032258064516
