status,intersection
Core,4.333333333333333
Non-core,0.9852216748768473
