status,intersection
Core,9.844559585492227
Non-core,7.086614173228346
