status,intersection
Core,4.98220640569395
Non-core,3.2967032967032965
