status,intersection
Core,11.188811188811188
Non-core,11.170212765957446
