status,intersection
Core,4.032258064516129
Non-core,3.225806451612903
