status,intersection
Core,1.7220172201722017
Non-core,1.1475409836065573
