status,intersection
Core,5.3859964093357275
Non-core,3.6175710594315245
