status,intersection
Core,3.409090909090909
Non-core,2.6737967914438503
