status,intersection
Core,0.37037037037037035
Non-core,0.16393442622950818
