status,intersection
Core,6.302521008403361
Non-core,2.73972602739726
