status,intersection
Core,14.141414141414142
Non-core,10.638297872340425
