status,intersection
Core,1.3221153846153846
Non-core,1.2718600953895072
