status,intersection
Core,13.883677298311445
Non-core,11.142061281337048
