status,intersection
Core,9.281437125748504
Non-core,5.982905982905983
