status,intersection
Core,14.9581589958159
Non-core,11.235955056179776
