status,intersection
Core,9.782608695652174
Non-core,11.904761904761905
