status,intersection
Core,10.240963855421686
Non-core,10.344827586206897
