status,intersection
Core,5.588235294117647
Non-core,4.368932038834951
