status,intersection
Core,10.14799154334038
Non-core,8.35820895522388
