status,intersection
Core,5.286343612334802
Non-core,4.615384615384615
