status,intersection
Core,1.113861386138614
Non-core,0.8264462809917356
