status,intersection
Core,10.037174721189592
Non-core,5.405405405405405
