status,intersection
Core,3.2687651331719128
Non-core,2.44299674267101
