status,intersection
Core,5.150214592274678
Non-core,3.3557046979865772
