status,intersection
Core,9.137055837563452
Non-core,8.474576271186441
