status,intersection
Core,4.100946372239748
Non-core,3.5555555555555554
