status,intersection
Core,1.7094017094017093
Non-core,2.7777777777777777
