status,intersection
Core,5.8495821727019495
Non-core,6.048387096774194
