status,intersection
Core,9.491059147180193
Non-core,8.302583025830259
