status,intersection
Core,1.0817307692307692
Non-core,1.1111111111111112
