status,intersection
Core,0.4889975550122249
Non-core,0.3241491085899514
