status,intersection
Core,10.24390243902439
Non-core,8.960573476702509
