status,intersection
Core,2.444987775061125
Non-core,0.6568144499178982
