status,intersection
Core,6.367041198501872
Non-core,6.629834254143646
