status,intersection
Core,2.26537216828479
Non-core,1.7777777777777777
