status,intersection
Core,11.582213029989658
Non-core,8.594815825375171
