status,intersection
Core,11.11111111111111
Non-core,10.497237569060774
