status,intersection
Core,9.91304347826087
Non-core,7.94392523364486
