status,intersection
Core,9.050772626931566
Non-core,7.18562874251497
