status,intersection
Core,6.356968215158925
Non-core,5.802047781569966
