status,intersection
Core,2.73972602739726
Non-core,1.4598540145985401
