status,intersection
Core,5.150214592274678
Non-core,4.109589041095891
