status,intersection
Core,4.666666666666667
Non-core,2.0833333333333335
