status,intersection
Core,0.49443757725587145
Non-core,0.49261083743842365
