status,intersection
Core,15.909090909090908
Non-core,12.903225806451612
