status,intersection
Core,11.933701657458563
Non-core,10.802919708029197
