status,intersection
Core,9.411764705882353
Non-core,9.523809523809524
