status,intersection
Core,7.048458149779735
Non-core,6.2015503875969
