status,intersection
Core,2.865329512893983
Non-core,1.606425702811245
