status,intersection
Core,10.44943820224719
Non-core,6.726457399103139
