status,intersection
Core,13.559322033898304
Non-core,9.090909090909092
