status,intersection
Core,2.2388059701492535
Non-core,1.2048192771084338
