status,intersection
Core,8.712121212121213
Non-core,7.608695652173913
