status,intersection
Core,4.745762711864407
Non-core,3.883495145631068
