status,intersection
Core,6.88622754491018
Non-core,6.696428571428571
