status,intersection
Core,9.70873786407767
Non-core,13.72549019607843
