status,intersection
Core,5.408653846153846
Non-core,4.669887278582931
