status,intersection
Core,10.29023746701847
Non-core,8.614232209737828
