status,intersection
Core,6.164383561643835
Non-core,5.230769230769231
