status,intersection
Core,3.1806615776081424
Non-core,2.6041666666666665
