status,intersection
Core,2.197802197802198
Non-core,2.479338842975207
