status,intersection
Core,8.582089552238806
Non-core,6.962025316455696
