status,intersection
Core,7.423580786026201
Non-core,6.578947368421052
