status,intersection
Core,1.1918951132300357
Non-core,0.9404388714733543
