status,intersection
Core,6.95970695970696
Non-core,6.70391061452514
