status,intersection
Core,2.4705882352941178
Non-core,1.5723270440251573
