status,intersection
Core,10.596026490066226
Non-core,6.084656084656085
