status,intersection
Core,0.3472222222222222
Non-core,0.4878048780487805
