status,intersection
Core,6.382978723404255
Non-core,7.2727272727272725
