status,intersection
Core,3.389830508474576
Non-core,2.4271844660194173
