status,intersection
Core,7.299270072992701
Non-core,6.944444444444445
