status,intersection
Core,4.216867469879518
Non-core,3.0303030303030303
