status,intersection
Core,1.8404907975460123
Non-core,0.9615384615384616
