status,intersection
Core,5.095541401273885
Non-core,2.127659574468085
