status,intersection
Core,4.964539007092198
Non-core,2.6315789473684212
