status,intersection
Core,5.535055350553505
Non-core,5.376344086021505
