status,intersection
Core,8.470588235294118
Non-core,7.191780821917808
