status,intersection
Core,4.619565217391305
Non-core,3.4602076124567476
