status,intersection
Core,4.121212121212121
Non-core,2.103559870550162
