status,intersection
Core,5.81039755351682
Non-core,3.6036036036036037
