status,intersection
Core,10.36144578313253
Non-core,7.746478873239437
