status,intersection
Core,1.4814814814814814
Non-core,1.1904761904761905
