status,intersection
Core,7.729468599033816
Non-core,5.384615384615385
