status,intersection
Core,3.4229828850855744
Non-core,1.6233766233766234
