status,intersection
Core,17.614091273018413
Non-core,12.896405919661733
