status,intersection
Core,0.46296296296296297
Non-core,0.6993006993006993
