status,intersection
Core,4.716981132075472
Non-core,3.3333333333333335
