status,intersection
Core,8.256880733944953
Non-core,6.578947368421052
