status,intersection
Core,5.597014925373134
Non-core,5.521472392638037
