status,intersection
Core,4.012345679012346
Non-core,3.982300884955752
