status,intersection
Core,14.666666666666666
Non-core,11.36986301369863
