status,intersection
Core,5.058365758754864
Non-core,4.705882352941177
