status,intersection
Core,5.54016620498615
Non-core,4.918032786885246
