status,intersection
Core,0.8333333333333334
Non-core,0.22075055187637968
