status,intersection
Core,0.3663003663003663
Non-core,0.32362459546925565
