status,intersection
Core,0.7299270072992701
Non-core,0.6430868167202572
