status,intersection
Core,1.3559322033898304
Non-core,0.4807692307692308
