status,intersection
Core,5.19774011299435
Non-core,4.6476761619190405
