status,intersection
Core,5.5690072639225185
Non-core,4.83271375464684
