status,intersection
Core,5.2117263843648205
Non-core,3.827751196172249
