status,intersection
Core,8.284023668639053
Non-core,4.621848739495798
