status,intersection
Core,0.963855421686747
Non-core,0.7961783439490446
