status,intersection
Core,22.14022140221402
Non-core,16.28303495311168
