status,intersection
Core,11.618669314796424
Non-core,8.909574468085106
