status,intersection
Core,7.420494699646643
Non-core,4.787234042553192
