status,intersection
Core,12.935323383084578
Non-core,9.720372836218376
