status,intersection
Core,20.17603249830738
Non-core,16.089965397923876
