status,intersection
Core,11.684782608695652
Non-core,9.956709956709958
