status,intersection
Core,3.136396790663749
Non-core,2.0892687559354224
