status,intersection
Core,7.5829383886255926
Non-core,7.142857142857143
