status,intersection
Core,12.849162011173185
Non-core,9.417040358744394
