status,intersection
Core,3.426791277258567
Non-core,3.1380753138075312
