status,intersection
Core,7.503410641200546
Non-core,5.321100917431193
