status,intersection
Core,9.763313609467456
Non-core,6.986899563318778
