status,intersection
Core,2.18978102189781
Non-core,2.6315789473684212
