status,intersection
Core,1.4796547472256474
Non-core,0.6589785831960461
