status,intersection
Core,10.441767068273093
Non-core,6.896551724137931
