status,intersection
Core,5.776173285198556
Non-core,4.060913705583756
