status,intersection
Core,9.234828496042216
Non-core,7.751937984496124
