status,intersection
Core,1.0727056019070322
Non-core,1.2539184952978057
