status,intersection
Core,4.935064935064935
Non-core,2.8268551236749118
