status,intersection
Core,8.362779740871614
Non-core,4.881889763779528
