status,intersection
Core,6.617647058823529
Non-core,8.450704225352112
