status,intersection
Core,9.248554913294798
Non-core,4.888888888888889
