status,intersection
Core,9.956236323851204
Non-core,7.132243684992571
