status,intersection
Core,4.242424242424242
Non-core,1.9607843137254901
