status,intersection
Core,6.802721088435374
Non-core,5.13595166163142
