status,intersection
Core,7.653061224489796
Non-core,5.833333333333333
