status,intersection
Core,7.462686567164179
Non-core,6.4935064935064934
