status,intersection
Core,5.622489959839357
Non-core,3.2051282051282053
