status,intersection
Core,8.484848484848484
Non-core,8.910891089108912
