status,intersection
Core,9.154929577464788
Non-core,9.523809523809524
