status,intersection
Core,7.6923076923076925
Non-core,3.7735849056603774
