status,intersection
Core,5.3627760252365935
Non-core,1.8691588785046729
