status,intersection
Core,2.6055237102657633
Non-core,1.5873015873015872
