status,intersection
Core,2.262443438914027
Non-core,2.7027027027027026
