status,intersection
Core,11.676646706586826
Non-core,9.38722294654498
