status,intersection
Core,3.5143769968051117
Non-core,3.240740740740741
