status,intersection
Core,2.0066889632107023
Non-core,0.970873786407767
