status,intersection
Core,3.1620553359683794
Non-core,2.793296089385475
