status,intersection
Core,3.6912751677852347
Non-core,1.9801980198019802
