status,intersection
Core,1.492537313432836
Non-core,1.2048192771084338
