status,intersection
Core,9.97229916897507
Non-core,5.46218487394958
