status,intersection
Core,9.424083769633508
Non-core,7.746478873239437
