status,intersection
Core,9.124087591240876
Non-core,7.926829268292683
