status,intersection
Core,9.738219895287958
Non-core,7.313642756680731
