status,intersection
Core,6.529209621993127
Non-core,4.265402843601896
