status,intersection
Core,2.1604938271604937
Non-core,1.2875536480686696
