status,intersection
Core,5.191256830601093
Non-core,4.868913857677903
