status,intersection
Core,6.324582338902148
Non-core,4.285714285714286
