status,intersection
Core,6.217616580310881
Non-core,4.310344827586207
