status,intersection
Core,1.8518518518518519
Non-core,1.408450704225352
