status,intersection
Core,6.545454545454546
Non-core,5.1020408163265305
