status,intersection
Core,9.274193548387096
Non-core,3.7974683544303796
