status,intersection
Core,7.348242811501597
Non-core,7.2727272727272725
