status,intersection
Core,1.1764705882352942
Non-core,2.7777777777777777
