status,intersection
Core,9.285714285714286
Non-core,10.666666666666666
