status,intersection
Core,5.8441558441558445
Non-core,4.444444444444445
