status,intersection
Core,19.955156950672645
Non-core,15.618374558303888
