status,intersection
Core,1.8359853121175032
Non-core,1.791530944625407
