status,intersection
Core,3.5267349260523324
Non-core,2.8400597907324365
