status,intersection
Core,10.026385224274406
Non-core,7.8431372549019605
