status,intersection
Core,10.144927536231885
Non-core,9.174311926605505
