status,intersection
Core,6.325301204819277
Non-core,5.381165919282512
