status,intersection
Core,8.583690987124463
Non-core,6.770098730606488
