status,intersection
Core,2.4154589371980677
Non-core,1.4586709886547813
