status,intersection
Core,5.691056910569106
Non-core,9.090909090909092
