status,intersection
Core,5.150214592274678
Non-core,3.1847133757961785
