status,intersection
Core,2.5396825396825395
Non-core,3.0303030303030303
