status,intersection
Core,3.484320557491289
Non-core,1.5151515151515151
