status,intersection
Core,5.412371134020619
Non-core,4.780876494023905
