status,intersection
Core,3.488372093023256
Non-core,2.2222222222222223
