status,intersection
Core,6.824925816023739
Non-core,8.296943231441048
