status,intersection
Core,7.530120481927711
Non-core,6.756756756756757
