status,intersection
Core,9.392265193370166
Non-core,6.422018348623853
