status,intersection
Core,4.260089686098655
Non-core,3.5346097201767304
