status,intersection
Core,9.45945945945946
Non-core,13.333333333333334
