status,intersection
Core,1.3274336283185841
Non-core,0.6578947368421053
