status,intersection
Core,5.965909090909091
Non-core,4.198473282442748
