status,intersection
Core,4.137931034482759
Non-core,3.225806451612903
