status,intersection
Core,6.944444444444445
Non-core,7.092198581560283
