status,intersection
Core,8.928571428571429
Non-core,9.006211180124224
