status,intersection
Core,8.787878787878787
Non-core,5.405405405405405
