status,intersection
Core,7.164179104477612
Non-core,7.017543859649122
