status,intersection
Core,7.359307359307359
Non-core,5.303030303030303
