status,intersection
Core,7.807118254879449
Non-core,4.855842185128983
