status,intersection
Core,2.834008097165992
Non-core,3.468208092485549
