status,intersection
Core,10.13986013986014
Non-core,9.883720930232558
