status,intersection
Core,9.270216962524655
Non-core,6.887052341597796
