status,intersection
Core,13.417721518987342
Non-core,11.068702290076336
