status,intersection
Core,3.401360544217687
Non-core,3.5294117647058822
