status,intersection
Core,3.7628278221208666
Non-core,2.7027027027027026
