status,intersection
Core,1.9656019656019657
Non-core,1.6420361247947455
