status,intersection
Core,2.04778156996587
Non-core,1.9047619047619047
