status,intersection
Core,2.0134228187919465
Non-core,3.0303030303030303
