status,intersection
Core,10.105263157894736
Non-core,8.562691131498472
