status,intersection
Core,11.494252873563218
Non-core,9.946236559139784
