status,intersection
Core,6.320541760722348
Non-core,3.7267080745341614
