status,intersection
Core,7.450980392156863
Non-core,4.678362573099415
