status,intersection
Core,3.9548022598870056
Non-core,1.941747572815534
