status,intersection
Core,1.4814814814814814
Non-core,1.3513513513513513
