status,intersection
Core,7.299270072992701
Non-core,9.090909090909092
