status,intersection
Core,11.224489795918368
Non-core,7.196969696969697
