status,intersection
Core,5.853658536585366
Non-core,6.299212598425197
