status,intersection
Core,7.666666666666667
Non-core,3.8461538461538463
