status,intersection
Core,1.6726403823178018
Non-core,1.729559748427673
