status,intersection
Core,7.872340425531915
Non-core,3.409090909090909
