status,intersection
Core,7.189542483660131
Non-core,7.954545454545454
