status,intersection
Core,2.898550724637681
Non-core,6.451612903225806
