status,intersection
Core,11.083743842364532
Non-core,7.352941176470588
