status,intersection
Core,2.766798418972332
Non-core,2.3121387283236996
