status,intersection
Core,5.847953216374269
Non-core,4.782608695652174
