status,intersection
Core,6.0344827586206895
Non-core,6.622516556291391
