status,intersection
Core,1.6706443914081146
Non-core,1.263823064770932
