status,intersection
Core,3.8062283737024223
Non-core,3.0303030303030303
