status,intersection
Core,10.909090909090908
Non-core,10.169491525423728
