status,intersection
Core,2.31023102310231
Non-core,1.4218009478672986
