status,intersection
Core,0.6105006105006106
Non-core,0.16233766233766234
