status,intersection
Core,0.12300123001230012
Non-core,0.1631321370309951
