status,intersection
Core,6.473214285714286
Non-core,5.063291139240507
