status,intersection
Core,2.0656136087484813
Non-core,1.1419249592169658
