status,intersection
Core,3.553299492385787
Non-core,2.9962546816479403
