status,intersection
Core,3.0637254901960786
Non-core,1.8151815181518152
