status,intersection
Core,11.390532544378699
Non-core,9.108910891089108
