status,intersection
Core,5.325443786982248
Non-core,3.6036036036036037
