status,intersection
Core,3.4979423868312756
Non-core,2.9940119760479043
