status,intersection
Core,10.490856592877767
Non-core,7.440100882723834
