status,intersection
Core,1.0416666666666667
Non-core,0.975609756097561
