status,intersection
Core,6.481481481481482
Non-core,5.633802816901408
