status,intersection
Core,0.1218026796589525
Non-core,0.1610305958132045
