status,intersection
Core,2.2140221402214024
Non-core,1.80623973727422
