status,intersection
Core,2.08078335373317
Non-core,1.6366612111292962
