status,intersection
Core,1.2077294685990339
Non-core,0.8025682182985554
