status,intersection
Core,2.7906976744186047
Non-core,4.411764705882353
