status,intersection
Core,5.383580080753701
Non-core,3.3009708737864076
