status,intersection
Core,8.24742268041237
Non-core,6.741573033707865
