status,intersection
Core,3.061224489795918
Non-core,1.7857142857142858
