status,intersection
Core,2.112676056338028
Non-core,3.225806451612903
