status,intersection
Core,9.285714285714286
Non-core,9.63855421686747
