status,intersection
Core,13.291139240506329
Non-core,6.741573033707865
