status,intersection
Core,3.3857315598548974
Non-core,2.5974025974025974
