status,intersection
Core,0.6968641114982579
Non-core,0.9803921568627451
