status,intersection
Core,8.975834292289989
Non-core,5.279503105590062
