status,intersection
Core,4.3478260869565215
Non-core,3.5714285714285716
