status,intersection
Core,8.51553509781358
Non-core,6.86427457098284
