status,intersection
Core,4.804804804804805
Non-core,4.090909090909091
