status,intersection
Core,7.608695652173913
Non-core,8.51063829787234
