status,intersection
Core,2.659019812304484
Non-core,1.4575411913814955
