status,intersection
Core,3.654485049833887
Non-core,2.9702970297029703
