status,intersection
Core,12.872841444270016
Non-core,9.777777777777779
