status,intersection
Core,6.622516556291391
Non-core,5.181347150259067
