status,intersection
Core,6.070640176600442
Non-core,4.424778761061947
