status,intersection
Core,2.542372881355932
Non-core,1.8633540372670807
