status,intersection
Core,9.554140127388536
Non-core,8.823529411764707
