status,intersection
Core,0.45871559633027525
Non-core,0.6896551724137931
