status,intersection
Core,3.389830508474576
Non-core,3.6144578313253013
