status,intersection
Core,7.1022727272727275
Non-core,5.327868852459017
