status,intersection
Core,8.16326530612245
Non-core,5.714285714285714
