status,intersection
Core,4.529115744069015
Non-core,2.4208566108007448
