status,intersection
Core,10.34047919293821
Non-core,8.288288288288289
