status,intersection
Core,16.666666666666668
Non-core,16.071428571428573
