status,intersection
Core,6.818181818181818
Non-core,6.122448979591836
