status,intersection
Core,2.4896265560165975
Non-core,1.7964071856287425
