status,intersection
Core,2.1186440677966103
Non-core,1.3793103448275863
