status,intersection
Core,0.4884004884004884
Non-core,0.32362459546925565
