status,intersection
Core,5.02092050209205
Non-core,3.896103896103896
