status,intersection
Core,6.467661691542289
Non-core,6.185567010309279
