status,intersection
Core,3.885480572597137
Non-core,2.6706231454005933
