status,intersection
Core,6.607929515418502
Non-core,5.633802816901408
