status,intersection
Core,6.2761506276150625
Non-core,5.333333333333333
