status,intersection
Core,1.4687882496940023
Non-core,0.8169934640522876
