status,intersection
Core,5.681818181818182
Non-core,4.57516339869281
