status,intersection
Core,0.12224938875305623
Non-core,0.16181229773462782
