status,intersection
Core,7.339449541284404
Non-core,7.6923076923076925
