status,intersection
Core,11.673151750972762
Non-core,8.474576271186441
