status,intersection
Core,2.6755852842809364
Non-core,1.8779342723004695
