status,intersection
Core,5.699481865284974
Non-core,4.761904761904762
