status,intersection
Core,9.28652321630804
Non-core,5.775075987841945
