status,intersection
Core,10.045662100456621
Non-core,8.571428571428571
