status,intersection
Core,4.716981132075472
Non-core,3.7974683544303796
