status,intersection
Core,0.8663366336633663
Non-core,0.8278145695364238
