status,intersection
Core,7.43801652892562
Non-core,12.068965517241379
