status,intersection
Core,13.86861313868613
Non-core,8.219178082191782
