status,intersection
Core,2.7777777777777777
Non-core,2.510460251046025
