status,intersection
Core,1.3333333333333333
Non-core,0.21413276231263384
