status,intersection
Core,0.2457002457002457
Non-core,0.16286644951140064
