status,intersection
Core,9.66183574879227
Non-core,5.737704918032787
