status,intersection
Core,12.745098039215685
Non-core,10.294117647058824
