status,intersection
Core,3.459119496855346
Non-core,3.4188034188034186
