status,intersection
Core,1.5151515151515151
Non-core,3.4482758620689653
