status,intersection
Core,2.068126520681265
Non-core,1.3114754098360655
