status,intersection
Core,8.865248226950355
Non-core,8.241758241758241
