status,intersection
Core,9.610983981693364
Non-core,8.532423208191126
