status,intersection
Core,8.347245409015025
Non-core,6.323185011709602
