status,intersection
Core,0.4672897196261682
Non-core,0.7092198581560284
