status,intersection
Core,3.492063492063492
Non-core,2.7777777777777777
