status,intersection
Core,5.1194539249146755
Non-core,3.9274924471299095
