status,intersection
Core,7.411630558722919
Non-core,5.828220858895706
