status,intersection
Core,2.112676056338028
Non-core,2.5510204081632653
