status,intersection
Core,7.758620689655173
Non-core,4.526748971193416
