status,intersection
Core,4.750869061413673
Non-core,3.5825545171339566
