status,intersection
Core,9.848484848484848
Non-core,8.187134502923977
