status,intersection
Core,8.896797153024911
Non-core,8.045977011494253
