status,intersection
Core,8.34862385321101
Non-core,6.318347509113001
