status,intersection
Core,1.3651877133105803
Non-core,1.4354066985645932
