status,intersection
Core,6.32183908045977
Non-core,5.769230769230769
