status,intersection
Core,4.104477611940299
Non-core,3.6458333333333335
