status,intersection
Core,1.3559322033898304
Non-core,1.4150943396226414
