status,intersection
Core,5.0691244239631335
Non-core,4.285714285714286
