status,intersection
Core,3.8043478260869565
Non-core,2.459016393442623
