status,intersection
Core,5.095541401273885
Non-core,3.755868544600939
