status,intersection
Core,9.75609756097561
Non-core,5.405405405405405
