status,intersection
Core,6.722689075630252
Non-core,6.4935064935064934
