status,intersection
Core,0.9673518742442564
Non-core,0.9569377990430622
