status,intersection
Core,14.43298969072165
Non-core,14.285714285714286
