status,intersection
Core,3.6363636363636362
Non-core,2.1697203471552555
