status,intersection
Core,7.158351409978308
Non-core,4.430379746835443
