status,intersection
Core,3.821656050955414
Non-core,4.395604395604396
