status,intersection
Core,9.554140127388536
Non-core,7.6923076923076925
