status,intersection
Core,11.483739837398375
Non-core,9.478021978021978
