status,intersection
Core,3.0525030525030523
Non-core,1.7973856209150327
