status,intersection
Core,2.616279069767442
Non-core,2.4096385542168677
