status,intersection
Core,6.806282722513089
Non-core,7.518796992481203
