status,intersection
Core,4.98812351543943
Non-core,3.6565977742448332
