status,intersection
Core,7.17948717948718
Non-core,7.563025210084033
