status,intersection
Core,9.523809523809524
Non-core,12.244897959183673
