status,intersection
Core,11.363636363636363
Non-core,8.478802992518704
