status,intersection
Core,8.394160583941606
Non-core,4.705882352941177
