status,intersection
Core,0.36585365853658536
Non-core,0.16155088852988692
