status,intersection
Core,9.580838323353293
Non-core,9.090909090909092
