status,intersection
Core,11.18421052631579
Non-core,8.018867924528301
