status,intersection
Core,9.265734265734265
Non-core,7.233065442020666
