status,intersection
Core,9.703504043126685
Non-core,6.854838709677419
