status,intersection
Core,3.658536585365854
Non-core,1.8927444794952681
