status,intersection
Core,0.9868421052631579
Non-core,0.9090909090909091
