status,intersection
Core,1.4167650531286895
Non-core,1.550387596899225
