status,intersection
Core,1.0452961672473868
Non-core,0.49019607843137253
