status,intersection
Core,8.46325167037862
Non-core,7.384615384615385
