status,intersection
Core,6.040268456375839
Non-core,3.658536585365854
