status,intersection
Core,10.987791342952276
Non-core,7.4183976261127595
