status,intersection
Core,15.814850530376084
Non-core,12.03104786545925
