status,intersection
Core,8.362369337979095
Non-core,7.936507936507937
