status,intersection
Core,0.24721878862793573
Non-core,0.3284072249589491
