status,intersection
Core,6.837606837606837
Non-core,8.620689655172415
