status,intersection
Core,6.6115702479338845
Non-core,7.246376811594203
