status,intersection
Core,4.785478547854786
Non-core,3.8461538461538463
