status,intersection
Core,3.6635706914344683
Non-core,2.1370207416719045
