status,intersection
Core,10.721247563352826
Non-core,7.736389684813753
