status,intersection
Core,11.03448275862069
Non-core,12.048192771084338
