status,intersection
Core,3.238341968911917
Non-core,1.7699115044247788
