status,intersection
Core,8.148148148148149
Non-core,5.194805194805195
