status,intersection
Core,3.1446540880503147
Non-core,1.8604651162790697
