status,intersection
Core,0.6195786864931846
Non-core,0.16556291390728478
