status,intersection
Core,1.9672131147540983
Non-core,1.8604651162790697
