status,intersection
Core,8.474576271186441
Non-core,11.764705882352942
