status,intersection
Core,1.2605042016806722
Non-core,0.6060606060606061
