status,intersection
Core,13.445378151260504
Non-core,9.433962264150944
