status,intersection
Core,7.415730337078652
Non-core,6.287425149700598
