status,intersection
Core,4.400977995110025
Non-core,3.559870550161812
