status,intersection
Core,1.492537313432836
Non-core,0.7407407407407407
