status,intersection
Core,5.785123966942149
Non-core,7.936507936507937
