status,intersection
Core,5.32319391634981
Non-core,5.9523809523809526
