status,intersection
Core,4.5592705167173255
Non-core,3.111111111111111
