status,intersection
Core,3.583061889250814
Non-core,2.857142857142857
