status,intersection
Core,5.363984674329502
Non-core,6.211180124223603
