status,intersection
Core,0.4716981132075472
Non-core,0.7194244604316546
