status,intersection
Core,10.88888888888889
Non-core,5.803571428571429
