status,intersection
Core,1.0169491525423728
Non-core,0.9950248756218906
