status,intersection
Core,4.624277456647399
Non-core,3.361344537815126
