status,intersection
Core,4.100946372239748
Non-core,2.7149321266968327
