status,intersection
Core,9.91105463786531
Non-core,8.389261744966444
