status,intersection
Core,7.112970711297071
Non-core,5.294117647058823
