status,intersection
Core,8.78186968838527
Non-core,4.621848739495798
