status,intersection
Core,9.554140127388536
Non-core,5.1020408163265305
