status,intersection
Core,4.313725490196078
Non-core,3.7837837837837838
