status,intersection
Core,5.945945945945946
Non-core,3.278688524590164
