status,intersection
Core,8.98876404494382
Non-core,2.4390243902439024
