status,intersection
Core,6.461538461538462
Non-core,4.694835680751174
