status,intersection
Core,7.616707616707616
Non-core,6.993006993006993
