status,intersection
Core,4.032258064516129
Non-core,2.816901408450704
