status,intersection
Core,3.0495552731893265
Non-core,2.245250431778929
