status,intersection
Core,10.084033613445378
Non-core,8.108108108108109
