status,intersection
Core,9.027777777777779
Non-core,8.860759493670885
