status,intersection
Core,4.987834549878346
Non-core,3.074433656957929
