status,intersection
Core,2.798053527980535
Non-core,1.9543973941368078
