status,intersection
Core,7.725321888412017
Non-core,7.407407407407407
