status,intersection
Core,1.734820322180917
Non-core,0.9917355371900827
