status,intersection
Core,8.607935440484196
Non-core,6.412478336221837
