status,intersection
Core,5.278592375366569
Non-core,4.526748971193416
