status,intersection
Core,5.780346820809249
Non-core,2.9702970297029703
