status,intersection
Core,7.8341013824884795
Non-core,5.691056910569106
