status,intersection
Core,0.24630541871921183
Non-core,0.16339869281045752
