status,intersection
Core,8.235294117647058
Non-core,7.070707070707071
