status,intersection
Core,3.6809815950920246
Non-core,3.5398230088495577
