status,intersection
Core,5.361930294906166
Non-core,3.7037037037037037
