status,intersection
Core,8.148148148148149
Non-core,11.267605633802816
