status,intersection
Core,9.306569343065693
Non-core,8.443271767810026
