status,intersection
Core,6.360424028268551
Non-core,4.7368421052631575
