status,intersection
Core,12.747252747252746
Non-core,12.540192926045016
