status,intersection
Core,7.352941176470588
Non-core,8.235294117647058
