status,intersection
Core,11.420612813370473
Non-core,10.460251046025105
