status,intersection
Core,7.380073800738008
Non-core,9.248554913294798
