status,intersection
Core,6.923076923076923
Non-core,7.246376811594203
