status,intersection
Core,7.852882703777336
Non-core,5.985489721886336
