status,intersection
Core,6.325301204819277
Non-core,5.357142857142857
