status,intersection
Core,1.076555023923445
Non-core,0.7936507936507936
