status,intersection
Core,2.314814814814815
Non-core,0.7246376811594203
