status,intersection
Core,6.830601092896175
Non-core,5.150214592274678
