status,intersection
Core,1.7482517482517483
Non-core,1.6793893129770991
