status,intersection
Core,6.474820143884892
Non-core,7.594936708860759
