status,intersection
Core,4.261363636363637
Non-core,2.5641025641025643
