status,intersection
Core,3.7735849056603774
Non-core,3.676470588235294
