status,intersection
Core,0.4854368932038835
Non-core,0.32310177705977383
