status,intersection
Core,8.775981524249422
Non-core,5.238828967642527
