status,intersection
Core,6.868131868131868
Non-core,7.509881422924901
