status,intersection
Core,4.132231404958677
Non-core,2.4203821656050954
