status,intersection
Core,11.498257839721255
Non-core,9.72568578553616
