status,intersection
Core,11.172161172161172
Non-core,9.923664122137405
