status,intersection
Core,5.562273276904474
Non-core,2.912621359223301
