status,intersection
Core,3.114186851211073
Non-core,1.9900497512437811
