status,intersection
Core,0.9933774834437086
Non-core,0.9174311926605505
