status,intersection
Core,1.1848341232227488
Non-core,0.7824726134585289
