status,intersection
Core,3.278688524590164
Non-core,3.8461538461538463
