status,intersection
Core,4.248366013071895
Non-core,3.111111111111111
