status,intersection
Core,8.130081300813009
Non-core,7.6923076923076925
