status,intersection
Core,7.18562874251497
Non-core,7.608695652173913
