status,intersection
Core,7.712082262210797
Non-core,5.357142857142857
