status,intersection
Core,10.31390134529148
Non-core,7.462686567164179
