status,intersection
Core,4.635761589403973
Non-core,7.0588235294117645
