status,intersection
Core,12.410841654778887
Non-core,10.159362549800797
