status,intersection
Core,4.1806020066889635
Non-core,2.0752269779507135
