status,intersection
Core,0.6825938566552902
Non-core,0.9523809523809523
