status,intersection
Core,7.886435331230284
Non-core,5.0691244239631335
