status,intersection
Core,14.309346567411083
Non-core,10.626992561105208
