status,intersection
Core,1.2195121951219512
Non-core,2.127659574468085
