status,intersection
Core,4.234527687296417
Non-core,3.3175355450236967
