status,intersection
Core,3.5545023696682465
Non-core,1.9933554817275747
