status,intersection
Core,8.314087759815243
Non-core,6.188925081433225
