status,intersection
Core,7.643312101910828
Non-core,7.070707070707071
