status,intersection
Core,9.839816933638444
Non-core,8.680555555555555
