status,intersection
Core,3.7514654161781946
Non-core,3.470031545741325
