status,intersection
Core,2.790014684287812
Non-core,1.146131805157593
