status,intersection
Core,2.457002457002457
Non-core,1.3157894736842106
