status,intersection
Core,10.542168674698795
Non-core,7.6923076923076925
