status,intersection
Core,1.0169491525423728
Non-core,1.4218009478672986
