status,intersection
Core,2.960526315789474
Non-core,2.857142857142857
