status,intersection
Core,8.30188679245283
Non-core,6.989247311827957
