status,intersection
Core,11.222222222222221
Non-core,6.962962962962963
