status,intersection
Core,8.034433285509326
Non-core,6.5913370998116765
