status,intersection
Core,7.722007722007722
Non-core,4.968944099378882
