status,intersection
Core,2.816901408450704
Non-core,3.0303030303030303
