status,intersection
Core,6.306306306306307
Non-core,3.7735849056603774
