status,intersection
Core,6.953642384105961
Non-core,5.945945945945946
