status,intersection
Core,2.348993288590604
Non-core,0.9900990099009901
