status,intersection
Core,6.802721088435374
Non-core,5.7591623036649215
