status,intersection
Core,9.644670050761421
Non-core,6.538461538461538
