status,intersection
Core,8.527131782945736
Non-core,10.526315789473685
