status,intersection
Core,9.696969696969697
Non-core,4.166666666666667
