status,intersection
Core,1.2135922330097086
Non-core,0.9630818619582665
