status,intersection
Core,5.405405405405405
Non-core,3.225806451612903
