status,intersection
Core,7.6036866359447
Non-core,5.508474576271187
