status,intersection
Core,8.333333333333334
Non-core,7.547169811320755
