status,intersection
Core,2.9535864978902953
Non-core,2.5477707006369426
