status,intersection
Core,4.773869346733668
Non-core,3.1690140845070425
