status,intersection
Core,1.1124845488257107
Non-core,0.8291873963515755
