status,intersection
Core,5.929919137466308
Non-core,5.303030303030303
