status,intersection
Core,3.9190897597977243
Non-core,2.7444253859348198
