status,intersection
Core,10.204081632653061
Non-core,11.320754716981131
