status,intersection
Core,7.106598984771574
Non-core,4.098360655737705
