status,intersection
Core,4.061895551257253
Non-core,3.2432432432432434
