status,intersection
Core,5.483870967741935
Non-core,5.045871559633028
