status,intersection
Core,9.103840682788052
Non-core,7.378640776699029
