status,intersection
Core,2.303030303030303
Non-core,1.3050570962479608
