status,intersection
Core,3.6496350364963503
Non-core,2.3255813953488373
