status,intersection
Core,8.045977011494253
Non-core,14.705882352941176
