status,intersection
Core,4.9937578027465666
Non-core,3.6912751677852347
