status,intersection
Core,4.395604395604396
Non-core,6.382978723404255
