status,intersection
Core,8.441558441558442
Non-core,12.162162162162161
