status,intersection
Core,3.9087947882736156
Non-core,2.898550724637681
