status,intersection
Core,7.826086956521739
Non-core,5.809128630705394
