status,intersection
Core,8.045977011494253
Non-core,7.142857142857143
