status,intersection
Core,8.498253783469151
Non-core,4.341085271317829
