status,intersection
Core,6.424581005586592
Non-core,4.032258064516129
