status,intersection
Core,0.9478672985781991
Non-core,0.6220839813374806
