status,intersection
Core,18.879576532862814
Non-core,15.007982969664715
