status,intersection
Core,6.806282722513089
Non-core,5.882352941176471
