status,intersection
Core,8.983957219251337
Non-core,6.536856745479833
