status,intersection
Core,2.380952380952381
Non-core,4.444444444444445
