status,intersection
Core,9.59409594095941
Non-core,8.020050125313283
