status,intersection
Core,1.3761467889908257
Non-core,0.6896551724137931
