status,intersection
Core,4.942965779467681
Non-core,4.819277108433735
