status,intersection
Core,5.570291777188329
Non-core,4.878048780487805
