status,intersection
Core,3.3962264150943398
Non-core,2.5728987993138936
