status,intersection
Core,4.37956204379562
Non-core,2.5316455696202533
