status,intersection
Core,1.7064846416382253
Non-core,1.4354066985645932
