status,intersection
Core,6.530612244897959
Non-core,5.769230769230769
