status,intersection
Core,6.363636363636363
Non-core,6.779661016949152
