status,intersection
Core,5.785123966942149
Non-core,5.797101449275362
