status,intersection
Core,6.139315230224321
Non-core,4.107424960505529
