status,intersection
Core,0.48959608323133413
Non-core,0.3241491085899514
