status,intersection
Core,2.816901408450704
Non-core,6.0606060606060606
