status,intersection
Core,2.5396825396825395
Non-core,2.293577981651376
