status,intersection
Core,6.209150326797386
Non-core,3.889585947302384
