status,intersection
Core,4.88599348534202
Non-core,4.66321243523316
