status,intersection
Core,7.848837209302325
Non-core,6.278026905829597
