status,intersection
Core,9.45273631840796
Non-core,8.363636363636363
