status,intersection
Core,0.6127450980392157
Non-core,0.6493506493506493
