status,intersection
Core,2.6470588235294117
Non-core,2.1186440677966103
