status,intersection
Core,2.9166666666666665
Non-core,3.0303030303030303
