status,intersection
Core,1.5873015873015872
Non-core,0.9787928221859706
