status,intersection
Core,2.0905923344947737
Non-core,2.0408163265306123
