status,intersection
Core,13.216266173752311
Non-core,10.268948655256724
