status,intersection
Core,9.615384615384615
Non-core,13.333333333333334
