status,intersection
Core,1.3953488372093024
Non-core,1.408450704225352
