status,intersection
Core,0.6119951040391677
Non-core,0.04868549172346641
