status,intersection
Core,6.7073170731707314
Non-core,7.368421052631579
