status,intersection
Core,4.545454545454546
Non-core,4.054054054054054
