status,intersection
Core,5.656108597285068
Non-core,4.201680672268908
