status,intersection
Core,18.439173680183625
Non-core,15.208747514910536
