status,intersection
Core,5.603448275862069
Non-core,4.054054054054054
