status,intersection
Core,3.13953488372093
Non-core,2.347417840375587
