status,intersection
Core,8.823529411764707
Non-core,12.244897959183673
