status,intersection
Core,0.7343941248470012
Non-core,0.9724473257698542
