status,intersection
Core,9.580838323353293
Non-core,8.49056603773585
