status,intersection
Core,2.2950819672131146
Non-core,2.3255813953488373
