status,intersection
Core,7.4866310160427805
Non-core,4.62962962962963
