status,intersection
Core,0.6134969325153374
Non-core,0.6504065040650406
