status,intersection
Core,10.240963855421686
Non-core,11.627906976744185
