status,intersection
Core,8.396946564885496
Non-core,9.210526315789474
