status,intersection
Core,16.89189189189189
Non-core,14.285714285714286
