status,intersection
Core,5.080213903743315
Non-core,5.283018867924528
