status,intersection
Core,9.89505247376312
Non-core,8.924949290060852
