status,intersection
Core,0.8810572687224669
Non-core,0.6535947712418301
