status,intersection
Core,6.529209621993127
Non-core,6.122448979591836
