status,intersection
Core,1.2091898428053205
Non-core,0.9584664536741214
