status,intersection
Core,2.692778457772338
Non-core,1.4705882352941178
