status,intersection
Core,10.457516339869281
Non-core,6.7357512953367875
