status,intersection
Core,10.185185185185185
Non-core,9.836065573770492
