status,intersection
Core,1.0169491525423728
Non-core,0.9478672985781991
