status,intersection
Core,3.3857315598548974
Non-core,2.9173419773095626
