status,intersection
Core,2.4676850763807288
Non-core,2.0344287949921753
