status,intersection
Core,9.67741935483871
Non-core,6.1946902654867255
