status,intersection
Core,1.8315018315018314
Non-core,1.1437908496732025
