status,intersection
Core,3.6072144288577155
Non-core,2.5641025641025643
