status,intersection
Core,7.738095238095238
Non-core,7.048458149779735
