status,intersection
Core,2.7888446215139444
Non-core,1.7543859649122806
