status,intersection
Core,6.390977443609023
Non-core,6.285714285714286
