status,intersection
Core,4.046242774566474
Non-core,1.941747572815534
