status,intersection
Core,4.285714285714286
Non-core,6.410256410256411
