status,intersection
Core,1.8610421836228288
Non-core,0.8250825082508251
