status,intersection
Core,10.679611650485437
Non-core,8.370044052863436
