status,intersection
Core,5.901639344262295
Non-core,5.288461538461538
