status,intersection
Core,2.973977695167286
Non-core,2.717391304347826
