status,intersection
Core,5.517241379310345
Non-core,5.128205128205129
