status,intersection
Core,7.189542483660131
Non-core,5.555555555555555
