status,intersection
Core,7.180851063829787
Non-core,5.405405405405405
