status,intersection
Core,10.309278350515465
Non-core,7.407407407407407
