status,intersection
Core,3.361344537815126
Non-core,4.761904761904762
