status,intersection
Core,3.686635944700461
Non-core,3.6231884057971016
