status,intersection
Core,0.24691358024691357
Non-core,0.33003300330033003
