status,intersection
Core,13.990147783251231
Non-core,11.395646606914212
