status,intersection
Core,4.780876494023905
Non-core,4.294478527607362
