status,intersection
Core,5.4404145077720205
Non-core,4.7101449275362315
