status,intersection
Core,1.5873015873015872
Non-core,1.4492753623188406
