status,intersection
Core,3.2142857142857144
Non-core,2.0408163265306123
