status,intersection
Core,9.547738693467336
Non-core,7.826086956521739
