status,intersection
Core,10.909090909090908
Non-core,8.875739644970414
