status,intersection
Core,9.144542772861357
Non-core,8.547008547008547
