status,intersection
Core,1.555023923444976
Non-core,1.2618296529968454
