status,intersection
Core,1.21580547112462
Non-core,0.8583690987124464
