status,intersection
Core,8.150470219435737
Non-core,7.352941176470588
