status,intersection
Core,5.52584670231729
Non-core,3.5460992907801416
