status,intersection
Core,2.9315960912052117
Non-core,2.690582959641256
