status,intersection
Core,3.404255319148936
Non-core,3.870967741935484
