status,intersection
Core,3.2697547683923704
Non-core,1.9455252918287937
