status,intersection
Core,8.411214953271028
Non-core,7.729468599033816
