status,intersection
Core,12.952380952380953
Non-core,9.164420485175203
