status,intersection
Core,10.05586592178771
Non-core,7.339449541284404
