status,intersection
Core,2.7888446215139444
Non-core,1.694915254237288
