status,intersection
Core,2.364864864864865
Non-core,1.8867924528301887
