status,intersection
Core,12.028301886792454
Non-core,8.219178082191782
