status,intersection
Core,11.547344110854503
Non-core,10.175438596491228
