status,intersection
Core,2.5641025641025643
Non-core,1.4285714285714286
