status,intersection
Core,4.457142857142857
Non-core,2.900763358778626
