status,intersection
Core,5.383734249713632
Non-core,3.3333333333333335
