status,intersection
Core,5.0691244239631335
Non-core,5.882352941176471
