status,intersection
Core,6.732673267326732
Non-core,4.571428571428571
