status,intersection
Core,10.245901639344263
Non-core,9.064327485380117
