status,intersection
Core,2.183406113537118
Non-core,1.9230769230769231
