status,intersection
Core,4.329004329004329
Non-core,2.6490066225165565
