status,intersection
Core,9.58904109589041
Non-core,9.45945945945946
