status,intersection
Core,18.17496229260935
Non-core,15.0390625
