status,intersection
Core,3.1137724550898205
Non-core,2.2435897435897436
