status,intersection
Core,10.380622837370241
Non-core,10.05586592178771
