status,intersection
Core,0.7121057985757884
Non-core,0.1349527665317139
