status,intersection
Core,5.797101449275362
Non-core,7.594936708860759
