status,intersection
Core,9.405940594059405
Non-core,7.339449541284404
