status,intersection
Core,1.9656019656019657
Non-core,0.9836065573770492
