status,intersection
Core,8.381171067738231
Non-core,5.061349693251533
