status,intersection
Core,7.142857142857143
Non-core,6.8493150684931505
