status,intersection
Core,3.488372093023256
Non-core,6.666666666666667
