status,intersection
Core,5.956112852664577
Non-core,5.504587155963303
