status,intersection
Core,4.008908685968819
Non-core,2.373887240356083
