status,intersection
Core,9.210526315789474
Non-core,8.60655737704918
