status,intersection
Core,1.0650887573964498
Non-core,0.9331259720062208
