status,intersection
Core,3.9942938659058487
Non-core,1.8672199170124482
