status,intersection
Core,8.433734939759036
Non-core,4.9504950495049505
