status,intersection
Core,9.763313609467456
Non-core,9.132420091324201
