status,intersection
Core,5.8441558441558445
Non-core,3.9215686274509802
