status,intersection
Core,3.278688524590164
Non-core,3.902439024390244
