status,intersection
Core,7.747035573122529
Non-core,5.840791333019312
