status,intersection
Core,1.408450704225352
Non-core,1.098901098901099
