status,intersection
Core,9.386281588447654
Non-core,8.287292817679559
