status,intersection
Core,2.7677496991576414
Non-core,2.0833333333333335
