status,intersection
Core,2.843137254901961
Non-core,1.955671447196871
