status,intersection
Core,11.868300153139357
Non-core,9.382151029748284
