status,intersection
Core,7.6837416481069045
Non-core,6.746626686656672
