status,intersection
Core,3.905325443786982
Non-core,2.677165354330709
