status,intersection
Core,14.366197183098592
Non-core,10.775862068965518
