status,intersection
Core,3.1363088057901085
Non-core,1.7770597738287561
