status,intersection
Core,0.34843205574912894
Non-core,0.49019607843137253
