status,intersection
Core,1.3953488372093024
Non-core,1.0719754977029097
