status,intersection
Core,4.821428571428571
Non-core,3.359173126614987
