status,intersection
Core,4.867256637168142
Non-core,5.517241379310345
