status,intersection
Core,6.967213114754099
Non-core,6.329113924050633
