status,intersection
Core,6.293706293706293
Non-core,2.898550724637681
