status,intersection
Core,1.203369434416366
Non-core,1.1111111111111112
