status,intersection
Core,1.3636363636363635
Non-core,0.6097560975609756
