status,intersection
Core,1.4035087719298245
Non-core,0.9478672985781991
