status,intersection
Core,1.444043321299639
Non-core,0.5586592178770949
