status,intersection
Core,3.278688524590164
Non-core,1.8867924528301887
