status,intersection
Core,1.1869436201780414
Non-core,0.8888888888888888
