status,intersection
Core,1.0067114093959733
Non-core,1.0309278350515463
