status,intersection
Core,2.985074626865672
Non-core,3.4482758620689653
