status,intersection
Core,1.404494382022472
Non-core,0.373134328358209
