status,intersection
Core,0.6263048016701461
Non-core,0.26881720430107525
