status,intersection
Core,2.816901408450704
Non-core,5.714285714285714
