status,intersection
Core,1.2605042016806722
Non-core,0.2801120448179272
