status,intersection
Core,7.594936708860759
Non-core,4.081632653061225
