status,intersection
Core,8.275862068965518
Non-core,9.63855421686747
