status,intersection
Core,6.069364161849711
Non-core,6.696428571428571
