status,intersection
Core,2.150537634408602
Non-core,1.7543859649122806
