status,intersection
Core,8.219178082191782
Non-core,8.450704225352112
