status,intersection
Core,5.555555555555555
Non-core,6.521739130434782
