status,intersection
Core,6.2015503875969
Non-core,5.208333333333333
