status,intersection
Core,3.341288782816229
Non-core,2.6490066225165565
