status,intersection
Core,9.956709956709958
Non-core,10.95890410958904
