status,intersection
Core,5.172413793103448
Non-core,6.153846153846154
