status,intersection
Core,5.909090909090909
Non-core,6.122448979591836
