status,intersection
Core,2.586206896551724
Non-core,1.2345679012345678
