status,intersection
Core,3.1496062992125986
Non-core,1.2658227848101267
