status,intersection
Core,6.824146981627297
Non-core,7.142857142857143
