status,intersection
Core,4.081632653061225
Non-core,1.6666666666666667
