status,intersection
Core,8.11965811965812
Non-core,7.586206896551724
