status,intersection
Core,2.247191011235955
Non-core,3.9215686274509802
