status,intersection
Core,6.928406466512702
Non-core,4.583333333333333
