status,intersection
Core,10.429447852760736
Non-core,8.620689655172415
