status,intersection
Core,9.178743961352657
Non-core,7.801418439716312
