status,intersection
Core,8.333333333333334
Non-core,10.280373831775702
