status,intersection
Core,9.183673469387756
Non-core,13.461538461538462
