status,intersection
Core,6.206896551724138
Non-core,8.045977011494253
