status,intersection
Core,6.2015503875969
Non-core,8.695652173913043
