status,intersection
Core,8.527131782945736
Non-core,11.267605633802816
