status,intersection
Core,6.532663316582915
Non-core,6.451612903225806
