status,intersection
Core,10.37037037037037
Non-core,9.411764705882353
