status,intersection
Core,9.210526315789474
Non-core,9.195402298850574
