status,intersection
Core,5.780346820809249
Non-core,7.070707070707071
