status,intersection
Core,5.381165919282512
Non-core,3.7593984962406015
