status,intersection
Core,4.605263157894737
Non-core,5.434782608695652
