status,intersection
Core,8.484848484848484
Non-core,7.2727272727272725
