status,intersection
Core,4.651162790697675
Non-core,5.138339920948616
