status,intersection
Core,5.7591623036649215
Non-core,5.504587155963303
