status,intersection
Core,5.882352941176471
Non-core,6.410256410256411
