status,intersection
Core,7.604562737642586
Non-core,8.064516129032258
