status,intersection
Core,10.285714285714286
Non-core,9.090909090909092
