status,intersection
Core,2.6666666666666665
Non-core,1.3513513513513513
