status,intersection
Core,4.032258064516129
Non-core,4.301075268817204
