status,intersection
Core,11.03896103896104
Non-core,11.578947368421053
