status,intersection
Core,5.970149253731344
Non-core,4.918032786885246
