status,intersection
Core,5.185185185185185
Non-core,5.617977528089888
