status,intersection
Core,8.666666666666666
Non-core,10.256410256410257
