status,intersection
Core,3.3962264150943398
Non-core,3.350515463917526
