status,intersection
Core,11.180124223602485
Non-core,12.64367816091954
