status,intersection
Core,9.734513274336283
Non-core,9.722222222222221
