status,intersection
Core,3.4782608695652173
Non-core,2.380952380952381
