status,intersection
Core,7.142857142857143
Non-core,7.317073170731708
