status,intersection
Core,2.242152466367713
Non-core,2.985074626865672
