status,intersection
Core,3.1914893617021276
Non-core,3.6363636363636362
