status,intersection
Core,6.593406593406593
Non-core,7.462686567164179
