status,intersection
Core,12.916666666666666
Non-core,11.428571428571429
