status,intersection
Core,1.1144883485309016
Non-core,1.196808510638298
