status,intersection
Core,11.343283582089553
Non-core,7.009345794392523
