status,intersection
Core,9.252669039145907
Non-core,7.60233918128655
