status,intersection
Core,8.502024291497976
Non-core,7.746478873239437
