status,intersection
Core,7.103825136612022
Non-core,6.122448979591836
