status,intersection
Core,7.344632768361582
Non-core,5.522682445759369
