status,intersection
Core,3.4220532319391634
Non-core,2.840909090909091
