status,intersection
Core,11.214953271028037
Non-core,9.836065573770492
