status,intersection
Core,6.472491909385114
Non-core,3.8095238095238093
