status,intersection
Core,3.383084577114428
Non-core,1.963350785340314
