status,intersection
Core,9.556313993174061
Non-core,7.894736842105263
