status,intersection
Core,2.772277227722772
Non-core,1.4379084967320261
