status,intersection
Core,9.90990990990991
Non-core,6.896551724137931
