status,intersection
Core,8.962264150943396
Non-core,6.306306306306307
