status,intersection
Core,3.8897893030794166
Non-core,2.6530612244897958
