status,intersection
Core,0.4098360655737705
Non-core,0.5383580080753702
