status,intersection
Core,12.919896640826874
Non-core,10.441767068273093
