status,intersection
Core,6.60377358490566
Non-core,7.826086956521739
