status,intersection
Core,1.6309887869520896
Non-core,1.2096774193548387
