status,intersection
Core,4.712041884816754
Non-core,3.1746031746031744
