status,intersection
Core,13.25301204819277
Non-core,10.638297872340425
