status,intersection
Core,4.0358744394618835
Non-core,2.459016393442623
