status,intersection
Core,7.327586206896552
Non-core,5.633802816901408
