status,intersection
Core,5.424063116370808
Non-core,3.501945525291829
