status,intersection
Core,1.8108651911468814
Non-core,0.9296148738379814
