status,intersection
Core,3.8793103448275863
Non-core,3.7037037037037037
