status,intersection
Core,1.503006012024048
Non-core,0.26702269692923897
