status,intersection
Core,6.693306693306694
Non-core,4.1005291005291005
