status,intersection
Core,1.6932270916334662
Non-core,1.6883116883116882
