status,intersection
Core,10.09771986970684
Non-core,6.349206349206349
