status,intersection
Core,8.61344537815126
Non-core,5.806451612903226
