status,intersection
Core,7.983193277310924
Non-core,9.022556390977444
