status,intersection
Core,0.5112474437627812
Non-core,0.6711409395973155
