status,intersection
Core,1.0111223458038423
Non-core,1.1920529801324504
