status,intersection
Core,4.4609665427509295
Non-core,3.4759358288770055
