status,intersection
Core,9.164420485175203
Non-core,7.264957264957265
