status,intersection
Core,6.648199445983379
Non-core,5.357142857142857
