status,intersection
Core,2.848722986247544
Non-core,2.831402831402831
