status,intersection
Core,5.673758865248227
Non-core,6.024096385542169
