status,intersection
Core,2.9471544715447155
Non-core,1.3386880856760375
