status,intersection
Core,14.316702819956616
Non-core,11.904761904761905
