status,intersection
Core,4.792332268370607
Non-core,4.225352112676056
