status,intersection
Core,2.9441624365482233
Non-core,1.8716577540106951
