status,intersection
Core,14.56953642384106
Non-core,6.936416184971098
