status,intersection
Core,1.0266940451745379
Non-core,0.2702702702702703
