status,intersection
Core,12.790697674418604
Non-core,13.043478260869565
