status,intersection
Core,6.842105263157895
Non-core,4.9504950495049505
