status,intersection
Core,10.06711409395973
Non-core,7.865168539325842
