status,intersection
Core,9.641873278236915
Non-core,8.558558558558559
