status,intersection
Core,9.059233449477352
Non-core,7.386363636363637
