status,intersection
Core,4.98046875
Non-core,3.6175710594315245
