status,intersection
Core,8.011869436201781
Non-core,7.5829383886255926
