status,intersection
Core,5.755395683453237
Non-core,4.25531914893617
