status,intersection
Core,1.6145307769929365
Non-core,1.5852047556142668
