status,intersection
Core,20.24793388429752
Non-core,19.708029197080293
