status,intersection
Core,4.738878143133462
Non-core,3.053435114503817
