status,intersection
Core,2.710843373493976
Non-core,1.4608233731739708
