status,intersection
Core,3.493449781659389
Non-core,1.4598540145985401
