status,intersection
Core,6.551724137931035
Non-core,5.291005291005291
