status,intersection
Core,10.460251046025105
Non-core,8.208955223880597
