status,intersection
Core,2.05761316872428
Non-core,2.6490066225165565
