status,intersection
Core,9.166666666666666
Non-core,10.606060606060606
