status,intersection
Core,11.526232114467408
Non-core,8.082901554404145
