status,intersection
Core,7.246376811594203
Non-core,5.2631578947368425
