status,intersection
Core,9.655172413793103
Non-core,6.485084306095979
