status,intersection
Core,12.121212121212121
Non-core,14.545454545454545
