status,intersection
Core,1.7621145374449338
Non-core,2.112676056338028
