status,intersection
Core,9.278350515463918
Non-core,8.19672131147541
