status,intersection
Core,6.071428571428571
Non-core,3.468208092485549
