status,intersection
Core,3.463203463203463
Non-core,3.4246575342465753
