status,intersection
Core,6.147540983606557
Non-core,6.993006993006993
