status,intersection
Core,10.682730923694779
Non-core,6.756756756756757
