status,intersection
Core,7.598253275109171
Non-core,5.929304446978335
