status,intersection
Core,1.998001998001998
Non-core,1.968503937007874
