status,intersection
Core,6.037735849056604
Non-core,5.2631578947368425
