status,intersection
Core,0.4073319755600815
Non-core,0.13531799729364005
