status,intersection
Core,1.6569200779727096
Non-core,0.6410256410256411
