status,intersection
Core,16.60377358490566
Non-core,9.75609756097561
