status,intersection
Core,3.8934426229508197
Non-core,2.770083102493075
