status,intersection
Core,3.930131004366812
Non-core,2.3076923076923075
