status,intersection
Core,10.94890510948905
Non-core,10.365853658536585
