status,intersection
Core,2.4154589371980677
Non-core,3.3333333333333335
