status,intersection
Core,1.4563106796116505
Non-core,0.9259259259259259
