status,intersection
Core,0.4975124378109453
Non-core,0.8771929824561403
