status,intersection
Core,7.407407407407407
Non-core,6.756756756756757
