status,intersection
Core,2.2494887525562373
Non-core,1.2113055181695829
