status,intersection
Core,13.744075829383887
Non-core,10.169491525423728
