status,intersection
Core,4.536489151873767
Non-core,3.2552083333333335
