status,intersection
Core,8.516483516483516
Non-core,6.692913385826771
