status,intersection
Core,0.4672897196261682
Non-core,0.7874015748031497
