status,intersection
Core,6.0606060606060606
Non-core,5.511811023622047
