status,intersection
Core,14.347826086956522
Non-core,9.213051823416507
