status,intersection
Core,6.930693069306931
Non-core,1.9607843137254901
