status,intersection
Core,2.6936026936026938
Non-core,1.82648401826484
