status,intersection
Core,1.0214504596527068
Non-core,1.2064343163538873
