status,intersection
Core,6.818181818181818
Non-core,6.410256410256411
