status,intersection
Core,14.87603305785124
Non-core,10.95890410958904
