status,intersection
Core,8.264462809917354
Non-core,9.45945945945946
