status,intersection
Core,9.45945945945946
Non-core,9.75609756097561
