status,intersection
Core,1.9250253292806485
Non-core,1.1984021304926764
