status,intersection
Core,12.863070539419088
Non-core,6.338028169014085
