status,intersection
Core,7.861635220125786
Non-core,4.8076923076923075
