status,intersection
Core,9.643605870020965
Non-core,7.395498392282958
