status,intersection
Core,4.251207729468599
Non-core,3.27455919395466
