status,intersection
Core,0.20429009193054137
Non-core,0.2695417789757412
