status,intersection
Core,6.063432835820896
Non-core,3.799019607843137
