status,intersection
Core,2.0874751491053676
Non-core,2.2020725388601035
