status,intersection
Core,1.486988847583643
Non-core,1.2345679012345678
