status,intersection
Core,2.2593320235756384
Non-core,1.8087855297157622
