status,intersection
Core,10.920770877944326
Non-core,8.256880733944953
