status,intersection
Core,1.5368852459016393
Non-core,1.0796221322537112
