status,intersection
Core,12.025316455696203
Non-core,9.183673469387756
