status,intersection
Core,3.4146341463414633
Non-core,3.508771929824561
