status,intersection
Core,3.421309872922776
Non-core,1.9329896907216495
