status,intersection
Core,8.237547892720306
Non-core,4.949238578680203
