status,intersection
Core,2.4557956777996073
Non-core,0.9138381201044387
