status,intersection
Core,0.5117707267144319
Non-core,0.5376344086021505
