status,intersection
Core,1.0309278350515463
Non-core,1.5384615384615385
