status,intersection
Core,0.6147540983606558
Non-core,0.8075370121130552
