status,intersection
Core,0.5107252298263534
Non-core,0.6702412868632708
