status,intersection
Core,2.5870646766169156
Non-core,2.2309711286089238
