status,intersection
Core,7.659574468085107
Non-core,5.555555555555555
