status,intersection
Core,14.682539682539682
Non-core,9.67741935483871
