status,intersection
Core,6.578947368421052
Non-core,8.51063829787234
