status,intersection
Core,3.751233958538993
Non-core,2.3529411764705883
