status,intersection
Core,3.252032520325203
Non-core,2.2988505747126435
