status,intersection
Core,6.5476190476190474
Non-core,4.032258064516129
