status,intersection
Core,4.958677685950414
Non-core,6.8493150684931505
