status,intersection
Core,15.178571428571429
Non-core,12.135922330097088
