status,intersection
Core,3.488372093023256
Non-core,1.639344262295082
