status,intersection
Core,5.084745762711864
Non-core,3.0303030303030303
