status,intersection
Core,13.432835820895523
Non-core,12.182741116751268
