status,intersection
Core,18.354430379746834
Non-core,15.508021390374331
