status,intersection
Core,5.158730158730159
Non-core,3.2467532467532467
