status,intersection
Core,7.423580786026201
Non-core,7.575757575757576
