status,intersection
Core,12.966417910447761
Non-core,9.693251533742332
