status,intersection
Core,6.882591093117409
Non-core,4.72972972972973
