status,intersection
Core,3.7037037037037037
Non-core,2.1248339973439574
