status,intersection
Core,13.401253918495298
Non-core,11.44578313253012
