status,intersection
Core,6.405353728489484
Non-core,4.7440699126092385
