status,intersection
Core,2.854330708661417
Non-core,2.2164276401564535
