status,intersection
Core,6.909090909090909
Non-core,5.232558139534884
