status,intersection
Core,9.663564781675017
Non-core,6.1395348837209305
