status,intersection
Core,2.9535864978902953
Non-core,3.5460992907801416
