status,intersection
Core,6.164383561643835
Non-core,4.545454545454546
