status,intersection
Core,1.0204081632653061
Non-core,1.2048192771084338
