status,intersection
Core,6.968641114982578
Non-core,5.704697986577181
