status,intersection
Core,1.5045135406218655
Non-core,1.1826544021024967
