status,intersection
Core,5.9266227657572905
Non-core,4.8207663782447465
