status,intersection
Core,10.344827586206897
Non-core,8.450704225352112
