status,intersection
Core,3.3175355450236967
Non-core,3.252032520325203
