status,intersection
Core,12.912912912912914
Non-core,10.83743842364532
