status,intersection
Core,6.410256410256411
Non-core,3.9215686274509802
