status,intersection
Core,7.586206896551724
Non-core,4.651162790697675
