status,intersection
Core,4.562737642585551
Non-core,3.821656050955414
