status,intersection
Core,4.437869822485207
Non-core,2.838709677419355
