status,intersection
Core,1.6032064128256514
Non-core,1.7150395778364116
