status,intersection
Core,3.3816425120772946
Non-core,0.8333333333333334
