status,intersection
Core,1.8604651162790697
Non-core,2.2900763358778624
