status,intersection
Core,0.40899795501022496
Non-core,0.2684563758389262
