status,intersection
Core,0.46511627906976744
Non-core,0.7633587786259542
