status,intersection
Core,7.383773928896992
Non-core,5.212121212121212
