status,intersection
Core,13.504823151125402
Non-core,8.287292817679559
