status,intersection
Core,3.167420814479638
Non-core,2.3255813953488373
