status,intersection
Core,9.776536312849162
Non-core,6.521739130434782
