status,intersection
Core,2.512562814070352
Non-core,1.8518518518518519
