status,intersection
Core,13.86861313868613
Non-core,8.9171974522293
