status,intersection
Core,9.977827050997783
Non-core,7.216494845360825
