status,intersection
Core,3.5714285714285716
Non-core,3.676470588235294
