status,intersection
Core,4.489795918367347
Non-core,3.401360544217687
