status,intersection
Core,8.013937282229966
Non-core,8.426966292134832
