status,intersection
Core,15.306122448979592
Non-core,10.240963855421686
