status,intersection
Core,4.371584699453552
Non-core,3.787878787878788
