status,intersection
Core,17.869415807560138
Non-core,13.636363636363637
