status,intersection
Core,6.96969696969697
Non-core,7.035175879396985
