status,intersection
Core,8.873720136518772
Non-core,8.02139037433155
