status,intersection
Core,1.8163471241170535
Non-core,1.196808510638298
