status,intersection
Core,3.8537549407114624
Non-core,2.9947916666666665
