status,intersection
Core,2.49003984063745
Non-core,2.1108179419525066
