status,intersection
Core,2.092050209205021
Non-core,2.0408163265306123
