status,intersection
Core,9.195402298850574
Non-core,8.333333333333334
