status,intersection
Core,15.799086757990867
Non-core,11.942098914354645
