status,intersection
Core,1.9191919191919191
Non-core,1.9815059445178336
