status,intersection
Core,13.358778625954198
Non-core,13.422818791946309
