status,intersection
Core,2.24609375
Non-core,1.9206145966709347
