status,intersection
Core,5.786802030456853
Non-core,3.2085561497326203
