status,intersection
Core,24.207492795389047
Non-core,18.389897395422256
