status,intersection
Core,2.4896265560165975
Non-core,3.2051282051282053
