status,intersection
Core,8.206686930091186
Non-core,7.5829383886255926
