status,intersection
Core,6.109324758842444
Non-core,5.445544554455446
