status,intersection
Core,0.7164790174002047
Non-core,0.5398110661268556
