status,intersection
Core,7.171314741035856
Non-core,3.9473684210526314
