status,intersection
Core,3.111111111111111
Non-core,3.5714285714285716
