status,intersection
Core,15.432098765432098
Non-core,10.153846153846153
