status,intersection
Core,10.737033666969973
Non-core,7.923169267707083
