status,intersection
Core,3.872216844143272
Non-core,2.5284450063211126
