status,intersection
Core,9.917355371900827
Non-core,9.859154929577464
