status,intersection
Core,2.6600985221674875
Non-core,2.6888604353393086
