status,intersection
Core,3.5555555555555554
Non-core,3.6496350364963503
