status,intersection
Core,2.0242914979757085
Non-core,1.0723860589812333
