status,intersection
Core,18.29268292682927
Non-core,10.869565217391305
