status,intersection
Core,3.341902313624679
Non-core,2.3333333333333335
