status,intersection
Core,1.218274111675127
Non-core,1.3315579227696406
