status,intersection
Core,11.688311688311689
Non-core,13.513513513513514
