status,intersection
Core,5.371900826446281
Non-core,5.882352941176471
