status,intersection
Core,8.264462809917354
Non-core,8.396946564885496
