status,intersection
Core,4.128440366972477
Non-core,1.6260162601626016
