status,intersection
Core,0.4878048780487805
Non-core,0.847457627118644
