status,intersection
Core,1.330603889457523
Non-core,0.6738544474393531
