status,intersection
Core,10.570626753975679
Non-core,9.27960927960928
