status,intersection
Core,12.421052631578947
Non-core,9.003215434083602
