status,intersection
Core,15.202952029520295
Non-core,12.210915818686402
