status,intersection
Core,11.196911196911197
Non-core,7.333333333333333
