status,intersection
Core,8.259587020648967
Non-core,5.064935064935065
