status,intersection
Core,14.444444444444445
Non-core,8.280254777070065
