status,intersection
Core,0.20512820512820512
Non-core,0.2695417789757412
