status,intersection
Core,8.647654093836247
Non-core,6.818181818181818
