status,intersection
Core,6.118143459915612
Non-core,4.597701149425287
