status,intersection
Core,3.94990366088632
Non-core,3.3877038895859473
