status,intersection
Core,0.717948717948718
Non-core,0.6738544474393531
