status,intersection
Core,8.93371757925072
Non-core,9.178743961352657
