status,intersection
Core,8.842897460018815
Non-core,5.707196029776675
