status,intersection
Core,4.888888888888889
Non-core,5.511811023622047
