status,intersection
Core,1.4218009478672986
Non-core,1.5748031496062993
