status,intersection
Core,10.424710424710424
Non-core,6.624203821656051
