status,intersection
Core,9.036144578313253
Non-core,6.511627906976744
