status,intersection
Core,2.0202020202020203
Non-core,0.9174311926605505
