status,intersection
Core,10.185185185185185
Non-core,8.620689655172415
