status,intersection
Core,9.210526315789474
Non-core,7.142857142857143
