status,intersection
Core,12.080536912751677
Non-core,10.795454545454545
