status,intersection
Core,0.9345794392523364
Non-core,0.7692307692307693
