status,intersection
Core,0.8213552361396304
Non-core,0.4059539918809202
