status,intersection
Core,7.4324324324324325
Non-core,5.555555555555555
