status,intersection
Core,8.870967741935484
Non-core,7.936507936507937
