status,intersection
Core,13.034188034188034
Non-core,9.900990099009901
