status,intersection
Core,5.092592592592593
Non-core,4.761904761904762
