status,intersection
Core,13.781512605042018
Non-core,8.715596330275229
