status,intersection
Core,9.74025974025974
Non-core,8.235294117647058
