status,intersection
Core,5.950095969289827
Non-core,4.695431472081219
