status,intersection
Core,4.178814382896015
Non-core,2.8025477707006368
