status,intersection
Core,10.267857142857142
Non-core,6.0606060606060606
