status,intersection
Core,1.6161616161616161
Non-core,1.5873015873015872
