status,intersection
Core,23.71283538796229
Non-core,19.48051948051948
