status,intersection
Core,1.954732510288066
Non-core,0.8119079837618404
