status,intersection
Core,17.96875
Non-core,11.888111888111888
