status,intersection
Core,9.090909090909092
Non-core,7.377049180327869
