status,intersection
Core,11.146496815286625
Non-core,10.714285714285714
