status,intersection
Core,6.217616580310881
Non-core,5.426356589147287
