status,intersection
Core,6.929740134744947
Non-core,5.222929936305732
