status,intersection
Core,7.851239669421488
Non-core,7.194244604316546
