status,intersection
Core,16.353887399463808
Non-core,11.259541984732824
