status,intersection
Core,6.338028169014085
Non-core,5.084745762711864
