status,intersection
Core,5.172413793103448
Non-core,3.937007874015748
