status,intersection
Core,10.891938250428817
Non-core,8.893956670467503
