status,intersection
Core,4.958677685950414
Non-core,3.6144578313253013
