status,intersection
Core,16.546762589928058
Non-core,12.658227848101266
