status,intersection
Core,2.96220633299285
Non-core,1.7473118279569892
