status,intersection
Core,2.3923444976076556
Non-core,3.278688524590164
