status,intersection
Core,2.3046092184368736
Non-core,1.844532279314888
