status,intersection
Core,13.934426229508198
Non-core,9.210526315789474
