status,intersection
Core,0.3033367037411527
Non-core,0.3968253968253968
