status,intersection
Core,8.076923076923077
Non-core,6.918238993710692
