status,intersection
Core,1.7293997965412005
Non-core,1.3404825737265416
