status,intersection
Core,2.3976023976023977
Non-core,1.9607843137254901
