status,intersection
Core,5.47945205479452
Non-core,3.076923076923077
