status,intersection
Core,1.4056224899598393
Non-core,0.922266139657444
