status,intersection
Core,4.245283018867925
Non-core,4.273504273504273
