status,intersection
Core,2.9673590504451037
Non-core,3.2425421530479897
