status,intersection
Core,1.525940996948118
Non-core,0.8032128514056225
