status,intersection
Core,4.364694471387003
Non-core,2.4358974358974357
