status,intersection
Core,6.348400203148807
Non-core,3.970223325062035
