status,intersection
Core,1.6276703967446593
Non-core,0.6729475100942126
