status,intersection
Core,6.607929515418502
Non-core,6.569343065693431
