status,intersection
Core,14.448669201520913
Non-core,9.523809523809524
