status,intersection
Core,5.048543689320389
Non-core,2.6923076923076925
