status,intersection
Core,4.136029411764706
Non-core,3.1287605294825513
