status,intersection
Core,14.545454545454545
Non-core,10.526315789473685
