status,intersection
Core,0.9090909090909091
Non-core,0.7407407407407407
