status,intersection
Core,6.967213114754099
Non-core,3.5714285714285716
