status,intersection
Core,0.9193054136874361
Non-core,0.938337801608579
