status,intersection
Core,5.6521739130434785
Non-core,4.545454545454546
