status,intersection
Core,16.37630662020906
Non-core,11.242603550295858
