status,intersection
Core,15.202702702702704
Non-core,8.791208791208792
