status,intersection
Core,4.435483870967742
Non-core,2.6595744680851063
