status,intersection
Core,2.9145728643216082
Non-core,2.119205298013245
