status,intersection
Core,5.46218487394958
Non-core,4.827586206896552
