status,intersection
Core,1.2036108324974926
Non-core,1.1795543905635648
