status,intersection
Core,17.28813559322034
Non-core,9.03954802259887
