status,intersection
Core,7.142857142857143
Non-core,7.8431372549019605
