status,intersection
Core,2.0854021847070507
Non-core,2.3285899094437257
