status,intersection
Core,9.897610921501707
Non-core,8.900523560209423
