status,intersection
Core,15.734265734265735
Non-core,10.734463276836157
