status,intersection
Core,1.2133468149646107
Non-core,1.4569536423841059
