status,intersection
Core,1.4098690835850958
Non-core,1.3175230566534915
