status,intersection
Core,5.755395683453237
Non-core,5.945945945945946
