status,intersection
Core,9.322033898305085
Non-core,8.75912408759124
