status,intersection
Core,3.616813294232649
Non-core,2.6923076923076925
