status,intersection
Core,6.838453914767096
Non-core,3.9318479685452163
