status,intersection
Core,8.46774193548387
Non-core,9.558823529411764
