status,intersection
Core,6.506024096385542
Non-core,6.334841628959276
