status,intersection
Core,14.37308868501529
Non-core,11.299435028248588
