status,intersection
Core,6.47887323943662
Non-core,4.4665012406947895
