status,intersection
Core,10.447761194029852
Non-core,11.764705882352942
