status,intersection
Core,10.833333333333334
Non-core,7.092198581560283
