status,intersection
Core,6.976744186046512
Non-core,0.7692307692307693
