status,intersection
Core,0.4608294930875576
Non-core,0.7518796992481203
