status,intersection
Core,6.746031746031746
Non-core,4.827586206896552
