status,intersection
Core,8.562691131498472
Non-core,6.132075471698113
