status,intersection
Core,1.596806387225549
Non-core,1.694915254237288
