status,intersection
Core,15.778826702629804
Non-core,11.927398444252377
