status,intersection
Core,5.248618784530387
Non-core,3.501945525291829
