status,intersection
Core,3.018867924528302
Non-core,1.3333333333333333
