status,intersection
Core,1.8924302788844622
Non-core,1.948051948051948
