status,intersection
Core,8.536585365853659
Non-core,11.904761904761905
