status,intersection
Core,0.4830917874396135
Non-core,0.8130081300813008
