status,intersection
Core,14.507772020725389
Non-core,11.653718091009988
