status,intersection
Core,10.726643598615917
Non-core,6.896551724137931
