status,intersection
Core,12.841530054644808
Non-core,8.193668528864059
