status,intersection
Core,4.090909090909091
Non-core,3.787878787878788
