status,intersection
Core,18.731117824773413
Non-core,15.228426395939087
