status,intersection
Core,9.45945945945946
Non-core,7.0588235294117645
