status,intersection
Core,7.017543859649122
Non-core,8.823529411764707
