status,intersection
Core,5.7312252964426875
Non-core,4.302477183833116
