status,intersection
Core,7.191780821917808
Non-core,8.333333333333334
