status,intersection
Core,16.11842105263158
Non-core,8.333333333333334
