status,intersection
Core,5.208333333333333
Non-core,4.285714285714286
