status,intersection
Core,10.546875
Non-core,7.051282051282051
