status,intersection
Core,10.847457627118644
Non-core,11.494252873563218
