status,intersection
Core,8.035714285714286
Non-core,5.111402359108781
