status,intersection
Core,4.4534412955465585
Non-core,3.2042723631508676
