status,intersection
Core,0.3070624360286592
Non-core,0.4032258064516129
