status,intersection
Core,14.229249011857707
Non-core,9.615384615384615
