status,intersection
Core,1.4098690835850958
Non-core,1.1920529801324504
