status,intersection
Core,14.40329218106996
Non-core,8.088235294117647
