status,intersection
Core,1.7751479289940828
Non-core,1.7391304347826086
