status,intersection
Core,7.391304347826087
Non-core,4.444444444444445
