status,intersection
Core,6.976744186046512
Non-core,6.451612903225806
