status,intersection
Core,22.028121005538985
Non-core,17.734495130702204
