status,intersection
Core,4.410354745925216
Non-core,3.7831021437578816
