status,intersection
Core,4.705882352941177
Non-core,2.5477707006369426
