status,intersection
Core,8.610567514677104
Non-core,6.267806267806268
