status,intersection
Core,1.4141414141414141
Non-core,1.5852047556142668
