status,intersection
Core,4.495504495504496
Non-core,3.4076015727391873
