status,intersection
Core,14.690721649484535
Non-core,13.043478260869565
