status,intersection
Core,3.283582089552239
Non-core,2.4967148488830486
