status,intersection
Core,6.993006993006993
Non-core,3.488372093023256
