status,intersection
Core,0.102880658436214
Non-core,0.13531799729364005
