status,intersection
Core,14.49814126394052
Non-core,10.256410256410257
