status,intersection
Core,2.1551724137931036
Non-core,0.704225352112676
