status,intersection
Core,5.523255813953488
Non-core,4.424778761061947
