status,intersection
Core,7.662835249042145
Non-core,4.359673024523161
