status,intersection
Core,7.23404255319149
Non-core,5.594405594405594
