status,intersection
Core,1.3824884792626728
Non-core,1.6129032258064515
