status,intersection
Core,7.9963235294117645
Non-core,5.696969696969697
