status,intersection
Core,3.3653846153846154
Non-core,1.7857142857142858
