status,intersection
Core,14.743049705139006
Non-core,7.753705815279361
