status,intersection
Core,6.103286384976526
Non-core,5.645161290322581
