status,intersection
Core,15.254237288135593
Non-core,12.121212121212121
