status,intersection
Core,3.11804008908686
Non-core,2.3121387283236996
