status,intersection
Core,2.4038461538461537
Non-core,2.479338842975207
