status,intersection
Core,7.954545454545454
Non-core,7.936507936507937
