status,intersection
Core,5.357142857142857
Non-core,3.3333333333333335
