status,intersection
Core,4.326923076923077
Non-core,1.6129032258064515
