status,intersection
Core,3.4653465346534653
Non-core,3.6036036036036037
