status,intersection
Core,4.310344827586207
Non-core,3.6144578313253013
