status,intersection
Core,7.053941908713693
Non-core,2.9197080291970803
