status,intersection
Core,8.737864077669903
Non-core,9.482758620689655
