status,intersection
Core,9.25925925925926
Non-core,12.280701754385966
