status,intersection
Core,2.5201612903225805
Non-core,1.4647137150466045
