status,intersection
Core,4.954954954954955
Non-core,3.787878787878788
