status,intersection
Core,12.534818941504179
Non-core,10.084033613445378
