status,intersection
Core,0.5060728744939271
Non-core,0.13297872340425532
