status,intersection
Core,9.569798068481123
Non-core,6.636155606407323
