status,intersection
Core,0.4694835680751174
Non-core,0.7751937984496124
