status,intersection
Core,2.9761904761904763
Non-core,1.7857142857142858
