status,intersection
Core,6.994328922495274
Non-core,5.067985166872682
