status,intersection
Core,4.079601990049751
Non-core,2.766798418972332
