status,intersection
Core,2.857142857142857
Non-core,1.752021563342318
