status,intersection
Core,2.928870292887029
Non-core,2.6666666666666665
