status,intersection
Core,4.922779922779923
Non-core,3.909205548549811
