status,intersection
Core,1.8957345971563981
Non-core,1.7543859649122806
