status,intersection
Core,10.471204188481675
Non-core,7.861271676300578
