status,intersection
Core,8.454810495626822
Non-core,5.032258064516129
