status,intersection
Core,9.619238476953909
Non-core,6.686046511627907
