status,intersection
Core,12.830558276199804
Non-core,9.395109395109396
