status,intersection
Core,8.853575482406356
Non-core,5.401234567901234
