status,intersection
Core,8.284023668639053
Non-core,7.0754716981132075
