status,intersection
Core,4.583333333333333
Non-core,2.158273381294964
