status,intersection
Core,3.5842293906810037
Non-core,2.185792349726776
