status,intersection
Core,9.722222222222221
Non-core,8.51063829787234
