status,intersection
Core,2.876984126984127
Non-core,1.6905071521456436
