status,intersection
Core,0.6141248720573184
Non-core,0.6720430107526881
