status,intersection
Core,5.063291139240507
Non-core,3.6496350364963503
