status,intersection
Core,8.389261744966444
Non-core,6.282722513089006
