status,intersection
Core,9.21985815602837
Non-core,11.11111111111111
