status,intersection
Core,11.83206106870229
Non-core,11.920529801324504
