status,intersection
Core,7.207207207207207
Non-core,3.816793893129771
