status,intersection
Core,0.9146341463414634
Non-core,1.0652463382157125
