status,intersection
Core,10.380622837370241
Non-core,7.065217391304348
