status,intersection
Core,1.6210739614994933
Non-core,1.4588859416445623
