status,intersection
Core,1.4851485148514851
Non-core,0.8695652173913043
