status,intersection
Core,3.8423645320197046
Non-core,3.5294117647058822
