status,intersection
Core,4.926108374384237
Non-core,3.361344537815126
