status,intersection
Core,5.514018691588785
Non-core,4.528763769889841
