status,intersection
Core,2.845528455284553
Non-core,3.1446540880503147
