status,intersection
Core,2.242152466367713
Non-core,1.4388489208633093
