status,intersection
Core,2.8827037773359843
Non-core,2.3622047244094486
