status,intersection
Core,8.745247148288973
Non-core,6.289308176100629
