status,intersection
Core,14.40677966101695
Non-core,13.793103448275861
