status,intersection
Core,5.747126436781609
Non-core,6.410256410256411
