status,intersection
Core,4.601226993865031
Non-core,4.147465437788019
