status,intersection
Core,4.147465437788019
Non-core,3.937007874015748
