status,intersection
Core,6.74373795761079
Non-core,4.980842911877395
