status,intersection
Core,0.7150153217568948
Non-core,0.938337801608579
