status,intersection
Core,0.9240246406570842
Non-core,0.6756756756756757
