status,intersection
Core,2.202643171806167
Non-core,1.4388489208633093
