status,intersection
Core,6.097560975609756
Non-core,2.6315789473684212
