status,intersection
Core,0.40858018386108275
Non-core,0.40268456375838924
