status,intersection
Core,9.90606319385141
Non-core,7.110609480812641
