status,intersection
Core,4.8076923076923075
Non-core,0.8333333333333334
