status,intersection
Core,12.790697674418604
Non-core,10.679611650485437
