status,intersection
Core,5.0228310502283104
Non-core,4.651162790697675
