status,intersection
Core,19.28079571537873
Non-core,15.646258503401361
