status,intersection
Core,1.4423076923076923
Non-core,0.8264462809917356
