status,intersection
Core,7.968901846452867
Non-core,5.134788189987163
