status,intersection
Core,1.3278855975485189
Non-core,0.5383580080753702
