status,intersection
Core,1.9133937562940584
Non-core,1.844532279314888
