status,intersection
Core,3.9177277179236043
Non-core,1.6861219195849546
