status,intersection
Core,5.597014925373134
Non-core,4.1420118343195265
