status,intersection
Core,13.745704467353951
Non-core,8.045977011494253
