status,intersection
Core,7.98514391829155
Non-core,5.997552019583844
