status,intersection
Core,15.503875968992247
Non-core,8.49673202614379
