status,intersection
Core,7.281553398058253
Non-core,4.201680672268908
