status,intersection
Core,4.363636363636363
Non-core,4.678362573099415
