status,intersection
Core,5.058365758754864
Non-core,5.228758169934641
