status,intersection
Core,6.349206349206349
Non-core,4.026845637583893
