status,intersection
Core,2.542372881355932
Non-core,2.0547945205479454
