status,intersection
Core,3.952569169960474
Non-core,4.545454545454546
