status,intersection
Core,0.9164969450101833
Non-core,1.0695187165775402
