status,intersection
Core,1.120162932790224
Non-core,1.2016021361815754
