status,intersection
Core,2.8795811518324608
Non-core,1.9400352733686066
