status,intersection
Core,11.301369863013699
Non-core,7.655502392344498
