status,intersection
Core,1.1270491803278688
Non-core,0.6738544474393531
