status,intersection
Core,19.71153846153846
Non-core,13.284132841328413
