status,intersection
Core,9.419680403700589
Non-core,7.252747252747253
