status,intersection
Core,1.7137096774193548
Non-core,0.9345794392523364
