status,intersection
Core,5.909090909090909
Non-core,4.032258064516129
