status,intersection
Core,12.167300380228136
Non-core,9.444444444444445
