status,intersection
Core,9.278350515463918
Non-core,7.755102040816326
