status,intersection
Core,0.7135575942915392
Non-core,0.8021390374331551
