status,intersection
Core,6.103286384976526
Non-core,4.714640198511166
