status,intersection
Core,3.7656903765690375
Non-core,3.289473684210526
