status,intersection
Core,8.733624454148472
Non-core,8.208955223880597
