status,intersection
Core,0.45871559633027525
Non-core,0.746268656716418
