status,intersection
Core,4.2471042471042475
Non-core,4.3478260869565215
