status,intersection
Core,0.9569377990430622
Non-core,1.6528925619834711
