status,intersection
Core,4.051383399209486
Non-core,2.8720626631853787
