status,intersection
Core,4.866412213740458
Non-core,3.965303593556382
