status,intersection
Core,5.238095238095238
Non-core,5.714285714285714
