status,intersection
Core,1.477832512315271
Non-core,1.7241379310344827
