status,intersection
Core,9.558823529411764
Non-core,9.45945945945946
