status,intersection
Core,2.6530612244897958
Non-core,1.482479784366577
