status,intersection
Core,11.719418306244654
Non-core,9.049773755656108
