status,intersection
Core,1.5212981744421907
Non-core,1.342281879194631
