status,intersection
Core,1.0183299389002036
Non-core,1.0695187165775402
