status,intersection
Core,2.270483711747285
Non-core,2.3166023166023164
