status,intersection
Core,11.08108108108108
Non-core,7.1146245059288535
