status,intersection
Core,5.133267522211254
Non-core,3.259452411994785
