status,intersection
Core,5.41871921182266
Non-core,4.587155963302752
