status,intersection
Core,16.129032258064516
Non-core,14.492753623188406
