status,intersection
Core,8.1008100810081
Non-core,6.042654028436019
