status,intersection
Core,9.420289855072463
Non-core,9.248554913294798
