status,intersection
Core,1.0050251256281406
Non-core,1.1842105263157894
