status,intersection
Core,14.336917562724015
Non-core,8.383233532934131
