status,intersection
Core,3.056768558951965
Non-core,0.8403361344537815
