status,intersection
Core,7.604562737642586
Non-core,5.194805194805195
