status,intersection
Core,3.3582089552238807
Non-core,2.2988505747126435
