status,intersection
Core,6.937561942517344
Non-core,3.942181340341656
