status,intersection
Core,2.680221811460259
Non-core,1.8028846153846154
