status,intersection
Core,3.5140562248995986
Non-core,2.6560424966799467
