status,intersection
Core,4.048582995951417
Non-core,1.9607843137254901
