status,intersection
Core,18.313253012048193
Non-core,12.927756653992395
