status,intersection
Core,10.18867924528302
Non-core,9.15032679738562
