status,intersection
Core,1.910828025477707
Non-core,1.6666666666666667
