status,intersection
Core,5.120481927710843
Non-core,5.172413793103448
