status,intersection
Core,12.121212121212121
Non-core,16.216216216216218
