status,intersection
Core,1.314060446780552
Non-core,1.2259194395796849
