status,intersection
Core,0.34965034965034963
Non-core,0.46403712296983757
