status,intersection
Core,0.2663115845539281
Non-core,0.17793594306049823
