status,intersection
Core,1.9404915912031049
Non-core,2.058319039451115
