status,intersection
Core,2.8960817717206133
Non-core,2.0737327188940093
