status,intersection
Core,19.877675840978593
Non-core,15.746971736204577
