status,intersection
Core,1.8835616438356164
Non-core,1.8099547511312217
