status,intersection
Core,4.761904761904762
Non-core,3.821656050955414
