status,intersection
Core,11.827956989247312
Non-core,8.974358974358974
