status,intersection
Core,7.916666666666667
Non-core,8.695652173913043
