status,intersection
Core,1.054481546572935
Non-core,1.1682242990654206
