status,intersection
Core,2.4390243902439024
Non-core,2.6785714285714284
