status,intersection
Core,2.4813895781637716
Non-core,1.824212271973466
