status,intersection
Core,17.741935483870968
Non-core,33.333333333333336
