status,intersection
Core,1.4035087719298245
Non-core,0.9456264775413712
