status,intersection
Core,2.8758169934640523
Non-core,2.2968197879858656
