status,intersection
Core,7.347447073474471
Non-core,4.737732656514383
