status,intersection
Core,9.015421115065243
Non-core,7.166123778501628
