status,intersection
Core,0.5305039787798409
Non-core,0.5309734513274337
