status,intersection
Core,9.271523178807946
Non-core,8.444444444444445
