status,intersection
Core,2.574002574002574
Non-core,2.413793103448276
