status,intersection
Core,11.811023622047244
Non-core,11.293260473588342
