status,intersection
Core,1.2032085561497325
Non-core,0.8992805755395683
