status,intersection
Core,1.7287234042553192
Non-core,0.7168458781362007
