status,intersection
Core,1.0362694300518134
Non-core,1.1441647597254005
