status,intersection
Core,12.846068660022148
Non-core,9.226190476190476
