status,intersection
Core,0.9198423127463863
Non-core,0.8756567425569177
