status,intersection
Core,12.445730824891461
Non-core,11.346153846153847
