status,intersection
Core,1.733102253032929
Non-core,1.6431924882629108
