status,intersection
Core,2.7166882276843465
Non-core,2.4305555555555554
