status,intersection
Core,3.2948929159802307
Non-core,3.0973451327433628
