status,intersection
Core,12.156448202959831
Non-core,10.460251046025105
