status,intersection
Core,4.910714285714286
Non-core,4.571428571428571
