status,intersection
Core,1.6071428571428572
Non-core,1.1961722488038278
