status,intersection
Core,3.0821917808219177
Non-core,2.5522041763341066
