status,intersection
Core,6.6115702479338845
Non-core,5.747126436781609
