status,intersection
Core,1.391304347826087
Non-core,1.1547344110854503
