status,intersection
Core,3.7371134020618557
Non-core,2.2530329289428077
