status,intersection
Core,12.692307692307692
Non-core,11.052631578947368
