status,intersection
Core,2.4475524475524475
Non-core,2.600472813238771
