status,intersection
Core,1.5404364569961488
Non-core,1.3582342954159592
