status,intersection
Core,9.545875810936051
Non-core,6.796116504854369
