status,intersection
Core,3.141361256544503
Non-core,1.757469244288225
