status,intersection
Core,11.498516320474778
Non-core,9.006622516556291
