status,intersection
Core,4.787234042553192
Non-core,4.761904761904762
