status,intersection
Core,2.8708133971291865
Non-core,1.3605442176870748
