status,intersection
Core,3.3509700176366843
Non-core,2.137767220902613
