status,intersection
Core,3.5620052770448547
Non-core,2.1238938053097347
