status,intersection
Core,2.0026702269692924
Non-core,1.6157989228007181
