status,intersection
Core,0.13333333333333333
Non-core,0.17825311942959002
