status,intersection
Core,6.60377358490566
Non-core,6.779661016949152
