status,intersection
Core,6.614785992217898
Non-core,6.486486486486487
