status,intersection
Core,1.6863406408094435
Non-core,1.9955654101995566
