status,intersection
Core,2.493765586034913
Non-core,1.9933554817275747
