status,intersection
Core,5.019815059445178
Non-core,3.374777975133215
