status,intersection
Core,10.204081632653061
Non-core,15.686274509803921
