status,intersection
Core,2.7472527472527473
Non-core,2.4390243902439024
