status,intersection
Core,19.976905311778292
Non-core,16.822429906542055
