status,intersection
Core,4.026845637583893
Non-core,3.6923076923076925
