status,intersection
Core,3.2299741602067185
Non-core,2.7729636048526864
