status,intersection
Core,3.9383561643835616
Non-core,2.9680365296803655
