status,intersection
Core,3.8793103448275863
Non-core,4.216867469879518
