status,intersection
Core,5.919395465994962
Non-core,3.6020583190394513
