status,intersection
Core,3.2758620689655173
Non-core,2.823529411764706
