status,intersection
Core,0.5312084993359893
Non-core,0.3546099290780142
