status,intersection
Core,12.4031007751938
Non-core,19.047619047619047
