status,intersection
Core,2.5236593059936907
Non-core,2.079002079002079
