status,intersection
Core,5.053598774885145
Non-core,4.276985743380855
