status,intersection
Core,5.172413793103448
Non-core,7.017543859649122
