status,intersection
Core,0.39577836411609496
Non-core,0.352112676056338
