status,intersection
Core,15.384615384615385
Non-core,27.586206896551722
