status,intersection
Core,4.022988505747127
Non-core,3.2388663967611335
