status,intersection
Core,2.051282051282051
Non-core,2.2033898305084745
