status,intersection
Core,2.9542097488921715
Non-core,2.5390625
