status,intersection
Core,1.7271157167530224
Non-core,0.9433962264150944
