status,intersection
Core,1.3003901170351104
Non-core,1.2195121951219512
