status,intersection
Core,6.513409961685824
Non-core,7.2727272727272725
