status,intersection
Core,2.003338898163606
Non-core,1.4248704663212435
