status,intersection
Core,6.122448979591836
Non-core,6.315789473684211
