status,intersection
Core,0.5326231691078562
Non-core,0.5338078291814946
