status,intersection
Core,6.397306397306397
Non-core,5.936073059360731
