status,intersection
Core,4.289544235924933
Non-core,4.529616724738676
