status,intersection
Core,2.002503128911139
Non-core,1.9769357495881383
