status,intersection
Core,8.429752066115702
Non-core,7.174887892376682
