status,intersection
Core,17.105263157894736
Non-core,22.22222222222222
