status,intersection
Core,7.281553398058253
Non-core,5.930807248764415
