status,intersection
Core,5.037783375314861
Non-core,2.385008517887564
