status,intersection
Core,4.872389791183295
Non-core,4.745762711864407
