status,intersection
Core,3.298611111111111
Non-core,2.8368794326241136
