status,intersection
Core,14.606741573033707
Non-core,21.153846153846153
