status,intersection
Core,1.1842105263157894
Non-core,0.8849557522123894
