status,intersection
Core,10.796915167095115
Non-core,9.73913043478261
