status,intersection
Core,3.0357142857142856
Non-core,2.15311004784689
