status,intersection
Core,4.251968503937008
Non-core,2.8017241379310347
