status,intersection
Core,1.3333333333333333
Non-core,0.8992805755395683
