status,intersection
Core,5.314009661835748
Non-core,5.714285714285714
