status,intersection
Core,4.4673539518900345
Non-core,4.166666666666667
