status,intersection
Core,0.39893617021276595
Non-core,0.17761989342806395
