status,intersection
Core,3.7275064267352187
Non-core,2.456140350877193
