status,intersection
Core,6.683168316831683
Non-core,6.312292358803987
