status,intersection
Core,7.368421052631579
Non-core,9.243697478991596
