status,intersection
Core,2.245250431778929
Non-core,1.6431924882629108
