status,intersection
Core,0.26702269692923897
Non-core,0.17857142857142858
