status,intersection
Core,19.07020872865275
Non-core,15.258511979823455
