status,intersection
Core,10.204081632653061
Non-core,17.391304347826086
