status,intersection
Core,2.635046113306983
Non-core,1.9677996422182469
