status,intersection
Core,6.7164179104477615
Non-core,6.4935064935064934
