status,intersection
Core,1.0582010582010581
Non-core,0.7109004739336493
