status,intersection
Core,5.508474576271187
Non-core,5.202312138728324
