status,intersection
Core,2.7914614121510675
Non-core,2.380952380952381
