status,intersection
Core,1.4311270125223614
Non-core,0.47961630695443647
