status,intersection
Core,6.909090909090909
Non-core,8.571428571428571
