status,intersection
Core,1.421188630490956
Non-core,0.8591065292096219
