status,intersection
Core,3.6363636363636362
Non-core,2.898550724637681
