status,intersection
Core,0.657030223390276
Non-core,0.6993006993006993
