status,intersection
Core,5.214723926380368
Non-core,5.829596412556054
