status,intersection
Core,3.488372093023256
Non-core,1.7699115044247788
