status,intersection
Core,4.60772104607721
Non-core,3.820598006644518
