status,intersection
Core,4.181184668989547
Non-core,2.9069767441860463
