status,intersection
Core,0.9333333333333333
Non-core,1.0695187165775402
