status,intersection
Core,1.565217391304348
Non-core,1.3824884792626728
