status,intersection
Core,3.278688524590164
Non-core,1.3513513513513513
