status,intersection
Core,7.431340872374798
Non-core,4.921700223713646
