status,intersection
Core,5.9775840597758405
Non-core,3.389830508474576
