status,intersection
Core,5.423728813559322
Non-core,3.9260969976905313
