status,intersection
Core,11.188811188811188
Non-core,8.98876404494382
