status,intersection
Core,8.752997601918466
Non-core,7.328990228013029
