status,intersection
Core,4.013377926421405
Non-core,2.7586206896551726
