status,intersection
Core,1.2944983818770226
Non-core,0.8565310492505354
