status,intersection
Core,2.793296089385475
Non-core,2.608695652173913
