status,intersection
Core,13.93188854489164
Non-core,9.793103448275861
