status,intersection
Core,4.150453955901427
Non-core,2.782608695652174
