status,intersection
Core,5.475040257648954
Non-core,4.615384615384615
