status,intersection
Core,4.664723032069971
Non-core,4.291845493562231
