status,intersection
Core,14.661654135338345
Non-core,12.592592592592593
