status,intersection
Core,8.741258741258742
Non-core,9.693877551020408
