status,intersection
Core,1.6042780748663101
Non-core,1.342281879194631
