status,intersection
Core,5.033557046979865
Non-core,4.166666666666667
