status,intersection
Core,4.5886075949367084
Non-core,3.67170626349892
