status,intersection
Core,5.39629005059022
Non-core,4.3577981651376145
