status,intersection
Core,0.13404825737265416
Non-core,0.17953321364452424
