status,intersection
Core,4.576271186440678
Non-core,3.9170506912442398
