status,intersection
Core,4.016064257028113
Non-core,3.067484662576687
