status,intersection
Core,5.037037037037037
Non-core,1.8556701030927836
