status,intersection
Core,5.935483870967742
Non-core,3.832752613240418
