status,intersection
Core,0.3952569169960474
Non-core,0.3508771929824561
