status,intersection
Core,2.0725388601036268
Non-core,1.8306636155606408
