status,intersection
Core,3.0405405405405403
Non-core,3.0162412993039442
