status,intersection
Core,3.4394904458598727
Non-core,2.946273830155979
