status,intersection
Core,6.155778894472362
Non-core,4.873949579831932
