status,intersection
Core,1.4586709886547813
Non-core,1.293103448275862
