status,intersection
Core,12.484237074401008
Non-core,11.265164644714039
