status,intersection
Core,2.763157894736842
Non-core,1.7730496453900708
