status,intersection
Core,3.3057851239669422
Non-core,4.225352112676056
