status,intersection
Core,2.7729636048526864
Non-core,2.336448598130841
