status,intersection
Core,11.675675675675675
Non-core,10.586552217453505
