status,intersection
Core,11.824324324324325
Non-core,9.11086717892426
