status,intersection
Core,3.0303030303030303
Non-core,2.4752475247524752
