status,intersection
Core,1.1673151750972763
Non-core,1.0344827586206897
