status,intersection
Core,0.5326231691078562
Non-core,0.35587188612099646
