status,intersection
Core,1.3986013986013985
Non-core,0.9259259259259259
