status,intersection
Core,1.955671447196871
Non-core,1.9538188277087034
