status,intersection
Core,10.051546391752577
Non-core,6.878306878306878
