status,intersection
Core,1.5050167224080269
Non-core,1.3186813186813187
