status,intersection
Core,2.519893899204244
Non-core,2.3214285714285716
