status,intersection
Core,19.233147804576376
Non-core,13.53448275862069
