status,intersection
Core,5.8544303797468356
Non-core,4.273504273504273
