status,intersection
Core,3.2679738562091503
Non-core,2.6373626373626373
