status,intersection
Core,8.83435582822086
Non-core,7.742998352553542
