status,intersection
Core,5.172413793103448
Non-core,4.395604395604396
