status,intersection
Core,2.1201413427561837
Non-core,1.431980906921241
