status,intersection
Core,4.810126582278481
Non-core,3.559322033898305
