status,intersection
Core,3.9473684210526314
Non-core,3.8095238095238093
