status,intersection
Core,3.6939313984168867
Non-core,3.171641791044776
