status,intersection
Core,4.426229508196721
Non-core,3.7610619469026547
