status,intersection
Core,5.325443786982248
Non-core,7.43801652892562
