status,intersection
Core,3.87409200968523
Non-core,3.167420814479638
