status,intersection
Core,3.830911492734478
Non-core,1.9538188277087034
