status,intersection
Core,3.9655172413793105
Non-core,2.810304449648712
