status,intersection
Core,9.859154929577464
Non-core,11.578947368421053
