status,intersection
Core,3.5495716034271725
Non-core,2.4469820554649266
