status,intersection
Core,7.078313253012048
Non-core,5.4325955734406435
