status,intersection
Core,3.019538188277087
Non-core,1.6706443914081146
