status,intersection
Core,5.945945945945946
Non-core,5.426356589147287
