status,intersection
Core,5.061349693251533
Non-core,4.444444444444445
