status,intersection
Core,1.4379084967320261
Non-core,1.2173913043478262
