status,intersection
Core,0.3552397868561279
Non-core,0.23696682464454977
