status,intersection
Core,5.704697986577181
Non-core,6.435643564356436
