status,intersection
Core,0.6675567423230975
Non-core,0.17985611510791366
