status,intersection
Core,2.8333333333333335
Non-core,2.0089285714285716
