status,intersection
Core,12.351543942992874
Non-core,8.466453674121405
