status,intersection
Core,5.612244897959184
Non-core,6.015037593984962
