status,intersection
Core,5.3164556962025316
Non-core,3.401360544217687
