status,intersection
Core,0.40106951871657753
Non-core,0.5366726296958855
