status,intersection
Core,7.6238881829733165
Non-core,5.831903945111493
