status,intersection
Core,4.815409309791332
Non-core,3.239740820734341
