status,intersection
Core,6.7357512953367875
Non-core,7.6923076923076925
