status,intersection
Core,6.8789808917197455
Non-core,6.024096385542169
