status,intersection
Core,12.67454350161117
Non-core,11.432706222865413
