status,intersection
Core,1.0596026490066226
Non-core,1.2367491166077738
