status,intersection
Core,6.10079575596817
Non-core,3.730017761989343
