status,intersection
Core,3.6319612590799033
Non-core,3.6144578313253013
