status,intersection
Core,9.210526315789474
Non-core,14.634146341463415
