status,intersection
Core,4.089219330855019
Non-core,5.291005291005291
