status,intersection
Core,3.23242688558235
Non-core,2.6184538653366585
