status,intersection
Core,1.7421602787456445
Non-core,1.8912529550827424
