status,intersection
Core,2.7472527472527473
Non-core,2.4193548387096775
