status,intersection
Core,7.552870090634441
Non-core,7.128309572301426
