status,intersection
Core,2.975420439844761
Non-core,2.608695652173913
