status,intersection
Core,11.206896551724139
Non-core,21.153846153846153
