status,intersection
Core,1.8518518518518519
Non-core,3.0303030303030303
