status,intersection
Core,7.244655581947743
Non-core,3.870967741935484
