status,intersection
Core,1.4066496163682864
Non-core,0.690846286701209
