status,intersection
Core,10.56547619047619
Non-core,7.723577235772358
