status,intersection
Core,0.398406374501992
Non-core,0.5319148936170213
