status,intersection
Core,4.796163069544365
Non-core,4.395604395604396
