status,intersection
Core,3.7102473498233217
Non-core,3.341288782816229
