status,intersection
Core,1.6927083333333333
Non-core,1.5734265734265733
