status,intersection
Core,5.111821086261981
Non-core,4.310344827586207
