status,intersection
Core,1.7333333333333334
Non-core,1.075268817204301
