status,intersection
Core,2.763157894736842
Non-core,2.146690518783542
