status,intersection
Core,5.4404145077720205
Non-core,3.4904013961605584
