status,intersection
Core,2.366863905325444
Non-core,2.255639097744361
