status,intersection
Core,4.778761061946903
Non-core,2.8708133971291865
