status,intersection
Core,4.600484261501211
Non-core,3.5426731078904994
