status,intersection
Core,2.962962962962963
Non-core,2.272727272727273
