status,intersection
Core,6.818181818181818
Non-core,4.934687953555878
