status,intersection
Core,1.3116474291710387
Non-core,0.7653061224489796
