status,intersection
Core,3.5904255319148937
Non-core,2.3255813953488373
