status,intersection
Core,0.7017543859649122
Non-core,0.4662004662004662
