status,intersection
Core,3.270223752151463
Non-core,2.5641025641025643
