status,intersection
Core,1.7789072426937738
Non-core,2.0134228187919465
