status,intersection
Core,16.377864728898825
Non-core,12.455767869780608
