status,intersection
Core,0.8880994671403197
Non-core,0.9478672985781991
