status,intersection
Core,1.2987012987012987
Non-core,0.9523809523809523
