status,intersection
Core,3.482587064676617
Non-core,3.4324942791762014
