status,intersection
Core,6.22568093385214
Non-core,4.006968641114983
