status,intersection
Core,12.702472293265131
Non-core,11.460674157303371
