status,intersection
Core,4.029304029304029
Non-core,3.5541195476575123
