status,intersection
Core,2.1621621621621623
Non-core,2.3622047244094486
