status,intersection
Core,19.358407079646017
Non-core,15.36189069423929
