status,intersection
Core,0.684931506849315
Non-core,1.0416666666666667
