status,intersection
Core,12.322274881516588
Non-core,7.7854671280276815
