status,intersection
Core,2.766798418972332
Non-core,2.1238938053097347
