status,intersection
Core,2.8947368421052633
Non-core,1.415929203539823
