status,intersection
Core,3.2815198618307426
Non-core,2.5345622119815667
