status,intersection
Core,6.794682422451994
Non-core,5.633802816901408
