status,intersection
Core,5.043859649122807
Non-core,3.7974683544303796
