status,intersection
Core,1.7064846416382253
Non-core,1.8058690744920993
