status,intersection
Core,7.2784810126582276
Non-core,7.296137339055794
