status,intersection
Core,3.865546218487395
Non-core,2.733485193621868
