status,intersection
Core,0.40214477211796246
Non-core,0.17953321364452424
