status,intersection
Core,1.0484927916120577
Non-core,0.8710801393728222
