status,intersection
Core,0.26525198938992045
Non-core,0.35398230088495575
