status,intersection
Core,6.33373934226553
Non-core,4.674457429048414
