status,intersection
Core,0.3527336860670194
Non-core,0.23529411764705882
