status,intersection
Core,4.51693851944793
Non-core,2.866779089376054
