status,intersection
Core,4.4692737430167595
Non-core,3.389830508474576
