status,intersection
Core,11.578947368421053
Non-core,8.771929824561404
