status,intersection
Core,0.7926023778071334
Non-core,0.704225352112676
