status,intersection
Core,0.17921146953405018
Non-core,0.23980815347721823
