status,intersection
Core,2.69814502529511
Non-core,2.882483370288248
