status,intersection
Core,13.043478260869565
Non-core,11.079136690647482
