status,intersection
Core,4.804045512010114
Non-core,3.4364261168384878
