status,intersection
Core,5.030674846625767
Non-core,3.4653465346534653
