status,intersection
Core,2.027027027027027
Non-core,2.0044543429844097
