status,intersection
Core,6.730769230769231
Non-core,7.6923076923076925
