status,intersection
Core,3.2646048109965635
Non-core,2.2988505747126435
