status,intersection
Core,4.636785162287481
Non-core,3.278688524590164
