status,intersection
Core,14.354066985645932
Non-core,12.582781456953642
