status,intersection
Core,2.337228714524207
Non-core,2.1881838074398248
