status,intersection
Core,7.596899224806202
Non-core,5.932203389830509
