status,intersection
Core,4.657179818887451
Non-core,3.3333333333333335
