status,intersection
Core,3.6410923276983094
Non-core,2.9772329246935203
