status,intersection
Core,5.343511450381679
Non-core,2.763385146804836
