status,intersection
Core,2.5167785234899327
Non-core,2.6490066225165565
