status,intersection
Core,4.025974025974026
Non-core,2.816901408450704
