status,intersection
Core,4.368932038834951
Non-core,4.666666666666667
