status,intersection
Core,5.957446808510638
Non-core,4.635761589403973
