status,intersection
Core,1.1194029850746268
Non-core,0.9933774834437086
