status,intersection
Core,0.7054673721340388
Non-core,0.704225352112676
