status,intersection
Core,1.174934725848564
Non-core,1.0398613518197575
