status,intersection
Core,6.3893016344725115
Non-core,3.909465020576132
