status,intersection
Core,3.745318352059925
Non-core,2.7027027027027026
