status,intersection
Core,13.017751479289942
Non-core,12.658227848101266
