status,intersection
Core,1.2936610608020698
Non-core,1.3745704467353952
