status,intersection
Core,8.43520782396088
Non-core,5.427631578947368
