status,intersection
Core,13.822525597269625
Non-core,11.713665943600867
