status,intersection
Core,14.96232508073197
Non-core,11.350574712643677
