status,intersection
Core,1.4184397163120568
Non-core,2.0618556701030926
