status,intersection
Core,8.396946564885496
Non-core,9.444444444444445
