status,intersection
Core,5.059021922428331
Non-core,4.805491990846682
