status,intersection
Core,4.171934260429835
Non-core,3.401360544217687
