status,intersection
Core,0.26666666666666666
Non-core,0.17825311942959002
