status,intersection
Core,10.526315789473685
Non-core,13.846153846153847
