status,intersection
Core,1.9867549668874172
Non-core,1.7391304347826086
