status,intersection
Core,1.9659239842726082
Non-core,1.3986013986013985
