status,intersection
Core,1.3605442176870748
Non-core,1.7699115044247788
