status,intersection
Core,0.17825311942959002
Non-core,0.23809523809523808
