status,intersection
Core,1.8932874354561102
Non-core,1.82648401826484
