status,intersection
Core,8.640226628895185
Non-core,6.728971962616822
