status,intersection
Core,5.974025974025974
Non-core,2.966841186736475
