status,intersection
Core,6.369426751592357
Non-core,3.8260869565217392
