status,intersection
Core,8.242424242424242
Non-core,7.177814029363785
