status,intersection
Core,2.5951557093425603
Non-core,2.314814814814815
