status,intersection
Core,8.409090909090908
Non-core,6.606606606606607
