status,intersection
Core,12.396694214876034
Non-core,9.158415841584159
