status,intersection
Core,1.9933554817275747
Non-core,2.178649237472767
