status,intersection
Core,6.638418079096045
Non-core,3.861003861003861
