status,intersection
Core,2.0460358056265986
Non-core,2.1996615905245345
