status,intersection
Core,3.1963470319634704
Non-core,2.5477707006369426
