status,intersection
Core,2.380952380952381
Non-core,2.6785714285714284
