status,intersection
Core,5.006105006105006
Non-core,4.397394136807818
