status,intersection
Core,6.48936170212766
Non-core,5.6865464632454925
