status,intersection
Core,3.658536585365854
Non-core,3.3333333333333335
