status,intersection
Core,18.367346938775512
Non-core,23.076923076923077
