status,intersection
Core,5.283018867924528
Non-core,4.5608108108108105
