status,intersection
Core,3.409090909090909
Non-core,6.521739130434782
