status,intersection
Core,3.9145907473309607
Non-core,3.3333333333333335
