status,intersection
Core,8.032596041909196
Non-core,5.808477237048666
