status,intersection
Core,7.455429497568882
Non-core,7.333333333333333
