status,intersection
Core,12.832145171743358
Non-core,8.073394495412844
