status,intersection
Core,9.35483870967742
Non-core,7.658643326039387
