status,intersection
Core,0.6640106241699867
Non-core,0.5319148936170213
