status,intersection
Core,4.128440366972477
Non-core,2.73972602739726
