status,intersection
Core,2.5167785234899327
Non-core,1.5981735159817352
