status,intersection
Core,0.26490066225165565
Non-core,0.35335689045936397
