status,intersection
Core,5.2215189873417724
Non-core,4.583333333333333
