status,intersection
Core,4.689480354879595
Non-core,3.7735849056603774
