status,intersection
Core,2.8954802259887007
Non-core,2.281021897810219
