status,intersection
Core,5.015673981191223
Non-core,3.1982942430703623
