status,intersection
Core,5.183312262958281
Non-core,4.067796610169491
