status,intersection
Core,1.2269938650306749
Non-core,1.550387596899225
