status,intersection
Core,2.443280977312391
Non-core,2.810304449648712
