status,intersection
Core,15.730337078651685
Non-core,12.31696813092162
