status,intersection
Core,0.8871989860583016
Non-core,0.8445945945945946
