status,intersection
Core,0.5366726296958855
Non-core,0.23923444976076555
