status,intersection
Core,8.167539267015707
Non-core,6.630581867388362
