status,intersection
Core,6.738131699846861
Non-core,5.882352941176471
