status,intersection
Core,0.8680555555555556
Non-core,0.7058823529411765
