status,intersection
Core,5.47945205479452
Non-core,5.298013245033113
