status,intersection
Core,1.1826544021024967
Non-core,1.2259194395796849
