status,intersection
Core,7.785888077858881
Non-core,6.4935064935064934
