status,intersection
Core,1.1984021304926764
Non-core,0.7142857142857143
