status,intersection
Core,10.318331503841932
Non-core,8.272859216255442
