status,intersection
Core,3.452855245683931
Non-core,2.8520499108734403
