status,intersection
Core,7.210401891252955
Non-core,4.173354735152488
