status,intersection
Core,0.5272407732864675
Non-core,0.23980815347721823
