status,intersection
Core,2.2900763358778624
Non-core,1.1363636363636365
