status,intersection
Core,0.39577836411609496
Non-core,0.351493848857645
