status,intersection
Core,4.194630872483222
Non-core,3.854875283446712
