status,intersection
Core,2.0486555697823303
Non-core,2.1996615905245345
