status,intersection
Core,10.846245530393325
Non-core,8.427876823338735
