status,intersection
Core,4.968944099378882
Non-core,3.7037037037037037
