status,intersection
Core,0.5244755244755245
Non-core,0.46403712296983757
