status,intersection
Core,14.925373134328359
Non-core,16.216216216216218
