status,intersection
Core,5.726872246696035
Non-core,5.161290322580645
