status,intersection
Core,6.516290726817043
Non-core,6.143344709897611
