status,intersection
Core,3.9692701664532652
Non-core,2.763385146804836
