status,intersection
Core,2.04778156996587
Non-core,1.3574660633484164
