status,intersection
Core,6.104651162790698
Non-core,5.982905982905983
