status,intersection
Core,2.671312427409988
Non-core,2.1538461538461537
