status,intersection
Core,13.805522208883554
Non-core,10.950080515297907
