status,intersection
Core,4.280155642023346
Non-core,3.488372093023256
