status,intersection
Core,1.4035087719298245
Non-core,0.7142857142857143
