status,intersection
Core,6.382978723404255
Non-core,4.49438202247191
