status,intersection
Core,6.98005698005698
Non-core,5.360443622920518
