status,intersection
Core,1.6722408026755853
Non-core,0.684931506849315
