status,intersection
Core,4.29042904290429
Non-core,3.6199095022624435
