status,intersection
Core,17.54385964912281
Non-core,29.62962962962963
