status,intersection
Core,0.2635046113306983
Non-core,0.3508771929824561
