status,intersection
Core,2.3227383863080684
Non-core,1.951219512195122
