status,intersection
Core,8.450704225352112
Non-core,4.368932038834951
