status,intersection
Core,5.646359583952452
Non-core,5.220883534136546
