status,intersection
Core,0.5328596802841918
Non-core,0.47393364928909953
