status,intersection
Core,2.1702838063439067
Non-core,1.348314606741573
