status,intersection
Core,6.91358024691358
Non-core,5.601317957166392
