status,intersection
Core,10.998877665544333
Non-core,9.908536585365853
