status,intersection
Core,5.445544554455446
Non-core,6.896551724137931
