status,intersection
Core,1.7152658662092624
Non-core,0.47058823529411764
