status,intersection
Core,0.5333333333333333
Non-core,0.5347593582887701
