status,intersection
Core,9.884836852207293
Non-core,8.771929824561404
