status,intersection
Core,5.325443786982248
Non-core,5.825242718446602
