status,intersection
Core,6.930693069306931
Non-core,10.344827586206897
