status,intersection
Core,1.5957446808510638
Non-core,1.1990407673860912
