status,intersection
Core,6.17906683480454
Non-core,4.109589041095891
