status,intersection
Core,5.541237113402062
Non-core,5.419580419580419
