status,intersection
Core,3.1496062992125986
Non-core,2.197802197802198
