status,intersection
Core,7.054455445544554
Non-core,5.87248322147651
