status,intersection
Core,1.391304347826087
Non-core,0.9280742459396751
