status,intersection
Core,13.487881981032666
Non-core,10.841654778887303
