status,intersection
Core,1.183431952662722
Non-core,1.5748031496062993
