status,intersection
Core,7.828655834564254
Non-core,6.185567010309279
