status,intersection
Core,9.820359281437126
Non-core,6.688417618270799
