status,intersection
Core,3.298611111111111
Non-core,2.1176470588235294
