status,intersection
Core,1.3398294762484775
Non-core,1.2965964343598055
