status,intersection
Core,2.423469387755102
Non-core,2.4013722126929675
