status,intersection
Core,2.364864864864865
Non-core,2.4444444444444446
