status,intersection
Core,3.9867109634551494
Non-core,3.4334763948497855
