status,intersection
Core,10.084033613445378
Non-core,14.035087719298245
