status,intersection
Core,2.7823240589198037
Non-core,2.05761316872428
