status,intersection
Core,7.4766355140186915
Non-core,7.913669064748201
