status,intersection
Core,3.8596491228070176
Non-core,2.619047619047619
