status,intersection
Core,4.146341463414634
Non-core,2.9079159935379644
