status,intersection
Core,0.6578947368421053
Non-core,0.5263157894736842
