status,intersection
Core,2.9565217391304346
Non-core,2.816901408450704
