status,intersection
Core,6.763285024154589
Non-core,6.382978723404255
