status,intersection
Core,6.82095006090134
Non-core,5.766062602965404
