status,intersection
Core,7.2392638036809815
Non-core,5.348460291734198
