status,intersection
Core,3.7037037037037037
Non-core,2.7586206896551726
