status,intersection
Core,11.361079865016873
Non-core,9.647779479326188
