status,intersection
Core,4.436860068259386
Non-core,3.416856492027335
