status,intersection
Core,0.40053404539385845
Non-core,0.17953321364452424
