status,intersection
Core,6.6157760814249365
Non-core,3.9249146757679183
