status,intersection
Core,11.363636363636363
Non-core,19.148936170212767
