status,intersection
Core,10.55045871559633
Non-core,9.95405819295559
