status,intersection
Core,4.195804195804196
Non-core,2.955665024630542
