status,intersection
Core,3.8062283737024223
Non-core,2.577319587628866
