status,intersection
Core,5.006587615283268
Non-core,3.552397868561279
