status,intersection
Core,0.7104795737122558
Non-core,0.7109004739336493
