status,intersection
Core,5.996758508914101
Non-core,4.185022026431718
