status,intersection
Core,1.342281879194631
Non-core,0.9009009009009009
