status,intersection
Core,0.5256241787122208
Non-core,0.7005253940455342
