status,intersection
Core,1.593625498007968
Non-core,1.075268817204301
