status,intersection
Core,2.911392405063291
Non-core,2.218430034129693
