status,intersection
Core,6.6157760814249365
Non-core,4.123711340206185
