status,intersection
Core,8.02139037433155
Non-core,6.818181818181818
