status,intersection
Core,2.6936026936026938
Non-core,2.8761061946902653
