status,intersection
Core,0.3937007874015748
Non-core,0.34965034965034963
