status,intersection
Core,0.1773049645390071
Non-core,0.2364066193853428
