status,intersection
Core,4.326923076923077
Non-core,3.5211267605633805
