status,intersection
Core,4.489164086687307
Non-core,3.1185031185031185
