status,intersection
Core,6.307490144546649
Non-core,3.5335689045936394
