status,intersection
Core,1.0256410256410255
Non-core,1.1884550084889642
