status,intersection
Core,6.8350668647845465
Non-core,6.361829025844931
