status,intersection
Core,0.17889087656529518
Non-core,0.23923444976076555
