status,intersection
Core,5.948553054662379
Non-core,4.357298474945534
