status,intersection
Core,3.5161744022503516
Non-core,2.0872865275142316
