status,intersection
Core,14.613180515759312
Non-core,13.240857503152585
