status,intersection
Core,1.8276762402088773
Non-core,1.5734265734265733
