status,intersection
Core,3.4120734908136483
Non-core,2.276707530647986
