status,intersection
Core,5.893186003683241
Non-core,5.911330049261084
