status,intersection
Core,4.411764705882353
Non-core,5.202312138728324
