status,intersection
Core,0.13245033112582782
Non-core,0.17667844522968199
