status,intersection
Core,4.477611940298507
Non-core,5.2631578947368425
