status,intersection
Core,6.539833531510107
Non-core,2.593192868719611
