status,intersection
Core,9.774436090225564
Non-core,13.513513513513514
