status,intersection
Core,6.569343065693431
Non-core,7.246376811594203
