status,intersection
Core,4.556962025316456
Non-core,3.7735849056603774
