status,intersection
Core,2.577319587628866
Non-core,2.3255813953488373
