status,intersection
Core,5.454545454545454
Non-core,6.837606837606837
