status,intersection
Core,4.661016949152542
Non-core,4.444444444444445
