status,intersection
Core,1.0638297872340425
Non-core,1.1961722488038278
