status,intersection
Core,6.7669172932330826
Non-core,4.568527918781726
