status,intersection
Core,0.6553079947575361
Non-core,0.5319148936170213
