status,intersection
Core,13.333333333333334
Non-core,21.73913043478261
