status,intersection
Core,1.0680907877169559
Non-core,1.079136690647482
