status,intersection
Core,8.733087330873309
Non-core,4.7775947281713345
