status,intersection
Core,3.2206119162640903
Non-core,3.056768558951965
