status,intersection
Core,6.754530477759473
Non-core,4.090909090909091
