status,intersection
Core,2.684563758389262
Non-core,2.7522935779816513
