status,intersection
Core,3.240740740740741
Non-core,2.684563758389262
