status,intersection
Core,8.755760368663594
Non-core,10.071942446043165
