status,intersection
Core,6.355140186915888
Non-core,4.358353510895884
