status,intersection
Core,5.741626794258373
Non-core,6.569343065693431
