status,intersection
Core,5.949656750572083
Non-core,6.101694915254237
