status,intersection
Core,6.557377049180328
Non-core,7.042253521126761
