status,intersection
Core,8.61850443599493
Non-core,6.846846846846847
