status,intersection
Core,3.4653465346534653
Non-core,1.3513513513513513
