status,intersection
Core,5.188679245283019
Non-core,5.47945205479452
