status,intersection
Core,10.526315789473685
Non-core,11.428571428571429
