status,intersection
Core,8.663366336633663
Non-core,6.920415224913495
