status,intersection
Core,6.756756756756757
Non-core,5.454545454545454
