status,intersection
Core,5.327868852459017
Non-core,4.216867469879518
