status,intersection
Core,12.903225806451612
Non-core,11.666666666666666
