status,intersection
Core,2.641509433962264
Non-core,2.7624309392265194
