status,intersection
Core,7.446808510638298
Non-core,5.405405405405405
