status,intersection
Core,5.1020408163265305
Non-core,6.818181818181818
