status,intersection
Core,9.58904109589041
Non-core,6.451612903225806
