status,intersection
Core,4.010695187165775
Non-core,3.007518796992481
