status,intersection
Core,8.745247148288973
Non-core,9.63855421686747
