status,intersection
Core,3.004291845493562
Non-core,1.2269938650306749
