status,intersection
Core,8.583690987124463
Non-core,7.643312101910828
