status,intersection
Core,5.38243626062323
Non-core,5.439330543933054
