status,intersection
Core,8.860759493670885
Non-core,8.01526717557252
