status,intersection
Core,5.529953917050691
Non-core,5.960264900662252
