status,intersection
Core,1.9047619047619047
Non-core,1.4598540145985401
