status,intersection
Core,2.1653543307086616
Non-core,1.5384615384615385
