status,intersection
Core,5.6521739130434785
Non-core,6.410256410256411
