status,intersection
Core,12.173913043478262
Non-core,11.920529801324504
