status,intersection
Core,10.743801652892563
Non-core,8.333333333333334
