status,intersection
Core,4.634146341463414
Non-core,4.098360655737705
