status,intersection
Core,10.82089552238806
Non-core,11.049723756906078
