status,intersection
Core,4.057971014492754
Non-core,3.5242290748898677
