status,intersection
Core,9.826589595375722
Non-core,10.204081632653061
