status,intersection
Core,9.289617486338798
Non-core,8.571428571428571
