status,intersection
Core,5.980066445182724
Non-core,5.188679245283019
