status,intersection
Core,5.4331864904552125
Non-core,4.183266932270916
