status,intersection
Core,11.278195488721805
Non-core,12.790697674418604
