status,intersection
Core,6.63265306122449
Non-core,7.258064516129032
