status,intersection
Core,7.751937984496124
Non-core,6.024096385542169
