status,intersection
Core,4.624277456647399
Non-core,5.737704918032787
