status,intersection
Core,12.967032967032967
Non-core,11.178247734138973
