status,intersection
Core,11.904761904761905
Non-core,11.538461538461538
