status,intersection
Core,3.9312039312039313
Non-core,4.2105263157894735
