status,intersection
Core,15.032679738562091
Non-core,20.21276595744681
