status,intersection
Core,3.1620553359683794
Non-core,3.2085561497326203
