status,intersection
Core,7.070707070707071
Non-core,7.547169811320755
