status,intersection
Core,2.840909090909091
Non-core,4.166666666666667
