status,intersection
Core,6.083650190114068
Non-core,5.232558139534884
