status,intersection
Core,8.866995073891626
Non-core,9.58904109589041
