status,intersection
Core,10.077519379844961
Non-core,11.688311688311689
