status,intersection
Core,5.047318611987381
Non-core,3.902439024390244
