status,intersection
Core,2.544529262086514
Non-core,2.3166023166023164
