status,intersection
Core,9.319899244332493
Non-core,8.02919708029197
