status,intersection
Core,5.9639389736477115
Non-core,4.3126684636118595
