status,intersection
Core,8.243727598566307
Non-core,4.18848167539267
