status,intersection
Core,7.8838174273858925
Non-core,8.280254777070065
