status,intersection
Core,4.3478260869565215
Non-core,7.246376811594203
