status,intersection
Core,6.94006309148265
Non-core,7.009345794392523
