status,intersection
Core,9.269662921348315
Non-core,8.810572687224669
