status,intersection
Core,5.194805194805195
Non-core,6.818181818181818
