status,intersection
Core,4.366812227074236
Non-core,4.242424242424242
