status,intersection
Core,5.514705882352941
Non-core,4.324324324324325
