status,intersection
Core,8.363636363636363
Non-core,7.731958762886598
