status,intersection
Core,3.045685279187817
Non-core,3.7313432835820897
