status,intersection
Core,5.8441558441558445
Non-core,7.368421052631579
