status,intersection
Core,7.392996108949417
Non-core,8.227848101265822
