status,intersection
Core,5.829596412556054
Non-core,5.594405594405594
