status,intersection
Core,9.090909090909092
Non-core,7.547169811320755
