status,intersection
Core,10.21505376344086
Non-core,7.377049180327869
