status,intersection
Core,4.583333333333333
Non-core,4.320987654320987
