status,intersection
Core,12.280701754385966
Non-core,17.46031746031746
