status,intersection
Core,1.4150943396226414
Non-core,1.2987012987012987
