status,intersection
Core,12.06030150753769
Non-core,10.169491525423728
