status,intersection
Core,11.191335740072201
Non-core,10.99476439790576
