status,intersection
Core,7.345971563981043
Non-core,7.142857142857143
