status,intersection
Core,9.337349397590362
Non-core,8.653846153846153
