status,intersection
Core,4.609929078014185
Non-core,3.389830508474576
