status,intersection
Core,13.902439024390244
Non-core,12.237762237762238
