status,intersection
Core,1.82648401826484
Non-core,1.2820512820512822
