status,intersection
Core,11.538461538461538
Non-core,11.290322580645162
