status,intersection
Core,2.1551724137931036
Non-core,2.484472049689441
