status,intersection
Core,12.056737588652481
Non-core,13.414634146341463
