status,intersection
Core,14.40677966101695
Non-core,8.860759493670885
