status,intersection
Core,5.555555555555555
Non-core,6.741573033707865
