status,intersection
Core,8.875739644970414
Non-core,8.67579908675799
