status,intersection
Core,6.122448979591836
Non-core,6.349206349206349
