status,intersection
Core,6.837606837606837
Non-core,7.246376811594203
