status,intersection
Core,6.161137440758294
Non-core,5.825242718446602
