status,intersection
Core,6.756756756756757
Non-core,6.944444444444445
