status,intersection
Core,3.4285714285714284
Non-core,2.479338842975207
