status,intersection
Core,8.356545961002785
Non-core,6.826568265682657
