status,intersection
Core,11.72161172161172
Non-core,10.382513661202186
