status,intersection
Core,10.38961038961039
Non-core,9.89010989010989
