status,intersection
Core,8.865710560625814
Non-core,7.749077490774908
