status,intersection
Core,5.347593582887701
Non-core,4.761904761904762
