status,intersection
Core,4.98812351543943
Non-core,4.3478260869565215
