status,intersection
Core,5.8558558558558556
Non-core,3.401360544217687
