status,intersection
Core,2.3923444976076556
Non-core,2.5316455696202533
