status,intersection
Core,0.5586592178770949
Non-core,0.7751937984496124
