status,intersection
Core,1.4354066985645932
Non-core,1.36986301369863
