status,intersection
Core,5.833333333333333
Non-core,5.2631578947368425
