status,intersection
Core,8.108108108108109
Non-core,7.352941176470588
