status,intersection
Core,4.424778761061947
Non-core,2.6315789473684212
