status,intersection
Core,14.379084967320262
Non-core,14.736842105263158
