status,intersection
Core,3.864734299516908
Non-core,1.935483870967742
