status,intersection
Core,2.4154589371980677
Non-core,2.0833333333333335
