status,intersection
Core,8.025682182985554
Non-core,6.410256410256411
