status,intersection
Core,8.287292817679559
Non-core,5.9071729957805905
