status,intersection
Core,10.803324099722992
Non-core,10.15625
