status,intersection
Core,15.662650602409638
Non-core,17.475728155339805
