status,intersection
Core,8.300395256916996
Non-core,6.32183908045977
