status,intersection
Core,11.752136752136753
Non-core,10.443037974683545
