status,intersection
Core,9.634551495016611
Non-core,7.216494845360825
