status,intersection
Core,7.048458149779735
Non-core,5.442176870748299
