status,intersection
Core,3.5294117647058822
Non-core,3.3088235294117645
