status,intersection
Core,4.605263157894737
Non-core,3.7735849056603774
