status,intersection
Core,2.5925925925925926
Non-core,2.272727272727273
