status,intersection
Core,6.299212598425197
Non-core,5.405405405405405
