status,intersection
Core,6.0344827586206895
Non-core,8.450704225352112
