status,intersection
Core,4.49438202247191
Non-core,2.985074626865672
