status,intersection
Core,8.173076923076923
Non-core,7.575757575757576
