status,intersection
Core,4.545454545454546
Non-core,2.127659574468085
