status,intersection
Core,6.153846153846154
Non-core,4.545454545454546
