status,intersection
Core,9.547738693467336
Non-core,9.285714285714286
