status,intersection
Core,5.025125628140704
Non-core,3.816793893129771
