status,intersection
Core,4.040404040404041
Non-core,1.639344262295082
