status,intersection
Core,3.463203463203463
Non-core,1.3071895424836601
