status,intersection
Core,5.439330543933054
Non-core,6.097560975609756
