status,intersection
Core,8.3596214511041
Non-core,6.339712918660287
