status,intersection
Core,7.386363636363637
Non-core,6.343283582089552
