status,intersection
Core,3.481012658227848
Non-core,3.7037037037037037
