status,intersection
Core,10.952380952380953
Non-core,11.363636363636363
