status,intersection
Core,12.658227848101266
Non-core,14.64968152866242
