status,intersection
Core,8.633093525179856
Non-core,10.126582278481013
