status,intersection
Core,8.914728682170542
Non-core,9.74025974025974
