status,intersection
Core,3.7037037037037037
Non-core,6.896551724137931
