status,intersection
Core,6.726457399103139
Non-core,8.053691275167786
