status,intersection
Core,6.504065040650406
Non-core,5.681818181818182
