status,intersection
Core,5.666666666666667
Non-core,5.769230769230769
