status,intersection
Core,1.918819188191882
Non-core,1.147227533460803
