status,intersection
Core,7.106598984771574
Non-core,6.7669172932330826
