status,intersection
Core,5.405405405405405
Non-core,4.697986577181208
