status,intersection
Core,5.438066465256798
Non-core,4.484304932735426
