status,intersection
Core,2.8735632183908044
Non-core,1.6666666666666667
