status,intersection
Core,1.7391304347826086
Non-core,1.8181818181818181
