status,intersection
Core,9.655172413793103
Non-core,4.040404040404041
