status,intersection
Core,11.711711711711711
Non-core,10.884353741496598
