status,intersection
Core,10.56910569105691
Non-core,9.937888198757763
