status,intersection
Core,7.23404255319149
Non-core,4.635761589403973
