status,intersection
Core,1.5384615384615385
Non-core,0.7751937984496124
