status,intersection
Core,7.975460122699387
Non-core,7.766990291262136
