status,intersection
Core,6.598984771573604
Non-core,4.580152671755725
