status,intersection
Core,12.809917355371901
Non-core,15.286624203821656
