status,intersection
Core,7.368421052631579
Non-core,7.964601769911504
