status,intersection
Core,6.557377049180328
Non-core,4.761904761904762
