status,intersection
Core,1.092896174863388
Non-core,1.550387596899225
