status,intersection
Core,4.545454545454546
Non-core,3.2203389830508473
