status,intersection
Core,0.47619047619047616
Non-core,0.684931506849315
