status,intersection
Core,7.012195121951219
Non-core,7.657657657657658
