status,intersection
Core,3.2863849765258215
Non-core,2.484472049689441
