status,intersection
Core,9.183673469387756
Non-core,11.864406779661017
