status,intersection
Core,10.13215859030837
Non-core,9.090909090909092
