status,intersection
Core,14.448669201520913
Non-core,13.88888888888889
