status,intersection
Core,10.985915492957746
Non-core,10.59322033898305
