status,intersection
Core,9.45945945945946
Non-core,16.216216216216218
