status,intersection
Core,6.640625
Non-core,5.9171597633136095
