status,intersection
Core,6.7092651757188495
Non-core,7.5829383886255926
