status,intersection
Core,2.8708133971291865
Non-core,1.9230769230769231
