status,intersection
Core,1.9801980198019802
Non-core,0.6622516556291391
