status,intersection
Core,7.8838174273858925
Non-core,7.669616519174041
