status,intersection
Core,6.8493150684931505
Non-core,5.882352941176471
