status,intersection
Core,5.147058823529412
Non-core,2.9702970297029703
