status,intersection
Core,7.112970711297071
Non-core,7.643312101910828
