status,intersection
Core,7.708779443254818
Non-core,7.836990595611285
