status,intersection
Core,6.338028169014085
Non-core,4.761904761904762
