status,intersection
Core,3.9800995024875623
Non-core,3.0303030303030303
