status,intersection
Core,7.906976744186046
Non-core,4.964539007092198
