status,intersection
Core,9.051724137931034
Non-core,8.974358974358974
