status,intersection
Core,8.417508417508417
Non-core,7.223476297968397
