status,intersection
Core,13.051823416506718
Non-core,11.396011396011396
