status,intersection
Core,7.929515418502203
Non-core,6.7114093959731544
