status,intersection
Core,7.086614173228346
Non-core,7.6923076923076925
