status,intersection
Core,9.657320872274143
Non-core,7.7272727272727275
