status,intersection
Core,4.484304932735426
Non-core,5.660377358490566
