status,intersection
Core,3.056768558951965
Non-core,3.6363636363636362
