status,intersection
Core,5.761316872427984
Non-core,6.470588235294118
