status,intersection
Core,4.72972972972973
Non-core,2.127659574468085
