status,intersection
Core,7.382550335570469
Non-core,10.465116279069768
