status,intersection
Core,6.852248394004283
Non-core,5.205479452054795
