status,intersection
Core,8.41683366733467
Non-core,7.9787234042553195
