status,intersection
Core,11.090225563909774
Non-core,8.571428571428571
