status,intersection
Core,16.49484536082474
Non-core,14.960629921259843
