status,intersection
Core,8.205128205128204
Non-core,6.923076923076923
