status,intersection
Core,2.0408163265306123
Non-core,1.4814814814814814
