status,intersection
Core,4.123711340206185
Non-core,3.875968992248062
