status,intersection
Core,5.7507987220447285
Non-core,4.433497536945813
