status,intersection
Core,10.75268817204301
Non-core,13.461538461538462
