status,intersection
Core,7.361963190184049
Non-core,10.1010101010101
