status,intersection
Core,3.316749585406302
Non-core,2.433628318584071
