status,intersection
Core,7.522123893805309
Non-core,7.096774193548387
