status,intersection
Core,6.113092205807438
Non-core,4.396284829721362
