status,intersection
Core,6.986899563318778
Non-core,5.714285714285714
