status,intersection
Core,14.134275618374557
Non-core,12.041884816753926
