status,intersection
Core,5.8558558558558556
Non-core,5.2631578947368425
