status,intersection
Core,13.259668508287293
Non-core,12.4031007751938
