status,intersection
Core,5.0691244239631335
Non-core,6.569343065693431
