status,intersection
Core,5.111821086261981
Non-core,6.976744186046512
