status,intersection
Core,12.156862745098039
Non-core,12.154696132596685
