status,intersection
Core,10.471204188481675
Non-core,10.76923076923077
