status,intersection
Core,9.649122807017545
Non-core,10.447761194029852
