status,intersection
Core,5.936073059360731
Non-core,5.0359712230215825
