status,intersection
Core,10.441767068273093
Non-core,8.074534161490684
