status,intersection
Core,8.088235294117647
Non-core,4.371584699453552
