status,intersection
Core,2.3696682464454977
Non-core,2.027027027027027
