status,intersection
Core,5.363036303630363
Non-core,4.4529262086514
