status,intersection
Core,14.024390243902438
Non-core,11.818181818181818
