status,intersection
Core,10.28368794326241
Non-core,9.13978494623656
