status,intersection
Core,2.928870292887029
Non-core,1.8404907975460123
