status,intersection
Core,7.11864406779661
Non-core,6.185567010309279
