status,intersection
Core,6.722689075630252
Non-core,7.643312101910828
