status,intersection
Core,7.281553398058253
Non-core,7.092198581560283
