status,intersection
Core,10.714285714285714
Non-core,10.394265232974911
