status,intersection
Core,8.536585365853659
Non-core,9.30232558139535
