status,intersection
Core,5.172413793103448
Non-core,5.128205128205129
