status,intersection
Core,4.225352112676056
Non-core,5.0359712230215825
