status,intersection
Core,6.143344709897611
Non-core,5.47112462006079
