status,intersection
Core,2.690582959641256
Non-core,1.8867924528301887
