status,intersection
Core,8.974358974358974
Non-core,13.157894736842104
