status,intersection
Core,3.8297872340425534
Non-core,3.7037037037037037
