status,intersection
Core,0.5025125628140703
Non-core,0.7352941176470589
