status,intersection
Core,6.446280991735537
Non-core,5.376344086021505
