status,intersection
Core,10.204081632653061
Non-core,13.72549019607843
