status,intersection
Core,3.3472803347280333
Non-core,3.9473684210526314
