status,intersection
Core,0.5050505050505051
Non-core,0.7407407407407407
