status,intersection
Core,6.511627906976744
Non-core,5.673758865248227
