status,intersection
Core,4.109589041095891
Non-core,4.895104895104895
