status,intersection
Core,2.973977695167286
Non-core,2.680965147453083
