status,intersection
Core,4.044117647058823
Non-core,3.1088082901554404
