status,intersection
Core,5.405405405405405
Non-core,6.382978723404255
