status,intersection
Core,9.552238805970148
Non-core,9.67741935483871
