status,intersection
Core,12.396694214876034
Non-core,15.277777777777779
