status,intersection
Core,1.984732824427481
Non-core,1.4553014553014554
