status,intersection
Core,10.37037037037037
Non-core,11.11111111111111
