status,intersection
Core,13.035019455252918
Non-core,10.596026490066226
