status,intersection
Core,4.571428571428571
Non-core,4.132231404958677
