status,intersection
Core,6.306306306306307
Non-core,6.451612903225806
