status,intersection
Core,12.95774647887324
Non-core,12.698412698412698
