status,intersection
Core,6.018518518518518
Non-core,5.517241379310345
