status,intersection
Core,1.9230769230769231
Non-core,3.0303030303030303
