status,intersection
Core,12.307692307692308
Non-core,14.457831325301205
