status,intersection
Core,4.712041884816754
Non-core,4.545454545454546
