status,intersection
Core,9.89010989010989
Non-core,9.70873786407767
