status,intersection
Core,12.072072072072071
Non-core,10.204081632653061
