status,intersection
Core,8.602150537634408
Non-core,9.090909090909092
