status,intersection
Core,2.2388059701492535
Non-core,2.0408163265306123
