status,intersection
Core,8.60655737704918
Non-core,8.441558441558442
