status,intersection
Core,1.5075376884422111
Non-core,2.0134228187919465
