status,intersection
Core,5.9071729957805905
Non-core,4.537205081669692
