status,intersection
Core,2.3136246786632393
Non-core,2.097902097902098
