status,intersection
Core,7.865168539325842
Non-core,7.142857142857143
