status,intersection
Core,8.116883116883116
Non-core,6.843267108167771
