status,intersection
Core,4.4534412955465585
Non-core,1.8633540372670807
