status,intersection
Core,5.918367346938775
Non-core,6.149732620320855
