status,intersection
Core,4.661016949152542
Non-core,1.342281879194631
