status,intersection
Core,5.853658536585366
Non-core,4.524886877828054
