status,intersection
Core,10.933940774487471
Non-core,9.310344827586206
