status,intersection
Core,3.883495145631068
Non-core,2.898550724637681
