status,intersection
Core,8.860759493670885
Non-core,11.363636363636363
