status,intersection
Core,5.737704918032787
Non-core,5.405405405405405
