status,intersection
Core,5.99721059972106
Non-core,5.210420841683367
