status,intersection
Core,9.401709401709402
Non-core,8.571428571428571
