status,intersection
Core,6.926406926406926
Non-core,5.405405405405405
