status,intersection
Core,3.821656050955414
Non-core,2.830188679245283
