status,intersection
Core,5.019305019305019
Non-core,5.232558139534884
