status,intersection
Core,4.564315352697095
Non-core,5.769230769230769
