status,intersection
Core,7.905138339920948
Non-core,5.847953216374269
