status,intersection
Core,12.650602409638553
Non-core,9.861932938856016
