status,intersection
Core,7.060185185185185
Non-core,4.961240310077519
