status,intersection
Core,8.908045977011493
Non-core,7.8838174273858925
