status,intersection
Core,5.7926829268292686
Non-core,4.8034934497816595
