status,intersection
Core,4.195804195804196
Non-core,4.411764705882353
