status,intersection
Core,5.827505827505828
Non-core,5.51948051948052
