status,intersection
Core,9.282700421940929
Non-core,10.526315789473685
