status,intersection
Core,3.4653465346534653
Non-core,2.684563758389262
