status,intersection
Core,5.172413793103448
Non-core,4.975124378109452
