status,intersection
Core,2.58272800645682
Non-core,1.832208293153327
