status,intersection
Core,3.345724907063197
Non-core,3.6842105263157894
