status,intersection
Core,6.122448979591836
Non-core,4.411764705882353
