status,intersection
Core,4.519774011299435
Non-core,3.3057851239669422
