status,intersection
Core,10.59322033898305
Non-core,10.204081632653061
