status,intersection
Core,9.50413223140496
Non-core,8.695652173913043
