status,intersection
Core,5.508474576271187
Non-core,5.637982195845697
