status,intersection
Core,8.189655172413794
Non-core,8.024691358024691
