status,intersection
Core,3.045685279187817
Non-core,3.875968992248062
