status,intersection
Core,4.591836734693878
Non-core,4.580152671755725
