status,intersection
Core,0.49019607843137253
Non-core,0.7092198581560284
