status,intersection
Core,9.420289855072463
Non-core,10.465116279069768
