status,intersection
Core,10.480349344978166
Non-core,10.738255033557047
