status,intersection
Core,9.523809523809524
Non-core,14.634146341463415
