status,intersection
Core,12.598425196850394
Non-core,11.904761904761905
