status,intersection
Core,8.43806104129264
Non-core,6.63265306122449
