status,intersection
Core,11.210762331838565
Non-core,12.666666666666666
