status,intersection
Core,14.901960784313726
Non-core,13.953488372093023
