status,intersection
Core,13.782051282051283
Non-core,13.397129186602871
