status,intersection
Core,7.053941908713693
Non-core,7.051282051282051
