status,intersection
Core,12.468827930174564
Non-core,10.738255033557047
