status,intersection
Core,4.054054054054054
Non-core,5.454545454545454
