status,intersection
Core,7.871720116618076
Non-core,6.372549019607843
