status,intersection
Core,6.818181818181818
Non-core,3.0927835051546393
