status,intersection
Core,7.798165137614679
Non-core,6.8493150684931505
