status,intersection
Core,11.30952380952381
Non-core,13.402061855670103
