status,intersection
Core,8.04953560371517
Non-core,6.976744186046512
