status,intersection
Core,1.3574660633484164
Non-core,1.2820512820512822
