status,intersection
Core,8.219178082191782
Non-core,5.769230769230769
