status,intersection
Core,8.30188679245283
Non-core,7.035175879396985
