status,intersection
Core,6.572769953051643
Non-core,5.147058823529412
