status,intersection
Core,2.3923444976076556
Non-core,2.0689655172413794
