status,intersection
Core,5.699481865284974
Non-core,5.109489051094891
