status,intersection
Core,3.255813953488372
Non-core,2.816901408450704
