status,intersection
Core,5.9748427672955975
Non-core,6.046511627906977
