status,intersection
Core,11.1716621253406
Non-core,12.757201646090534
