status,intersection
Core,1.5075376884422111
Non-core,1.3605442176870748
