status,intersection
Core,2.2988505747126435
Non-core,0.8333333333333334
