status,intersection
Core,6.476683937823834
Non-core,5.535055350553505
