status,intersection
Core,8.368200836820083
Non-core,7.2368421052631575
