status,intersection
Core,7.670454545454546
Non-core,6.4631956912028725
