status,intersection
Core,7.936507936507937
Non-core,11.475409836065573
