status,intersection
Core,6.666666666666667
Non-core,7.086614173228346
