status,intersection
Core,7.804878048780488
Non-core,7.6923076923076925
