status,intersection
Core,9.05511811023622
Non-core,7.228915662650603
