status,intersection
Core,4.044117647058823
Non-core,4.046242774566474
