status,intersection
Core,7.3868149324861
Non-core,5.896510228640192
