status,intersection
Core,6.153846153846154
Non-core,5.405405405405405
