status,intersection
Core,6.719367588932807
Non-core,7.142857142857143
