status,intersection
Core,3.2863849765258215
Non-core,4.166666666666667
