status,intersection
Core,8.79765395894428
Non-core,7.174887892376682
