status,intersection
Core,1.6216216216216217
Non-core,1.4814814814814814
