status,intersection
Core,6.83453237410072
Non-core,5.41871921182266
