status,intersection
Core,6.329113924050633
Non-core,5.357142857142857
