status,intersection
Core,3.3175355450236967
Non-core,2.2388059701492535
