status,intersection
Core,3.4188034188034186
Non-core,2.9585798816568047
