status,intersection
Core,2.4752475247524752
Non-core,1.3245033112582782
