status,intersection
Core,2.304147465437788
Non-core,0.6896551724137931
