status,intersection
Core,5.829596412556054
Non-core,4.895104895104895
