status,intersection
Core,1.5228426395939085
Non-core,1.492537313432836
