status,intersection
Core,9.803921568627452
Non-core,11.11111111111111
