status,intersection
Core,0.9900990099009901
Non-core,0.7194244604316546
