status,intersection
Core,12.302839116719243
Non-core,12.380952380952381
