status,intersection
Core,12.251655629139073
Non-core,11.11111111111111
