status,intersection
Core,9.523809523809524
Non-core,10.526315789473685
