status,intersection
Core,11.842105263157896
Non-core,11.11111111111111
