status,intersection
Core,5.797101449275362
Non-core,7.142857142857143
