status,intersection
Core,5.803571428571429
Non-core,5.970149253731344
