status,intersection
Core,5.714285714285714
Non-core,4.273504273504273
