status,intersection
Core,2.509907529722589
Non-core,1.6071428571428572
