status,intersection
Core,2.972027972027972
Non-core,1.8957345971563981
