status,intersection
Core,2.7131782945736433
Non-core,1.7301038062283738
