status,intersection
Core,5.357142857142857
Non-core,2.898550724637681
