status,intersection
Core,7.741935483870968
Non-core,7.865168539325842
