status,intersection
Core,4.363636363636363
Non-core,3.30188679245283
