status,intersection
Core,3.4653465346534653
Non-core,0.7518796992481203
