status,intersection
Core,5.454545454545454
Non-core,6.451612903225806
