status,intersection
Core,8.695652173913043
Non-core,6.382978723404255
