status,intersection
Core,2.274641954507161
Non-core,1.3089005235602094
