status,intersection
Core,14.563106796116505
Non-core,10.169491525423728
