status,intersection
Core,6.557377049180328
Non-core,5.555555555555555
