status,intersection
Core,6.593406593406593
Non-core,14.285714285714286
