status,intersection
Core,7.936507936507937
Non-core,14.814814814814815
