status,intersection
Core,10.714285714285714
Non-core,14.285714285714286
