status,intersection
Core,10.989010989010989
Non-core,4.545454545454546
