status,intersection
Core,8.771929824561404
Non-core,10.714285714285714
