status,intersection
Core,22.580645161290324
Non-core,16.666666666666668
