status,intersection
Core,12.727272727272727
Non-core,12.121212121212121
