status,intersection
Core,12.173913043478262
Non-core,12.121212121212121
