status,intersection
Core,8.19672131147541
Non-core,7.142857142857143
