status,intersection
Core,4.417670682730924
Non-core,3.6809815950920246
