status,intersection
Core,13.953488372093023
Non-core,23.529411764705884
