status,intersection
Core,11.864406779661017
Non-core,10.256410256410257
