status,intersection
Core,19.047619047619047
Non-core,27.77777777777778
