status,intersection
Core,8.823529411764707
Non-core,10.227272727272727
