status,intersection
Core,4.225352112676056
Non-core,3.9215686274509802
