status,intersection
Core,11.538461538461538
Non-core,10.81081081081081
