status,intersection
Core,1.3171759747102212
Non-core,0.6406149903907752
