status,intersection
Core,5.523255813953488
Non-core,4.464285714285714
