status,intersection
Core,14.049586776859504
Non-core,11.940298507462687
