status,intersection
Core,13.223140495867769
Non-core,13.793103448275861
