status,intersection
Core,4.12621359223301
Non-core,2.985074626865672
