status,intersection
Core,7.258064516129032
Non-core,6.578947368421052
