status,intersection
Core,17.59259259259259
Non-core,11.290322580645162
