status,intersection
Core,12.32876712328767
Non-core,14.634146341463415
