status,intersection
Core,11.594202898550725
Non-core,10.638297872340425
