status,intersection
Core,3.4755134281200633
Non-core,2.1459227467811157
