status,intersection
Core,6.097560975609756
Non-core,6.557377049180328
