status,intersection
Core,4.316546762589928
Non-core,2.127659574468085
