status,intersection
Core,10.309278350515465
Non-core,10.416666666666666
