status,intersection
Core,12.977099236641221
Non-core,10.144927536231885
