status,intersection
Core,8.602150537634408
Non-core,7.042253521126761
