status,intersection
Core,8.771929824561404
Non-core,5.405405405405405
