status,intersection
Core,10.112359550561798
Non-core,13.043478260869565
