status,intersection
Core,8.717948717948717
Non-core,6.557377049180328
