status,intersection
Core,3.361344537815126
Non-core,2.4390243902439024
