status,intersection
Core,4.810996563573883
Non-core,3.8043478260869565
