status,intersection
Core,6.217616580310881
Non-core,5.504587155963303
