status,intersection
Core,7.894736842105263
Non-core,7.2727272727272725
