status,intersection
Core,15.517241379310345
Non-core,14.814814814814815
