status,intersection
Core,14.673913043478262
Non-core,9.734513274336283
