status,intersection
Core,10.606060606060606
Non-core,12.121212121212121
