status,intersection
Core,8.24742268041237
Non-core,7.142857142857143
