status,intersection
Core,3.7151702786377707
Non-core,3.65296803652968
