status,intersection
Core,5.936073059360731
Non-core,3.816793893129771
