status,intersection
Core,14.414414414414415
Non-core,10.909090909090908
