status,intersection
Core,7.565789473684211
Non-core,4.66321243523316
