status,intersection
Core,1.8615040953090096
Non-core,0.9652509652509652
