status,intersection
Core,4.945054945054945
Non-core,5.084745762711864
