status,intersection
Core,7.453416149068323
Non-core,2.0833333333333335
