status,intersection
Core,4.651162790697675
Non-core,3.3057851239669422
