status,intersection
Core,8.98876404494382
Non-core,6.382978723404255
