status,intersection
Core,15.217391304347826
Non-core,22.22222222222222
