status,intersection
Core,10.280373831775702
Non-core,6.451612903225806
