status,intersection
Core,11.881188118811881
Non-core,13.793103448275861
