status,intersection
Core,3.8990825688073394
Non-core,2.9702970297029703
