status,intersection
Core,11.764705882352942
Non-core,12.903225806451612
