status,intersection
Core,10.344827586206897
Non-core,10.81081081081081
