status,intersection
Core,14.457831325301205
Non-core,17.94871794871795
