status,intersection
Core,10.38961038961039
Non-core,9.411764705882353
