status,intersection
Core,11.363636363636363
Non-core,11.538461538461538
