status,intersection
Core,10.909090909090908
Non-core,11.11111111111111
