status,intersection
Core,8.02919708029197
Non-core,5.747126436781609
