status,intersection
Core,1.6363636363636365
Non-core,1.2594458438287153
