status,intersection
Core,9.32642487046632
Non-core,8.849557522123893
