status,intersection
Core,3.8869257950530036
Non-core,2.525252525252525
