status,intersection
Core,5.892547660311958
Non-core,4.116222760290557
