status,intersection
Core,9.244791666666666
Non-core,7.594936708860759
