status,intersection
Core,8.552631578947368
Non-core,7.954545454545454
