status,intersection
Core,5.793103448275862
Non-core,4.150197628458498
