status,intersection
Core,3.282828282828283
Non-core,3.2467532467532467
