status,intersection
Core,6.529209621993127
Non-core,4.218362282878412
