status,intersection
Core,5.821474773609315
Non-core,4.957264957264957
