status,intersection
Core,1.3307984790874525
Non-core,1.0723860589812333
