status,intersection
Core,9.659090909090908
Non-core,11.702127659574469
