status,intersection
Core,0.19193857965451055
Non-core,0.27100271002710025
