status,intersection
Core,9.20353982300885
Non-core,5.3984575835475574
