status,intersection
Core,2.5830258302583027
Non-core,2.056555269922879
