status,intersection
Core,10.909090909090908
Non-core,11.538461538461538
