status,intersection
Core,22.641509433962263
Non-core,26.08695652173913
