status,intersection
Core,9.433962264150944
Non-core,7.413793103448276
