status,intersection
Core,1.3618677042801557
Non-core,1.392757660167131
