status,intersection
Core,2.4154589371980677
Non-core,0.7518796992481203
