status,intersection
Core,3.2196969696969697
Non-core,2.710027100271003
