status,intersection
Core,2.8910686628807434
Non-core,1.8867924528301887
