status,intersection
Core,0.3816793893129771
Non-core,0.26881720430107525
