status,intersection
Core,8.333333333333334
Non-core,11.627906976744185
