status,intersection
Core,8.737864077669903
Non-core,7.209302325581396
