status,intersection
Core,5.274261603375527
Non-core,5.51948051948052
