status,intersection
Core,8.19672131147541
Non-core,11.11111111111111
