status,intersection
Core,1.364522417153996
Non-core,0.8379888268156425
