status,intersection
Core,20.634920634920636
Non-core,28.571428571428573
