status,intersection
Core,12.64367816091954
Non-core,16.216216216216218
