status,intersection
Core,9.390444810543658
Non-core,6.864988558352403
