status,intersection
Core,8.275862068965518
Non-core,4.651162790697675
