status,intersection
Core,5.645161290322581
Non-core,3.6885245901639343
