status,intersection
Core,5.421686746987952
Non-core,5.660377358490566
