status,intersection
Core,4.316546762589928
Non-core,2.336448598130841
