status,intersection
Core,7.253886010362694
Non-core,6.481481481481482
