status,intersection
Core,4.127579737335835
Non-core,2.972972972972973
