status,intersection
Core,12.222222222222221
Non-core,13.333333333333334
