status,intersection
Core,10.276073619631902
Non-core,7.337526205450734
