status,intersection
Core,9.813874788494077
Non-core,6.569343065693431
