status,intersection
Core,7.516339869281046
Non-core,6.0046189376443415
