status,intersection
Core,3.875968992248062
Non-core,2.272727272727273
