status,intersection
Core,7.920792079207921
Non-core,6.0606060606060606
