status,intersection
Core,4.298642533936651
Non-core,3.481012658227848
