status,intersection
Core,8.445945945945946
Non-core,7.506053268765133
