status,intersection
Core,10.65989847715736
Non-core,6.91358024691358
