status,intersection
Core,2.5242718446601944
Non-core,1.6666666666666667
