status,intersection
Core,4.273504273504273
Non-core,2.73972602739726
