status,intersection
Core,23.636363636363637
Non-core,58.8235294117647
