status,intersection
Core,0.5736137667304015
Non-core,0.2695417789757412
