status,intersection
Core,10.94017094017094
Non-core,8.536585365853659
