status,intersection
Core,7.216494845360825
Non-core,6.976744186046512
