status,intersection
Core,4.732510288065844
Non-core,3.0726256983240225
