status,intersection
Core,5.50314465408805
Non-core,4.845814977973569
