status,intersection
Core,2.029520295202952
Non-core,2.056555269922879
