status,intersection
Core,11.685116851168512
Non-core,9.523809523809524
