status,intersection
Core,3.071017274472169
Non-core,2.7472527472527473
