status,intersection
Core,4.92091388400703
Non-core,4.260651629072682
