status,intersection
Core,14.066193853427896
Non-core,12.359550561797754
