status,intersection
Core,1.981981981981982
Non-core,1.9900497512437811
