status,intersection
Core,1.3232514177693762
Non-core,1.3333333333333333
