status,intersection
Core,11.029411764705882
Non-core,11.764705882352942
