status,intersection
Core,10.751104565537556
Non-core,7.581967213114754
