status,intersection
Core,4.356060606060606
Non-core,2.73224043715847
