status,intersection
Core,9.12863070539419
Non-core,7.142857142857143
