status,intersection
Core,8.783783783783784
Non-core,8.653846153846153
