status,intersection
Core,5.9891107078039925
Non-core,4.177545691906006
