status,intersection
Core,12.814645308924485
Non-core,9.64513193812557
