status,intersection
Core,7.28476821192053
Non-core,7.216494845360825
