status,intersection
Core,13.829787234042554
Non-core,11.279826464208243
