status,intersection
Core,7.172995780590718
Non-core,7.643312101910828
