status,intersection
Core,5.39629005059022
Non-core,4.7281323877068555
