status,intersection
Core,7.822085889570552
Non-core,5.797101449275362
