status,intersection
Core,2.462121212121212
Non-core,1.3736263736263736
