status,intersection
Core,11.543624161073826
Non-core,9.541984732824428
