status,intersection
Core,1.6853932584269662
Non-core,1.5789473684210527
