status,intersection
Core,12.057667103538662
Non-core,8.586762075134168
