status,intersection
Core,8.767123287671232
Non-core,8.189655172413794
