status,intersection
Core,14.748953974895397
Non-core,10.6703146374829
