status,intersection
Core,4.505632040050062
Non-core,3.2094594594594597
