status,intersection
Core,4.580152671755725
Non-core,6.097560975609756
