status,intersection
Core,5.6506849315068495
Non-core,5.225653206650831
