status,intersection
Core,5.81039755351682
Non-core,4.716981132075472
