status,intersection
Core,13.731527093596059
Non-core,9.44138473642801
