status,intersection
Core,0.38684719535783363
Non-core,0.273972602739726
