status,intersection
Core,4.545454545454546
Non-core,3.9603960396039604
