status,intersection
Core,2.2857142857142856
Non-core,1.0899182561307903
