status,intersection
Core,2.6365348399246704
Non-core,2.406417112299465
