status,intersection
Core,9.15032679738562
Non-core,4.9411764705882355
