status,intersection
Core,5.283018867924528
Non-core,4.848484848484849
