status,intersection
Core,8.666666666666666
Non-core,4.2105263157894735
