status,intersection
Core,5.15970515970516
Non-core,3.391959798994975
