status,intersection
Core,3.401360544217687
Non-core,6.097560975609756
