status,intersection
Core,4.038461538461538
Non-core,2.7472527472527473
