status,intersection
Core,1.4625228519195612
Non-core,1.7766497461928934
