status,intersection
Core,2.3255813953488373
Non-core,1.1049723756906078
