status,intersection
Core,7.480314960629921
Non-core,6.329113924050633
