status,intersection
Core,10.46337817638266
Non-core,8.210526315789474
