status,intersection
Core,6.700167504187605
Non-core,6.2645011600928076
