status,intersection
Core,0.19047619047619047
Non-core,0.2680965147453083
