status,intersection
Core,10.588235294117647
Non-core,11.904761904761905
