status,intersection
Core,5.660377358490566
Non-core,4.615384615384615
