status,intersection
Core,6.377551020408164
Non-core,5.30035335689046
