status,intersection
Core,2.197802197802198
Non-core,2.2900763358778624
