status,intersection
Core,4.397705544933078
Non-core,2.4523160762942777
