status,intersection
Core,6.666666666666667
Non-core,5.3097345132743365
