status,intersection
Core,8.108108108108109
Non-core,6.122448979591836
