status,intersection
Core,7.668231611893583
Non-core,5.043859649122807
