status,intersection
Core,7.619047619047619
Non-core,6.557377049180328
