status,intersection
Core,9.923664122137405
Non-core,7.142857142857143
