status,intersection
Core,17.21311475409836
Non-core,13.333333333333334
