status,intersection
Core,2.2429906542056073
Non-core,2.356020942408377
