status,intersection
Core,1.5037593984962405
Non-core,1.3157894736842106
