status,intersection
Core,10.29641185647426
Non-core,6.6815144766147
