status,intersection
Core,0.5802707930367504
Non-core,0.547945205479452
