status,intersection
Core,4.021937842778794
Non-core,2.842377260981912
