status,intersection
Core,3.802281368821293
Non-core,2.7472527472527473
