status,intersection
Core,6.040268456375839
Non-core,3.7037037037037037
