status,intersection
Core,3.102189781021898
Non-core,2.3255813953488373
