status,intersection
Core,14.285714285714286
Non-core,13.88888888888889
