status,intersection
Core,4.065040650406504
Non-core,2.73972602739726
