status,intersection
Core,13.636363636363637
Non-core,11.11111111111111
