status,intersection
Core,7.772020725388601
Non-core,4.587155963302752
