status,intersection
Core,15.971223021582734
Non-core,11.178861788617887
