status,intersection
Core,1.1627906976744187
Non-core,1.392757660167131
