status,intersection
Core,8.88888888888889
Non-core,8.264462809917354
