status,intersection
Core,3.8128249566724435
Non-core,1.5113350125944585
