status,intersection
Core,4.485981308411215
Non-core,2.6881720430107525
