status,intersection
Core,0.1926782273603083
Non-core,0.2724795640326976
