status,intersection
Core,2.0072992700729926
Non-core,1.7994858611825193
