status,intersection
Core,20.689655172413794
Non-core,33.333333333333336
