status,intersection
Core,3.508771929824561
Non-core,3.0973451327433628
