status,intersection
Core,1.0968921389396709
Non-core,1.272264631043257
