status,intersection
Core,7.936507936507937
Non-core,7.6923076923076925
