status,intersection
Core,4.734848484848484
Non-core,3.252032520325203
