status,intersection
Core,4.618117229129663
Non-core,3.341902313624679
