status,intersection
Core,6.890130353817504
Non-core,5.390835579514825
