status,intersection
Core,9.340659340659341
Non-core,9.00900900900901
