status,intersection
Core,1.0909090909090908
Non-core,1.0230179028132993
