status,intersection
Core,6.8561872909699
Non-core,5.607476635514018
