status,intersection
Core,7.521367521367521
Non-core,6.71462829736211
