status,intersection
Core,8.192090395480227
Non-core,7.480314960629921
