status,intersection
Core,14.404432132963988
Non-core,11.654135338345865
