status,intersection
Core,4.7272727272727275
Non-core,3.8369304556354917
