status,intersection
Core,10.256410256410257
Non-core,6.4935064935064934
