status,intersection
Core,6.259541984732825
Non-core,4.148471615720524
