status,intersection
Core,10.218978102189782
Non-core,10.227272727272727
