status,intersection
Core,2.9310344827586206
Non-core,2.891566265060241
