status,intersection
Core,5.350553505535055
Non-core,4.986876640419948
