status,intersection
Core,5.947955390334572
Non-core,4.25531914893617
