status,intersection
Core,9.937888198757763
Non-core,12.087912087912088
