status,intersection
Core,1.5122873345935728
Non-core,1.5915119363395225
