status,intersection
Core,13.461538461538462
Non-core,11.11111111111111
