status,intersection
Core,1.2234910277324633
Non-core,0.5355404089581305
