status,intersection
Core,6.741573033707865
Non-core,3.7735849056603774
