status,intersection
Core,6.363636363636363
Non-core,8.333333333333334
