status,intersection
Core,14.516129032258064
Non-core,29.166666666666668
