status,intersection
Core,3.7837837837837838
Non-core,3.3678756476683938
