status,intersection
Core,12.727272727272727
Non-core,15.384615384615385
