status,intersection
Core,12.459546925566343
Non-core,9.280742459396752
