status,intersection
Core,0.7736943907156673
Non-core,0.5571030640668524
