status,intersection
Core,7.6225045372050815
Non-core,3.926701570680628
