status,intersection
Core,7.116104868913857
Non-core,6.0606060606060606
