status,intersection
Core,5.49645390070922
Non-core,4.846938775510204
