status,intersection
Core,15.88785046728972
Non-core,22.727272727272727
