status,intersection
Core,18.96551724137931
Non-core,21.428571428571427
