status,intersection
Core,4.62962962962963
Non-core,4.615384615384615
