status,intersection
Core,5.485232067510548
Non-core,2.9239766081871346
