status,intersection
Core,2.3210831721470018
Non-core,0.8310249307479224
