status,intersection
Core,5.970149253731344
Non-core,6.0606060606060606
