status,intersection
Core,8.045977011494253
Non-core,7.4766355140186915
