status,intersection
Core,5.223880597014926
Non-core,5.9171597633136095
