status,intersection
Core,5.019305019305019
Non-core,3.6211699164345403
