status,intersection
Core,14.563106796116505
Non-core,14.285714285714286
