status,intersection
Core,6.688963210702341
Non-core,5.104408352668213
