status,intersection
Core,14.516129032258064
Non-core,11.11111111111111
