status,intersection
Core,1.4953271028037383
Non-core,2.088772845953003
