status,intersection
Core,8.900523560209423
Non-core,9.734513274336283
