status,intersection
Core,3.4965034965034967
Non-core,1.0526315789473684
