status,intersection
Core,10.404624277456648
Non-core,8.421052631578947
