status,intersection
Core,17.964071856287426
Non-core,13.513513513513514
