status,intersection
Core,0.5769230769230769
Non-core,0.5434782608695652
