status,intersection
Core,7.857142857142857
Non-core,9.195402298850574
