status,intersection
Core,0.1893939393939394
Non-core,0.26595744680851063
