status,intersection
Core,4.275092936802974
Non-core,3.430079155672823
