status,intersection
Core,11.079943899018232
Non-core,8.795411089866157
