status,intersection
Core,1.556420233463035
Non-core,0.2777777777777778
