status,intersection
Core,3.1135531135531136
Non-core,1.3123359580052494
