status,intersection
Core,2.3166023166023164
Non-core,1.3850415512465375
