status,intersection
Core,1.2750455373406193
Non-core,1.0126582278481013
