status,intersection
Core,7.874015748031496
Non-core,1.3333333333333333
