status,intersection
Core,11.647727272727273
Non-core,9.108910891089108
