status,intersection
Core,2.8680688336520075
Non-core,2.1798365122615806
