status,intersection
Core,4.3478260869565215
Non-core,2.0671834625322996
