status,intersection
Core,12.186788154897494
Non-core,9.95475113122172
