status,intersection
Core,2.8282828282828283
Non-core,1.0526315789473684
