status,intersection
Core,5.732484076433121
Non-core,3.9603960396039604
