status,intersection
Core,2.0676691729323307
Non-core,1.5957446808510638
