status,intersection
Core,10.729613733905579
Non-core,7.926829268292683
