status,intersection
Core,2.4208566108007448
Non-core,1.0666666666666667
