status,intersection
Core,8.688524590163935
Non-core,8.644859813084112
