status,intersection
Core,13.528591352859136
Non-core,11.284046692607005
