status,intersection
Core,0.5692599620493358
Non-core,0.8021390374331551
