status,intersection
Core,4.202898550724638
Non-core,2.9135338345864663
