status,intersection
Core,0.7604562737642585
Non-core,0.5361930294906166
