status,intersection
Core,6.517311608961304
Non-core,4.941860465116279
