status,intersection
Core,9.004739336492891
Non-core,7.317073170731708
