status,intersection
Core,0.1941747572815534
Non-core,0.27548209366391185
