status,intersection
Core,8.996539792387543
Non-core,5.8679706601467
