status,intersection
Core,8.602150537634408
Non-core,8.333333333333334
