status,intersection
Core,0.5813953488372093
Non-core,0.27932960893854747
