status,intersection
Core,4.790419161676646
Non-core,2.4691358024691357
