status,intersection
Core,8.968609865470851
Non-core,5.69620253164557
