status,intersection
Core,4.324324324324325
Non-core,3.816793893129771
