status,intersection
Core,1.1450381679389312
Non-core,1.6129032258064515
