status,intersection
Core,9.44767441860465
Non-core,8.45360824742268
