status,intersection
Core,8.064516129032258
Non-core,7.894736842105263
