status,intersection
Core,8.270676691729323
Non-core,8.433734939759036
