status,intersection
Core,8.938547486033519
Non-core,8.264462809917354
