status,intersection
Core,5.898123324396783
Non-core,6.666666666666667
