status,intersection
Core,16.02136181575434
Non-core,11.359404096834265
