status,intersection
Core,5.747126436781609
Non-core,4.046242774566474
