status,intersection
Core,0.8333333333333334
Non-core,1.4492753623188406
