status,intersection
Core,9.89399293286219
Non-core,7.868020304568528
