status,intersection
Core,4.788213627992634
Non-core,4.533333333333333
