status,intersection
Core,7.60233918128655
Non-core,7.339449541284404
