status,intersection
Core,6.190476190476191
Non-core,5.0675675675675675
