status,intersection
Core,4.378283712784588
Non-core,3.5353535353535355
