status,intersection
Core,13.704819277108435
Non-core,10.447761194029852
