status,intersection
Core,1.6791044776119404
Non-core,1.5706806282722514
