status,intersection
Core,13.24846770391325
Non-core,9.799426934097422
