status,intersection
Core,1.1695906432748537
Non-core,0.5586592178770949
