status,intersection
Core,4.838709677419355
Non-core,5.405405405405405
