status,intersection
Core,2.8517110266159698
Non-core,2.168021680216802
