status,intersection
Core,5.333333333333333
Non-core,5.660377358490566
