status,intersection
Core,14.263322884012538
Non-core,13.289760348583878
