status,intersection
Core,5.2109181141439205
Non-core,3.30188679245283
