status,intersection
Core,10.18867924528302
Non-core,8.620689655172415
