status,intersection
Core,6.109324758842444
Non-core,4.8076923076923075
