status,intersection
Core,0.3816793893129771
Non-core,0.2695417789757412
