status,intersection
Core,6.153846153846154
Non-core,2.380952380952381
