status,intersection
Core,3.1645569620253164
Non-core,1.9047619047619047
