status,intersection
Core,8.260105448154658
Non-core,6.947890818858561
