status,intersection
Core,7.594936708860759
Non-core,7.608695652173913
