status,intersection
Core,4.958677685950414
Non-core,7.042253521126761
