status,intersection
Core,2.4904214559386975
Non-core,1.10803324099723
