status,intersection
Core,10.19108280254777
Non-core,10.714285714285714
