status,intersection
Core,4.743833017077799
Non-core,3.8147138964577656
