status,intersection
Core,10.146862483311082
Non-core,7.575757575757576
