status,intersection
Core,4.810996563573883
Non-core,4.156479217603912
