status,intersection
Core,12.429378531073446
Non-core,12.844036697247706
