status,intersection
Core,8.51063829787234
Non-core,9.30232558139535
