status,intersection
Core,5.555555555555555
Non-core,4.060913705583756
