status,intersection
Core,9.88835725677831
Non-core,5.673758865248227
