status,intersection
Core,16.3573883161512
Non-core,10.792079207920793
