status,intersection
Core,6.790123456790123
Non-core,8.035714285714286
