status,intersection
Core,11.472602739726028
Non-core,8.910891089108912
