status,intersection
Core,0.9596928982725528
Non-core,1.092896174863388
