status,intersection
Core,4.424778761061947
Non-core,4.3478260869565215
