status,intersection
Core,0.922509225092251
Non-core,0.5141388174807198
