status,intersection
Core,7.751937984496124
Non-core,10.666666666666666
