status,intersection
Core,1.8691588785046729
Non-core,0.2724795640326976
