status,intersection
Core,2.8021015761821366
Non-core,1.7114914425427872
