status,intersection
Core,5.506216696269982
Non-core,4.071246819338422
