status,intersection
Core,8.450704225352112
Non-core,5.384615384615385
