status,intersection
Core,11.256117455138662
Non-core,7.801418439716312
