status,intersection
Core,0.9541984732824428
Non-core,1.075268817204301
