status,intersection
Core,21.568627450980394
Non-core,36.8421052631579
