status,intersection
Core,1.3011152416356877
Non-core,1.0416666666666667
