status,intersection
Core,4.042553191489362
Non-core,3.498542274052478
