status,intersection
Core,3.0141843971631204
Non-core,2.5380710659898478
