status,intersection
Core,16.23931623931624
Non-core,14.084507042253522
