status,intersection
Core,3.875968992248062
Non-core,2.5316455696202533
