status,intersection
Core,18.055555555555557
Non-core,20.512820512820515
