status,intersection
Core,3.278688524590164
Non-core,2.5641025641025643
