status,intersection
Core,8.518518518518519
Non-core,5.851063829787234
