status,intersection
Core,4.430379746835443
Non-core,6.976744186046512
