status,intersection
Core,2.4734982332155475
Non-core,2.1844660194174756
