status,intersection
Core,7.2180451127819545
Non-core,5.364806866952789
