status,intersection
Core,0.19305019305019305
Non-core,0.273224043715847
