status,intersection
Core,6.67870036101083
Non-core,5.714285714285714
