status,intersection
Core,1.550387596899225
Non-core,0.27932960893854747
