status,intersection
Core,7.116104868913857
Non-core,4.607046070460704
