status,intersection
Core,8.63905325443787
Non-core,6.278026905829597
