status,intersection
Core,10.795454545454545
Non-core,8.876811594202898
