status,intersection
Core,6.887755102040816
Non-core,6.367041198501872
