status,intersection
Core,6.185567010309279
Non-core,6.779661016949152
