status,intersection
Core,3.343949044585987
Non-core,2.589641434262948
