status,intersection
Core,4.67741935483871
Non-core,3.673469387755102
