status,intersection
Core,6.336088154269972
Non-core,4.593639575971731
