status,intersection
Core,7.197549770290965
Non-core,4.406130268199234
