status,intersection
Core,10.465116279069768
Non-core,9.900990099009901
