status,intersection
Core,9.83182406209573
Non-core,7.44336569579288
