status,intersection
Core,14.142857142857142
Non-core,12.903225806451612
