status,intersection
Core,7.163323782234957
Non-core,6.967213114754099
