status,intersection
Core,1.1666666666666667
Non-core,1.2371134020618557
