status,intersection
Core,6.1688311688311686
Non-core,5.660377358490566
