status,intersection
Core,12.014563106796116
Non-core,9.389671361502348
