status,intersection
Core,2.454991816693944
Non-core,2.286902286902287
