status,intersection
Core,9.722222222222221
Non-core,9.154929577464788
