status,intersection
Core,0.9836065573770492
Non-core,1.0121457489878543
