status,intersection
Core,0.8291873963515755
Non-core,0.8213552361396304
