status,intersection
Core,6.80786686838124
Non-core,3.8684719535783367
