status,intersection
Core,10.317460317460318
Non-core,8.484848484848484
