status,intersection
Core,7.648725212464589
Non-core,5.681818181818182
