status,intersection
Core,12.10720887245841
Non-core,9.590643274853802
