status,intersection
Core,0.33557046979865773
Non-core,0.4158004158004158
