status,intersection
Core,1.8456375838926173
Non-core,1.0482180293501049
