status,intersection
Core,6.224066390041494
Non-core,6.122448979591836
