status,intersection
Core,0.6688963210702341
Non-core,0.6211180124223602
