status,intersection
Core,5.147058823529412
Non-core,4.2105263157894735
