status,intersection
Core,0.16806722689075632
Non-core,0.20833333333333334
