status,intersection
Core,0.33167495854063017
Non-core,0.4098360655737705
