status,intersection
Core,3.7643207855973815
Non-core,2.479338842975207
