status,intersection
Core,12.64367816091954
Non-core,10.256410256410257
