status,intersection
Core,3.619047619047619
Non-core,3.053435114503817
