status,intersection
Core,6.474820143884892
Non-core,6.896551724137931
