status,intersection
Core,8.461538461538462
Non-core,8.080808080808081
