status,intersection
Core,7.258064516129032
Non-core,7.894736842105263
