status,intersection
Core,1.8575851393188854
Non-core,1.9193857965451055
