status,intersection
Core,10.416666666666666
Non-core,8.633093525179856
