status,intersection
Core,5.405405405405405
Non-core,4.123711340206185
