status,intersection
Core,13.076923076923077
Non-core,10.843373493975903
