status,intersection
Core,1.9292604501607717
Non-core,2.1739130434782608
