status,intersection
Core,2.2950819672131146
Non-core,1.8518518518518519
