status,intersection
Core,12.592592592592593
Non-core,10.526315789473685
