status,intersection
Core,14.347450302506482
Non-core,11.31664853101197
