status,intersection
Core,7.346938775510204
Non-core,7.317073170731708
