status,intersection
Core,9.137055837563452
Non-core,7.801418439716312
