status,intersection
Core,5.788712011577424
Non-core,3.7105751391465676
