status,intersection
Core,8.157524613220815
Non-core,5.215827338129497
