status,intersection
Core,3.883495145631068
Non-core,2.9411764705882355
