status,intersection
Core,6.825396825396825
Non-core,3.7924151696606785
