status,intersection
Core,9.523809523809524
Non-core,7.239057239057239
