status,intersection
Core,6.233062330623306
Non-core,5.220883534136546
