status,intersection
Core,7.739938080495356
Non-core,5.304518664047151
