status,intersection
Core,1.353637901861252
Non-core,0.6329113924050633
