status,intersection
Core,1.5228426395939085
Non-core,1.0526315789473684
