status,intersection
Core,0.7936507936507936
Non-core,0.9881422924901185
