status,intersection
Core,9.288824383164005
Non-core,7.366482504604051
