status,intersection
Core,7.63582966226138
Non-core,4.97131931166348
