status,intersection
Core,7.5675675675675675
Non-core,6.0606060606060606
