status,intersection
Core,14.028314028314028
Non-core,11.161116111611161
