status,intersection
Core,7.755102040816326
Non-core,5.1993067590987865
