status,intersection
Core,4.179566563467493
Non-core,2.9411764705882355
