status,intersection
Core,5.882352941176471
Non-core,2.898550724637681
