status,intersection
Core,3.684971098265896
Non-core,2.8011204481792715
