status,intersection
Core,6.590257879656161
Non-core,4.938271604938271
