status,intersection
Core,0.9884678747940692
Non-core,0.6185567010309279
