status,intersection
Core,3.9808917197452227
Non-core,2.4390243902439024
