status,intersection
Core,2.6490066225165565
Non-core,3.061224489795918
