status,intersection
Core,4.641350210970464
Non-core,4.545454545454546
