status,intersection
Core,4.245283018867925
Non-core,2.7450980392156863
