status,intersection
Core,3.0497592295345104
Non-core,1.9801980198019802
