status,intersection
Core,3.7650602409638556
Non-core,2.846299810246679
