status,intersection
Core,2.5316455696202533
Non-core,3.7735849056603774
