status,intersection
Core,5.990783410138249
Non-core,5.69620253164557
