status,intersection
Core,2.254428341384863
Non-core,1.9841269841269842
