status,intersection
Core,8.185053380782918
Non-core,7.6502732240437155
