status,intersection
Core,5.4961832061068705
Non-core,4.230769230769231
