status,intersection
Core,8.187134502923977
Non-core,9.900990099009901
