status,intersection
Core,1.8581081081081081
Non-core,1.263157894736842
