status,intersection
Core,2.4115755627009645
Non-core,2.3715415019762847
