status,intersection
Core,11.047345767575322
Non-core,7.904411764705882
