status,intersection
Core,5.084745762711864
Non-core,4.2105263157894735
