status,intersection
Core,7.2368421052631575
Non-core,3.7383177570093458
