status,intersection
Core,6.622516556291391
Non-core,8.235294117647058
