status,intersection
Core,0.5042016806722689
Non-core,0.6302521008403361
