status,intersection
Core,13.032581453634085
Non-core,10.53740779768177
