status,intersection
Core,4.069767441860465
Non-core,2.803738317757009
