status,intersection
Core,4.504504504504505
Non-core,3.7037037037037037
