status,intersection
Core,5.303030303030303
Non-core,2.5641025641025643
