status,intersection
Core,2.7243589743589745
Non-core,1.9920318725099602
