status,intersection
Core,7.352941176470588
Non-core,4.395604395604396
