status,intersection
Core,4.447852760736196
Non-core,3.269230769230769
