status,intersection
Core,7.18232044198895
Non-core,6.896551724137931
