status,intersection
Core,2.272727272727273
Non-core,1.4705882352941178
