status,intersection
Core,7.6923076923076925
Non-core,5.9880239520958085
