status,intersection
Core,4.887218045112782
Non-core,4.591836734693878
