status,intersection
Core,1.1627906976744187
Non-core,1.0438413361169103
