status,intersection
Core,3.9538714991762767
Non-core,2.4742268041237114
