status,intersection
Core,5.9405940594059405
Non-core,4.109589041095891
