status,intersection
Core,0.8237232289950577
Non-core,0.6224066390041494
