status,intersection
Core,6.373292867981791
Non-core,4.038461538461538
