status,intersection
Core,2.2988505747126435
Non-core,1.5384615384615385
