status,intersection
Core,4.821802935010482
Non-core,3.5190615835777126
