status,intersection
Core,2.9827315541601256
Non-core,2.6262626262626263
