status,intersection
Core,4.828150572831424
Non-core,4.408060453400504
