status,intersection
Core,4.329004329004329
Non-core,4.25531914893617
