status,intersection
Core,1.7944535073409462
Non-core,1.6129032258064515
