status,intersection
Core,0.16778523489932887
Non-core,0.2079002079002079
