status,intersection
Core,3.201219512195122
Non-core,2.7237354085603114
