status,intersection
Core,6.646525679758308
Non-core,4.933586337760911
