status,intersection
Core,1.839464882943144
Non-core,0.6263048016701461
