status,intersection
Core,1.3245033112582782
Non-core,1.2295081967213115
