status,intersection
Core,1.8487394957983194
Non-core,1.4675052410901468
