status,intersection
Core,7.333333333333333
Non-core,6.818181818181818
