status,intersection
Core,4.984423676012461
Non-core,3.9447731755424065
