status,intersection
Core,7.604562737642586
Non-core,7.100591715976331
