status,intersection
Core,4.130162703379224
Non-core,3.177257525083612
