status,intersection
Core,1.1532125205930808
Non-core,1.0183299389002036
