status,intersection
Core,0.16835016835016836
Non-core,0.20876826722338204
