status,intersection
Core,0.8389261744966443
Non-core,0.6237006237006237
