status,intersection
Core,2.7027027027027026
Non-core,2.898550724637681
