status,intersection
Core,9.659090909090908
Non-core,7.874015748031496
