status,intersection
Core,5.118110236220472
Non-core,5.660377358490566
