status,intersection
Core,3.7974683544303796
Non-core,4.320987654320987
