status,intersection
Core,0.4983388704318937
Non-core,0.6211180124223602
