status,intersection
Core,7.988165680473373
Non-core,5.303030303030303
