status,intersection
Core,5.825242718446602
Non-core,4.285714285714286
