status,intersection
Core,2.912621359223301
Non-core,1.4285714285714286
