status,intersection
Core,2.737520128824477
Non-core,2.0491803278688523
