status,intersection
Core,6.8686868686868685
Non-core,5.38243626062323
