status,intersection
Core,10.513141426783479
Non-core,7.915993537964459
