status,intersection
Core,4.566210045662101
Non-core,4.57516339869281
