status,intersection
Core,3.064516129032258
Non-core,1.6260162601626016
