status,intersection
Core,8.9171974522293
Non-core,9.345794392523365
