status,intersection
Core,2.5848142164781907
Non-core,1.9880715705765408
