status,intersection
Core,8.485639686684074
Non-core,6.4784053156146175
