status,intersection
Core,6.5476190476190474
Non-core,9.345794392523365
