status,intersection
Core,6.862745098039215
Non-core,5.714285714285714
