status,intersection
Core,13.06532663316583
Non-core,11.258278145695364
