status,intersection
Core,7.751937984496124
Non-core,4.356435643564357
