status,intersection
Core,0.9933774834437086
Non-core,1.0224948875255624
