status,intersection
Core,3.482587064676617
Non-core,3.816793893129771
