status,intersection
Core,3.8860103626943006
Non-core,3.8461538461538463
