status,intersection
Core,2.150537634408602
Non-core,1.408450704225352
