status,intersection
Core,1.6501650165016502
Non-core,1.629327902240326
