status,intersection
Core,0.1669449081803005
Non-core,0.2066115702479339
