status,intersection
Core,6.259780907668231
Non-core,3.8306451612903225
