status,intersection
Core,0.3372681281618887
Non-core,0.41841004184100417
