status,intersection
Core,2.106969205834684
Non-core,0.8298755186721992
