status,intersection
Core,0.8389261744966443
Non-core,1.0526315789473684
