status,intersection
Core,6.392694063926941
Non-core,3.6750483558994196
