status,intersection
Core,4.054054054054054
Non-core,3.6496350364963503
