status,intersection
Core,5.538461538461538
Non-core,3.495145631067961
