status,intersection
Core,5.782792665726375
Non-core,4.593639575971731
