status,intersection
Core,12.578616352201259
Non-core,10.377358490566039
