status,intersection
Core,9.056603773584905
Non-core,9.497206703910615
