status,intersection
Core,4.661654135338346
Non-core,3.903345724907063
