status,intersection
Core,4.993909866017052
Non-core,4.0453074433656955
