status,intersection
Core,0.9463722397476341
Non-core,0.7827788649706457
