status,intersection
Core,3.4946236559139785
Non-core,3.6363636363636362
