status,intersection
Core,5.807365439093484
Non-core,4.074074074074074
