status,intersection
Core,0.6611570247933884
Non-core,0.8179959100204499
