status,intersection
Core,4.658901830282862
Non-core,4.149377593360996
