status,intersection
Core,6.363636363636363
Non-core,5.681818181818182
