status,intersection
Core,5.072463768115942
Non-core,5.434782608695652
