status,intersection
Core,7.2642967542503865
Non-core,6.299212598425197
