status,intersection
Core,1.4610389610389611
Non-core,1.2170385395537526
