status,intersection
Core,5.042016806722689
Non-core,4.40251572327044
