status,intersection
Core,1.6835016835016836
Non-core,1.0548523206751055
