status,intersection
Core,14.76063829787234
Non-core,10.69609507640068
