status,intersection
Core,2.127659574468085
Non-core,2.0833333333333335
