status,intersection
Core,11.797752808988765
Non-core,9.243697478991596
