status,intersection
Core,9.668874172185431
Non-core,7.705479452054795
