status,intersection
Core,4.314329738058552
Non-core,3.2653061224489797
