status,intersection
Core,6.369426751592357
Non-core,6.0606060606060606
