status,intersection
Core,4.278074866310161
Non-core,4.330708661417323
