status,intersection
Core,6.855791962174941
Non-core,5.678233438485805
