status,intersection
Core,8.571428571428571
Non-core,9.23076923076923
