status,intersection
Core,2.835538752362949
Non-core,1.941747572815534
