status,intersection
Core,6.019151846785226
Non-core,4.21792618629174
