status,intersection
Core,5.238095238095238
Non-core,2.7944111776447107
