status,intersection
Core,15.053763440860216
Non-core,11.961367013372957
