status,intersection
Core,6.074766355140187
Non-core,4.233870967741935
