status,intersection
Core,5.401459854014599
Non-core,4.322200392927308
