status,intersection
Core,9.448818897637794
Non-core,6.024096385542169
