status,intersection
Core,12.254901960784315
Non-core,10.838445807770961
