status,intersection
Core,4.201680672268908
Non-core,5.128205128205129
