status,intersection
Core,1.8867924528301887
Non-core,2.6315789473684212
