status,intersection
Core,4.081632653061225
Non-core,5.128205128205129
