status,intersection
Core,4.724409448818897
Non-core,6.756756756756757
