status,intersection
Core,10.394265232974911
Non-core,9.268292682926829
