status,intersection
Core,0.6655574043261231
Non-core,0.411522633744856
