status,intersection
Core,1.2913223140495869
Non-core,1.069182389937107
