status,intersection
Core,7.434944237918216
Non-core,6.557377049180328
