status,intersection
Core,3.865336658354115
Non-core,2.800658978583196
