status,intersection
Core,7.963594994311718
Non-core,5.7224606580829755
