status,intersection
Core,4.929577464788732
Non-core,6.896551724137931
