status,intersection
Core,7.364341085271318
Non-core,6.802721088435374
