status,intersection
Core,12.045169385194479
Non-core,9.904153354632587
