status,intersection
Core,4.913294797687861
Non-core,3.404255319148936
