status,intersection
Core,8.480565371024735
Non-core,7.936507936507937
