status,intersection
Core,6.0344827586206895
Non-core,5.882352941176471
