status,intersection
Core,2.6854219948849103
Non-core,2.3972602739726026
