status,intersection
Core,8.024691358024691
Non-core,6.730769230769231
