status,intersection
Core,12.149532710280374
Non-core,8.450704225352112
