status,intersection
Core,5.508474576271187
Non-core,4.57516339869281
