status,intersection
Core,1.779935275080906
Non-core,1.2024048096192386
