status,intersection
Core,2.9469548133595285
Non-core,2.6246719160104988
