status,intersection
Core,11.656441717791411
Non-core,9.174311926605505
