status,intersection
Core,12.14374225526642
Non-core,9.907120743034056
