status,intersection
Core,5.448717948717949
Non-core,3.9130434782608696
