status,intersection
Core,8.588957055214724
Non-core,6.1946902654867255
