status,intersection
Core,5.007587253414264
Non-core,2.676864244741874
