status,intersection
Core,2.8081123244929795
Non-core,2.480916030534351
