status,intersection
Core,9.186351706036746
Non-core,7.178631051752921
