status,intersection
Core,2.524471921689851
Non-core,2.135678391959799
