status,intersection
Core,7.299270072992701
Non-core,5.660377358490566
