status,intersection
Core,1.1608623548922057
Non-core,1.0245901639344261
