status,intersection
Core,3.3690658499234303
Non-core,2.3346303501945527
