status,intersection
Core,5.6047197640118
Non-core,4.936014625228519
