status,intersection
Core,7.368421052631579
Non-core,4.3478260869565215
