status,intersection
Core,1.4851485148514851
Non-core,1.0351966873706004
