status,intersection
Core,10.610079575596817
Non-core,7.6400679117147705
