status,intersection
Core,12.209302325581396
Non-core,6.6115702479338845
