status,intersection
Core,3.820598006644518
Non-core,1.8711018711018712
