status,intersection
Core,5.200594353640416
Non-core,4.081632653061225
