status,intersection
Core,5.217391304347826
Non-core,3.8461538461538463
