status,intersection
Core,3.7151702786377707
Non-core,2.75049115913556
