status,intersection
Core,1.2698412698412698
Non-core,1.1857707509881423
