status,intersection
Core,2.2058823529411766
Non-core,1.2345679012345678
