status,intersection
Core,14.194722474977253
Non-core,10.340775558166863
