status,intersection
Core,9.765625
Non-core,10.059171597633137
