status,intersection
Core,3.6065573770491803
Non-core,2.8688524590163933
