status,intersection
Core,4.02542372881356
Non-core,3.8805970149253732
