status,intersection
Core,4.387291981845689
Non-core,3.213610586011342
