status,intersection
Core,1.5772870662460567
Non-core,1.1857707509881423
