status,intersection
Core,4.212168486739469
Non-core,3.543307086614173
