status,intersection
Core,1.487603305785124
Non-core,1.2269938650306749
