status,intersection
Core,6.339468302658487
Non-core,5.157593123209169
