status,intersection
Core,1.9639934533551555
Non-core,1.6161616161616161
