status,intersection
Core,1.4851485148514851
Non-core,1.2219959266802445
