status,intersection
Core,2.7243589743589745
Non-core,2.7559055118110236
