status,intersection
Core,1.9461077844311376
Non-core,1.48975791433892
