status,intersection
Core,2.1630615640599
Non-core,1.6666666666666667
