status,intersection
Core,6.8580542264752795
Non-core,5.231388329979879
