status,intersection
Core,11.229946524064172
Non-core,11.206896551724139
