status,intersection
Core,5.389221556886228
Non-core,4.838709677419355
