status,intersection
Core,4.404145077720207
Non-core,4.182509505703422
