status,intersection
Core,6.134969325153374
Non-core,8.333333333333334
