status,intersection
Core,7.857142857142857
Non-core,4.8076923076923075
