status,intersection
Core,7.6923076923076925
Non-core,5.32319391634981
