status,intersection
Core,16.216216216216218
Non-core,13.861386138613861
