status,intersection
Core,10.602910602910603
Non-core,9.17312661498708
