status,intersection
Core,6.675938803894297
Non-core,4.753521126760563
