status,intersection
Core,5.194805194805195
Non-core,6.521739130434782
