status,intersection
Core,0.5033557046979866
Non-core,0.2079002079002079
