status,intersection
Core,2.1103896103896105
Non-core,1.8036072144288577
