status,intersection
Core,5.50314465408805
Non-core,5.189620758483034
