status,intersection
Core,4.25531914893617
Non-core,4.128440366972477
