status,intersection
Core,9.312320916905444
Non-core,6.666666666666667
