status,intersection
Core,9.345794392523365
Non-core,8.633093525179856
