status,intersection
Core,7.774798927613941
Non-core,8.045977011494253
