status,intersection
Core,8.559201141226819
Non-core,5.3406998158379375
