status,intersection
Core,2.622950819672131
Non-core,1.6563146997929608
