status,intersection
Core,10.778443113772456
Non-core,9.090909090909092
