status,intersection
Core,12.378902045209903
Non-core,10.56910569105691
