status,intersection
Core,0.9433962264150944
Non-core,1.3157894736842106
