status,intersection
Core,3.5031847133757963
Non-core,2.8225806451612905
