status,intersection
Core,6.382978723404255
Non-core,5.797101449275362
