status,intersection
Core,0.6557377049180327
Non-core,0.6134969325153374
