status,intersection
Core,2.9282576866764276
Non-core,2.3651844843897822
