status,intersection
Core,2.380952380952381
Non-core,2.3346303501945527
