status,intersection
Core,8.588957055214724
Non-core,7.6923076923076925
