status,intersection
Core,3.1353135313531353
Non-core,1.8633540372670807
