status,intersection
Core,15.441176470588236
Non-core,13.333333333333334
