status,intersection
Core,10.106382978723405
Non-core,7.633587786259542
