status,intersection
Core,3.7593984962406015
Non-core,2.2988505747126435
