status,intersection
Core,13.188073394495413
Non-core,9.50965824665676
