status,intersection
Core,0.9917355371900827
Non-core,0.8281573498964804
