status,intersection
Core,13.006993006993007
Non-core,11.38353765323993
