status,intersection
Core,6.746031746031746
Non-core,5.177111716621253
