status,intersection
Core,5.960264900662252
Non-core,4.49438202247191
