status,intersection
Core,5.555555555555555
Non-core,11.538461538461538
