status,intersection
Core,4.787234042553192
Non-core,3.10077519379845
