status,intersection
Core,2.6666666666666665
Non-core,4.166666666666667
