status,intersection
Core,8.666666666666666
Non-core,7.291666666666667
