status,intersection
Core,12.437810945273633
Non-core,10.037174721189592
