status,intersection
Core,9.574468085106384
Non-core,7.142857142857143
