status,intersection
Core,6.27906976744186
Non-core,5.128205128205129
