status,intersection
Core,7.2368421052631575
Non-core,5.4945054945054945
