status,intersection
Core,5.687203791469194
Non-core,5.343511450381679
