status,intersection
Core,8.383233532934131
Non-core,8.16326530612245
