status,intersection
Core,3.870967741935484
Non-core,1.1627906976744187
