status,intersection
Core,5.813953488372093
Non-core,4.320987654320987
