status,intersection
Core,3.385049365303244
Non-core,1.6096579476861168
