status,intersection
Core,3.6319612590799033
Non-core,2.4566473988439306
