status,intersection
Core,10.555555555555555
Non-core,7.627118644067797
