status,intersection
Core,14.056224899598394
Non-core,12.195121951219512
