status,intersection
Core,6.398104265402844
Non-core,6.484641638225256
