status,intersection
Core,8.737864077669903
Non-core,5.084745762711864
