status,intersection
Core,2.816901408450704
Non-core,4.545454545454546
