status,intersection
Core,5.294117647058823
Non-core,2.8846153846153846
