status,intersection
Core,11.71875
Non-core,13.513513513513514
