status,intersection
Core,11.214953271028037
Non-core,11.940298507462687
