status,intersection
Core,5.214723926380368
Non-core,4.484304932735426
