status,intersection
Core,7.9245283018867925
Non-core,5.208333333333333
