status,intersection
Core,13.5678391959799
Non-core,6.666666666666667
