status,intersection
Core,4.651162790697675
Non-core,3.896103896103896
