status,intersection
Core,7.565789473684211
Non-core,5.405405405405405
