status,intersection
Core,10.638297872340425
Non-core,7.0588235294117645
