status,intersection
Core,4.926108374384237
Non-core,3.321033210332103
