status,intersection
Core,3.194888178913738
Non-core,1.6528925619834711
