status,intersection
Core,4.477611940298507
Non-core,1.2195121951219512
