status,intersection
Core,7.070707070707071
Non-core,8.661417322834646
