status,intersection
Core,6.818181818181818
Non-core,1.9230769230769231
