status,intersection
Core,6.2015503875969
Non-core,5.1020408163265305
