status,intersection
Core,10.27190332326284
Non-core,8.796296296296296
