status,intersection
Core,10.606060606060606
Non-core,8.80503144654088
