status,intersection
Core,11.009174311926605
Non-core,7.575757575757576
