status,intersection
Core,5.58659217877095
Non-core,7.339449541284404
