status,intersection
Core,2.985074626865672
Non-core,3.597122302158273
