status,intersection
Core,8.860759493670885
Non-core,6.382978723404255
