status,intersection
Core,7.716049382716049
Non-core,5.02092050209205
