status,intersection
Core,8.256880733944953
Non-core,10.447761194029852
