status,intersection
Core,4.590163934426229
Non-core,3.6082474226804124
