status,intersection
Core,4.635761589403973
Non-core,3.0303030303030303
