status,intersection
Core,5.882352941176471
Non-core,7.462686567164179
