status,intersection
Core,1.8218623481781377
Non-core,1.2094823415578133
