status,intersection
Core,10.1010101010101
Non-core,6.666666666666667
