status,intersection
Core,14.583333333333334
Non-core,11.594202898550725
