status,intersection
Core,7.368421052631579
Non-core,7.777777777777778
