status,intersection
Core,13.907284768211921
Non-core,13.402061855670103
