status,intersection
Core,10.650887573964496
Non-core,9.615384615384615
