status,intersection
Core,8.171206225680933
Non-core,6.5359477124183005
