status,intersection
Core,6.474820143884892
Non-core,6.976744186046512
