status,intersection
Core,6.790123456790123
Non-core,6.956521739130435
