status,intersection
Core,10.256410256410257
Non-core,6.956521739130435
