status,intersection
Core,4.895104895104895
Non-core,4.395604395604396
