status,intersection
Core,8.074534161490684
Non-core,6.976744186046512
