status,intersection
Core,5.936073059360731
Non-core,4.964539007092198
