status,intersection
Core,8.616780045351474
Non-core,5.704697986577181
