status,intersection
Core,3.7313432835820897
Non-core,4.545454545454546
