status,intersection
Core,4.316546762589928
Non-core,4.25531914893617
