status,intersection
Core,8.636363636363637
Non-core,5.882352941176471
