status,intersection
Core,15.957446808510639
Non-core,16.666666666666668
