status,intersection
Core,11.357340720221607
Non-core,8.745247148288973
