status,intersection
Core,6.145251396648045
Non-core,5.343511450381679
