status,intersection
Core,6.293706293706293
Non-core,7.142857142857143
