status,intersection
Core,6.4393939393939394
Non-core,6.043956043956044
