status,intersection
Core,12.686567164179104
Non-core,7.865168539325842
