status,intersection
Core,2.73224043715847
Non-core,3.225806451612903
