status,intersection
Core,6.097560975609756
Non-core,4.8076923076923075
