status,intersection
Core,7.777777777777778
Non-core,11.11111111111111
