status,intersection
Core,7.006369426751593
Non-core,7.207207207207207
