status,intersection
Core,6.730769230769231
Non-core,13.72549019607843
