status,intersection
Core,2.5974025974025974
Non-core,1.7167381974248928
