status,intersection
Core,2.898550724637681
Non-core,2.4390243902439024
