status,intersection
Core,9.777777777777779
Non-core,7.361963190184049
