status,intersection
Core,10.1010101010101
Non-core,8.620689655172415
