status,intersection
Core,4.433497536945813
Non-core,3.4722222222222223
