status,intersection
Core,5.426356589147287
Non-core,6.4935064935064934
