status,intersection
Core,7.8431372549019605
Non-core,8.219178082191782
