status,intersection
Core,6.084656084656085
Non-core,5.158730158730159
