status,intersection
Core,6.081081081081081
Non-core,3.3707865168539324
