status,intersection
Core,4.972375690607735
Non-core,4.743083003952569
