status,intersection
Core,9.47867298578199
Non-core,10.144927536231885
