status,intersection
Core,15.277777777777779
Non-core,15.789473684210526
