status,intersection
Core,8.333333333333334
Non-core,9.782608695652174
