status,intersection
Core,8.727272727272727
Non-core,5.806451612903226
