status,intersection
Core,7.441860465116279
Non-core,7.194244604316546
