status,intersection
Core,2.8465346534653464
Non-core,2.329450915141431
