status,intersection
Core,3.278688524590164
Non-core,6.896551724137931
