status,intersection
Core,4.594400574300072
Non-core,2.973977695167286
