status,intersection
Core,8.641975308641975
Non-core,8.771929824561404
