status,intersection
Core,2.255639097744361
Non-core,2.272727272727273
