status,intersection
Core,15.294117647058824
Non-core,12.745098039215685
