status,intersection
Core,5.673758865248227
Non-core,5.813953488372093
