status,intersection
Core,3.061224489795918
Non-core,2.73972602739726
