status,intersection
Core,5.797101449275362
Non-core,5.376344086021505
