status,intersection
Core,5.0228310502283104
Non-core,3.816793893129771
