status,intersection
Core,6.481481481481482
Non-core,4.878048780487805
