status,intersection
Core,20.35928143712575
Non-core,11.711711711711711
