status,intersection
Core,5.982905982905983
Non-core,5.369127516778524
