status,intersection
Core,6.953642384105961
Non-core,7.216494845360825
