status,intersection
Core,9.004739336492891
Non-core,6.2015503875969
