status,intersection
Core,7.122507122507122
Non-core,4.850746268656716
