status,intersection
Core,3.937007874015748
Non-core,3.745318352059925
