status,intersection
Core,8.527131782945736
Non-core,6.976744186046512
