status,intersection
Core,2.9154518950437316
Non-core,2.952029520295203
