status,intersection
Core,5.701754385964913
Non-core,5.970149253731344
