status,intersection
Core,10.588235294117647
Non-core,5.769230769230769
