status,intersection
Core,4.615384615384615
Non-core,1.2987012987012987
