status,intersection
Core,5.434782608695652
Non-core,4.411764705882353
