status,intersection
Core,3.1545741324921135
Non-core,2.2916666666666665
