status,intersection
Core,17.54385964912281
Non-core,23.076923076923077
