status,intersection
Core,4.752851711026616
Non-core,3.835616438356164
