status,intersection
Core,10.273972602739725
Non-core,9.195402298850574
