status,intersection
Core,12.857142857142858
Non-core,11.971830985915492
