status,intersection
Core,9.154929577464788
Non-core,7.865168539325842
