status,intersection
Core,8.974358974358974
Non-core,8.51063829787234
