status,intersection
Core,12.105263157894736
Non-core,10.619469026548673
