status,intersection
Core,10.666666666666666
Non-core,8.695652173913043
