status,intersection
Core,5.454545454545454
Non-core,7.547169811320755
