status,intersection
Core,2.6515151515151514
Non-core,1.7326732673267327
