status,intersection
Core,11.11111111111111
Non-core,11.627906976744185
