status,intersection
Core,8.403361344537815
Non-core,7.741935483870968
