status,intersection
Core,19.696969696969695
Non-core,23.333333333333332
