status,intersection
Core,3.937007874015748
Non-core,5.194805194805195
