status,intersection
Core,8.365019011406844
Non-core,7.647058823529412
