status,intersection
Core,8.556149732620321
Non-core,5.785123966942149
