status,intersection
Core,4.146341463414634
Non-core,3.0405405405405403
