status,intersection
Core,10.802469135802468
Non-core,10.576923076923077
