status,intersection
Core,9.569377990430622
Non-core,9.62962962962963
