status,intersection
Core,7.619047619047619
Non-core,8.527131782945736
