status,intersection
Core,10.650887573964496
Non-core,8.653846153846153
