status,intersection
Core,6.862745098039215
Non-core,3.5398230088495577
