status,intersection
Core,4.109589041095891
Non-core,4.3478260869565215
