status,intersection
Core,2.1164021164021163
Non-core,1.639344262295082
