status,intersection
Core,6.3559322033898304
Non-core,5.555555555555555
