status,intersection
Core,10.869565217391305
Non-core,8.076923076923077
