status,intersection
Core,1.1359026369168357
Non-core,0.6304558680892337
