status,intersection
Core,9.876543209876543
Non-core,6.521739130434782
