status,intersection
Core,9.429280397022332
Non-core,9.81132075471698
