status,intersection
Core,10.12987012987013
Non-core,9.056603773584905
