status,intersection
Core,12.121212121212121
Non-core,14.705882352941176
