status,intersection
Core,7.971014492753623
Non-core,6.410256410256411
