status,intersection
Core,7.086614173228346
Non-core,6.944444444444445
