status,intersection
Core,8.771929824561404
Non-core,8.411214953271028
