status,intersection
Core,9.057971014492754
Non-core,7.865168539325842
