status,intersection
Core,8.035714285714286
Non-core,7.462686567164179
