status,intersection
Core,4.580152671755725
Non-core,5.813953488372093
