status,intersection
Core,4.382470119521912
Non-core,3.896103896103896
