status,intersection
Core,5.673758865248227
Non-core,2.6178010471204187
