status,intersection
Core,6.896551724137931
Non-core,7.079646017699115
