status,intersection
Core,2.01765447667087
Non-core,1.7006802721088434
