status,intersection
Core,10.211267605633802
Non-core,6.542056074766355
