status,intersection
Core,8.421052631578947
Non-core,5.454545454545454
