status,intersection
Core,16.363636363636363
Non-core,22.22222222222222
