status,intersection
Core,8.910891089108912
Non-core,8.620689655172415
