status,intersection
Core,3.741496598639456
Non-core,2.898550724637681
