status,intersection
Core,3.6945812807881775
Non-core,2.3333333333333335
