status,intersection
Core,6.367041198501872
Non-core,5.9523809523809526
