status,intersection
Core,1.963350785340314
Non-core,1.238938053097345
