status,intersection
Core,11.891891891891891
Non-core,8.547008547008547
