status,intersection
Core,6.511627906976744
Non-core,5.147058823529412
