status,intersection
Core,4.109589041095891
Non-core,6.521739130434782
