status,intersection
Core,8.450704225352112
Non-core,6.666666666666667
