status,intersection
Core,1.492537313432836
Non-core,2.247191011235955
