status,intersection
Core,11.702127659574469
Non-core,11.764705882352942
