status,intersection
Core,8.385093167701863
Non-core,6.944444444444445
