status,intersection
Core,10.588235294117647
Non-core,6.818181818181818
