status,intersection
Core,15.555555555555555
Non-core,16.3265306122449
