status,intersection
Core,3.9877300613496933
Non-core,4.326923076923077
