status,intersection
Core,5.21978021978022
Non-core,2.985074626865672
