status,intersection
Core,2.4070021881838075
Non-core,1.7061611374407584
