status,intersection
Core,5.47945205479452
Non-core,5.813953488372093
