status,intersection
Core,7.792207792207792
Non-core,6.542056074766355
