status,intersection
Core,8.73015873015873
Non-core,8.19672131147541
