status,intersection
Core,12.385321100917432
Non-core,10.071942446043165
