status,intersection
Core,3.597122302158273
Non-core,2.2988505747126435
