status,intersection
Core,12.690355329949238
Non-core,11.475409836065573
