status,intersection
Core,8.088235294117647
Non-core,3.7037037037037037
