status,intersection
Core,6.172839506172839
Non-core,8.51063829787234
