status,intersection
Core,7.344632768361582
Non-core,3.8461538461538463
