status,intersection
Core,7.333333333333333
Non-core,3.3333333333333335
