status,intersection
Core,1.1488250652741514
Non-core,0.7006369426751592
