status,intersection
Core,3.1496062992125986
Non-core,2.73972602739726
