status,intersection
Core,16.896551724137932
Non-core,11.79245283018868
