status,intersection
Core,11.659192825112108
Non-core,9.022556390977444
