status,intersection
Core,1.5384615384615385
Non-core,2.3529411764705883
