status,intersection
Core,9.293680297397769
Non-core,9.25925925925926
