status,intersection
Core,3.5343035343035343
Non-core,2.6865671641791047
