status,intersection
Core,8.474576271186441
Non-core,6.896551724137931
