status,intersection
Core,11.194029850746269
Non-core,10.714285714285714
