status,intersection
Core,4.046242774566474
Non-core,3.5555555555555554
