status,intersection
Core,7.972665148063781
Non-core,5.882352941176471
