status,intersection
Core,4.597701149425287
Non-core,1.8867924528301887
