status,intersection
Core,9.615384615384615
Non-core,7.407407407407407
