status,intersection
Core,10.650887573964496
Non-core,12.371134020618557
