status,intersection
Core,6.410256410256411
Non-core,6.315789473684211
