status,intersection
Core,6.334841628959276
Non-core,5.373134328358209
