status,intersection
Core,4.294478527607362
Non-core,4.123711340206185
