status,intersection
Core,13.533834586466165
Non-core,11.764705882352942
