status,intersection
Core,7.396449704142012
Non-core,6.018518518518518
