status,intersection
Core,12.64367816091954
Non-core,11.818181818181818
