status,intersection
Core,7.317073170731708
Non-core,2.0833333333333335
