status,intersection
Core,6.430155210643015
Non-core,5.590062111801243
