status,intersection
Core,10.822510822510823
Non-core,9.722222222222221
