status,intersection
Core,8.947368421052632
Non-core,7.6923076923076925
