status,intersection
Core,9.49367088607595
Non-core,5.607476635514018
