status,intersection
Core,9.352517985611511
Non-core,8.333333333333334
