status,intersection
Core,6.167400881057269
Non-core,5.2631578947368425
