status,intersection
Core,5.4945054945054945
Non-core,9.090909090909092
