status,intersection
Core,5.970149253731344
Non-core,4.301075268817204
