status,intersection
Core,4.026845637583893
Non-core,2.9702970297029703
