status,intersection
Core,9.66183574879227
Non-core,7.586206896551724
