status,intersection
Core,4.7272727272727275
Non-core,4.371584699453552
