status,intersection
Core,3.735632183908046
Non-core,1.5686274509803921
