status,intersection
Core,11.065573770491802
Non-core,5.555555555555555
