status,intersection
Core,1.4814814814814814
Non-core,2.2222222222222223
