status,intersection
Core,4.225352112676056
Non-core,2.4390243902439024
