status,intersection
Core,5.208333333333333
Non-core,3.543307086614173
