status,intersection
Core,10.801393728222996
Non-core,8.98876404494382
