status,intersection
Core,10.778443113772456
Non-core,6.422018348623853
