status,intersection
Core,2.3391812865497075
Non-core,0.851063829787234
