status,intersection
Core,5.803571428571429
Non-core,2.898550724637681
