status,intersection
Core,8.720930232558139
Non-core,3.5714285714285716
