status,intersection
Core,4.615384615384615
Non-core,4.477611940298507
