status,intersection
Core,6.976744186046512
Non-core,9.090909090909092
