status,intersection
Core,5.633802816901408
Non-core,5.384615384615385
