status,intersection
Core,3.2110091743119265
Non-core,2.255639097744361
