status,intersection
Core,4.273504273504273
Non-core,1.6129032258064515
