status,intersection
Core,6.024096385542169
Non-core,1.075268817204301
