status,intersection
Core,5.202312138728324
Non-core,1.8518518518518519
