status,intersection
Core,4.3478260869565215
Non-core,0.8849557522123894
