status,intersection
Core,1.4752370916754478
Non-core,0.5131494547787043
