status,intersection
Core,7.633587786259542
Non-core,3.389830508474576
