status,intersection
Core,1.7241379310344827
Non-core,3.225806451612903
