status,intersection
Core,17.24137931034483
Non-core,22.22222222222222
