status,intersection
Core,2.247191011235955
Non-core,4.761904761904762
