status,intersection
Core,2.962962962962963
Non-core,1.3513513513513513
