status,intersection
Core,4.848484848484849
Non-core,4.3478260869565215
