status,intersection
Core,5.32319391634981
Non-core,1.7241379310344827
