status,intersection
Core,3.3678756476683938
Non-core,1.3888888888888888
