status,intersection
Core,4.721030042918455
Non-core,3.7735849056603774
