status,intersection
Core,2.573529411764706
Non-core,3.048780487804878
