status,intersection
Core,2.7027027027027026
Non-core,5.128205128205129
