status,intersection
Core,6.557377049180328
Non-core,3.7037037037037037
