status,intersection
Core,7.18232044198895
Non-core,3.4482758620689653
