status,intersection
Core,10.555555555555555
Non-core,6.363636363636363
