status,intersection
Core,11.267605633802816
Non-core,14.814814814814815
