status,intersection
Core,2.835538752362949
Non-core,1.6620498614958448
