status,intersection
Core,4.651162790697675
Non-core,9.090909090909092
