status,intersection
Core,6.593406593406593
Non-core,11.11111111111111
