status,intersection
Core,9.859154929577464
Non-core,13.333333333333334
