status,intersection
Core,5.442176870748299
Non-core,2.622950819672131
