status,intersection
Core,6.976744186046512
Non-core,16.666666666666668
