status,intersection
Core,6.840390879478828
Non-core,2.525252525252525
