status,intersection
Core,3.3557046979865772
Non-core,1.6304347826086956
