status,intersection
Core,6.077348066298343
Non-core,3.1914893617021276
