status,intersection
Core,5.673758865248227
Non-core,3.2967032967032965
