status,intersection
Core,10.909090909090908
Non-core,4.761904761904762
