status,intersection
Core,3.048780487804878
Non-core,3.240740740740741
