status,intersection
Core,3.1818181818181817
Non-core,1.8867924528301887
