status,intersection
Core,4.691358024691358
Non-core,2.380952380952381
