status,intersection
Core,5.9405940594059405
Non-core,4.3478260869565215
