status,intersection
Core,2.2988505747126435
Non-core,1.2578616352201257
