status,intersection
Core,10.714285714285714
Non-core,22.22222222222222
