status,intersection
Core,6.912442396313364
Non-core,5.785123966942149
