status,intersection
Core,10.75268817204301
Non-core,4.545454545454546
