status,intersection
Core,2.2222222222222223
Non-core,7.142857142857143
