status,intersection
Core,8.571428571428571
Non-core,10.344827586206897
