status,intersection
Core,2.6881720430107525
Non-core,2.479338842975207
