status,intersection
Core,2.8795811518324608
Non-core,2.0491803278688523
