status,intersection
Core,3.867403314917127
Non-core,3.508771929824561
