status,intersection
Core,5.797101449275362
Non-core,4.109589041095891
