status,intersection
Core,4.8076923076923075
Non-core,1.7543859649122806
