status,intersection
Core,1.1904761904761905
Non-core,1.8518518518518519
