status,intersection
Core,3.6036036036036037
Non-core,3.076923076923077
