status,intersection
Core,7.339449541284404
Non-core,9.090909090909092
