status,intersection
Core,8.13953488372093
Non-core,13.157894736842104
