status,intersection
Core,4.166666666666667
Non-core,1.8691588785046729
