status,intersection
Core,6.796116504854369
Non-core,0.7874015748031497
