status,intersection
Core,3.3333333333333335
Non-core,1.075268817204301
