status,intersection
Core,3.543307086614173
Non-core,1.8518518518518519
