status,intersection
Core,8.620689655172415
Non-core,10.714285714285714
