status,intersection
Core,5.066666666666666
Non-core,2.2388059701492535
