status,intersection
Core,6.410256410256411
Non-core,2.4390243902439024
