status,intersection
Core,1.8633540372670807
Non-core,1.9607843137254901
