status,intersection
Core,2.1604938271604937
Non-core,0.4716981132075472
