status,intersection
Core,1.4462809917355373
Non-core,0.5602240896358543
