status,intersection
Core,3.111111111111111
Non-core,0.6060606060606061
