status,intersection
Core,2.5380710659898478
Non-core,0.8264462809917356
