status,intersection
Core,5.660377358490566
Non-core,3.0303030303030303
