status,intersection
Core,1.1111111111111112
Non-core,1.9607843137254901
