status,intersection
Core,1.71990171990172
Non-core,0.7575757575757576
