status,intersection
Core,6.818181818181818
Non-core,3.5714285714285716
