status,intersection
Core,2.112676056338028
Non-core,0.5555555555555556
