status,intersection
Core,4.098360655737705
Non-core,1.36986301369863
