status,intersection
Core,1.5686274509803921
Non-core,0.5882352941176471
