status,intersection
Core,3.669724770642202
Non-core,1.8518518518518519
