status,intersection
Core,2.112676056338028
Non-core,1.0416666666666667
