status,intersection
Core,10.204081632653061
Non-core,4.3478260869565215
