status,intersection
Core,1.6863406408094435
Non-core,0.4424778761061947
