status,intersection
Core,2.816901408450704
Non-core,1.492537313432836
