status,intersection
Core,4.724409448818897
Non-core,1.2345679012345678
