status,intersection
Core,1.3524936601859678
Non-core,0.39421813403416556
