status,intersection
Core,1.02880658436214
Non-core,0.2680965147453083
