status,intersection
Core,7.142857142857143
Non-core,33.333333333333336
