status,intersection
Core,3.3333333333333335
Non-core,1.6666666666666667
