status,intersection
Core,1.098901098901099
Non-core,0.5208333333333334
