status,intersection
Core,1.694915254237288
Non-core,0.9009009009009009
