status,intersection
Core,7.857142857142857
Non-core,8.421052631578947
