status,intersection
Core,10.025062656641603
Non-core,7.0588235294117645
