status,intersection
Core,8.450704225352112
Non-core,5.660377358490566
