status,intersection
Core,8.549222797927461
Non-core,5.813953488372093
