status,intersection
Core,5.345911949685535
Non-core,4.4534412955465585
