status,intersection
Core,9.183673469387756
Non-core,8.661417322834646
