status,intersection
Core,10.687022900763358
Non-core,8.641975308641975
