status,intersection
Core,9.23076923076923
Non-core,10.071942446043165
