status,intersection
Core,1.4749262536873156
Non-core,1.7937219730941705
