status,intersection
Core,11.751152073732719
Non-core,10.06711409395973
