status,intersection
Core,14.960629921259843
Non-core,11.11111111111111
