status,intersection
Core,7.1146245059288535
Non-core,5.913978494623656
