status,intersection
Core,6.049822064056939
Non-core,5.978260869565218
