status,intersection
Core,6.598984771573604
Non-core,6.363636363636363
