status,intersection
Core,6.923076923076923
Non-core,4.761904761904762
