status,intersection
Core,1.1494252873563218
Non-core,0.847457627118644
