status,intersection
Core,8.174386920980927
Non-core,6.938775510204081
