status,intersection
Core,0.8287292817679558
Non-core,1.1952191235059761
