status,intersection
Core,7.105263157894737
Non-core,4.651162790697675
