status,intersection
Core,13.392857142857142
Non-core,15.277777777777779
