status,intersection
Core,8.461538461538462
Non-core,12.121212121212121
