status,intersection
Core,2.6315789473684212
Non-core,1.7543859649122806
