status,intersection
Core,1.4033264033264032
Non-core,1.075268817204301
