status,intersection
Core,6.451612903225806
Non-core,7.352941176470588
