status,intersection
Core,11.688311688311689
Non-core,9.727626459143968
