status,intersection
Core,12.050739957716702
Non-core,9.32475884244373
