status,intersection
Core,6.798866855524079
Non-core,5.194805194805195
