status,intersection
Core,2.421129860601614
Non-core,1.899335232668566
