status,intersection
Core,1.704966641957005
Non-core,1.3461538461538463
