status,intersection
Core,4.895104895104895
Non-core,4.9504950495049505
