status,intersection
Core,6.976744186046512
Non-core,7.2727272727272725
