status,intersection
Core,6.741573033707865
Non-core,5.847953216374269
