status,intersection
Core,6.134969325153374
Non-core,6.0344827586206895
