status,intersection
Core,2.3017902813299234
Non-core,1.8518518518518519
