status,intersection
Core,12.428571428571429
Non-core,10.826771653543307
