status,intersection
Core,4.176334106728539
Non-core,4.237288135593221
