status,intersection
Core,4.011461318051576
Non-core,2.9411764705882355
