status,intersection
Core,6.287425149700598
Non-core,6.511627906976744
