status,intersection
Core,12.931034482758621
Non-core,14.492753623188406
