status,intersection
Core,8.551068883610451
Non-core,7.168458781362007
