status,intersection
Core,9.049773755656108
Non-core,7.638888888888889
