status,intersection
Core,7.317073170731708
Non-core,9.574468085106384
