status,intersection
Core,7.100591715976331
Non-core,7.142857142857143
