status,intersection
Core,3.1630170316301705
Non-core,2.7874564459930316
