status,intersection
Core,6.666666666666667
Non-core,8.860759493670885
