status,intersection
Core,0.2881844380403458
Non-core,0.423728813559322
