status,intersection
Core,7.777777777777778
Non-core,7.547169811320755
