status,intersection
Core,11.797752808988765
Non-core,10.548523206751055
