status,intersection
Core,5.509641873278237
Non-core,6.0344827586206895
