status,intersection
Core,8.378378378378379
Non-core,7.053941908713693
