status,intersection
Core,13.698630136986301
Non-core,15.217391304347826
