status,intersection
Core,7.906976744186046
Non-core,7.3426573426573425
