status,intersection
Core,0.2915451895043732
Non-core,0.43103448275862066
