status,intersection
Core,3.9603960396039604
Non-core,2.5316455696202533
