status,intersection
Core,7.495429616087751
Non-core,6.218905472636816
