status,intersection
Core,7.782101167315175
Non-core,8.227848101265822
