status,intersection
Core,7.654320987654321
Non-core,4.074074074074074
