status,intersection
Core,12.380952380952381
Non-core,10.144927536231885
