status,intersection
Core,5.617977528089888
Non-core,3.6363636363636362
