status,intersection
Core,6.60377358490566
Non-core,8.823529411764707
