status,intersection
Core,6.106870229007634
Non-core,5.681818181818182
