status,intersection
Core,6.504065040650406
Non-core,8.219178082191782
