status,intersection
Core,14.01985111662531
Non-core,11.074380165289256
