status,intersection
Core,6.1946902654867255
Non-core,5.69620253164557
