status,intersection
Core,9.649122807017545
Non-core,6.944444444444445
