status,intersection
Core,8.484848484848484
Non-core,8.870967741935484
