status,intersection
Core,14.187643020594965
Non-core,11.183144246353322
