status,intersection
Core,8.142493638676845
Non-core,5.7915057915057915
