status,intersection
Core,3.902439024390244
Non-core,3.1847133757961785
