status,intersection
Core,2.865329512893983
Non-core,1.3215859030837005
