status,intersection
Core,1.971830985915493
Non-core,1.639344262295082
