status,intersection
Core,4.054054054054054
Non-core,1.7857142857142858
