status,intersection
Core,2.1333333333333333
Non-core,1.9083969465648856
