status,intersection
Core,1.404494382022472
Non-core,1.639344262295082
