status,intersection
Core,0.8900523560209425
Non-core,0.6373486297004461
