status,intersection
Core,4.100227790432802
Non-core,3.225806451612903
