status,intersection
Core,8.474576271186441
Non-core,10.447761194029852
