status,intersection
Core,8.928571428571429
Non-core,7.936507936507937
