status,intersection
Core,12.804878048780488
Non-core,10.619469026548673
