status,intersection
Core,12.068965517241379
Non-core,8.950617283950617
