status,intersection
Core,4.716981132075472
Non-core,8.064516129032258
