status,intersection
Core,1.7241379310344827
Non-core,1.7391304347826086
