status,intersection
Core,5.963302752293578
Non-core,5.343511450381679
