status,intersection
Core,1.9021739130434783
Non-core,2.3529411764705883
