status,intersection
Core,16.901408450704224
Non-core,14.893617021276595
