status,intersection
Core,7.514450867052023
Non-core,7.258064516129032
