status,intersection
Core,8.13953488372093
Non-core,7.6923076923076925
