status,intersection
Core,10.526315789473685
Non-core,11.267605633802816
