status,intersection
Core,5.769230769230769
Non-core,11.538461538461538
