status,intersection
Core,3.30188679245283
Non-core,4.137931034482759
