status,intersection
Core,5.325443786982248
Non-core,5.508474576271187
