status,intersection
Core,9.560723514211887
Non-core,8.812260536398467
