status,intersection
Core,2.9239766081871346
Non-core,0.8888888888888888
