status,intersection
Core,4.30379746835443
Non-core,3.8062283737024223
