status,intersection
Core,2.077151335311573
Non-core,1.345291479820628
