status,intersection
Core,5.026455026455026
Non-core,2.7237354085603114
