status,intersection
Core,5.727923627684964
Non-core,6.428571428571429
