status,intersection
Core,11.01123595505618
Non-core,7.167235494880546
