status,intersection
Core,11.888111888111888
Non-core,12.222222222222221
