status,intersection
Core,6.7164179104477615
Non-core,4.938271604938271
