status,intersection
Core,5.147058823529412
Non-core,4.854368932038835
