status,intersection
Core,11.79245283018868
Non-core,9.285714285714286
