status,intersection
Core,8.035714285714286
Non-core,8.450704225352112
