status,intersection
Core,4.651162790697675
Non-core,3.0837004405286343
