status,intersection
Core,10.15625
Non-core,10.714285714285714
