status,intersection
Core,10.69182389937107
Non-core,9.900990099009901
