status,intersection
Core,4.62962962962963
Non-core,4.310344827586207
