status,intersection
Core,4.296875
Non-core,3.2663316582914574
