status,intersection
Core,7.906976744186046
Non-core,8.955223880597014
