status,intersection
Core,7.368421052631579
Non-core,5.2631578947368425
