status,intersection
Core,5.070422535211268
Non-core,4.329004329004329
