status,intersection
Core,7.103825136612022
Non-core,7.4766355140186915
