status,intersection
Core,9.947643979057592
Non-core,11.818181818181818
