status,intersection
Core,15.238095238095237
Non-core,14.285714285714286
