status,intersection
Core,7.608695652173913
Non-core,6.923076923076923
