status,intersection
Core,6.474820143884892
Non-core,8.536585365853659
