status,intersection
Core,6.284153005464481
Non-core,5.349794238683128
