status,intersection
Core,6.470588235294118
Non-core,6.0606060606060606
