status,intersection
Core,4.9046321525885554
Non-core,2.0491803278688523
