status,intersection
Core,8.24742268041237
Non-core,7.604562737642586
