status,intersection
Core,9.25925925925926
Non-core,7.569721115537849
