status,intersection
Core,9.352517985611511
Non-core,11.11111111111111
