status,intersection
Core,8.391608391608392
Non-core,7.6923076923076925
