status,intersection
Core,5.47945205479452
Non-core,5.583756345177665
