status,intersection
Core,10.216110019646365
Non-core,8.959537572254336
