status,intersection
Core,4.615384615384615
Non-core,4.49438202247191
