status,intersection
Core,2.9940119760479043
Non-core,2.2522522522522523
