status,intersection
Core,7.534246575342466
Non-core,8.602150537634408
