status,intersection
Core,8.478802992518704
Non-core,5.185185185185185
