status,intersection
Core,6.870229007633588
Non-core,4.444444444444445
