status,intersection
Core,4.5584045584045585
Non-core,1.7621145374449338
