status,intersection
Core,6.293706293706293
Non-core,9.090909090909092
