status,intersection
Core,9.420289855072463
Non-core,7.746478873239437
