status,intersection
Core,6.796116504854369
Non-core,7.6923076923076925
