status,intersection
Core,5.063291139240507
Non-core,2.2222222222222223
