status,intersection
Core,13.658536585365853
Non-core,15.151515151515152
