status,intersection
Core,6.81265206812652
Non-core,6.620209059233449
