status,intersection
Core,10.049019607843137
Non-core,7.773851590106007
