status,intersection
Core,2.112676056338028
Non-core,3.3707865168539324
