status,intersection
Core,5.1194539249146755
Non-core,3.8793103448275863
