status,intersection
Core,3.5555555555555554
Non-core,4.477611940298507
