status,intersection
Core,9.718670076726342
Non-core,7.0588235294117645
