status,intersection
Core,2.1630615640599
Non-core,1.7738359201773837
