status,intersection
Core,4.603580562659847
Non-core,3.3333333333333335
