status,intersection
Core,1.4285714285714286
Non-core,0.7092198581560284
