status,intersection
Core,10.176991150442477
Non-core,9.859154929577464
