status,intersection
Core,6.147540983606557
Non-core,6.5359477124183005
