status,intersection
Core,1.9943019943019944
Non-core,2.100840336134454
