status,intersection
Core,10.256410256410257
Non-core,8.51063829787234
