status,intersection
Core,6.332453825857519
Non-core,4.508196721311475
