status,intersection
Core,3.1553398058252426
Non-core,3.65296803652968
