status,intersection
Core,6.650246305418719
Non-core,5.629139072847682
