status,intersection
Core,2.9702970297029703
Non-core,2.816901408450704
