status,intersection
Core,2.785515320334262
Non-core,2.5316455696202533
