status,intersection
Core,9.395973154362416
Non-core,8.16326530612245
