status,intersection
Core,11.510791366906474
Non-core,11.11111111111111
