status,intersection
Core,3.3707865168539324
Non-core,1.492537313432836
