status,intersection
Core,2.0714655618850335
Non-core,1.385390428211587
