status,intersection
Core,2.9702970297029703
Non-core,2.4691358024691357
