status,intersection
Core,8.375634517766498
Non-core,6.415094339622642
