status,intersection
Core,1.146131805157593
Non-core,0.42735042735042733
