status,intersection
Core,1.8617021276595744
Non-core,1.550387596899225
