status,intersection
Core,15.037593984962406
Non-core,13.793103448275861
