status,intersection
Core,5.15695067264574
Non-core,4.878048780487805
