status,intersection
Core,5.0691244239631335
Non-core,3.5714285714285716
