status,intersection
Core,7.446808510638298
Non-core,7.2727272727272725
