status,intersection
Core,3.6082474226804124
Non-core,4.166666666666667
