status,intersection
Core,10.050251256281408
Non-core,6.614785992217898
