status,intersection
Core,5.633802816901408
Non-core,5.769230769230769
