status,intersection
Core,4.337349397590361
Non-core,4.029304029304029
