status,intersection
Core,4.947916666666667
Non-core,3.488372093023256
