status,intersection
Core,2.9411764705882355
Non-core,2.690582959641256
