status,intersection
Core,0.28735632183908044
Non-core,0.4219409282700422
