status,intersection
Core,6.382978723404255
Non-core,5.349794238683128
