status,intersection
Core,2.0100502512562812
Non-core,1.5584415584415585
