status,intersection
Core,5.58659217877095
Non-core,5.555555555555555
