status,intersection
Core,1.7291066282420748
Non-core,1.694915254237288
