status,intersection
Core,3.7837837837837838
Non-core,3.816793893129771
