status,intersection
Core,11.02514506769826
Non-core,6.887052341597796
