status,intersection
Core,6.569343065693431
Non-core,5.415162454873646
