status,intersection
Core,10.245901639344263
Non-core,8.024691358024691
