status,intersection
Core,3.1578947368421053
Non-core,3.6144578313253013
