status,intersection
Core,4.705882352941177
Non-core,1.492537313432836
