status,intersection
Core,5.21978021978022
Non-core,4.508196721311475
