status,intersection
Core,1.1494252873563218
Non-core,1.6666666666666667
