status,intersection
Core,14.008620689655173
Non-core,11.03896103896104
