status,intersection
Core,9.900990099009901
Non-core,8.270676691729323
