status,intersection
Core,5.164319248826291
Non-core,5.714285714285714
