status,intersection
Core,8.25242718446602
Non-core,6.722689075630252
