status,intersection
Core,7.945205479452055
Non-core,5.416666666666667
