status,intersection
Core,1.982651796778191
Non-core,1.9900497512437811
