status,intersection
Core,3.2448377581120944
Non-core,4.054054054054054
