status,intersection
Core,8.552631578947368
Non-core,9.30232558139535
