status,intersection
Core,12.280701754385966
Non-core,8.571428571428571
