status,intersection
Core,10.787671232876713
Non-core,8.564231738035264
