status,intersection
Core,6.0606060606060606
Non-core,4.680851063829787
