status,intersection
Core,0.8595988538681948
Non-core,1.2605042016806722
