status,intersection
Core,8.441558441558442
Non-core,9.615384615384615
