status,intersection
Core,6.617647058823529
Non-core,4.705882352941177
