status,intersection
Core,9.62566844919786
Non-core,9.23076923076923
