status,intersection
Core,12.155963302752294
Non-core,11.627906976744185
