status,intersection
Core,6.1946902654867255
Non-core,6.4935064935064934
