status,intersection
Core,18.46435100548446
Non-core,15.113350125944585
