status,intersection
Core,10.465116279069768
Non-core,11.538461538461538
