status,intersection
Core,18.085106382978722
Non-core,15.544041450777202
