status,intersection
Core,7.792207792207792
Non-core,7.2727272727272725
