status,intersection
Core,2.985074626865672
Non-core,4.819277108433735
