status,intersection
Core,4.610951008645533
Non-core,4.526748971193416
