status,intersection
Core,4.610951008645533
Non-core,4.405286343612334
