status,intersection
Core,10.858585858585858
Non-core,8.846153846153847
