status,intersection
Core,7.793718495540907
Non-core,5.329008341056534
