status,intersection
Core,4.273504273504273
Non-core,4.597701149425287
