status,intersection
Core,6.521739130434782
Non-core,8.51063829787234
