status,intersection
Core,4.776119402985074
Non-core,3.629032258064516
