status,intersection
Core,3.6666666666666665
Non-core,3.3816425120772946
