status,intersection
Core,8.235294117647058
Non-core,7.2727272727272725
