status,intersection
Core,5.5813953488372094
Non-core,5.517241379310345
