status,intersection
Core,6.7164179104477615
Non-core,8.333333333333334
