status,intersection
Core,3.380281690140845
Non-core,3.361344537815126
