status,intersection
Core,10.833333333333334
Non-core,12.32876712328767
