status,intersection
Core,11.214953271028037
Non-core,12.121212121212121
