status,intersection
Core,9.411764705882353
Non-core,10.679611650485437
