status,intersection
Core,5.185185185185185
Non-core,3.9215686274509802
