status,intersection
Core,5.8679706601467
Non-core,4.642857142857143
