status,intersection
Core,8.470588235294118
Non-core,6.779661016949152
