status,intersection
Core,8.831168831168831
Non-core,6.896551724137931
