status,intersection
Core,15.671641791044776
Non-core,10.843373493975903
