status,intersection
Core,7.7272727272727275
Non-core,6.802721088435374
