status,intersection
Core,4.193548387096774
Non-core,3.586497890295359
