status,intersection
Core,8.994708994708995
Non-core,7.801418439716312
