status,intersection
Core,10.39671682626539
Non-core,8.424908424908425
