status,intersection
Core,1.7241379310344827
Non-core,0.9569377990430622
