status,intersection
Core,4.232804232804233
Non-core,4.201680672268908
