status,intersection
Core,14.184397163120567
Non-core,14.130434782608695
