status,intersection
Core,10.165016501650165
Non-core,7.271171941830625
