status,intersection
Core,7.41687979539642
Non-core,4.562737642585551
