status,intersection
Core,7.079646017699115
Non-core,5.47945205479452
