status,intersection
Core,8.51063829787234
Non-core,5.357142857142857
