status,intersection
Core,5.747126436781609
Non-core,3.9130434782608696
