status,intersection
Core,3.389830508474576
Non-core,5.2631578947368425
