status,intersection
Core,7.627118644067797
Non-core,7.6923076923076925
