status,intersection
Core,10.476190476190476
Non-core,10.294117647058824
