status,intersection
Core,4.444444444444445
Non-core,4.065040650406504
