status,intersection
Core,3.611111111111111
Non-core,1.7467248908296944
