status,intersection
Core,7.053941908713693
Non-core,8.461538461538462
