status,intersection
Core,9.45945945945946
Non-core,7.547169811320755
