status,intersection
Core,4.970760233918129
Non-core,4.405286343612334
