status,intersection
Core,7.865168539325842
Non-core,6.302521008403361
