status,intersection
Core,9.03225806451613
Non-core,10.989010989010989
