status,intersection
Core,9.770114942528735
Non-core,8.928571428571429
