status,intersection
Core,3.278688524590164
Non-core,2.766798418972332
