status,intersection
Core,4.034582132564841
Non-core,3.8461538461538463
