status,intersection
Core,8.408408408408409
Non-core,6.048387096774194
