status,intersection
Core,11.89873417721519
Non-core,8.461538461538462
