status,intersection
Core,5.220883534136546
Non-core,5.590062111801243
