status,intersection
Core,0.8849557522123894
Non-core,0.43859649122807015
