status,intersection
Core,10.609480812641083
Non-core,8.305647840531561
