status,intersection
Core,5.818181818181818
Non-core,6.145251396648045
