status,intersection
Core,8.181818181818182
Non-core,11.666666666666666
