status,intersection
Core,12.6232741617357
Non-core,10.588235294117647
