status,intersection
Core,1.4450867052023122
Non-core,1.2820512820512822
