status,intersection
Core,7.124010554089709
Non-core,5.447470817120623
