status,intersection
Core,7.28476821192053
Non-core,8.035714285714286
