status,intersection
Core,0.9523809523809523
Non-core,1.3157894736842106
