status,intersection
Core,8.391608391608392
Non-core,8.641975308641975
