status,intersection
Core,4.278074866310161
Non-core,3.361344537815126
