status,intersection
Core,18.51851851851852
Non-core,19.35483870967742
