status,intersection
Core,8.620689655172415
Non-core,8.571428571428571
