status,intersection
Core,5.897435897435898
Non-core,4.49438202247191
