status,intersection
Core,12.88782816229117
Non-core,10.583941605839415
