status,intersection
Core,6.832298136645963
Non-core,8.24742268041237
