status,intersection
Core,8.441558441558442
Non-core,8.108108108108109
