status,intersection
Core,4.891304347826087
Non-core,5.825242718446602
