status,intersection
Core,14.736842105263158
Non-core,12.419700214132762
