status,intersection
Core,2.2284122562674096
Non-core,2.032520325203252
