status,intersection
Core,8.775510204081632
Non-core,6.832298136645963
