status,intersection
Core,6.086956521739131
Non-core,3.8461538461538463
