status,intersection
Core,8.333333333333334
Non-core,9.411764705882353
