status,intersection
Core,13.432835820895523
Non-core,11.428571428571429
