status,intersection
Core,9.192200557103064
Non-core,7.142857142857143
