status,intersection
Core,7.216494845360825
Non-core,7.017543859649122
