status,intersection
Core,3.508771929824561
Non-core,3.597122302158273
