status,intersection
Core,12.448979591836734
Non-core,10.693641618497109
