status,intersection
Core,6.422018348623853
Non-core,7.6923076923076925
