status,intersection
Core,6.424581005586592
Non-core,3.8135593220338984
