status,intersection
Core,8.487804878048781
Non-core,5.955926146515783
