status,intersection
Core,18.128654970760234
Non-core,13.675213675213675
