status,intersection
Core,3.0884808013355594
Non-core,2.842377260981912
