status,intersection
Core,6.388888888888889
Non-core,6.827309236947791
