status,intersection
Core,5.747126436781609
Non-core,3.225806451612903
