status,intersection
Core,5.238095238095238
Non-core,6.2015503875969
