status,intersection
Core,2.2408963585434174
Non-core,2.0833333333333335
