status,intersection
Core,4.504504504504505
Non-core,4.938271604938271
