status,intersection
Core,11.363636363636363
Non-core,9.473684210526315
