status,intersection
Core,4.314720812182741
Non-core,4.166666666666667
