status,intersection
Core,7.960199004975125
Non-core,9.401709401709402
