status,intersection
Core,2.9411764705882355
Non-core,3.103448275862069
