status,intersection
Core,1.7094017094017093
Non-core,1.2195121951219512
