status,intersection
Core,5.3156146179401995
Non-core,3.111111111111111
