status,intersection
Core,14.692982456140351
Non-core,14.098360655737705
