status,intersection
Core,2.7649769585253456
Non-core,1.3245033112582782
