status,intersection
Core,6.772908366533865
Non-core,4.761904761904762
