status,intersection
Core,1.1799410029498525
Non-core,0.9009009009009009
