status,intersection
Core,11.827956989247312
Non-core,12.307692307692308
