status,intersection
Core,9.555555555555555
Non-core,9.003215434083602
