status,intersection
Core,2.662721893491124
Non-core,1.8018018018018018
