status,intersection
Core,2.535211267605634
Non-core,2.8688524590163933
