status,intersection
Core,2.6666666666666665
Non-core,1.8181818181818181
