status,intersection
Core,11.594202898550725
Non-core,11.363636363636363
