status,intersection
Core,2.186588921282799
Non-core,1.8867924528301887
