status,intersection
Core,8.633093525179856
Non-core,9.210526315789474
