status,intersection
Core,8.666666666666666
Non-core,8.737864077669903
