status,intersection
Core,6.569343065693431
Non-core,4.49438202247191
