status,intersection
Core,6.122448979591836
Non-core,5.836575875486381
