status,intersection
Core,6.885245901639344
Non-core,5.445544554455446
