status,intersection
Core,11.208791208791208
Non-core,8.754208754208754
