status,intersection
Core,7.003891050583658
Non-core,4.639175257731959
