status,intersection
Core,8.9171974522293
Non-core,9.195402298850574
