status,intersection
Core,8.737864077669903
Non-core,9.01639344262295
