status,intersection
Core,5.833333333333333
Non-core,5.681818181818182
