status,intersection
Core,6.779661016949152
Non-core,8.571428571428571
