status,intersection
Core,10.185185185185185
Non-core,7.352941176470588
