status,intersection
Core,5.762711864406779
Non-core,5.633802816901408
