status,intersection
Core,7.2368421052631575
Non-core,7.6923076923076925
