status,intersection
Core,5.459770114942529
Non-core,6.0606060606060606
