status,intersection
Core,7.929515418502203
Non-core,6.818181818181818
