status,intersection
Core,8.75912408759124
Non-core,8.974358974358974
