status,intersection
Core,13.186813186813186
Non-core,11.290322580645162
