status,intersection
Core,9.975062344139651
Non-core,8.88888888888889
