status,intersection
Core,6.521739130434782
Non-core,5.9880239520958085
