status,intersection
Core,8.193277310924369
Non-core,7.619047619047619
