status,intersection
Core,6.7114093959731544
Non-core,7.253886010362694
