status,intersection
Core,12.224108658743633
Non-core,10.628019323671497
