status,intersection
Core,5.835543766578249
Non-core,4.938271604938271
