status,intersection
Core,10.655737704918034
Non-core,11.39240506329114
