status,intersection
Core,1.146131805157593
Non-core,1.2605042016806722
