status,intersection
Core,9.401709401709402
Non-core,10.273972602739725
