status,intersection
Core,3.0985915492957745
Non-core,3.361344537815126
