status,intersection
Core,5.084745762711864
Non-core,2.978723404255319
