status,intersection
Core,1.6129032258064515
Non-core,2.3255813953488373
