status,intersection
Core,2.0114942528735633
Non-core,1.694915254237288
