status,intersection
Core,4.712041884816754
Non-core,5.2631578947368425
