status,intersection
Core,10.236220472440944
Non-core,11.494252873563218
