status,intersection
Core,6.763285024154589
Non-core,5.555555555555555
