status,intersection
Core,6.970509383378016
Non-core,5.691056910569106
