status,intersection
Core,7.5675675675675675
Non-core,6.557377049180328
