status,intersection
Core,9.411764705882353
Non-core,10.169491525423728
