status,intersection
Core,7.100591715976331
Non-core,4.878048780487805
