status,intersection
Core,10.225303292894282
Non-core,10.126582278481013
