status,intersection
Core,6.0109289617486334
Non-core,6.1946902654867255
