status,intersection
Core,8.433734939759036
Non-core,9.25925925925926
