status,intersection
Core,4.166666666666667
Non-core,3.696098562628337
