status,intersection
Core,1.4970059880239521
Non-core,0.9049773755656109
