status,intersection
Core,7.739938080495356
Non-core,7.6923076923076925
