status,intersection
Core,7.333333333333333
Non-core,6.930693069306931
