status,intersection
Core,9.74477958236659
Non-core,7.718120805369128
