status,intersection
Core,4.245283018867925
Non-core,4.45859872611465
