status,intersection
Core,5.016722408026756
Non-core,4.9504950495049505
