status,intersection
Core,5.017921146953405
Non-core,5.154639175257732
