status,intersection
Core,5.925925925925926
Non-core,2.127659574468085
