status,intersection
Core,5.365853658536586
Non-core,7.575757575757576
