status,intersection
Core,1.2121212121212122
Non-core,1.9801980198019802
