status,intersection
Core,11.931818181818182
Non-core,10.169491525423728
