status,intersection
Core,4.534005037783375
Non-core,3.9634146341463414
