status,intersection
Core,8.536585365853659
Non-core,7.526881720430108
