status,intersection
Core,3.952569169960474
Non-core,4.419889502762431
