status,intersection
Core,1.0050251256281406
Non-core,0.6289308176100629
