status,intersection
Core,2.347417840375587
Non-core,1.744186046511628
