status,intersection
Core,8.25242718446602
Non-core,6.8493150684931505
