status,intersection
Core,0.8130081300813008
Non-core,0.27100271002710025
