status,intersection
Core,13.422818791946309
Non-core,9.821428571428571
