status,intersection
Core,2.579666160849772
Non-core,2.4539877300613497
