status,intersection
Core,8.284023668639053
Non-core,10.091743119266056
