status,intersection
Core,3.4334763948497855
Non-core,1.1235955056179776
