status,intersection
Core,0.8746355685131195
Non-core,0.8620689655172413
