status,intersection
Core,10.483870967741936
Non-core,8.235294117647058
