status,intersection
Core,5.921052631578948
Non-core,5.607476635514018
