status,intersection
Core,3.7313432835820897
Non-core,2.3255813953488373
