status,intersection
Core,3.6144578313253013
Non-core,1.4285714285714286
