status,intersection
Core,4.57516339869281
Non-core,3.389830508474576
