status,intersection
Core,9.352517985611511
Non-core,10.638297872340425
