status,intersection
Core,5.617977528089888
Non-core,2.5906735751295336
