status,intersection
Core,5.73042776432607
Non-core,5.385556915544676
