status,intersection
Core,13.793103448275861
Non-core,17.142857142857142
