status,intersection
Core,3.6842105263157894
Non-core,3.3707865168539324
