status,intersection
Core,5.639097744360902
Non-core,5.681818181818182
