status,intersection
Core,0.5221932114882507
Non-core,0.7117437722419929
