status,intersection
Core,6.467661691542289
Non-core,7.633587786259542
