status,intersection
Core,7.462686567164179
Non-core,8.421052631578947
