status,intersection
Core,6.410256410256411
Non-core,5.769230769230769
