status,intersection
Core,6.030150753768845
Non-core,6.204379562043796
