status,intersection
Core,2.6315789473684212
Non-core,4.166666666666667
