status,intersection
Core,4.895104895104895
Non-core,4.901960784313726
