status,intersection
Core,3.6101083032490973
Non-core,1.4018691588785046
