status,intersection
Core,10.880829015544041
Non-core,9.352517985611511
