status,intersection
Core,8.185053380782918
Non-core,7.853403141361256
