status,intersection
Core,2.9411764705882355
Non-core,3.8461538461538463
