status,intersection
Core,5.384615384615385
Non-core,3.7037037037037037
