status,intersection
Core,4.656319290465632
Non-core,3.869047619047619
