status,intersection
Core,4.2105263157894735
Non-core,5.769230769230769
