status,intersection
Core,12.977099236641221
Non-core,17.80821917808219
