status,intersection
Core,1.8115942028985508
Non-core,1.7857142857142858
