status,intersection
Core,3.7974683544303796
Non-core,5.769230769230769
