status,intersection
Core,4.733727810650888
Non-core,4.230769230769231
