status,intersection
Core,2.4946543121881684
Non-core,1.4692378328741964
