status,intersection
Core,4.395604395604396
Non-core,1.6129032258064515
