status,intersection
Core,4.785894206549118
Non-core,4.966887417218543
