status,intersection
Core,3.977272727272727
Non-core,2.681992337164751
