status,intersection
Core,4.666666666666667
Non-core,4.166666666666667
