status,intersection
Core,6.418918918918919
Non-core,5.726872246696035
