status,intersection
Core,0.9049773755656109
Non-core,1.4814814814814814
