status,intersection
Core,7.446808510638298
Non-core,5.9405940594059405
