status,intersection
Core,4.411764705882353
Non-core,1.834862385321101
