status,intersection
Core,6.428571428571429
Non-core,5.714285714285714
