status,intersection
Core,4.4186046511627906
Non-core,4.577464788732394
