status,intersection
Core,1.4184397163120568
Non-core,2.2988505747126435
