status,intersection
Core,9.866666666666667
Non-core,8.24742268041237
