status,intersection
Core,5.236907730673317
Non-core,6.115107913669065
