status,intersection
Core,2.255639097744361
Non-core,2.9411764705882355
