status,intersection
Core,6.746031746031746
Non-core,6.097560975609756
