status,intersection
Core,6.989247311827957
Non-core,6.6115702479338845
