status,intersection
Core,9.25925925925926
Non-core,10.218978102189782
