status,intersection
Core,2.464788732394366
Non-core,1.7241379310344827
