status,intersection
Core,7.417582417582418
Non-core,6.172839506172839
