status,intersection
Core,0.62402496099844
Non-core,0.21008403361344538
