status,intersection
Core,4.780876494023905
Non-core,4.481792717086835
