status,intersection
Core,5.487804878048781
Non-core,5.691056910569106
