status,intersection
Core,6.161137440758294
Non-core,6.040268456375839
