status,intersection
Core,2.150537634408602
Non-core,2.5316455696202533
