status,intersection
Core,6.329113924050633
Non-core,5.833333333333333
