status,intersection
Core,6.746987951807229
Non-core,5.993690851735016
