status,intersection
Core,3.7542662116040955
Non-core,4.060913705583756
