status,intersection
Core,2.2388059701492535
Non-core,2.04778156996587
