status,intersection
Core,5.612244897959184
Non-core,5.673758865248227
