status,intersection
Core,5.434782608695652
Non-core,1.5384615384615385
