status,intersection
Core,8.857808857808857
Non-core,7.119741100323624
