status,intersection
Core,4.405286343612334
Non-core,3.4482758620689653
