status,intersection
Core,3.1884057971014492
Non-core,3.4334763948497855
