status,intersection
Core,1.4326647564469914
Non-core,1.3840830449826989
