status,intersection
Core,4.761904761904762
Non-core,2.6666666666666665
