status,intersection
Core,5.590062111801243
Non-core,4.132231404958677
