status,intersection
Core,6.164383561643835
Non-core,4.651162790697675
