status,intersection
Core,8.088235294117647
Non-core,7.046979865771812
