status,intersection
Core,7.818930041152264
Non-core,7.777777777777778
