status,intersection
Core,3.888888888888889
Non-core,4.477611940298507
