status,intersection
Core,7.129455909943715
Non-core,6.940874035989717
