status,intersection
Core,6.7164179104477615
Non-core,6.382978723404255
