status,intersection
Core,2.7681660899653977
Non-core,1.8181818181818181
