status,intersection
Core,3.1496062992125986
Non-core,3.4482758620689653
