status,intersection
Core,1.5151515151515151
Non-core,2.247191011235955
