status,intersection
Core,11.522633744855968
Non-core,9.6045197740113
