status,intersection
Core,9.183673469387756
Non-core,8.474576271186441
