status,intersection
Core,6.140350877192983
Non-core,4.545454545454546
