status,intersection
Core,9.25925925925926
Non-core,11.475409836065573
