status,intersection
Core,2.9475197699496767
Non-core,2.037037037037037
