status,intersection
Core,3.770739064856712
Non-core,2.952755905511811
