status,intersection
Core,7.0552147239263805
Non-core,7.112970711297071
