status,intersection
Core,5.161290322580645
Non-core,4.724409448818897
