status,intersection
Core,8.239700374531836
Non-core,7.82122905027933
