status,intersection
Core,11.18421052631579
Non-core,12.62135922330097
