status,intersection
Core,4.072398190045249
Non-core,3.5502958579881656
