status,intersection
Core,2.5714285714285716
Non-core,2.443991853360489
