status,intersection
Core,1.7391304347826086
Non-core,3.389830508474576
