status,intersection
Core,5.533596837944664
Non-core,7.103825136612022
