status,intersection
Core,4.724409448818897
Non-core,3.883495145631068
