status,intersection
Core,4.712041884816754
Non-core,5.555555555555555
