status,intersection
Core,9.44700460829493
Non-core,9.523809523809524
