status,intersection
Core,2.727272727272727
Non-core,2.3121387283236996
