status,intersection
Core,6.324110671936759
Non-core,5.2356020942408374
