status,intersection
Core,10.95890410958904
Non-core,10.204081632653061
