status,intersection
Core,8.661417322834646
Non-core,8.13953488372093
