status,intersection
Core,3.741496598639456
Non-core,2.6785714285714284
