status,intersection
Core,12.121212121212121
Non-core,11.11111111111111
