status,intersection
Core,6.70391061452514
Non-core,5.426356589147287
