status,intersection
Core,3.0821917808219177
Non-core,3.0837004405286343
