status,intersection
Core,10.185185185185185
Non-core,12.698412698412698
