status,intersection
Core,6.349206349206349
Non-core,7.352941176470588
