status,intersection
Core,5.208333333333333
Non-core,9.090909090909092
