status,intersection
Core,5.208333333333333
Non-core,5.714285714285714
