status,intersection
Core,3.9840637450199203
Non-core,4.571428571428571
