status,intersection
Core,5.528255528255528
Non-core,4.391891891891892
