status,intersection
Core,7.988165680473373
Non-core,6.3559322033898304
