status,intersection
Core,1.0335917312661498
Non-core,1.4184397163120568
