status,intersection
Core,7.885304659498208
Non-core,7.446808510638298
