status,intersection
Core,6.967213114754099
Non-core,5.027932960893855
