status,intersection
Core,5.8441558441558445
Non-core,1.9607843137254901
