status,intersection
Core,7.954545454545454
Non-core,6.744868035190616
