status,intersection
Core,5.809128630705394
Non-core,4.624277456647399
