status,intersection
Core,3.9877300613496933
Non-core,3.5714285714285716
