status,intersection
Core,4.046242774566474
Non-core,3.4965034965034967
