status,intersection
Core,3.6253776435045317
Non-core,3.155818540433925
