status,intersection
Core,7.7134986225895315
Non-core,7.086614173228346
