status,intersection
Core,1.2605042016806722
Non-core,1.1173184357541899
