status,intersection
Core,8.19672131147541
Non-core,7.317073170731708
