status,intersection
Core,6.857142857142857
Non-core,6.299212598425197
