status,intersection
Core,1.845018450184502
Non-core,1.408450704225352
