status,intersection
Core,5.2631578947368425
Non-core,5.194805194805195
