status,intersection
Core,2.0618556701030926
Non-core,3.0303030303030303
