status,intersection
Core,9.852216748768473
Non-core,9.62962962962963
