status,intersection
Core,1.492537313432836
Non-core,1.9047619047619047
