status,intersection
Core,6.936416184971098
Non-core,4.424778761061947
