status,intersection
Core,8.636363636363637
Non-core,8.441558441558442
