status,intersection
Core,3.3057851239669422
Non-core,3.6144578313253013
