status,intersection
Core,4.109589041095891
Non-core,2.808988764044944
