status,intersection
Core,5.755395683453237
Non-core,2.6548672566371683
