status,intersection
Core,0.9174311926605505
Non-core,1.5151515151515151
