status,intersection
Core,10.300429184549357
Non-core,10.96774193548387
