status,intersection
Core,5.3061224489795915
Non-core,4.516129032258065
