status,intersection
Core,3.361344537815126
Non-core,1.3513513513513513
