status,intersection
Core,7.3076923076923075
Non-core,6.5476190476190474
