status,intersection
Core,2.807017543859649
Non-core,2.2831050228310503
