status,intersection
Core,2.9197080291970803
Non-core,1.0869565217391304
