status,intersection
Core,5.932203389830509
Non-core,4.3478260869565215
