status,intersection
Core,6.382978723404255
Non-core,3.225806451612903
