status,intersection
Core,5.251141552511416
Non-core,4.191616766467066
