status,intersection
Core,4.845814977973569
Non-core,3.5502958579881656
