status,intersection
Core,3.5502958579881656
Non-core,3.5242290748898677
