status,intersection
Core,1.408450704225352
Non-core,0.6802721088435374
