status,intersection
Core,0.9975062344139651
Non-core,1.094890510948905
