status,intersection
Core,4.117647058823529
Non-core,4.132231404958677
