status,intersection
Core,2.6578073089700998
Non-core,2.0100502512562812
