status,intersection
Core,5.185185185185185
Non-core,3.6036036036036037
