status,intersection
Core,3.7974683544303796
Non-core,1.694915254237288
