status,intersection
Core,5.655526992287918
Non-core,5.6537102473498235
