status,intersection
Core,14.457831325301205
Non-core,17.857142857142858
