status,intersection
Core,3.361344537815126
Non-core,1.2048192771084338
