status,intersection
Core,5.3061224489795915
Non-core,2.6178010471204187
