status,intersection
Core,2.094240837696335
Non-core,1.7543859649122806
