status,intersection
Core,5.369127516778524
Non-core,7.317073170731708
