status,intersection
Core,5.147058823529412
Non-core,4.49438202247191
