status,intersection
Core,3.56718192627824
Non-core,3.4482758620689653
