status,intersection
Core,4.538087520259319
Non-core,4.444444444444445
