status,intersection
Core,6.481481481481482
Non-core,2.3255813953488373
