status,intersection
Core,6.341463414634147
Non-core,5.594405594405594
