status,intersection
Core,0.7692307692307693
Non-core,1.408450704225352
