status,intersection
Core,11.377245508982035
Non-core,9.836065573770492
