status,intersection
Core,6.694560669456067
Non-core,5.113636363636363
