status,intersection
Core,3.0303030303030303
Non-core,2.0833333333333335
