status,intersection
Core,3.316866619618913
Non-core,2.5339366515837103
