status,intersection
Core,5.839416058394161
Non-core,3.4482758620689653
