status,intersection
Core,4.424778761061947
Non-core,5.2631578947368425
