status,intersection
Core,1.4005602240896358
Non-core,1.486988847583643
