status,intersection
Core,4.132231404958677
Non-core,4.040404040404041
