status,intersection
Core,5.508474576271187
Non-core,6.993006993006993
