status,intersection
Core,4.126984126984127
Non-core,4.524886877828054
