status,intersection
Core,2.9455081001472756
Non-core,2.5641025641025643
