status,intersection
Core,1.7699115044247788
Non-core,0.5405405405405406
