status,intersection
Core,3.3333333333333335
Non-core,2.5641025641025643
