status,intersection
Core,2.4193548387096775
Non-core,1.408450704225352
