status,intersection
Core,1.8726591760299625
Non-core,1.8272425249169435
