status,intersection
Core,3.104575163398693
Non-core,2.3655913978494625
