status,intersection
Core,6.666666666666667
Non-core,7.228915662650603
