status,intersection
Core,2.4489795918367347
Non-core,1.6216216216216217
