status,intersection
Core,2.727272727272727
Non-core,1.3157894736842106
