status,intersection
Core,9.23076923076923
Non-core,12.857142857142858
