status,intersection
Core,1.59798149705635
Non-core,1.5645371577574967
