status,intersection
Core,0.7575757575757576
Non-core,0.9523809523809523
