status,intersection
Core,1.3201320132013201
Non-core,1.2295081967213115
