status,intersection
Core,1.644736842105263
Non-core,1.2295081967213115
