status,intersection
Core,9.696969696969697
Non-core,9.401709401709402
