status,intersection
Core,5.415162454873646
Non-core,3.7037037037037037
