status,intersection
Core,8.270676691729323
Non-core,10.95890410958904
