status,intersection
Core,13.235294117647058
Non-core,14.285714285714286
