status,intersection
Core,3.401360544217687
Non-core,3.3057851239669422
