status,intersection
Core,1.6129032258064515
Non-core,1.9230769230769231
