status,intersection
Core,9.25925925925926
Non-core,8.391608391608392
