status,intersection
Core,0.9852216748768473
Non-core,1.5748031496062993
