status,intersection
Core,7.5376884422110555
Non-core,6.293706293706293
