status,intersection
Core,1.0204081632653061
Non-core,0.9615384615384616
