status,intersection
Core,4.5584045584045585
Non-core,3.745318352059925
