status,intersection
Core,6.882591093117409
Non-core,5.8201058201058204
