status,intersection
Core,9.848484848484848
Non-core,8.108108108108109
