status,intersection
Core,5.498281786941581
Non-core,5.829596412556054
