status,intersection
Core,9.688581314878892
Non-core,8.558558558558559
