status,intersection
Core,1.4705882352941178
Non-core,0.47393364928909953
