status,intersection
Core,3.5143769968051117
Non-core,2.8925619834710745
