status,intersection
Core,0.7692307692307693
Non-core,1.4285714285714286
