status,intersection
Core,5.291005291005291
Non-core,5.072463768115942
