status,intersection
Core,5.118110236220472
Non-core,6.666666666666667
