status,intersection
Core,8.717948717948717
Non-core,7.092198581560283
