status,intersection
Core,5.9760956175298805
Non-core,5.882352941176471
