status,intersection
Core,2.830188679245283
Non-core,1.492537313432836
