status,intersection
Core,9.333333333333334
Non-core,11.11111111111111
