status,intersection
Core,0.6451612903225806
Non-core,1.0204081632653061
