status,intersection
Core,0.2432103769760843
Non-core,0.14513788098693758
