status,intersection
Core,6.586826347305389
Non-core,6.224066390041494
