status,intersection
Core,9.420289855072463
Non-core,8.98876404494382
