status,intersection
Core,6.976744186046512
Non-core,6.557377049180328
