status,intersection
Core,1.8691588785046729
Non-core,1.2345679012345678
