status,intersection
Core,9.210526315789474
Non-core,10.204081632653061
