status,intersection
Core,6.538461538461538
Non-core,5.154639175257732
