status,intersection
Core,5.343511450381679
Non-core,2.8846153846153846
