status,intersection
Core,3.258655804480652
Non-core,3.542234332425068
