status,intersection
Core,2.898550724637681
Non-core,3.508771929824561
