status,intersection
Core,6.140350877192983
Non-core,4.032258064516129
