status,intersection
Core,3.8297872340425534
Non-core,3.488372093023256
