status,intersection
Core,1.048951048951049
Non-core,1.271186440677966
