status,intersection
Core,10.596026490066226
Non-core,11.650485436893204
