status,intersection
Core,6.578947368421052
Non-core,6.918238993710692
