status,intersection
Core,7.913669064748201
Non-core,7.619047619047619
