status,intersection
Core,6.077348066298343
Non-core,8.411214953271028
