status,intersection
Core,6.024096385542169
Non-core,4.081632653061225
