status,intersection
Core,7.583774250440917
Non-core,7.2562358276643995
