status,intersection
Core,1.6304347826086956
Non-core,1.834862385321101
