status,intersection
Core,4.201680672268908
Non-core,2.0202020202020203
