status,intersection
Core,1.2422360248447204
Non-core,1.0204081632653061
