status,intersection
Core,1.2903225806451613
Non-core,1.9607843137254901
