status,intersection
Core,1.8867924528301887
Non-core,2.380952380952381
