status,intersection
Core,10.989010989010989
Non-core,8.035714285714286
