status,intersection
Core,4.310344827586207
Non-core,2.1052631578947367
