status,intersection
Core,7.586206896551724
Non-core,8.411214953271028
