status,intersection
Core,8.088235294117647
Non-core,10.344827586206897
