status,intersection
Core,2.1645021645021645
Non-core,2.1164021164021163
