status,intersection
Core,9.248554913294798
Non-core,8.571428571428571
