status,intersection
Core,3.6101083032490973
Non-core,3.225806451612903
