status,intersection
Core,2.048131080389145
Non-core,1.3681592039800996
