status,intersection
Core,5.569620253164557
Non-core,3.7037037037037037
