status,intersection
Core,6.844106463878327
Non-core,6.310679611650485
