status,intersection
Core,10.416666666666666
Non-core,8.19672131147541
