status,intersection
Core,0.36585365853658536
Non-core,0.1454192922927775
