status,intersection
Core,8.148148148148149
Non-core,6.462585034013605
