status,intersection
Core,1.8181818181818181
Non-core,1.2345679012345678
