status,intersection
Core,6.7073170731707314
Non-core,5.857740585774058
