status,intersection
Core,5.925925925925926
Non-core,4.123711340206185
