status,intersection
Core,2.8846153846153846
Non-core,2.4390243902439024
