status,intersection
Core,8.633093525179856
Non-core,7.619047619047619
