status,intersection
Core,7.4866310160427805
Non-core,7.894736842105263
