status,intersection
Core,7.509881422924901
Non-core,7.065217391304348
