status,intersection
Core,3.7313432835820897
Non-core,1.9230769230769231
