status,intersection
Core,0.8849557522123894
Non-core,1.408450704225352
