status,intersection
Core,6.0200668896321075
Non-core,4.910714285714286
