status,intersection
Core,6.529209621993127
Non-core,5.454545454545454
