status,intersection
Core,3.2051282051282053
Non-core,3.8095238095238093
