status,intersection
Core,9.427609427609427
Non-core,10.050251256281408
