status,intersection
Core,4.790419161676646
Non-core,3.3333333333333335
