status,intersection
Core,1.3029315960912051
Non-core,1.0615711252653928
