status,intersection
Core,5.697445972495088
Non-core,6.0606060606060606
