status,intersection
Core,4.1420118343195265
Non-core,4.958677685950414
