status,intersection
Core,5.54089709762533
Non-core,4.850746268656716
