status,intersection
Core,4.878048780487805
Non-core,6.779661016949152
