status,intersection
Core,5.932203389830509
Non-core,4.49438202247191
