status,intersection
Core,7.762557077625571
Non-core,8.333333333333334
