status,intersection
Core,1.0917913465426607
Non-core,0.8200675349734684
