status,intersection
Core,0.3139717425431711
Non-core,0.19071837253655435
