status,intersection
Core,4.040404040404041
Non-core,3.9473684210526314
