status,intersection
Core,3.7252619324796274
Non-core,3.8461538461538463
