status,intersection
Core,3.1690140845070425
Non-core,2.575107296137339
