status,intersection
Core,0.746268656716418
Non-core,1.2658227848101267
