status,intersection
Core,2.6785714285714284
Non-core,2.2222222222222223
