status,intersection
Core,3.4722222222222223
Non-core,3.669724770642202
