status,intersection
Core,6.7164179104477615
Non-core,5.607476635514018
