status,intersection
Core,2.4154589371980677
Non-core,1.9230769230769231
