status,intersection
Core,4.747774480712166
Non-core,4.032258064516129
