status,intersection
Core,1.3840830449826989
Non-core,0.8438818565400844
