status,intersection
Core,3.9647577092511015
Non-core,3.5460992907801416
