status,intersection
Core,2.7586206896551726
Non-core,4.166666666666667
