status,intersection
Core,4.72972972972973
Non-core,3.3057851239669422
