status,intersection
Core,3.658536585365854
Non-core,3.508771929824561
