status,intersection
Core,10.714285714285714
Non-core,9.574468085106384
