status,intersection
Core,11.188811188811188
Non-core,9.67741935483871
