status,intersection
Core,5.984555984555985
Non-core,5.555555555555555
