status,intersection
Core,6.1946902654867255
Non-core,6.410256410256411
