status,intersection
Core,6.422018348623853
Non-core,5.8441558441558445
