status,intersection
Core,13.559322033898304
Non-core,12.213740458015268
