status,intersection
Core,7.070707070707071
Non-core,6.993006993006993
