status,intersection
Core,9.415584415584416
Non-core,9.401709401709402
