status,intersection
Core,9.565217391304348
Non-core,7.954545454545454
