status,intersection
Core,4.80225988700565
Non-core,4.301075268817204
