status,intersection
Core,4.918032786885246
Non-core,4.830917874396135
