status,intersection
Core,3.076923076923077
Non-core,5.128205128205129
