status,intersection
Core,5.072463768115942
Non-core,3.6036036036036037
