status,intersection
Core,4.191616766467066
Non-core,2.803738317757009
