status,intersection
Core,4.878048780487805
Non-core,3.1847133757961785
