status,intersection
Core,8.839779005524862
Non-core,8.928571428571429
