status,intersection
Core,3.11284046692607
Non-core,3.1088082901554404
