status,intersection
Core,4.032258064516129
Non-core,3.409090909090909
