status,intersection
Core,5.769230769230769
Non-core,5.7894736842105265
