status,intersection
Core,8.074534161490684
Non-core,8.771929824561404
