status,intersection
Core,5.7591623036649215
Non-core,6.428571428571429
