status,intersection
Core,8.19672131147541
Non-core,8.235294117647058
