status,intersection
Core,10.919540229885058
Non-core,11.11111111111111
