status,intersection
Core,4.009433962264151
Non-core,3.004291845493562
