status,intersection
Core,1.1320754716981132
Non-core,0.46511627906976744
