status,intersection
Core,1.7241379310344827
Non-core,1.1494252873563218
