status,intersection
Core,5.3120849933598935
Non-core,4.62962962962963
