status,intersection
Core,9.722222222222221
Non-core,10.204081632653061
