status,intersection
Core,2.3323615160349855
Non-core,1.556420233463035
