status,intersection
Core,8.13953488372093
Non-core,9.433962264150944
