status,intersection
Core,10.074626865671641
Non-core,7.5376884422110555
