status,intersection
Core,0.746268656716418
Non-core,0.4854368932038835
