status,intersection
Core,2.1645021645021645
Non-core,2.0689655172413794
