status,intersection
Core,9.31899641577061
Non-core,9.223300970873787
