status,intersection
Core,3.658536585365854
Non-core,2.1739130434782608
