status,intersection
Core,4.416403785488959
Non-core,4.508196721311475
