status,intersection
Core,2.456140350877193
Non-core,1.7621145374449338
