status,intersection
Core,5.343511450381679
Non-core,4.819277108433735
