status,intersection
Core,6.319702602230484
Non-core,5.590062111801243
