status,intersection
Core,3.9682539682539684
Non-core,4.278074866310161
