status,intersection
Core,7.706093189964157
Non-core,7.311320754716981
