status,intersection
Core,5.295315682281059
Non-core,3.9548022598870056
