status,intersection
Core,6.859205776173285
Non-core,5.405405405405405
