status,intersection
Core,1.0135135135135136
Non-core,1.0309278350515463
