status,intersection
Core,0.4716981132075472
Non-core,0.5847953216374269
