status,intersection
Core,13.095238095238095
Non-core,15.09433962264151
