status,intersection
Core,4.291845493562231
Non-core,3.468208092485549
