status,intersection
Core,6.4638783269961975
Non-core,4.591836734693878
