status,intersection
Core,6.970509383378016
Non-core,5.992509363295881
