status,intersection
Core,1.8018018018018018
Non-core,1.2345679012345678
