status,intersection
Core,2.962962962962963
Non-core,2.1164021164021163
