status,intersection
Core,4.3478260869565215
Non-core,3.3707865168539324
