status,intersection
Core,10.1010101010101
Non-core,9.23076923076923
