status,intersection
Core,5.741626794258373
Non-core,5.660377358490566
