status,intersection
Core,2.6143790849673203
Non-core,0.9900990099009901
