status,intersection
Core,5.459770114942529
Non-core,5.204460966542751
