status,intersection
Core,7.586206896551724
Non-core,7.575757575757576
