status,intersection
Core,7.23404255319149
Non-core,6.976744186046512
