status,intersection
Core,1.492537313432836
Non-core,2.2988505747126435
