status,intersection
Core,7.248636009353079
Non-core,6.526806526806527
