status,intersection
Core,1.2618296529968454
Non-core,1.4705882352941178
