status,intersection
Core,6.015037593984962
Non-core,4.8076923076923075
