status,intersection
Core,6.730769230769231
Non-core,3.870967741935484
