status,intersection
Core,4.910714285714286
Non-core,7.006369426751593
