status,intersection
Core,2.6178010471204187
Non-core,3.6036036036036037
