status,intersection
Core,3.6904761904761907
Non-core,3.6334913112164298
