status,intersection
Core,8.088235294117647
Non-core,7.619047619047619
