status,intersection
Core,4.074074074074074
Non-core,4.301075268817204
