status,intersection
Core,9.398496240601503
Non-core,8.290155440414507
