status,intersection
Core,6.270627062706271
Non-core,4.694835680751174
