status,intersection
Core,6.227106227106227
Non-core,5.851063829787234
