status,intersection
Core,7.194244604316546
Non-core,6.0606060606060606
