status,intersection
Core,9.216589861751151
Non-core,8.783783783783784
