status,intersection
Core,5.0359712230215825
Non-core,5.617977528089888
