status,intersection
Core,8.717948717948717
Non-core,6.474820143884892
