status,intersection
Core,3.2751091703056767
Non-core,2.8938906752411575
