status,intersection
Core,4.838709677419355
Non-core,1.9607843137254901
