status,intersection
Core,4.504504504504505
Non-core,5.0359712230215825
