status,intersection
Core,4.3478260869565215
Non-core,6.329113924050633
