status,intersection
Core,4.45859872611465
Non-core,5.172413793103448
