status,intersection
Core,3.3816425120772946
Non-core,3.5555555555555554
