status,intersection
Core,1.8867924528301887
Non-core,1.408450704225352
