status,intersection
Core,2.53411306042885
Non-core,1.7587939698492463
