status,intersection
Core,4.132231404958677
Non-core,1.9801980198019802
