status,intersection
Core,6.578947368421052
Non-core,4.761904761904762
