status,intersection
Core,6.0889929742388755
Non-core,5.214723926380368
