status,intersection
Core,12.025316455696203
Non-core,14.018691588785046
