status,intersection
Core,4.207119741100324
Non-core,3.3472803347280333
