status,intersection
Core,6.467661691542289
Non-core,6.756756756756757
