status,intersection
Core,3.7433155080213902
Non-core,5.128205128205129
