status,intersection
Core,4.081632653061225
Non-core,3.2467532467532467
