status,intersection
Core,3.4782608695652173
Non-core,4.597701149425287
