status,intersection
Core,7.3426573426573425
Non-core,6.565656565656566
