status,intersection
Core,7.860262008733624
Non-core,6.145251396648045
