status,intersection
Core,2.797202797202797
Non-core,0.9523809523809523
