status,intersection
Core,3.6101083032490973
Non-core,2.202643171806167
