status,intersection
Core,4.12621359223301
Non-core,3.5143769968051117
