status,intersection
Core,1.2578616352201257
Non-core,1.7699115044247788
