status,intersection
Core,6.626506024096385
Non-core,6.542056074766355
