status,intersection
Core,8.290155440414507
Non-core,6.993006993006993
