status,intersection
Core,4.878048780487805
Non-core,2.857142857142857
