status,intersection
Core,7.466666666666667
Non-core,7.326007326007326
