status,intersection
Core,7.488986784140969
Non-core,7.60233918128655
