status,intersection
Core,8.130081300813009
Non-core,11.538461538461538
