status,intersection
Core,1.2658227848101267
Non-core,0.7751937984496124
