status,intersection
Core,3.7313432835820897
Non-core,4.395604395604396
