status,intersection
Core,4.07673860911271
Non-core,3.8461538461538463
