status,intersection
Core,3.260869565217391
Non-core,5.172413793103448
