status,intersection
Core,3.3057851239669422
Non-core,4.49438202247191
