status,intersection
Core,0.9569377990430622
Non-core,1.2448132780082988
