status,intersection
Core,4.8582995951417
Non-core,3.8251366120218577
