status,intersection
Core,2.7777777777777777
Non-core,3.3333333333333335
