status,intersection
Core,8.080808080808081
Non-core,8.73015873015873
