status,intersection
Core,1.5105740181268883
Non-core,0.9009009009009009
