status,intersection
Core,0.9174311926605505
Non-core,1.4492753623188406
