status,intersection
Core,5.806451612903226
Non-core,6.741573033707865
