status,intersection
Core,8.053691275167786
Non-core,8.823529411764707
