status,intersection
Core,1.7167381974248928
Non-core,1.8633540372670807
