status,intersection
Core,7.070707070707071
Non-core,3.8461538461538463
