status,intersection
Core,4.026845637583893
Non-core,2.912621359223301
