status,intersection
Core,8.144796380090497
Non-core,6.410256410256411
