status,intersection
Core,6.403940886699507
Non-core,6.081081081081081
