status,intersection
Core,0.4065040650406504
Non-core,0.6289308176100629
