status,intersection
Core,3.8095238095238093
Non-core,3.7593984962406015
