status,intersection
Core,5.246913580246914
Non-core,5.394190871369295
