status,intersection
Core,4.857142857142857
Non-core,4.961832061068702
