status,intersection
Core,3.3088235294117645
Non-core,2.6315789473684212
