status,intersection
Core,2.3640661938534278
Non-core,2.491103202846975
