status,intersection
Core,7.352941176470588
Non-core,6.976744186046512
