status,intersection
Core,3.592814371257485
Non-core,4.237288135593221
