status,intersection
Core,5.869565217391305
Non-core,6.769230769230769
