status,intersection
Core,1.824212271973466
Non-core,1.312910284463895
