status,intersection
Core,8.626198083067093
Non-core,7.009345794392523
