status,intersection
Core,0.5856515373352855
Non-core,0.20920502092050208
