status,intersection
Core,3.4722222222222223
Non-core,4.62962962962963
