status,intersection
Core,8.038585209003216
Non-core,7.239819004524887
