status,intersection
Core,4.9504950495049505
Non-core,5.633802816901408
