status,intersection
Core,0.5818181818181818
Non-core,0.4694835680751174
