status,intersection
Core,6.042296072507553
Non-core,4.705882352941177
