status,intersection
Core,5.882352941176471
Non-core,6.481481481481482
