status,intersection
Core,5.017921146953405
Non-core,4.712041884816754
