status,intersection
Core,7.070707070707071
Non-core,2.7777777777777777
