status,intersection
Core,1.2903225806451613
Non-core,1.8867924528301887
