status,intersection
Core,3.7181996086105675
Non-core,3.10077519379845
