status,intersection
Core,5.648535564853557
Non-core,5.846153846153846
