status,intersection
Core,7.456140350877193
Non-core,8.088235294117647
