status,intersection
Core,1.6611295681063123
Non-core,2.2522522522522523
