status,intersection
Core,3.004291845493562
Non-core,2.272727272727273
