status,intersection
Core,1.5594541910331383
Non-core,1.492537313432836
