status,intersection
Core,7.926829268292683
Non-core,7.228915662650603
