status,intersection
Core,2.6315789473684212
Non-core,1.0869565217391304
