status,intersection
Core,7.174887892376682
Non-core,6.369426751592357
