status,intersection
Core,6.701030927835052
Non-core,7.6923076923076925
