status,intersection
Core,8.152173913043478
Non-core,8.474576271186441
