status,intersection
Core,4.910714285714286
Non-core,4.046242774566474
