status,intersection
Core,6.306306306306307
Non-core,10.606060606060606
