status,intersection
Core,5.579399141630901
Non-core,5.58659217877095
