status,intersection
Core,5.537459283387622
Non-core,5.140186915887851
