status,intersection
Core,1.1494252873563218
Non-core,1.0638297872340425
