status,intersection
Core,5.562579013906448
Non-core,4.369747899159663
