status,intersection
Core,9.027777777777779
Non-core,7.446808510638298
