status,intersection
Core,4.868913857677903
Non-core,4.975124378109452
