status,intersection
Core,8.88888888888889
Non-core,7.8817733990147785
