status,intersection
Core,15.126050420168067
Non-core,15.934065934065934
