status,intersection
Core,4.063205417607223
Non-core,3.6923076923076925
