status,intersection
Core,6.077348066298343
Non-core,6.153846153846154
