status,intersection
Core,3.9295392953929538
Non-core,3.071017274472169
