status,intersection
Core,7.9787234042553195
Non-core,7.874015748031496
