status,intersection
Core,5.10752688172043
Non-core,3.900709219858156
