status,intersection
Core,6.6115702479338845
Non-core,8.045977011494253
