status,intersection
Core,9.333333333333334
Non-core,7.407407407407407
