status,intersection
Core,5.47945205479452
Non-core,4.666666666666667
