status,intersection
Core,1.1406844106463878
Non-core,0.9389671361502347
