status,intersection
Core,8.239700374531836
Non-core,6.842105263157895
