status,intersection
Core,9.340659340659341
Non-core,8.130081300813009
