status,intersection
Core,10.857142857142858
Non-core,9.917355371900827
