status,intersection
Core,9.722222222222221
Non-core,9.900990099009901
