status,intersection
Core,5.665024630541872
Non-core,5.376344086021505
