status,intersection
Core,4.436860068259386
Non-core,3.2201914708442123
