status,intersection
Core,8.426966292134832
Non-core,12.149532710280374
