status,intersection
Core,6.598984771573604
Non-core,6.944444444444445
