status,intersection
Core,6.810035842293907
Non-core,4.784688995215311
