status,intersection
Core,9.03225806451613
Non-core,9.90990990990991
