status,intersection
Core,3.6303630363036303
Non-core,2.9914529914529915
