status,intersection
Core,6.221198156682028
Non-core,6.557377049180328
