status,intersection
Core,3.4482758620689653
Non-core,2.797202797202797
