status,intersection
Core,2.6109660574412534
Non-core,1.9097222222222223
