status,intersection
Core,4.225352112676056
Non-core,3.6809815950920246
