status,intersection
Core,4.700854700854701
Non-core,4.651162790697675
