status,intersection
Core,5.583756345177665
Non-core,5.223880597014926
