status,intersection
Core,1.9672131147540983
Non-core,1.6666666666666667
