status,intersection
Core,8.571428571428571
Non-core,9.18918918918919
