status,intersection
Core,2.6315789473684212
Non-core,5.555555555555555
