status,intersection
Core,6.289308176100629
Non-core,6.147540983606557
