status,intersection
Core,5.639097744360902
Non-core,4.702970297029703
