status,intersection
Core,1.1627906976744187
Non-core,2.2222222222222223
