status,intersection
Core,5.054151624548736
Non-core,3.7735849056603774
