status,intersection
Core,7.32484076433121
Non-core,7.042253521126761
