status,intersection
Core,3.4722222222222223
Non-core,2.0618556701030926
