status,intersection
Core,5.882352941176471
Non-core,6.293706293706293
