status,intersection
Core,2.460276781137878
Non-core,1.9912881144990666
