status,intersection
Core,1.4760147601476015
Non-core,1.5789473684210527
