status,intersection
Core,3.7433155080213902
Non-core,4.166666666666667
