status,intersection
Core,4.069767441860465
Non-core,3.4965034965034967
