status,intersection
Core,6.209150326797386
Non-core,4.824561403508772
