status,intersection
Core,9.74025974025974
Non-core,12.222222222222221
