status,intersection
Core,5.369127516778524
Non-core,2.150537634408602
