status,intersection
Core,3.1802120141342756
Non-core,1.8433179723502304
