status,intersection
Core,3.8810900082576385
Non-core,4.071246819338422
