status,intersection
Core,7.6452599388379205
Non-core,6.6371681415929205
