status,intersection
Core,3.5211267605633805
Non-core,2.727272727272727
