status,intersection
Core,4.487179487179487
Non-core,3.7383177570093458
