status,intersection
Core,11.049723756906078
Non-core,8.396946564885496
