status,intersection
Core,7.890743550834598
Non-core,6.822612085769981
