status,intersection
Core,5.367231638418079
Non-core,4.014598540145985
