status,intersection
Core,5.882352941176471
Non-core,3.7735849056603774
