status,intersection
Core,2.9810298102981028
Non-core,2.6515151515151514
