status,intersection
Core,2.888086642599278
Non-core,2.7027027027027026
