status,intersection
Core,8.092485549132949
Non-core,9.345794392523365
