status,intersection
Core,5.4945054945054945
Non-core,3.3333333333333335
