status,intersection
Core,1.7045454545454546
Non-core,0.9900990099009901
