status,intersection
Core,8.045977011494253
Non-core,8.771929824561404
