status,intersection
Core,2.816901408450704
Non-core,3.9603960396039604
