status,intersection
Core,0.9803921568627451
Non-core,0.6097560975609756
