status,intersection
Core,11.194029850746269
Non-core,13.095238095238095
