status,intersection
Core,2.2641509433962264
Non-core,1.9047619047619047
