status,intersection
Core,6.785714285714286
Non-core,5.319148936170213
