status,intersection
Core,2.5179856115107913
Non-core,1.834862385321101
