status,intersection
Core,8.208955223880597
Non-core,5.154639175257732
