status,intersection
Core,7.339449541284404
Non-core,6.167400881057269
