status,intersection
Core,4.2682926829268295
Non-core,3.9603960396039604
