status,intersection
Core,0.9308510638297872
Non-core,0.7104795737122558
