status,intersection
Core,0.8522727272727273
Non-core,0.42016806722689076
