status,intersection
Core,1.7241379310344827
Non-core,0.9174311926605505
