status,intersection
Core,2.8963414634146343
Non-core,2.4742268041237114
