status,intersection
Core,2.051282051282051
Non-core,0.746268656716418
