status,intersection
Core,12.280701754385966
Non-core,17.142857142857142
