status,intersection
Core,6.983240223463687
Non-core,6.614785992217898
