status,intersection
Core,8.9171974522293
Non-core,7.547169811320755
