status,intersection
Core,6.291390728476821
Non-core,4.641350210970464
