status,intersection
Core,7.420494699646643
Non-core,4.672897196261682
