status,intersection
Core,8.474576271186441
Non-core,6.363636363636363
