status,intersection
Core,7.563025210084033
Non-core,8.333333333333334
