status,intersection
Core,1.6025641025641026
Non-core,0.9950248756218906
