status,intersection
Core,5.925925925925926
Non-core,6.185567010309279
