status,intersection
Core,4.790419161676646
Non-core,4.065040650406504
