status,intersection
Core,5.214723926380368
Non-core,4.366812227074236
