status,intersection
Core,0.36845983787767134
Non-core,0.19065776930409914
