status,intersection
Core,2.158273381294964
Non-core,2.1052631578947367
