status,intersection
Core,10.138248847926267
Non-core,9.923664122137405
