status,intersection
Core,6.936416184971098
Non-core,5.357142857142857
