status,intersection
Core,7.191780821917808
Non-core,5.527638190954774
