status,intersection
Core,6.90537084398977
Non-core,5.6537102473498235
