status,intersection
Core,0.48348106365834004
Non-core,0.38443056222969724
