status,intersection
Core,2.857142857142857
Non-core,0.8849557522123894
