status,intersection
Core,4.724409448818897
Non-core,4.545454545454546
