status,intersection
Core,5.531914893617022
Non-core,5.172413793103448
