status,intersection
Core,12.745098039215685
Non-core,17.54385964912281
