status,intersection
Core,4.444444444444445
Non-core,2.912621359223301
