status,intersection
Core,7.299270072992701
Non-core,8.433734939759036
