status,intersection
Core,6.617647058823529
Non-core,5.3097345132743365
