status,intersection
Core,2.661596958174905
Non-core,2.4038461538461537
