status,intersection
Core,3.7313432835820897
Non-core,2.912621359223301
