status,intersection
Core,6.896551724137931
Non-core,5.6521739130434785
