status,intersection
Core,7.462686567164179
Non-core,9.782608695652174
