status,intersection
Core,8.51063829787234
Non-core,8.547008547008547
