status,intersection
Core,6.074766355140187
Non-core,5.031446540880503
