status,intersection
Core,4.516129032258065
Non-core,3.1496062992125986
