status,intersection
Core,20.930232558139537
Non-core,20.610687022900763
