status,intersection
Core,4.278074866310161
Non-core,4.8076923076923075
