status,intersection
Core,5.8441558441558445
Non-core,7.446808510638298
