status,intersection
Core,8.542713567839195
Non-core,7.299270072992701
