status,intersection
Core,6.8119891008174385
Non-core,6.137184115523466
