status,intersection
Core,8.474576271186441
Non-core,8.461538461538462
