status,intersection
Core,4.504504504504505
Non-core,2.3529411764705883
