status,intersection
Core,5.732484076433121
Non-core,4.62962962962963
