status,intersection
Core,2.8901734104046244
Non-core,2.097902097902098
