status,intersection
Core,4.37956204379562
Non-core,2.0618556701030926
