status,intersection
Core,2.6315789473684212
Non-core,1.2048192771084338
