status,intersection
Core,3.4246575342465753
Non-core,4.081632653061225
