status,intersection
Core,3.952569169960474
Non-core,3.3333333333333335
