status,intersection
Core,11.41304347826087
Non-core,10.077519379844961
