status,intersection
Core,10.416666666666666
Non-core,11.956521739130435
