status,intersection
Core,7.08955223880597
Non-core,6.666666666666667
