status,intersection
Core,2.586206896551724
Non-core,2.6178010471204187
