status,intersection
Core,7.299270072992701
Non-core,6.382978723404255
