status,intersection
Core,9.395973154362416
Non-core,7.216494845360825
