status,intersection
Core,3.821656050955414
Non-core,2.727272727272727
