status,intersection
Core,1.639344262295082
Non-core,1.3157894736842106
