status,intersection
Core,0.25412960609911056
Non-core,0.338409475465313
