status,intersection
Core,7.8431372549019605
Non-core,3.7037037037037037
