status,intersection
Core,6.1002178649237475
Non-core,5.797101449275362
