status,intersection
Core,5.73394495412844
Non-core,5.7057057057057055
