status,intersection
Core,7.8817733990147785
Non-core,7.246376811594203
