status,intersection
Core,5.483870967741935
Non-core,4.608294930875576
