status,intersection
Core,5.025125628140704
Non-core,6.086956521739131
