status,intersection
Core,8.11419984973704
Non-core,7.6837416481069045
