status,intersection
Core,2.510460251046025
Non-core,2.5139664804469275
