status,intersection
Core,8.870967741935484
Non-core,11.11111111111111
