status,intersection
Core,3.10077519379845
Non-core,4.651162790697675
