status,intersection
Core,1.2552301255230125
Non-core,1.5957446808510638
