status,intersection
Core,7.333333333333333
Non-core,6.796116504854369
