status,intersection
Core,6.091370558375634
Non-core,6.993006993006993
