status,intersection
Core,4.573170731707317
Non-core,3.3864541832669324
