status,intersection
Core,11.170212765957446
Non-core,11.450381679389313
