status,intersection
Core,4.123711340206185
Non-core,2.5974025974025974
