status,intersection
Core,9.489051094890511
Non-core,9.473684210526315
