status,intersection
Core,4.488330341113106
Non-core,2.9612756264236904
