status,intersection
Core,0.9900990099009901
Non-core,0.7633587786259542
