status,intersection
Core,7.246376811594203
Non-core,4.878048780487805
