status,intersection
Core,5.836575875486381
Non-core,6.043956043956044
