status,intersection
Core,6.206896551724138
Non-core,7.425742574257426
