status,intersection
Core,6.639004149377594
Non-core,4.49438202247191
