status,intersection
Core,1.7699115044247788
Non-core,2.3255813953488373
