status,intersection
Core,2.985074626865672
Non-core,1.0869565217391304
