status,intersection
Core,5.232558139534884
Non-core,6.140350877192983
