status,intersection
Core,2.077506991610068
Non-core,1.6198189614101954
