status,intersection
Core,4.784688995215311
Non-core,3.937007874015748
