status,intersection
Core,1.408450704225352
Non-core,1.492537313432836
