status,intersection
Core,2.5316455696202533
Non-core,2.9411764705882355
