status,intersection
Core,1.0869565217391304
Non-core,0.9302325581395349
