status,intersection
Core,8.625336927223719
Non-core,8.421052631578947
