status,intersection
Core,8.045977011494253
Non-core,8.94308943089431
