status,intersection
Core,4.577968526466381
Non-core,4.580152671755725
