status,intersection
Core,5.394190871369295
Non-core,4.4692737430167595
