status,intersection
Core,8.130081300813009
Non-core,8.860759493670885
