status,intersection
Core,6.989247311827957
Non-core,7.246376811594203
