status,intersection
Core,5.649717514124294
Non-core,5.925925925925926
