status,intersection
Core,4.5584045584045585
Non-core,4.230769230769231
