status,intersection
Core,4.962779156327543
Non-core,4.220779220779221
