status,intersection
Core,1.1494252873563218
Non-core,0.9478672985781991
