status,intersection
Core,1.8181818181818181
Non-core,1.1904761904761905
