status,intersection
Core,6.870229007633588
Non-core,4.166666666666667
