status,intersection
Core,7.792207792207792
Non-core,8.88888888888889
