status,intersection
Core,6.122448979591836
Non-core,5.357142857142857
