status,intersection
Core,5.660377358490566
Non-core,3.6809815950920246
