status,intersection
Core,6.434316353887399
Non-core,6.097560975609756
