status,intersection
Core,1.2315270935960592
Non-core,0.45662100456621
