status,intersection
Core,4.9504950495049505
Non-core,4.032258064516129
