status,intersection
Core,4.926108374384237
Non-core,4.40251572327044
