status,intersection
Core,1.8324607329842932
Non-core,1.3888888888888888
