status,intersection
Core,4.5673076923076925
Non-core,4.093567251461988
