status,intersection
Core,2.5210084033613445
Non-core,3.2967032967032965
