status,intersection
Core,1.3392857142857142
Non-core,0.704225352112676
