status,intersection
Core,11.336032388663968
Non-core,11.35135135135135
