status,intersection
Core,3.061224489795918
Non-core,4.109589041095891
