status,intersection
Core,7.029478458049887
Non-core,5.730659025787966
