status,intersection
Core,4.029304029304029
Non-core,3.260869565217391
