status,intersection
Core,3.3333333333333335
Non-core,2.3255813953488373
