status,intersection
Core,4.477611940298507
Non-core,2.830188679245283
