status,intersection
Core,6.685236768802229
Non-core,4.814814814814815
