status,intersection
Core,3.821656050955414
Non-core,2.5641025641025643
