status,intersection
Core,6.6907775768535265
Non-core,6.419753086419753
