status,intersection
Core,6.818181818181818
Non-core,7.608695652173913
