status,intersection
Core,1.092896174863388
Non-core,1.5748031496062993
