status,intersection
Core,12.083333333333334
Non-core,10.32258064516129
