status,intersection
Core,9.94475138121547
Non-core,9.734513274336283
