status,intersection
Core,7.653061224489796
Non-core,6.818181818181818
