status,intersection
Core,8.982035928143713
Non-core,7.079646017699115
