status,intersection
Core,4.1522491349480966
Non-core,3.167420814479638
