status,intersection
Core,4.592592592592593
Non-core,3.6608863198458574
