status,intersection
Core,3.676470588235294
Non-core,1.9801980198019802
