status,intersection
Core,0.9929078014184397
Non-core,1.0060362173038229
