status,intersection
Core,1.6042780748663101
Non-core,2.7522935779816513
