status,intersection
Core,1.07095046854083
Non-core,0.35650623885918004
