status,intersection
Core,8.181818181818182
Non-core,7.042253521126761
