status,intersection
Core,1.5325670498084292
Non-core,0.970873786407767
