status,intersection
Core,2.3696682464454977
Non-core,1.7647058823529411
