status,intersection
Core,5.985915492957746
Non-core,5.311778290993072
