status,intersection
Core,4.635761589403973
Non-core,3.4782608695652173
