status,intersection
Core,3.3962264150943398
Non-core,4.046242774566474
