status,intersection
Core,11.678832116788321
Non-core,13.095238095238095
