status,intersection
Core,2.0202020202020203
Non-core,1.8987341772151898
