status,intersection
Core,10.452961672473867
Non-core,9.216589861751151
