status,intersection
Core,4.310344827586207
Non-core,2.0833333333333335
