status,intersection
Core,9.795918367346939
Non-core,9.523809523809524
