status,intersection
Core,1.8181818181818181
Non-core,2.5974025974025974
