status,intersection
Core,4.597701149425287
Non-core,1.694915254237288
