status,intersection
Core,0.8733624454148472
Non-core,1.3793103448275863
