status,intersection
Core,4.987735077677842
Non-core,4.385964912280702
