status,intersection
Core,6.790123456790123
Non-core,4.661016949152542
