status,intersection
Core,6.162464985994398
Non-core,5.426356589147287
