status,intersection
Core,1.1029411764705883
Non-core,0.7604562737642585
