status,intersection
Core,5.227655986509275
Non-core,4.81651376146789
