status,intersection
Core,5.413105413105413
Non-core,5.474452554744525
