status,intersection
Core,4.587155963302752
Non-core,2.73972602739726
