status,intersection
Core,7.079646017699115
Non-core,5.928853754940712
