status,intersection
Core,3.076923076923077
Non-core,1.8867924528301887
