status,intersection
Core,5.510204081632653
Non-core,4.436860068259386
