status,intersection
Core,5.46448087431694
Non-core,6.2015503875969
