status,intersection
Core,3.757828810020877
Non-core,3.488372093023256
