status,intersection
Core,3.0837004405286343
Non-core,3.6809815950920246
