status,intersection
Core,2.985074626865672
Non-core,1.7543859649122806
