status,intersection
Core,4.635761589403973
Non-core,2.4193548387096775
