status,intersection
Core,3.3132530120481927
Non-core,2.5547445255474455
