status,intersection
Core,3.0864197530864197
Non-core,1.550387596899225
