status,intersection
Core,2.1660649819494586
Non-core,1.7621145374449338
