status,intersection
Core,4.310344827586207
Non-core,2.2222222222222223
