status,intersection
Core,9.322033898305085
Non-core,7.792207792207792
