status,intersection
Core,4.229607250755287
Non-core,5.0691244239631335
