status,intersection
Core,5.673758865248227
Non-core,5.9405940594059405
