status,intersection
Core,1.7158818834796488
Non-core,1.0947168015230841
