status,intersection
Core,4.3478260869565215
Non-core,2.8776978417266186
