status,intersection
Core,5.839416058394161
Non-core,3.9473684210526314
