status,intersection
Core,5.247813411078718
Non-core,3.816793893129771
