status,intersection
Core,3.719912472647702
Non-core,3.374233128834356
