status,intersection
Core,7.333333333333333
Non-core,6.306306306306307
