status,intersection
Core,6.8493150684931505
Non-core,6.730769230769231
