status,intersection
Core,5.537459283387622
Non-core,3.4334763948497855
