status,intersection
Core,1.2987012987012987
Non-core,1.5151515151515151
