status,intersection
Core,7.913669064748201
Non-core,6.965174129353234
