status,intersection
Core,5.687203791469194
Non-core,6.451612903225806
