status,intersection
Core,1.6339869281045751
Non-core,1.6528925619834711
