status,intersection
Core,4.819277108433735
Non-core,4.545454545454546
