status,intersection
Core,11.864406779661017
Non-core,11.428571428571429
