status,intersection
Core,1.7391304347826086
Non-core,2.4390243902439024
