status,intersection
Core,10.588235294117647
Non-core,8.955223880597014
