status,intersection
Core,4.566210045662101
Non-core,3.3333333333333335
