status,intersection
Core,8.02919708029197
Non-core,7.339449541284404
