status,intersection
Core,1.0781671159029649
Non-core,1.023890784982935
