status,intersection
Core,4.072398190045249
Non-core,2.7624309392265194
