status,intersection
Core,7.166123778501628
Non-core,4.888888888888889
