status,intersection
Core,4.573170731707317
Non-core,4.3478260869565215
