status,intersection
Core,2.8846153846153846
Non-core,1.2820512820512822
