status,intersection
Core,7.07395498392283
Non-core,6.018518518518518
