status,intersection
Core,3.937007874015748
Non-core,2.0833333333333335
