status,intersection
Core,6.58307210031348
Non-core,6.074766355140187
