status,intersection
Core,1.6528925619834711
Non-core,1.408450704225352
