status,intersection
Core,7.518796992481203
Non-core,5.319148936170213
