status,intersection
Core,4.329004329004329
Non-core,3.6842105263157894
