status,intersection
Core,10.294117647058824
Non-core,10.273972602739725
