status,intersection
Core,6.086956521739131
Non-core,5.617977528089888
