status,intersection
Core,6.224899598393574
Non-core,5.8495821727019495
