status,intersection
Core,0.46439628482972134
Non-core,0.4175365344467641
