status,intersection
Core,7.89980732177264
Non-core,7.969151670951157
