status,intersection
Core,5.47112462006079
Non-core,5.687203791469194
