status,intersection
Core,1.1764705882352942
Non-core,0.9523809523809523
