status,intersection
Core,9.473684210526315
Non-core,5.982905982905983
