status,intersection
Core,3.240740740740741
Non-core,2.272727272727273
