status,intersection
Core,5.357142857142857
Non-core,4.819277108433735
