status,intersection
Core,1.5789473684210527
Non-core,0.8756567425569177
