status,intersection
Core,6.319702602230484
Non-core,6.748466257668712
