status,intersection
Core,2.5531914893617023
Non-core,1.9867549668874172
