status,intersection
Core,15.017064846416382
Non-core,14.782608695652174
