status,intersection
Core,5.158730158730159
Non-core,5.555555555555555
