status,intersection
Core,2.336448598130841
Non-core,1.744186046511628
