status,intersection
Core,7.8817733990147785
Non-core,8.666666666666666
