status,intersection
Core,7.2368421052631575
Non-core,4.424778761061947
