status,intersection
Core,2.0527859237536656
Non-core,2.5925925925925926
