status,intersection
Core,1.9083969465648856
Non-core,1.4354066985645932
