status,intersection
Core,7.096774193548387
Non-core,5.726872246696035
