status,intersection
Core,8.300395256916996
Non-core,6.040268456375839
