status,intersection
Core,7.18232044198895
Non-core,6.349206349206349
