status,intersection
Core,6.756756756756757
Non-core,8.860759493670885
