status,intersection
Core,7.560137457044673
Non-core,7.5376884422110555
