status,intersection
Core,7.633587786259542
Non-core,7.954545454545454
