status,intersection
Core,4.901960784313726
Non-core,3.6144578313253013
