status,intersection
Core,5.434782608695652
Non-core,5.0359712230215825
