status,intersection
Core,11.637931034482758
Non-core,9.876543209876543
