status,intersection
Core,8.906882591093117
Non-core,7.82122905027933
