status,intersection
Core,3.5573122529644268
Non-core,3.260869565217391
