status,intersection
Core,6.606606606606607
Non-core,4.680851063829787
