status,intersection
Core,4.987531172069826
Non-core,3.9735099337748343
