status,intersection
Core,7.368421052631579
Non-core,5.194805194805195
