status,intersection
Core,8.074534161490684
Non-core,6.0344827586206895
