status,intersection
Core,8.962264150943396
Non-core,8.275862068965518
