status,intersection
Core,5.626598465473146
Non-core,5.245901639344262
