status,intersection
Core,2.5454545454545454
Non-core,1.7777777777777777
