status,intersection
Core,4.943820224719101
Non-core,4.848484848484849
