status,intersection
Core,6.752411575562701
Non-core,6.2761506276150625
