status,intersection
Core,5.349794238683128
Non-core,3.888888888888889
