status,intersection
Core,5.18018018018018
Non-core,4.790419161676646
