status,intersection
Core,3.1496062992125986
Non-core,1.8691588785046729
