status,intersection
Core,7.920792079207921
Non-core,8.955223880597014
