status,intersection
Core,2.681992337164751
Non-core,1.4354066985645932
