status,intersection
Core,3.0183727034120733
Non-core,1.5679442508710801
