status,intersection
Core,7.009345794392523
Non-core,6.622516556291391
