status,intersection
Core,5.3156146179401995
Non-core,4.672897196261682
