status,intersection
Core,9.937888198757763
Non-core,9.090909090909092
