status,intersection
Core,8.88888888888889
Non-core,6.666666666666667
