status,intersection
Core,2.586206896551724
Non-core,3.896103896103896
