status,intersection
Core,3.098927294398093
Non-core,2.535657686212361
