status,intersection
Core,0.9565857247976454
Non-core,0.6660323501427212
