status,intersection
Core,9.411764705882353
Non-core,11.538461538461538
