status,intersection
Core,4.201680672268908
Non-core,4.123711340206185
