status,intersection
Core,6.2015503875969
Non-core,4.878048780487805
