status,intersection
Core,5.421686746987952
Non-core,5.172413793103448
