status,intersection
Core,8.878504672897197
Non-core,8.059701492537313
