status,intersection
Core,4.705882352941177
Non-core,4.3478260869565215
