status,intersection
Core,6.315789473684211
Non-core,4.878048780487805
