status,intersection
Core,0.36764705882352944
Non-core,0.45045045045045046
