status,intersection
Core,6.808510638297872
Non-core,7.382550335570469
