status,intersection
Core,4.651162790697675
Non-core,4.081632653061225
