status,intersection
Core,2.5641025641025643
Non-core,1.0526315789473684
