status,intersection
Core,3.1088082901554404
Non-core,4.3478260869565215
