status,intersection
Core,6.265060240963855
Non-core,6.164383561643835
