status,intersection
Core,4.878048780487805
Non-core,6.0606060606060606
