status,intersection
Core,6.666666666666667
Non-core,4.9504950495049505
