status,intersection
Core,5.217391304347826
Non-core,8.108108108108109
