status,intersection
Core,4.065040650406504
Non-core,3.1578947368421053
