status,intersection
Core,7.631578947368421
Non-core,6.8728522336769755
