status,intersection
Core,8.870967741935484
Non-core,8.333333333333334
