status,intersection
Core,6.569343065693431
Non-core,4.18848167539267
