status,intersection
Core,7.964601769911504
Non-core,7.594936708860759
