status,intersection
Core,9.027777777777779
Non-core,9.183673469387756
