status,intersection
Core,0.9950248756218906
Non-core,0.6211180124223602
