status,intersection
Core,4.57516339869281
Non-core,4.065040650406504
