status,intersection
Core,6.145251396648045
Non-core,5.084745762711864
