status,intersection
Core,6.289308176100629
Non-core,4.901960784313726
