status,intersection
Core,5.080831408775982
Non-core,4.3076923076923075
