status,intersection
Core,3.325508607198748
Non-core,2.558139534883721
