status,intersection
Core,8.522727272727273
Non-core,8.19672131147541
