status,intersection
Core,5.536332179930795
Non-core,4.739336492890995
