status,intersection
Core,4.694835680751174
Non-core,2.9411764705882355
