status,intersection
Core,7.534246575342466
Non-core,8.16326530612245
