status,intersection
Core,9.917355371900827
Non-core,8.433734939759036
