status,intersection
Core,7.042253521126761
Non-core,6.185567010309279
