status,intersection
Core,2.0408163265306123
Non-core,0.9345794392523364
