status,intersection
Core,1.82648401826484
Non-core,1.948051948051948
