status,intersection
Core,5.517241379310345
Non-core,5.607476635514018
