status,intersection
Core,6.109324758842444
Non-core,5.0691244239631335
