status,intersection
Core,4.335260115606936
Non-core,3.5573122529644268
