status,intersection
Core,4.237288135593221
Non-core,4.324324324324325
