status,intersection
Core,6.043956043956044
Non-core,4.41696113074205
