status,intersection
Core,5.769230769230769
Non-core,6.382978723404255
