status,intersection
Core,6.862745098039215
Non-core,7.28476821192053
