status,intersection
Core,2.727272727272727
Non-core,1.1111111111111112
