status,intersection
Core,4.868913857677903
Non-core,3.8251366120218577
