status,intersection
Core,3.4782608695652173
Non-core,2.3255813953488373
