status,intersection
Core,0.5277044854881267
Non-core,0.3597122302158273
