status,intersection
Core,6.4393939393939394
Non-core,5.780346820809249
