status,intersection
Core,7.971014492753623
Non-core,8.98876404494382
