status,intersection
Core,4.132231404958677
Non-core,3.3333333333333335
