status,intersection
Core,7.291666666666667
Non-core,4.477611940298507
