status,intersection
Core,7.28476821192053
Non-core,5.825242718446602
