status,intersection
Core,7.633587786259542
Non-core,7.434944237918216
