status,intersection
Core,7.106598984771574
Non-core,7.407407407407407
