status,intersection
Core,6.422018348623853
Non-core,7.092198581560283
