status,intersection
Core,5.244122965641953
Non-core,4.587155963302752
