status,intersection
Core,5.769230769230769
Non-core,4.262295081967213
