status,intersection
Core,2.904564315352697
Non-core,2.6881720430107525
