status,intersection
Core,6.944444444444445
Non-core,5.357142857142857
