status,intersection
Core,7.6923076923076925
Non-core,8.02919708029197
