status,intersection
Core,7.308970099667774
Non-core,6.896551724137931
