status,intersection
Core,3.7313432835820897
Non-core,4.9504950495049505
