status,intersection
Core,6.8359375
Non-core,5.793450881612091
