status,intersection
Core,5.645161290322581
Non-core,6.578947368421052
