status,intersection
Core,1.0416666666666667
Non-core,1.2195121951219512
