status,intersection
Core,4.487179487179487
Non-core,5.172413793103448
