status,intersection
Core,3.4722222222222223
Non-core,1.0309278350515463
