status,intersection
Core,8.053691275167786
Non-core,9.090909090909092
