status,intersection
Core,0.3861003861003861
Non-core,0.4784688995215311
