status,intersection
Core,8.994708994708995
Non-core,6.870229007633588
