status,intersection
Core,3.875968992248062
Non-core,2.0833333333333335
