status,intersection
Core,3.5502958579881656
Non-core,2.962962962962963
