status,intersection
Core,6.185567010309279
Non-core,3.7593984962406015
