status,intersection
Core,8.333333333333334
Non-core,8.181818181818182
