status,intersection
Core,7.142857142857143
Non-core,6.422018348623853
