status,intersection
Core,1.3245033112582782
Non-core,2.2988505747126435
