status,intersection
Core,1.015228426395939
Non-core,1.694915254237288
