status,intersection
Core,8.771929824561404
Non-core,11.11111111111111
