status,intersection
Core,6.214689265536723
Non-core,7.079646017699115
