status,intersection
Core,6.54911838790932
Non-core,4.966887417218543
