status,intersection
Core,4.621848739495798
Non-core,2.840909090909091
