status,intersection
Core,3.5460992907801416
Non-core,1.9801980198019802
