status,intersection
Core,1.1152416356877324
Non-core,0.45662100456621
