status,intersection
Core,5.664488017429194
Non-core,4.166666666666667
