status,intersection
Core,5.039787798408488
Non-core,5.405405405405405
