status,intersection
Core,7.9787234042553195
Non-core,9.01639344262295
