status,intersection
Core,6.962025316455696
Non-core,6.363636363636363
