status,intersection
Core,7.835820895522388
Non-core,6.349206349206349
