status,intersection
Core,6.040268456375839
Non-core,4.3478260869565215
