status,intersection
Core,5.825242718446602
Non-core,7.352941176470588
