status,intersection
Core,4.794520547945205
Non-core,4.3478260869565215
