status,intersection
Core,4.363636363636363
Non-core,3.686635944700461
