status,intersection
Core,4.666666666666667
Non-core,5.714285714285714
