status,intersection
Core,7.936507936507937
Non-core,4.819277108433735
