status,intersection
Core,2.573529411764706
Non-core,1.8099547511312217
