status,intersection
Core,5.6537102473498235
Non-core,6.111111111111111
