status,intersection
Core,3.6101083032490973
Non-core,3.2432432432432434
