status,intersection
Core,9.195402298850574
Non-core,7.43801652892562
