status,intersection
Core,6.7114093959731544
Non-core,5.882352941176471
