status,intersection
Core,6.95970695970696
Non-core,6.0109289617486334
