status,intersection
Core,5.02092050209205
Non-core,5.027932960893855
