status,intersection
Core,2.4663677130044843
Non-core,2.2082018927444795
