status,intersection
Core,4.191616766467066
Non-core,3.7037037037037037
