status,intersection
Core,8.974358974358974
Non-core,6.779661016949152
