status,intersection
Core,3.5335689045936394
Non-core,1.3636363636363635
