status,intersection
Core,3.409090909090909
Non-core,3.5714285714285716
