status,intersection
Core,6.626506024096385
Non-core,4.964539007092198
