status,intersection
Core,8.241758241758241
Non-core,8.108108108108109
