status,intersection
Core,1.2012012012012012
Non-core,0.40160642570281124
