status,intersection
Core,5.47945205479452
Non-core,9.090909090909092
