status,intersection
Core,4.605263157894737
Non-core,4.2105263157894735
