status,intersection
Core,4.285714285714286
Non-core,1.7241379310344827
