status,intersection
Core,7.586206896551724
Non-core,7.142857142857143
