status,intersection
Core,0.6600660066006601
Non-core,0.8264462809917356
