status,intersection
Core,0.6036217303822937
Non-core,0.5376344086021505
