status,intersection
Core,3.3333333333333335
Non-core,1.3157894736842106
