status,intersection
Core,1.0256410256410255
Non-core,0.8695652173913043
