status,intersection
Core,1.8867924528301887
Non-core,0.9174311926605505
