status,intersection
Core,0.7407407407407407
Non-core,0.9259259259259259
