status,intersection
Core,4.608294930875576
Non-core,3.5714285714285716
