status,intersection
Core,0.8645533141210374
Non-core,1.2096774193548387
