status,intersection
Core,3.131115459882583
Non-core,2.506265664160401
