status,intersection
Core,4.680851063829787
Non-core,3.6082474226804124
