status,intersection
Core,7.336956521739131
Non-core,6.545454545454546
