status,intersection
Core,7.547169811320755
Non-core,5.384615384615385
