status,intersection
Core,2.857142857142857
Non-core,2.3529411764705883
