status,intersection
Core,2.5157232704402515
Non-core,3.5714285714285716
