status,intersection
Core,0.7547169811320755
Non-core,0.9302325581395349
