status,intersection
Core,5.482456140350878
Non-core,5.157593123209169
