status,intersection
Core,8.974358974358974
Non-core,7.964601769911504
