status,intersection
Core,8.518518518518519
Non-core,8.045977011494253
