status,intersection
Core,4.933586337760911
Non-core,3.9800995024875623
