status,intersection
Core,10.196078431372548
Non-core,10.240963855421686
