status,intersection
Core,6.074766355140187
Non-core,6.209150326797386
