status,intersection
Core,0.9900990099009901
Non-core,0.6451612903225806
