status,intersection
Core,5.128205128205129
Non-core,6.730769230769231
