status,intersection
Core,8.812260536398467
Non-core,8.040201005025125
