status,intersection
Core,2.8871391076115485
Non-core,2.4390243902439024
