status,intersection
Core,8.482142857142858
Non-core,8.80503144654088
