status,intersection
Core,9.782608695652174
Non-core,9.090909090909092
