status,intersection
Core,5.278592375366569
Non-core,4.669260700389105
