status,intersection
Core,8.620689655172415
Non-core,8.333333333333334
