status,intersection
Core,4.794520547945205
Non-core,3.278688524590164
