status,intersection
Core,6.741573033707865
Non-core,7.575757575757576
