status,intersection
Core,2.0968908170643528
Non-core,1.7740429505135387
