status,intersection
Core,1.1538461538461537
Non-core,0.4830917874396135
