status,intersection
Core,8.045977011494253
Non-core,8.620689655172415
