status,intersection
Core,8.156028368794326
Non-core,9.89010989010989
