status,intersection
Core,2.3923444976076556
Non-core,1.7751479289940828
