status,intersection
Core,8.974358974358974
Non-core,11.11111111111111
