status,intersection
Core,7.022471910112359
Non-core,6.343283582089552
