status,intersection
Core,7.207207207207207
Non-core,8.571428571428571
