status,intersection
Core,1.9801980198019802
Non-core,2.6315789473684212
