status,intersection
Core,4.49438202247191
Non-core,1.8181818181818181
