status,intersection
Core,3.4582132564841497
Non-core,3.202846975088968
