status,intersection
Core,5.364806866952789
Non-core,3.7313432835820897
