status,intersection
Core,5.902777777777778
Non-core,4.8034934497816595
