status,intersection
Core,3.8071065989847717
Non-core,3.676470588235294
