status,intersection
Core,5.072463768115942
Non-core,2.6785714285714284
