status,intersection
Core,1.8404907975460123
Non-core,2.608695652173913
