status,intersection
Core,5.016722408026756
Non-core,3.930131004366812
