status,intersection
Core,10.071942446043165
Non-core,9.67741935483871
