status,intersection
Core,5.118110236220472
Non-core,4.301075268817204
