status,intersection
Core,2.9197080291970803
Non-core,2.6666666666666665
