status,intersection
Core,2.482269503546099
Non-core,3.0150753768844223
