status,intersection
Core,4.596191726854892
Non-core,3.942953020134228
