status,intersection
Core,1.8796992481203008
Non-core,1.4423076923076923
