status,intersection
Core,1.7195767195767195
Non-core,1.056338028169014
