status,intersection
Core,4.193548387096774
Non-core,2.5210084033613445
