status,intersection
Core,2.4271844660194173
Non-core,2.4096385542168677
