status,intersection
Core,4.026845637583893
Non-core,3.9215686274509802
