status,intersection
Core,7.092198581560283
Non-core,4.301075268817204
