status,intersection
Core,2.4166666666666665
Non-core,2.7027027027027026
