status,intersection
Core,8.88888888888889
Non-core,8.602150537634408
