status,intersection
Core,1.4492753623188406
Non-core,1.7857142857142858
