status,intersection
Core,5.217391304347826
Non-core,4.242424242424242
