status,intersection
Core,5.994550408719346
Non-core,6.9105691056910565
