status,intersection
Core,4.4989775051124745
Non-core,2.185792349726776
