status,intersection
Core,5.298013245033113
Non-core,3.1531531531531534
