status,intersection
Core,6.106870229007634
Non-core,3.8461538461538463
