status,intersection
Core,8.256880733944953
Non-core,7.575757575757576
