status,intersection
Core,14.754098360655737
Non-core,17.24137931034483
