status,intersection
Core,10.447761194029852
Non-core,5.405405405405405
