status,intersection
Core,2.4327784891165174
Non-core,1.1945392491467577
