status,intersection
Core,5.785123966942149
Non-core,5.194805194805195
