status,intersection
Core,7.446808510638298
Non-core,1.6666666666666667
