status,intersection
Core,3.7974683544303796
Non-core,1.7543859649122806
