status,intersection
Core,1.9607843137254901
Non-core,1.4285714285714286
