status,intersection
Core,2.5280898876404496
Non-core,1.1904761904761905
