status,intersection
Core,3.7735849056603774
Non-core,2.3465703971119134
