status,intersection
Core,14.723926380368098
Non-core,7.954545454545454
