status,intersection
Core,3.5476718403547673
Non-core,1.5772870662460567
