status,intersection
Core,11.363636363636363
Non-core,6.382978723404255
