status,intersection
Core,7.804878048780488
Non-core,5.645161290322581
