status,intersection
Core,2.1551724137931036
Non-core,1.4388489208633093
