status,intersection
Core,7.23404255319149
Non-core,2.840909090909091
