status,intersection
Core,10.185185185185185
Non-core,3.6363636363636362
