status,intersection
Core,8.064516129032258
Non-core,5.333333333333333
