status,intersection
Core,6.222222222222222
Non-core,4.861111111111111
