status,intersection
Core,6.153846153846154
Non-core,3.9473684210526314
