status,intersection
Core,3.409090909090909
Non-core,1.492537313432836
