status,intersection
Core,4.201680672268908
Non-core,2.5641025641025643
