status,intersection
Core,6.363636363636363
Non-core,8.064516129032258
