status,intersection
Core,4.25531914893617
Non-core,2.2222222222222223
