status,intersection
Core,5.142857142857143
Non-core,3.4782608695652173
