status,intersection
Core,5.371900826446281
Non-core,2.857142857142857
