status,intersection
Core,3.660565723793677
Non-core,1.9565217391304348
