status,intersection
Core,5.39568345323741
Non-core,4.639175257731959
