status,intersection
Core,1.8072289156626506
Non-core,2.542372881355932
