status,intersection
Core,5.7534246575342465
Non-core,4.633204633204633
