status,intersection
Core,6.837606837606837
Non-core,8.108108108108109
