status,intersection
Core,5.05050505050505
Non-core,4.477611940298507
