status,intersection
Core,6.692913385826771
Non-core,7.027027027027027
