status,intersection
Core,0.7989347536617842
Non-core,0.5385996409335727
