status,intersection
Core,5.448717948717949
Non-core,3.902439024390244
