status,intersection
Core,6.167400881057269
Non-core,5.228758169934641
