status,intersection
Core,2.132701421800948
Non-core,1.9672131147540983
