status,intersection
Core,2.5380710659898478
Non-core,2.142857142857143
