status,intersection
Core,4.093567251461988
Non-core,4.25531914893617
