status,intersection
Core,10.244988864142538
Non-core,7.6158940397351
