status,intersection
Core,3.482587064676617
Non-core,2.5477707006369426
