status,intersection
Core,1.3477088948787062
Non-core,0.6734006734006734
