status,intersection
Core,2.2408963585434174
Non-core,1.7985611510791366
