status,intersection
Core,8.98876404494382
Non-core,9.433962264150944
