status,intersection
Core,9.132420091324201
Non-core,8.387096774193548
