status,intersection
Core,4.109589041095891
Non-core,5.617977528089888
