status,intersection
Core,7.894736842105263
Non-core,7.317073170731708
