status,intersection
Core,8.034188034188034
Non-core,6.320541760722348
