status,intersection
Core,0.8928571428571429
Non-core,1.2987012987012987
