status,intersection
Core,5.172413793103448
Non-core,6.349206349206349
