status,intersection
Core,2.5280898876404496
Non-core,1.8181818181818181
