status,intersection
Core,7.086614173228346
Non-core,5.681818181818182
