status,intersection
Core,3.0254777070063694
Non-core,2.3404255319148937
