status,intersection
Core,5.526315789473684
Non-core,4.7101449275362315
