status,intersection
Core,6.285714285714286
Non-core,3.5294117647058822
