status,intersection
Core,3.3980582524271843
Non-core,3.3333333333333335
