status,intersection
Core,6.137184115523466
Non-core,5.541561712846348
