status,intersection
Core,9.113924050632912
Non-core,8.518518518518519
