status,intersection
Core,2.0648967551622417
Non-core,1.5444015444015444
