status,intersection
Core,4.198473282442748
Non-core,2.2058823529411766
