status,intersection
Core,4.761904761904762
Non-core,5.405405405405405
