status,intersection
Core,1.9886363636363635
Non-core,2.2222222222222223
