status,intersection
Core,1.2987012987012987
Non-core,1.9230769230769231
