status,intersection
Core,7.962529274004684
Non-core,7.516339869281046
