status,intersection
Core,5.833333333333333
Non-core,6.944444444444445
