status,intersection
Core,3.2738095238095237
Non-core,1.646090534979424
