status,intersection
Core,4.336734693877551
Non-core,2.482269503546099
