status,intersection
Core,5.333333333333333
Non-core,4.25531914893617
