status,intersection
Core,15.138282387190683
Non-core,11.909262759924385
