status,intersection
Core,4.273504273504273
Non-core,2.197802197802198
