status,intersection
Core,1.046337817638266
Non-core,0.484027105517909
