status,intersection
Core,2.7950310559006213
Non-core,2.608695652173913
