status,intersection
Core,2.684563758389262
Non-core,3.225806451612903
