status,intersection
Core,1.971830985915493
Non-core,1.465201465201465
