status,intersection
Core,1.4836795252225519
Non-core,0.7782101167315175
