status,intersection
Core,11.085972850678733
Non-core,9.020217729393469
