status,intersection
Core,2.4752475247524752
Non-core,1.5748031496062993
