status,intersection
Core,3.278688524590164
Non-core,5.405405405405405
