status,intersection
Core,7.017543859649122
Non-core,6.369426751592357
