status,intersection
Core,4.931506849315069
Non-core,4.182509505703422
