status,intersection
Core,2.18978102189781
Non-core,1.9801980198019802
