status,intersection
Core,6.842105263157895
Non-core,6.818181818181818
