status,intersection
Core,3.435114503816794
Non-core,2.9239766081871346
