status,intersection
Core,3.3033033033033035
Non-core,1.6326530612244898
