status,intersection
Core,4.368932038834951
Non-core,3.4482758620689653
