status,intersection
Core,2.272727272727273
Non-core,2.0833333333333335
