status,intersection
Core,2.6737967914438503
Non-core,2.112676056338028
