status,intersection
Core,4.624277456647399
Non-core,3.3678756476683938
