status,intersection
Core,10.178117048346056
Non-core,7.142857142857143
