status,intersection
Core,7.377049180327869
Non-core,3.7037037037037037
