status,intersection
Core,5.857740585774058
Non-core,5.405405405405405
