status,intersection
Core,0.580168776371308
Non-core,0.3209242618741977
