status,intersection
Core,1.2121212121212122
Non-core,0.8130081300813008
