status,intersection
Core,3.30188679245283
Non-core,2.797202797202797
