status,intersection
Core,6.775700934579439
Non-core,5.660377358490566
