status,intersection
Core,2.044989775051125
Non-core,1.4619883040935673
