status,intersection
Core,5.053191489361702
Non-core,3.7037037037037037
