status,intersection
Core,0.8695652173913043
Non-core,0.6134969325153374
