status,intersection
Core,10.542168674698795
Non-core,9.7165991902834
