status,intersection
Core,4.49438202247191
Non-core,1.968503937007874
