status,intersection
Core,1.0970464135021096
Non-core,0.657030223390276
