status,intersection
Core,3.816793893129771
Non-core,2.2988505747126435
