status,intersection
Core,14.418604651162791
Non-core,11.226611226611226
