status,intersection
Core,0.3067484662576687
Non-core,0.4065040650406504
