status,intersection
Core,2.785515320334262
Non-core,2.2140221402214024
