status,intersection
Core,2.476780185758514
Non-core,1.6666666666666667
