status,intersection
Core,4.619565217391305
Non-core,4.119850187265918
