status,intersection
Core,5.4945054945054945
Non-core,1.8867924528301887
