status,intersection
Core,1.3349514563106797
Non-core,1.1400651465798046
