status,intersection
Core,3.470031545741325
Non-core,2.643171806167401
