status,intersection
Core,2.255639097744361
Non-core,1.1235955056179776
