status,intersection
Core,7.092198581560283
Non-core,6.4935064935064934
