status,intersection
Core,7.964601769911504
Non-core,6.965174129353234
