status,intersection
Core,5.014749262536873
Non-core,4.3478260869565215
