status,intersection
Core,2.898550724637681
Non-core,1.7857142857142858
