status,intersection
Core,3.386004514672686
Non-core,2.0491803278688523
