status,intersection
Core,3.8461538461538463
Non-core,7.142857142857143
