status,intersection
Core,1.0899182561307903
Non-core,1.098901098901099
