status,intersection
Core,7.623318385650224
Non-core,8.280254777070065
