status,intersection
Core,6.60377358490566
Non-core,4.248366013071895
