status,intersection
Core,8.184143222506394
Non-core,5.109489051094891
