status,intersection
Core,2.8776978417266186
Non-core,3.3707865168539324
