status,intersection
Core,3.4482758620689653
Non-core,1.1235955056179776
