status,intersection
Core,3.048780487804878
Non-core,2.542372881355932
