status,intersection
Core,5.194805194805195
Non-core,5.69620253164557
