status,intersection
Core,5.3872053872053876
Non-core,4.639175257731959
