status,intersection
Core,3.116883116883117
Non-core,2.5641025641025643
