status,intersection
Core,6.310679611650485
Non-core,6.1946902654867255
