status,intersection
Core,3.508771929824561
Non-core,5.882352941176471
