status,intersection
Core,0.9779951100244498
Non-core,0.9302325581395349
