status,intersection
Core,6.497175141242938
Non-core,5.7034220532319395
