status,intersection
Core,6.114130434782608
Non-core,5.474452554744525
