status,intersection
Core,1.557632398753894
Non-core,0.8438818565400844
