status,intersection
Core,1.935483870967742
Non-core,1.7699115044247788
