status,intersection
Core,5.072463768115942
Non-core,3.3333333333333335
