status,intersection
Core,1.6597510373443984
Non-core,1.075268817204301
