status,intersection
Core,2.150537634408602
Non-core,3.0303030303030303
