status,intersection
Core,9.34959349593496
Non-core,7.6923076923076925
