status,intersection
Core,0.847457627118644
Non-core,0.8547008547008547
