status,intersection
Core,8.747044917257684
Non-core,6.506849315068493
