status,intersection
Core,2.8901734104046244
Non-core,1.1811023622047243
