status,intersection
Core,7.8817733990147785
Non-core,4.827586206896552
