status,intersection
Core,3.389830508474576
Non-core,1.098901098901099
