status,intersection
Core,5.319148936170213
Non-core,3.053435114503817
