status,intersection
Core,11.842105263157896
Non-core,9.574468085106384
