status,intersection
Core,0.9067357512953368
Non-core,0.8695652173913043
