status,intersection
Core,4.822335025380711
Non-core,2.857142857142857
