status,intersection
Core,8.227848101265822
Non-core,6.542056074766355
