status,intersection
Core,14.97584541062802
Non-core,12.32876712328767
