status,intersection
Core,1.9021739130434783
Non-core,1.5037593984962405
