status,intersection
Core,6.231454005934718
Non-core,4.435483870967742
