status,intersection
Core,2.840909090909091
Non-core,2.1551724137931036
