status,intersection
Core,5.454545454545454
Non-core,3.5714285714285716
