status,intersection
Core,5.681818181818182
Non-core,6.504065040650406
