status,intersection
Core,9.11214953271028
Non-core,5.3872053872053876
