status,intersection
Core,1.9230769230769231
Non-core,1.3157894736842106
