status,intersection
Core,6.513409961685824
Non-core,6.951871657754011
