status,intersection
Core,8.282208588957054
Non-core,5.741626794258373
