status,intersection
Core,8.349514563106796
Non-core,5.774278215223097
