status,intersection
Core,7.894736842105263
Non-core,8.791208791208792
