status,intersection
Core,5.676855895196507
Non-core,7.6923076923076925
