status,intersection
Core,13.81294964028777
Non-core,11.786372007366483
