status,intersection
Core,7.177033492822966
Non-core,6.944444444444445
