status,intersection
Core,4.980842911877395
Non-core,4.242424242424242
