status,intersection
Core,1.4534883720930232
Non-core,1.1406844106463878
