status,intersection
Core,4.931506849315069
Non-core,4.2471042471042475
