status,intersection
Core,3.676470588235294
Non-core,1.8691588785046729
