status,intersection
Core,6.774193548387097
Non-core,5.853658536585366
