status,intersection
Core,3.363914373088685
Non-core,1.6597510373443984
