status,intersection
Core,6.326034063260341
Non-core,5.592105263157895
