status,intersection
Core,2.867383512544803
Non-core,1.951219512195122
