status,intersection
Core,2.990033222591362
Non-core,2.5510204081632653
