status,intersection
Core,3.71900826446281
Non-core,2.5477707006369426
