status,intersection
Core,1.4903129657228018
Non-core,1.075268817204301
