status,intersection
Core,7.8595317725752505
Non-core,6.772009029345372
