status,intersection
Core,5.28169014084507
Non-core,5.8201058201058204
