status,intersection
Core,4.2105263157894735
Non-core,2.3076923076923075
