status,intersection
Core,10.106382978723405
Non-core,7.43801652892562
