status,intersection
Core,3.488372093023256
Non-core,3.278688524590164
