status,intersection
Core,5.7915057915057915
Non-core,5.325443786982248
