status,intersection
Core,1.2345679012345678
Non-core,1.7857142857142858
