status,intersection
Core,4.022988505747127
Non-core,2.729528535980149
