status,intersection
Core,4.584527220630372
Non-core,3.053435114503817
