status,intersection
Core,3.8348082595870205
Non-core,2.0080321285140563
