status,intersection
Core,1.2658227848101267
Non-core,0.8620689655172413
