status,intersection
Core,2.3255813953488373
Non-core,2.4390243902439024
