status,intersection
Core,6.926406926406926
Non-core,8.19672131147541
