status,intersection
Core,9.70873786407767
Non-core,8.19672131147541
