status,intersection
Core,2.73972602739726
Non-core,2.4242424242424243
