status,intersection
Core,18.374558303886925
Non-core,17.24941724941725
