status,intersection
Core,11.530815109343937
Non-core,9.695290858725762
