status,intersection
Core,4.216867469879518
Non-core,3.8095238095238093
