status,intersection
Core,6.048387096774194
Non-core,6.289308176100629
