status,intersection
Core,3.314917127071823
Non-core,4.040404040404041
