status,intersection
Core,1.2012012012012012
Non-core,1.1857707509881423
