status,intersection
Core,1.3774104683195592
Non-core,0.7751937984496124
