status,intersection
Core,3.6253776435045317
Non-core,2.857142857142857
