status,intersection
Core,6.7357512953367875
Non-core,4.511278195488722
