status,intersection
Core,0.9433962264150944
Non-core,0.5444646098003629
