status,intersection
Core,3.9156626506024095
Non-core,2.4390243902439024
