status,intersection
Core,8.762886597938145
Non-core,8.571428571428571
