status,intersection
Core,0.4424778761061947
Non-core,0.6389776357827476
