status,intersection
Core,3.7037037037037037
Non-core,4.273504273504273
