status,intersection
Core,5.573770491803279
Non-core,5.188679245283019
