status,intersection
Core,3.2085561497326203
Non-core,2.7491408934707904
