status,intersection
Core,2.6041666666666665
Non-core,1.3888888888888888
