status,intersection
Core,1.3812154696132597
Non-core,1.465201465201465
