status,intersection
Core,3.5230352303523036
Non-core,1.8656716417910448
