status,intersection
Core,6.619385342789598
Non-core,5.821917808219178
