status,intersection
Core,1.8404907975460123
Non-core,2.5641025641025643
