status,intersection
Core,3.319502074688797
Non-core,2.5641025641025643
