status,intersection
Core,6.273062730627307
Non-core,5.185185185185185
