status,intersection
Core,4.678362573099415
Non-core,3.1746031746031744
