status,intersection
Core,4.2105263157894735
Non-core,4.081632653061225
