status,intersection
Core,4.237288135593221
Non-core,1.910828025477707
