status,intersection
Core,2.247191011235955
Non-core,1.5873015873015872
