status,intersection
Core,9.012875536480687
Non-core,9.433962264150944
