status,intersection
Core,2.359882005899705
Non-core,0.7936507936507936
