status,intersection
Core,12.584269662921349
Non-core,10.094637223974763
