status,intersection
Core,6.030150753768845
Non-core,5.673758865248227
