status,intersection
Core,1.2539184952978057
Non-core,0.4219409282700422
