status,intersection
Core,0.3058103975535168
Non-core,0.4048582995951417
