status,intersection
Core,2.7522935779816513
Non-core,1.5384615384615385
