status,intersection
Core,3.5242290748898677
Non-core,2.6490066225165565
