status,intersection
Core,1.8918918918918919
Non-core,1.0909090909090908
