status,intersection
Core,2.4630541871921183
Non-core,1.0273972602739727
