status,intersection
Core,1.4457831325301205
Non-core,0.6211180124223602
