status,intersection
Core,3.669724770642202
Non-core,1.4492753623188406
