status,intersection
Core,2.3017902813299234
Non-core,2.1660649819494586
