status,intersection
Core,4.201680672268908
Non-core,3.260869565217391
