status,intersection
Core,2.903225806451613
Non-core,2.336448598130841
