status,intersection
Core,7.980049875311721
Non-core,6.666666666666667
