status,intersection
Core,0.6191950464396285
Non-core,0.411522633744856
