status,intersection
Core,4.899135446685879
Non-core,4.0358744394618835
