status,intersection
Core,5.214723926380368
Non-core,4.932735426008969
