status,intersection
Core,1.5105740181268883
Non-core,1.2345679012345678
