status,intersection
Core,2.9925187032418954
Non-core,1.7421602787456445
