status,intersection
Core,2.1806853582554515
Non-core,0.42016806722689076
