status,intersection
Core,1.5923566878980893
Non-core,1.0101010101010102
