status,intersection
Core,2.127659574468085
Non-core,0.4149377593360996
