status,intersection
Core,7.379134860050891
Non-core,5.454545454545454
