status,intersection
Core,4.422604422604422
Non-core,2.960526315789474
