status,intersection
Core,4.518072289156627
Non-core,3.252032520325203
