status,intersection
Core,6.7357512953367875
Non-core,5.0359712230215825
