status,intersection
Core,2.388059701492537
Non-core,0.823045267489712
