status,intersection
Core,4.49438202247191
Non-core,3.9682539682539684
