status,intersection
Core,0.3021148036253776
Non-core,0.4048582995951417
