status,intersection
Core,6.842105263157895
Non-core,4.528301886792453
