status,intersection
Core,4.3763676148796495
Non-core,2.9069767441860463
