status,intersection
Core,3.0973451327433628
Non-core,2.2058823529411766
