status,intersection
Core,8.353510895883778
Non-core,6.477093206951027
