status,intersection
Core,4.0241448692152915
Non-core,2.2792022792022792
