status,intersection
Core,2.070393374741201
Non-core,1.4705882352941178
