status,intersection
Core,3.857566765578635
Non-core,2.459016393442623
