status,intersection
Core,2.4539877300613497
Non-core,1.7241379310344827
