status,intersection
Core,2.2151898734177213
Non-core,1.953125
