status,intersection
Core,0.7894736842105263
Non-core,0.7299270072992701
