status,intersection
Core,1.5873015873015872
Non-core,1.3157894736842106
