status,intersection
Core,6.132075471698113
Non-core,6.382978723404255
