status,intersection
Core,5.839416058394161
Non-core,6.315789473684211
