status,intersection
Core,1.7142857142857142
Non-core,1.5037593984962405
