status,intersection
Core,11.782252050708427
Non-core,9.440175631174533
