status,intersection
Core,2.9585798816568047
Non-core,3.1496062992125986
