status,intersection
Core,4.017857142857143
Non-core,3.4246575342465753
