status,intersection
Core,8.928571428571429
Non-core,7.317073170731708
