status,intersection
Core,5.732484076433121
Non-core,4.901960784313726
