status,intersection
Core,7.575757575757576
Non-core,4.577464788732394
