status,intersection
Core,3.3950617283950617
Non-core,1.2552301255230125
