status,intersection
Core,8.591885441527447
Non-core,5.333333333333333
