status,intersection
Core,6.161137440758294
Non-core,4.081632653061225
