status,intersection
Core,3.3950617283950617
Non-core,2.1645021645021645
