status,intersection
Core,8.424908424908425
Non-core,6.188118811881188
