status,intersection
Core,8.04289544235925
Non-core,6.273062730627307
