status,intersection
Core,3.133903133903134
Non-core,2.611940298507463
