status,intersection
Core,11.428571428571429
Non-core,9.523809523809524
