status,intersection
Core,8.203991130820398
Non-core,5.3627760252365935
