status,intersection
Core,7.876712328767123
Non-core,7.8431372549019605
