status,intersection
Core,13.333333333333334
Non-core,17.647058823529413
