status,intersection
Core,13.18407960199005
Non-core,9.863945578231293
