status,intersection
Core,1.2738853503184713
Non-core,1.075268817204301
