status,intersection
Core,4.266666666666667
Non-core,2.888086642599278
