status,intersection
Core,3.216374269005848
Non-core,1.9841269841269842
