status,intersection
Core,3.076923076923077
Non-core,2.074688796680498
