status,intersection
Core,3.7209302325581395
Non-core,4.166666666666667
