status,intersection
Core,1.5075376884422111
Non-core,2.0408163265306123
