status,intersection
Core,8.663366336633663
Non-core,7.947019867549669
