status,intersection
Core,3.763440860215054
Non-core,2.3622047244094486
