status,intersection
Core,7.865168539325842
Non-core,5.882352941176471
