status,intersection
Core,1.829268292682927
Non-core,2.380952380952381
