status,intersection
Core,4.102564102564102
Non-core,3.3557046979865772
