status,intersection
Core,6.4935064935064934
Non-core,2.3255813953488373
