status,intersection
Core,11.095100864553315
Non-core,10.516252390057362
