status,intersection
Core,2.6315789473684212
Non-core,7.6923076923076925
