status,intersection
Core,3.8461538461538463
Non-core,1.2820512820512822
