status,intersection
Core,5.660377358490566
Non-core,7.547169811320755
