status,intersection
Core,6.684491978609626
Non-core,4.166666666666667
