status,intersection
Core,9.163346613545817
Non-core,7.777777777777778
