status,intersection
Core,9.387755102040817
Non-core,7.514450867052023
