status,intersection
Core,3.592814371257485
Non-core,5.681818181818182
