status,intersection
Core,8.743169398907105
Non-core,4.545454545454546
