status,intersection
Core,2.227722772277228
Non-core,1.9011406844106464
