status,intersection
Core,3.4482758620689653
Non-core,2.3255813953488373
