status,intersection
Core,8.771929824561404
Non-core,6.441717791411043
