status,intersection
Core,4.444444444444445
Non-core,3.7313432835820897
