status,intersection
Core,6.358381502890174
Non-core,5.098039215686274
