status,intersection
Core,0.6042296072507553
Non-core,0.398406374501992
