status,intersection
Core,1.7676767676767677
Non-core,1.6666666666666667
