status,intersection
Core,5.208333333333333
Non-core,4.195804195804196
