status,intersection
Core,1.1334363730036063
Non-core,0.5642633228840125
