status,intersection
Core,8.144796380090497
Non-core,6.60377358490566
