status,intersection
Core,2.1806853582554515
Non-core,1.680672268907563
