status,intersection
Core,5.05050505050505
Non-core,1.7543859649122806
