status,intersection
Core,14.347826086956522
Non-core,13.294797687861271
