status,intersection
Core,6.388206388206388
Non-core,5.47945205479452
