status,intersection
Core,3.65296803652968
Non-core,2.8901734104046244
