status,intersection
Core,0.7177033492822966
Non-core,0.7352941176470589
