status,intersection
Core,1.7857142857142858
Non-core,0.6756756756756757
