status,intersection
Core,7.518796992481203
Non-core,6.63265306122449
