status,intersection
Core,8.823529411764707
Non-core,8.333333333333334
