status,intersection
Core,8.620689655172415
Non-core,5.723905723905724
