status,intersection
Core,4.186046511627907
Non-core,4.081632653061225
