status,intersection
Core,9.35064935064935
Non-core,7.857142857142857
