status,intersection
Core,9.59232613908873
Non-core,7.070707070707071
