status,intersection
Core,4.320987654320987
Non-core,3.6939313984168867
