status,intersection
Core,6.882591093117409
Non-core,6.626506024096385
