status,intersection
Core,6.914893617021277
Non-core,6.177606177606178
