status,intersection
Core,8.970976253298153
Non-core,7.2727272727272725
