status,intersection
Core,3.5714285714285716
Non-core,3.508771929824561
