status,intersection
Core,3.2432432432432434
Non-core,2.6515151515151514
