status,intersection
Core,5.025125628140704
Non-core,5.970149253731344
