status,intersection
Core,4.294478527607362
Non-core,3.7383177570093458
