status,intersection
Core,2.3076923076923075
Non-core,1.2195121951219512
