status,intersection
Core,6.217616580310881
Non-core,3.6496350364963503
