status,intersection
Core,5.128205128205129
Non-core,11.764705882352942
