status,intersection
Core,4.778156996587031
Non-core,4.2105263157894735
