status,intersection
Core,5.521472392638037
Non-core,6.185567010309279
