status,intersection
Core,0.3105590062111801
Non-core,0.4132231404958678
