status,intersection
Core,1.10803324099723
Non-core,1.1070110701107012
