status,intersection
Core,5.785123966942149
Non-core,3.8314176245210727
