status,intersection
Core,5.278592375366569
Non-core,3.187250996015936
