status,intersection
Core,6.629834254143646
Non-core,4.263565891472868
