status,intersection
Core,7.598784194528875
Non-core,7.762557077625571
