status,intersection
Core,5.234159779614325
Non-core,4.135338345864661
