status,intersection
Core,5.841924398625429
Non-core,3.225806451612903
