status,intersection
Core,6.32183908045977
Non-core,5.58659217877095
