status,intersection
Core,3.048780487804878
Non-core,3.278688524590164
