status,intersection
Core,3.0898876404494384
Non-core,2.4193548387096775
