status,intersection
Core,1.1583011583011582
Non-core,1.2195121951219512
