status,intersection
Core,5.221932114882507
Non-core,3.8869257950530036
