status,intersection
Core,6.571428571428571
Non-core,5.303030303030303
