status,intersection
Core,0.7490636704119851
Non-core,0.6060606060606061
