status,intersection
Core,2.824858757062147
Non-core,0.8264462809917356
