status,intersection
Core,2.973977695167286
Non-core,2.9411764705882355
