status,intersection
Core,6.140350877192983
Non-core,5.405405405405405
