status,intersection
Core,5.970149253731344
Non-core,3.6231884057971016
