status,intersection
Core,2.102803738317757
Non-core,1.6722408026755853
