status,intersection
Core,8.878504672897197
Non-core,7.947019867549669
