status,intersection
Core,7.731958762886598
Non-core,8.88888888888889
