status,intersection
Core,3.7974683544303796
Non-core,2.0618556701030926
