status,intersection
Core,1.2106537530266344
Non-core,0.6269592476489029
