status,intersection
Core,10.420841683366733
Non-core,8.461538461538462
