status,intersection
Core,2.108433734939759
Non-core,1.593625498007968
