status,intersection
Core,2.6548672566371683
Non-core,3.225806451612903
