status,intersection
Core,3.0120481927710845
Non-core,3.6363636363636362
