status,intersection
Core,3.7383177570093458
Non-core,1.2658227848101267
