status,intersection
Core,4.147465437788019
Non-core,4.225352112676056
