status,intersection
Core,5.154639175257732
Non-core,3.6363636363636362
