status,intersection
Core,3.7593984962406015
Non-core,3.896103896103896
