status,intersection
Core,3.6144578313253013
Non-core,1.9607843137254901
