status,intersection
Core,3.582089552238806
Non-core,2.766798418972332
