status,intersection
Core,2.4630541871921183
Non-core,3.7037037037037037
