status,intersection
Core,5.960264900662252
Non-core,4.9504950495049505
