status,intersection
Core,2.0618556701030926
Non-core,1.6129032258064515
