status,intersection
Core,4.748603351955308
Non-core,3.4482758620689653
