status,intersection
Core,2.7906976744186047
Non-core,2.8368794326241136
