status,intersection
Core,7.189542483660131
Non-core,8.333333333333334
