status,intersection
Core,5.83756345177665
Non-core,5.172413793103448
