status,intersection
Core,4.395604395604396
Non-core,4.615384615384615
