status,intersection
Core,3.7974683544303796
Non-core,1.9607843137254901
