status,intersection
Core,0.8450704225352113
Non-core,1.1320754716981132
