status,intersection
Core,7.666098807495741
Non-core,6.3457330415754925
