status,intersection
Core,10.757575757575758
Non-core,9.183673469387756
