status,intersection
Core,11.313868613138686
Non-core,10.875331564986737
