status,intersection
Core,10.204081632653061
Non-core,8.547008547008547
