status,intersection
Core,6.030150753768845
Non-core,4.958677685950414
