status,intersection
Core,16.820276497695854
Non-core,12.820512820512821
