status,intersection
Core,3.690036900369004
Non-core,3.553299492385787
