status,intersection
Core,8.695652173913043
Non-core,10.81081081081081
