status,intersection
Core,6.8893528183716075
Non-core,5.54016620498615
