status,intersection
Core,4.109589041095891
Non-core,2.2222222222222223
