status,intersection
Core,3.9344262295081966
Non-core,2.4390243902439024
