status,intersection
Core,2.9962546816479403
Non-core,2.0725388601036268
