status,intersection
Core,2.9661016949152543
Non-core,4.25531914893617
