status,intersection
Core,2.074688796680498
Non-core,1.8404907975460123
