status,intersection
Core,5.555555555555555
Non-core,6.1946902654867255
