status,intersection
Core,1.7543859649122806
Non-core,2.8776978417266186
