status,intersection
Core,6.73758865248227
Non-core,4.395604395604396
