status,intersection
Core,1.023890784982935
Non-core,0.4784688995215311
