status,intersection
Core,8.310991957104557
Non-core,6.719367588932807
