status,intersection
Core,9.482758620689655
Non-core,9.859154929577464
