status,intersection
Core,1.2658227848101267
Non-core,1.8018018018018018
