status,intersection
Core,12.862547288776797
Non-core,10.106382978723405
