status,intersection
Core,10.526315789473685
Non-core,17.391304347826086
