status,intersection
Core,3.5335689045936394
Non-core,4.2105263157894735
