status,intersection
Core,2.109704641350211
Non-core,1.829268292682927
