status,intersection
Core,10.447761194029852
Non-core,10.69767441860465
