status,intersection
Core,10.172143974960877
Non-core,8.474576271186441
