status,intersection
Core,0.5555555555555556
Non-core,0.8264462809917356
