status,intersection
Core,7.086614173228346
Non-core,7.594936708860759
