status,intersection
Core,11.519607843137255
Non-core,7.224334600760456
