status,intersection
Core,5.246913580246914
Non-core,4.464285714285714
