status,intersection
Core,9.25925925925926
Non-core,9.142857142857142
