status,intersection
Core,1.1235955056179776
Non-core,2.0408163265306123
