status,intersection
Core,3.6923076923076925
Non-core,4.444444444444445
