status,intersection
Core,3.4722222222222223
Non-core,3.3707865168539324
