status,intersection
Core,0.8403361344537815
Non-core,1.2121212121212122
