status,intersection
Core,8.02919708029197
Non-core,5.970149253731344
