status,intersection
Core,11.170212765957446
Non-core,8.928571428571429
