status,intersection
Core,4.132231404958677
Non-core,3.6809815950920246
