status,intersection
Core,4.301075268817204
Non-core,4.918032786885246
