status,intersection
Core,1.2944983818770226
Non-core,0.4444444444444444
