status,intersection
Core,11.155378486055778
Non-core,11.976047904191617
