status,intersection
Core,7.931034482758621
Non-core,6.315789473684211
