status,intersection
Core,8.097165991902834
Non-core,8.333333333333334
