status,intersection
Core,9.116809116809117
Non-core,7.456140350877193
