status,intersection
Core,4.772234273318872
Non-core,3.5031847133757963
