status,intersection
Core,5.897435897435898
Non-core,3.677758318739054
