status,intersection
Core,3.888888888888889
Non-core,4.464285714285714
