status,intersection
Core,8.823529411764707
Non-core,4.761904761904762
