status,intersection
Core,4.891304347826087
Non-core,4.032258064516129
