status,intersection
Core,2.978723404255319
Non-core,3.3557046979865772
