status,intersection
Core,15.728155339805825
Non-core,11.38888888888889
