status,intersection
Core,6.730769230769231
Non-core,6.521739130434782
