status,intersection
Core,6.884057971014493
Non-core,5.347593582887701
