status,intersection
Core,15.032679738562091
Non-core,17.105263157894736
