status,intersection
Core,6.147540983606557
Non-core,4.72972972972973
