status,intersection
Core,3.278688524590164
Non-core,1.8181818181818181
