status,intersection
Core,2.262443438914027
Non-core,1.5037593984962405
