status,intersection
Core,6.790123456790123
Non-core,3.1963470319634704
