status,intersection
Core,14.042553191489361
Non-core,11.428571428571429
