status,intersection
Core,7.772435897435898
Non-core,5.365853658536586
