status,intersection
Core,5.181347150259067
Non-core,3.787878787878788
