status,intersection
Core,4.032258064516129
Non-core,2.9940119760479043
