status,intersection
Core,2.5210084033613445
Non-core,3.1746031746031744
