status,intersection
Core,13.114754098360656
Non-core,11.11111111111111
