status,intersection
Core,8.433734939759036
Non-core,7.8431372549019605
