status,intersection
Core,6.106870229007634
Non-core,6.756756756756757
