status,intersection
Core,9.871244635193133
Non-core,12.318840579710145
