status,intersection
Core,12.698412698412698
Non-core,19.23076923076923
