status,intersection
Core,7.103825136612022
Non-core,6.896551724137931
