status,intersection
Core,12.466124661246612
Non-core,11.336032388663968
