status,intersection
Core,11.214953271028037
Non-core,15.384615384615385
