status,intersection
Core,7.478632478632479
Non-core,6.269592476489028
