status,intersection
Core,6.9105691056910565
Non-core,6.962025316455696
