status,intersection
Core,5.527638190954774
Non-core,3.4482758620689653
