status,intersection
Core,9.722222222222221
Non-core,12.121212121212121
