status,intersection
Core,12.669683257918551
Non-core,11.811023622047244
