status,intersection
Core,10.57934508816121
Non-core,9.859154929577464
