status,intersection
Core,5.46448087431694
Non-core,4.310344827586207
