status,intersection
Core,10.81081081081081
Non-core,7.522123893805309
