status,intersection
Core,4.88599348534202
Non-core,5.181347150259067
