status,intersection
Core,10.13215859030837
Non-core,8.527131782945736
