status,intersection
Core,4.477611940298507
Non-core,4.958677685950414
