status,intersection
Core,5.617977528089888
Non-core,5.47945205479452
