status,intersection
Core,3.937007874015748
Non-core,3.896103896103896
