status,intersection
Core,10.927152317880795
Non-core,7.5675675675675675
