status,intersection
Core,4.405286343612334
Non-core,4.081632653061225
