status,intersection
Core,2.1052631578947367
Non-core,3.7735849056603774
