status,intersection
Core,2.857142857142857
Non-core,2.586206896551724
