status,intersection
Core,7.575757575757576
Non-core,8.823529411764707
