status,intersection
Core,4.278074866310161
Non-core,3.9682539682539684
