status,intersection
Core,6.333333333333333
Non-core,3.349282296650718
