status,intersection
Core,8.144796380090497
Non-core,8.333333333333334
