status,intersection
Core,4.301075268817204
Non-core,3.3707865168539324
