status,intersection
Core,10.500807754442649
Non-core,9.45054945054945
