status,intersection
Core,4.237288135593221
Non-core,3.1645569620253164
