status,intersection
Core,1.6304347826086956
Non-core,0.8928571428571429
