status,intersection
Core,2.5531914893617023
Non-core,3.1847133757961785
