status,intersection
Core,4.923076923076923
Non-core,2.608695652173913
