status,intersection
Core,7.042253521126761
Non-core,5.357142857142857
