status,intersection
Core,6.185567010309279
Non-core,8.88888888888889
