status,intersection
Core,5.240174672489083
Non-core,5.2631578947368425
