status,intersection
Core,4.562737642585551
Non-core,4.278074866310161
