status,intersection
Core,7.82669461914745
Non-core,4.59045904590459
