status,intersection
Core,10.26615969581749
Non-core,9.090909090909092
