status,intersection
Core,3.883495145631068
Non-core,3.7735849056603774
