status,intersection
Core,15.562913907284768
Non-core,11.818181818181818
