status,intersection
Core,12.121212121212121
Non-core,15.384615384615385
