status,intersection
Core,0.9049773755656109
Non-core,0.6944444444444444
