status,intersection
Core,10.925449871465295
Non-core,8.053691275167786
