status,intersection
Core,7.371007371007371
Non-core,6.506849315068493
