status,intersection
Core,10.476190476190476
Non-core,9.900990099009901
