status,intersection
Core,9.578804347826088
Non-core,6.239168110918544
