status,intersection
Core,4.891304347826087
Non-core,5.217391304347826
