status,intersection
Core,4.838709677419355
Non-core,5.555555555555555
