status,intersection
Core,7.751937984496124
Non-core,7.569721115537849
