status,intersection
Core,1.342281879194631
Non-core,1.9704433497536946
