status,intersection
Core,10.294117647058824
Non-core,12.32876712328767
