status,intersection
Core,6.701030927835052
Non-core,5.932203389830509
