status,intersection
Core,8.530805687203792
Non-core,8.396946564885496
