status,intersection
Core,3.278688524590164
Non-core,6.666666666666667
