status,intersection
Core,1.702127659574468
Non-core,1.2345679012345678
