status,intersection
Core,4.181184668989547
Non-core,2.1621621621621623
