status,intersection
Core,1.3468013468013469
Non-core,0.9345794392523364
