status,intersection
Core,10.679611650485437
Non-core,10.638297872340425
