status,intersection
Core,1.9920318725099602
Non-core,1.2269938650306749
