status,intersection
Core,1.1111111111111112
Non-core,0.9259259259259259
