status,intersection
Core,4.9523809523809526
Non-core,3.553299492385787
