status,intersection
Core,4.054054054054054
Non-core,1.639344262295082
