status,intersection
Core,2.857142857142857
Non-core,5.2631578947368425
