status,intersection
Core,5.607476635514018
Non-core,6.779661016949152
