status,intersection
Core,13.917525773195877
Non-core,11.881188118811881
