status,intersection
Core,4.371584699453552
Non-core,4.032258064516129
