status,intersection
Core,8.582089552238806
Non-core,7.317073170731708
