status,intersection
Core,2.5157232704402515
Non-core,2.912621359223301
