status,intersection
Core,7.803468208092486
Non-core,6.779661016949152
