status,intersection
Core,1.6129032258064515
Non-core,3.225806451612903
