status,intersection
Core,7.329842931937173
Non-core,3.883495145631068
