status,intersection
Core,6.329113924050633
Non-core,6.666666666666667
