status,intersection
Core,4.21455938697318
Non-core,4.278074866310161
