status,intersection
Core,2.027027027027027
Non-core,1.4150943396226414
