status,intersection
Core,9.010989010989011
Non-core,8.250825082508252
