status,intersection
Core,3.6392405063291138
Non-core,1.7130620985010707
