status,intersection
Core,12.949640287769784
Non-core,9.484193011647255
