status,intersection
Core,2.4640657084188913
Non-core,1.9283746556473829
