status,intersection
Core,0.6802721088435374
Non-core,0.9478672985781991
