status,intersection
Core,9.120521172638437
Non-core,7.17948717948718
