status,intersection
Core,13.304721030042918
Non-core,13.10344827586207
