status,intersection
Core,7.051282051282051
Non-core,8.673469387755102
