status,intersection
Core,10.702341137123746
Non-core,9.045226130653266
