status,intersection
Core,4.9504950495049505
Non-core,3.080082135523614
