status,intersection
Core,3.0150753768844223
Non-core,4.3478260869565215
