status,intersection
Core,7.453416149068323
Non-core,9.523809523809524
