status,intersection
Core,7.067137809187279
Non-core,6.185567010309279
