status,intersection
Core,7.949790794979079
Non-core,6.122448979591836
