status,intersection
Core,8.24561403508772
Non-core,6.205250596658711
