status,intersection
Core,6.132075471698113
Non-core,3.6496350364963503
