status,intersection
Core,4.0201005025125625
Non-core,5.0359712230215825
