status,intersection
Core,5.7034220532319395
Non-core,4.358974358974359
