status,intersection
Core,3.642384105960265
Non-core,3.4482758620689653
