status,intersection
Core,12.863070539419088
Non-core,9.21985815602837
