status,intersection
Core,2.7989821882951653
Non-core,2.681992337164751
