status,intersection
Core,7.2368421052631575
Non-core,6.976744186046512
