status,intersection
Core,9.391304347826088
Non-core,8.02919708029197
