status,intersection
Core,15.873015873015873
Non-core,14.285714285714286
