status,intersection
Core,14.835164835164836
Non-core,12.032085561497325
