status,intersection
Core,11.988304093567251
Non-core,8.05084745762712
