status,intersection
Core,10.144927536231885
Non-core,13.235294117647058
