status,intersection
Core,5.18018018018018
Non-core,3.481012658227848
