status,intersection
Core,4.682274247491639
Non-core,2.9411764705882355
