status,intersection
Core,13.571428571428571
Non-core,6.349206349206349
