status,intersection
Core,1.935483870967742
Non-core,0.9009009009009009
