status,intersection
Core,3.4482758620689653
Non-core,5.2631578947368425
