status,intersection
Core,10.729613733905579
Non-core,8.02919708029197
