status,intersection
Core,2.857142857142857
Non-core,3.3707865168539324
