status,intersection
Core,10.48158640226629
Non-core,7.287449392712551
