status,intersection
Core,8.609271523178808
Non-core,7.317073170731708
