status,intersection
Core,12.903225806451612
Non-core,20.833333333333332
