status,intersection
Core,5.105105105105105
Non-core,4.932735426008969
