status,intersection
Core,1.0204081632653061
Non-core,2.0408163265306123
