status,intersection
Core,4.954954954954955
Non-core,5.2805280528052805
