status,intersection
Core,8.996539792387543
Non-core,6.728538283062645
