status,intersection
Core,7.89980732177264
Non-core,6.738544474393531
