status,intersection
Core,2.1604938271604937
Non-core,1.7467248908296944
