status,intersection
Core,0.5617977528089888
Non-core,0.8403361344537815
