status,intersection
Core,1.1049723756906078
Non-core,0.9174311926605505
