status,intersection
Core,8.630952380952381
Non-core,4.845814977973569
