status,intersection
Core,5.555555555555555
Non-core,4.932735426008969
