status,intersection
Core,0.5181347150259067
Non-core,0.8264462809917356
