status,intersection
Core,13.142857142857142
Non-core,11.494252873563218
