status,intersection
Core,3.9087947882736156
Non-core,2.487562189054726
