status,intersection
Core,14.666666666666666
Non-core,9.84251968503937
