status,intersection
Core,5.063291139240507
Non-core,3.9735099337748343
