status,intersection
Core,13.445378151260504
Non-core,10.294117647058824
