status,intersection
Core,2.3696682464454977
Non-core,3.076923076923077
