status,intersection
Core,16.470588235294116
Non-core,12.941176470588236
