status,intersection
Core,6.986899563318778
Non-core,6.382978723404255
