status,intersection
Core,11.785714285714286
Non-core,7.142857142857143
