status,intersection
Core,5.158730158730159
Non-core,4.191616766467066
