status,intersection
Core,4.716981132075472
Non-core,5.084745762711864
