status,intersection
Core,7.801418439716312
Non-core,8.450704225352112
