status,intersection
Core,1.271186440677966
Non-core,1.2269938650306749
