status,intersection
Core,7.734806629834254
Non-core,6.896551724137931
