status,intersection
Core,12.039312039312039
Non-core,7.420494699646643
