status,intersection
Core,8.88030888030888
Non-core,6.962025316455696
