status,intersection
Core,3.21285140562249
Non-core,1.1976047904191616
