status,intersection
Core,12.048192771084338
Non-core,8.866995073891626
