status,intersection
Core,14.946619217081851
Non-core,13.297872340425531
