status,intersection
Core,8.860759493670885
Non-core,10.526315789473685
