status,intersection
Core,14.566929133858268
Non-core,10.738255033557047
