status,intersection
Core,8.49056603773585
Non-core,6.976744186046512
