status,intersection
Core,3.676470588235294
Non-core,3.141361256544503
