status,intersection
Core,5.2631578947368425
Non-core,5.4945054945054945
