status,intersection
Core,7.251908396946565
Non-core,5.357142857142857
