status,intersection
Core,12.432432432432432
Non-core,11.328125
