status,intersection
Core,2.0781379883624274
Non-core,1.4138817480719794
