status,intersection
Core,1.8779342723004695
Non-core,2.158273381294964
