status,intersection
Core,4.627249357326479
Non-core,2.973977695167286
