status,intersection
Core,2.1739130434782608
Non-core,1.6528925619834711
