status,intersection
Core,16.056338028169016
Non-core,11.290322580645162
