status,intersection
Core,13.465783664459162
Non-core,9.26517571884984
