status,intersection
Core,4.694835680751174
Non-core,4.132231404958677
