status,intersection
Core,13.095238095238095
Non-core,15.789473684210526
