status,intersection
Core,5.9171597633136095
Non-core,6.315789473684211
