status,intersection
Core,0.46296296296296297
Non-core,0.7194244604316546
