status,intersection
Core,4.3478260869565215
Non-core,3.4313725490196076
