status,intersection
Core,10.714285714285714
Non-core,11.009174311926605
