status,intersection
Core,7.7994428969359335
Non-core,6.956521739130435
