status,intersection
Core,7.838479809976247
Non-core,5.169628432956381
