status,intersection
Core,1.9900497512437811
Non-core,1.550387596899225
