status,intersection
Core,13.106796116504855
Non-core,13.636363636363637
