status,intersection
Core,3.482587064676617
Non-core,3.1496062992125986
