status,intersection
Core,5.7057057057057055
Non-core,4.072398190045249
