status,intersection
Core,9.047619047619047
Non-core,5.882352941176471
