status,intersection
Core,3.8095238095238093
Non-core,4.026845637583893
