status,intersection
Core,8.185538881309686
Non-core,6.422018348623853
