status,intersection
Core,2.027027027027027
Non-core,2.1052631578947367
