status,intersection
Core,4.464285714285714
Non-core,4.761904761904762
