status,intersection
Core,9.380863039399625
Non-core,8.461538461538462
