status,intersection
Core,5.138339920948616
Non-core,5.161290322580645
