status,intersection
Core,3.389830508474576
Non-core,8.333333333333334
