status,intersection
Core,15.789473684210526
Non-core,13.72549019607843
