status,intersection
Core,3.004291845493562
Non-core,2.5477707006369426
