status,intersection
Core,10.432569974554708
Non-core,6.844106463878327
