status,intersection
Core,10.734463276836157
Non-core,8.333333333333334
