status,intersection
Core,8.181818181818182
Non-core,7.555555555555555
