status,intersection
Core,3.1818181818181817
Non-core,2.142857142857143
