status,intersection
Core,7.666666666666667
Non-core,6.122448979591836
