status,intersection
Core,9.025270758122744
Non-core,6.233062330623306
