status,intersection
Core,1.6877637130801688
Non-core,1.2195121951219512
