status,intersection
Core,2.2082018927444795
Non-core,1.7057569296375266
