status,intersection
Core,2.6881720430107525
Non-core,3.508771929824561
