status,intersection
Core,2.5477707006369426
Non-core,1.7391304347826086
