status,intersection
Core,7.407407407407407
Non-core,4.615384615384615
