status,intersection
Core,11.42433234421365
Non-core,8.070866141732283
