status,intersection
Core,6.280193236714976
Non-core,6.153846153846154
