status,intersection
Core,1.6304347826086956
Non-core,1.8018018018018018
