status,intersection
Core,3.864734299516908
Non-core,3.4482758620689653
