status,intersection
Core,1.2396694214876034
Non-core,0.6329113924050633
