status,intersection
Core,0.5555555555555556
Non-core,0.9259259259259259
