status,intersection
Core,10.084033613445378
Non-core,9.54356846473029
