status,intersection
Core,7.377049180327869
Non-core,4.697986577181208
