status,intersection
Core,6.666666666666667
Non-core,6.622516556291391
