status,intersection
Core,12.556053811659194
Non-core,7.246376811594203
