status,intersection
Core,3.1531531531531534
Non-core,2.9411764705882355
