status,intersection
Core,8.171206225680933
Non-core,6.578947368421052
