status,intersection
Core,7.773851590106007
Non-core,5.945945945945946
