status,intersection
Core,10.56910569105691
Non-core,9.23076923076923
