status,intersection
Core,3.8338658146964857
Non-core,3.3333333333333335
