status,intersection
Core,4.970760233918129
Non-core,5.084745762711864
