status,intersection
Core,14.285714285714286
Non-core,10.43956043956044
