status,intersection
Core,4.778156996587031
Non-core,3.9800995024875623
