status,intersection
Core,5.755395683453237
Non-core,6.578947368421052
