status,intersection
Core,6.790123456790123
Non-core,5.4945054945054945
