status,intersection
Core,11.952191235059761
Non-core,10.81081081081081
