status,intersection
Core,2.6737967914438503
Non-core,3.4782608695652173
