status,intersection
Core,6.217616580310881
Non-core,4.382470119521912
