status,intersection
Core,6.601466992665037
Non-core,7.042253521126761
