status,intersection
Core,2.293577981651376
Non-core,1.6563146997929608
