status,intersection
Core,8.653846153846153
Non-core,7.6923076923076925
