status,intersection
Core,4.060913705583756
Non-core,5.217391304347826
