status,intersection
Core,4.680851063829787
Non-core,3.9877300613496933
