status,intersection
Core,2.4271844660194173
Non-core,1.4388489208633093
