status,intersection
Core,4.825737265415549
Non-core,2.9166666666666665
