status,intersection
Core,2.0710059171597632
Non-core,1.9148936170212767
