status,intersection
Core,5.182926829268292
Non-core,4.910714285714286
