status,intersection
Core,10.091743119266056
Non-core,7.6923076923076925
