status,intersection
Core,3.7037037037037037
Non-core,4.081632653061225
