status,intersection
Core,2.803738317757009
Non-core,3.3333333333333335
