status,intersection
Core,5.797101449275362
Non-core,5.347593582887701
