status,intersection
Core,7.621082621082621
Non-core,4.608294930875576
