status,intersection
Core,3.587443946188341
Non-core,3.4246575342465753
