status,intersection
Core,13.274336283185841
Non-core,13.157894736842104
