status,intersection
Core,13.72549019607843
Non-core,11.724137931034482
