status,intersection
Core,2.185792349726776
Non-core,1.9230769230769231
