status,intersection
Core,10.784313725490197
Non-core,8.849557522123893
