status,intersection
Core,9.034267912772586
Non-core,8.796296296296296
