status,intersection
Core,6.172839506172839
Non-core,4.545454545454546
