status,intersection
Core,10.87962962962963
Non-core,9.764309764309765
