status,intersection
Core,7.425742574257426
Non-core,6.557377049180328
