status,intersection
Core,6.018518518518518
Non-core,4.3478260869565215
