status,intersection
Core,4.848484848484849
Non-core,4.8076923076923075
