status,intersection
Core,4.672897196261682
Non-core,3.787878787878788
