status,intersection
Core,11.278195488721805
Non-core,9.79020979020979
