status,intersection
Core,11.612903225806452
Non-core,12.195121951219512
