status,intersection
Core,9.542280837858804
Non-core,6.627906976744186
