status,intersection
Core,9.328358208955224
Non-core,6.896551724137931
