status,intersection
Core,5.392156862745098
Non-core,5.594405594405594
