status,intersection
Core,7.207207207207207
Non-core,4.301075268817204
