status,intersection
Core,1.694915254237288
Non-core,3.5714285714285716
