status,intersection
Core,0.9090909090909091
Non-core,0.704225352112676
