status,intersection
Core,4.381443298969073
Non-core,3.007518796992481
