status,intersection
Core,2.197802197802198
Non-core,2.727272727272727
