status,intersection
Core,6.521739130434782
Non-core,6.074766355140187
