status,intersection
Core,3.543307086614173
Non-core,3.35195530726257
