status,intersection
Core,8.439490445859873
Non-core,5.932203389830509
