status,intersection
Core,5.8441558441558445
Non-core,4.395604395604396
