status,intersection
Core,1.675977653631285
Non-core,1.8691588785046729
