status,intersection
Core,5.074626865671642
Non-core,4.484304932735426
