status,intersection
Core,7.894736842105263
Non-core,5.084745762711864
