status,intersection
Core,1.3289036544850499
Non-core,1.3824884792626728
