status,intersection
Core,2.380952380952381
Non-core,1.9230769230769231
