status,intersection
Core,7.377049180327869
Non-core,5.555555555555555
