status,intersection
Core,13.506493506493506
Non-core,8.148148148148149
