status,intersection
Core,2.955665024630542
Non-core,1.8181818181818181
