status,intersection
Core,8.181818181818182
Non-core,7.017543859649122
