status,intersection
Core,4.672897196261682
Non-core,5.084745762711864
