status,intersection
Core,1.7241379310344827
Non-core,3.7037037037037037
