status,intersection
Core,3.9548022598870056
Non-core,4.545454545454546
