status,intersection
Core,1.7964071856287425
Non-core,0.9523809523809523
