status,intersection
Core,4.297520661157025
Non-core,2.2271714922048997
