status,intersection
Core,3.9408866995073892
Non-core,4.651162790697675
