status,intersection
Core,13.229571984435797
Non-core,10.897435897435898
