status,intersection
Core,25.96685082872928
Non-core,17.757009345794394
