status,intersection
Core,10.223642172523961
Non-core,7.17948717948718
