status,intersection
Core,7.111111111111111
Non-core,6.617647058823529
