status,intersection
Core,3.6496350364963503
Non-core,4.3478260869565215
