status,intersection
Core,3.056768558951965
Non-core,1.9736842105263157
