status,intersection
Core,0.4444444444444444
Non-core,0.7352941176470589
