status,intersection
Core,5.339805825242719
Non-core,5.30035335689046
