status,intersection
Core,7.105263157894737
Non-core,5.857740585774058
