status,intersection
Core,9.967845659163988
Non-core,9.045226130653266
