status,intersection
Core,5.992509363295881
Non-core,6.043956043956044
