status,intersection
Core,3.367003367003367
Non-core,3.4146341463414633
