status,intersection
Core,6.818181818181818
Non-core,6.349206349206349
