status,intersection
Core,12.653061224489797
Non-core,10.357142857142858
