status,intersection
Core,3.1578947368421053
Non-core,2.7522935779816513
