status,intersection
Core,5.592105263157895
Non-core,3.864734299516908
