status,intersection
Core,9.70873786407767
Non-core,6.6473988439306355
