status,intersection
Core,3.7383177570093458
Non-core,5.172413793103448
