status,intersection
Core,0.8962868117797695
Non-core,0.6837606837606838
