status,intersection
Core,6.508875739644971
Non-core,4.504504504504505
