status,intersection
Core,2.912621359223301
Non-core,0.7936507936507936
