status,intersection
Core,1.7793594306049823
Non-core,1.0309278350515463
