status,intersection
Core,5.932203389830509
Non-core,3.2110091743119265
