status,intersection
Core,8.524590163934427
Non-core,8.37696335078534
