status,intersection
Core,7.590759075907591
Non-core,6.122448979591836
