status,intersection
Core,3.676470588235294
Non-core,2.197802197802198
