status,intersection
Core,12.280701754385966
Non-core,10.671936758893281
