status,intersection
Core,4.8076923076923075
Non-core,3.7037037037037037
