status,intersection
Core,6.302521008403361
Non-core,4.3478260869565215
