status,intersection
Core,4.62046204620462
Non-core,3.3175355450236967
