status,intersection
Core,12.166172106824925
Non-core,10.126582278481013
