status,intersection
Core,4.240282685512367
Non-core,3.5714285714285716
