status,intersection
Core,6.756756756756757
Non-core,9.859154929577464
