status,intersection
Core,2.0338983050847457
Non-core,1.4218009478672986
