status,intersection
Core,4.330708661417323
Non-core,4.624277456647399
