status,intersection
Core,12.605042016806722
Non-core,10.69182389937107
