status,intersection
Core,2.575107296137339
Non-core,1.9230769230769231
