status,intersection
Core,3.5483870967741935
Non-core,3.1818181818181817
