status,intersection
Core,3.0023094688221708
Non-core,2.287581699346405
