status,intersection
Core,9.345794392523365
Non-core,9.22509225092251
