status,intersection
Core,8.181818181818182
Non-core,4.838709677419355
