status,intersection
Core,7.009345794392523
Non-core,5.223880597014926
