status,intersection
Core,12.10762331838565
Non-core,7.377049180327869
