status,intersection
Core,3.767123287671233
Non-core,2.5380710659898478
