status,intersection
Core,17.93103448275862
Non-core,13.368983957219251
