status,intersection
Core,5.81039755351682
Non-core,4.910714285714286
