status,intersection
Core,8.629441624365482
Non-core,7.142857142857143
