status,intersection
Core,6.040268456375839
Non-core,4.901960784313726
