status,intersection
Core,2.6217228464419478
Non-core,2.808988764044944
