status,intersection
Core,8.035714285714286
Non-core,6.2015503875969
