status,intersection
Core,7.183908045977011
Non-core,4.867256637168142
