status,intersection
Core,11.515151515151516
Non-core,9.183673469387756
