status,intersection
Core,19.310344827586206
Non-core,13.592233009708737
