status,intersection
Core,2.491103202846975
Non-core,2.051282051282051
