status,intersection
Core,6.629834254143646
Non-core,7.017543859649122
