status,intersection
Core,12.663755458515285
Non-core,11.029411764705882
