status,intersection
Core,3.5460992907801416
Non-core,3.4285714285714284
