status,intersection
Core,9.473684210526315
Non-core,9.803921568627452
