status,intersection
Core,3.114186851211073
Non-core,3.3980582524271843
