status,intersection
Core,1.3333333333333333
Non-core,1.4285714285714286
