status,intersection
Core,1.9157088122605364
Non-core,1.0695187165775402
