status,intersection
Core,9.467455621301776
Non-core,10.344827586206897
