status,intersection
Core,7.4324324324324325
Non-core,7.368421052631579
