status,intersection
Core,5.128205128205129
Non-core,3.8043478260869565
