status,intersection
Core,9.307604994324631
Non-core,6.818181818181818
