status,intersection
Core,1.9801980198019802
Non-core,0.9302325581395349
