status,intersection
Core,9.451219512195122
Non-core,9.137055837563452
