status,intersection
Core,3.6082474226804124
Non-core,1.834862385321101
