status,intersection
Core,10.227272727272727
Non-core,13.157894736842104
