status,intersection
Core,4.6263345195729535
Non-core,3.076923076923077
