status,intersection
Core,1.4234875444839858
Non-core,1.5151515151515151
