status,intersection
Core,5.9880239520958085
Non-core,4.8076923076923075
