status,intersection
Core,11.11111111111111
Non-core,7.6305220883534135
