status,intersection
Core,6.853582554517134
Non-core,4.97737556561086
