status,intersection
Core,16.96113074204947
Non-core,14.871794871794872
