status,intersection
Core,6.7073170731707314
Non-core,7.6923076923076925
