status,intersection
Core,17.91044776119403
Non-core,21.21212121212121
