status,intersection
Core,1.9160211985324094
Non-core,0.8759124087591241
