status,intersection
Core,4.669260700389105
Non-core,2.3121387283236996
