status,intersection
Core,2.2123893805309733
Non-core,2.0134228187919465
