status,intersection
Core,11.05121293800539
Non-core,8.076923076923077
