status,intersection
Core,11.450381679389313
Non-core,6.7164179104477615
