status,intersection
Core,4.929577464788732
Non-core,3.58974358974359
