status,intersection
Core,7.518796992481203
Non-core,8.695652173913043
