status,intersection
Core,14.772727272727273
Non-core,13.043478260869565
