status,intersection
Core,3.72168284789644
Non-core,2.484472049689441
