status,intersection
Core,2.766798418972332
Non-core,2.127659574468085
