status,intersection
Core,12.592592592592593
Non-core,11.387900355871887
