status,intersection
Core,11.785714285714286
Non-core,10.303030303030303
