status,intersection
Core,4.913294797687861
Non-core,4.149377593360996
