status,intersection
Core,12.32876712328767
Non-core,12.030075187969924
