status,intersection
Core,13.48314606741573
Non-core,10.96774193548387
