status,intersection
Core,5.025125628140704
Non-core,4.580152671755725
