status,intersection
Core,9.065934065934066
Non-core,8.474576271186441
