status,intersection
Core,2.261967385586533
Non-core,1.2179487179487178
