status,intersection
Core,3.3088235294117645
Non-core,4.093567251461988
