status,intersection
Core,1.74496644295302
Non-core,1.2589928057553956
