status,intersection
Core,5.421686746987952
Non-core,4.597701149425287
