status,intersection
Core,8.968609865470851
Non-core,10.144927536231885
