status,intersection
Core,4.57516339869281
Non-core,4.301075268817204
