status,intersection
Core,3.35195530726257
Non-core,3.361344537815126
