status,intersection
Core,3.409090909090909
Non-core,1.9607843137254901
