status,intersection
Core,6.435643564356436
Non-core,5.982905982905983
