status,intersection
Core,4.639175257731959
Non-core,5.357142857142857
