status,intersection
Core,3.9735099337748343
Non-core,4.878048780487805
