status,intersection
Core,3.9473684210526314
Non-core,2.3255813953488373
