status,intersection
Core,8.488063660477454
Non-core,8.264462809917354
