status,intersection
Core,11.194029850746269
Non-core,5.128205128205129
