status,intersection
Core,1.4164305949008498
Non-core,0.8438818565400844
