status,intersection
Core,6.837606837606837
Non-core,5.303030303030303
