status,intersection
Core,8.411214953271028
Non-core,4.615384615384615
