status,intersection
Core,11.46788990825688
Non-core,8.108108108108109
