status,intersection
Core,14.356435643564357
Non-core,11.818181818181818
