status,intersection
Core,4.271844660194175
Non-core,3.2581453634085213
