status,intersection
Core,6.303724928366762
Non-core,3.673469387755102
