status,intersection
Core,0.4048582995951417
Non-core,0.5747126436781609
