status,intersection
Core,7.042253521126761
Non-core,5.857740585774058
