status,intersection
Core,3.5242290748898677
Non-core,4.316546762589928
