status,intersection
Core,8.450704225352112
Non-core,7.43801652892562
