status,intersection
Core,7.526881720430108
Non-core,6.557377049180328
