status,intersection
Core,13.621262458471762
Non-core,11.458333333333334
