status,intersection
Core,1.9138755980861244
Non-core,0.7692307692307693
