status,intersection
Core,5.9760956175298805
Non-core,7.2368421052631575
