status,intersection
Core,7.777777777777778
Non-core,5.405405405405405
