status,intersection
Core,1.7094017094017093
Non-core,1.8633540372670807
