status,intersection
Core,2.8225806451612905
Non-core,2.8735632183908044
