status,intersection
Core,5.194805194805195
Non-core,3.225806451612903
