status,intersection
Core,6.770833333333333
Non-core,6.504065040650406
