status,intersection
Core,3.5714285714285716
Non-core,2.4390243902439024
