status,intersection
Core,8.522727272727273
Non-core,5.9760956175298805
