status,intersection
Core,1.2698412698412698
Non-core,1.3043478260869565
