status,intersection
Core,3.501945525291829
Non-core,4.216867469879518
