status,intersection
Core,9.033613445378151
Non-core,8.734939759036145
