status,intersection
Core,8.25242718446602
Non-core,5.802047781569966
