status,intersection
Core,1.82648401826484
Non-core,2.0547945205479454
