status,intersection
Core,5.594405594405594
Non-core,4.444444444444445
