status,intersection
Core,11.610486891385769
Non-core,12.352941176470589
