status,intersection
Core,17.786561264822133
Non-core,14.110429447852761
