status,intersection
Core,10.375275938189846
Non-core,9.491525423728813
