status,intersection
Core,7.171314741035856
Non-core,4.487179487179487
