status,intersection
Core,3.3783783783783785
Non-core,3.3816425120772946
