status,intersection
Core,3.361344537815126
Non-core,3.389830508474576
