status,intersection
Core,1.0676156583629892
Non-core,1.0101010101010102
