status,intersection
Core,1.593625498007968
Non-core,1.829268292682927
