status,intersection
Core,7.838179519595449
Non-core,5.811965811965812
