status,intersection
Core,3.536977491961415
Non-core,3.111111111111111
