status,intersection
Core,4.651162790697675
Non-core,3.1594064145524174
