status,intersection
Core,4.554079696394687
Non-core,3.4210526315789473
