status,intersection
Core,2.6200873362445414
Non-core,3.4246575342465753
