status,intersection
Core,10.465116279069768
Non-core,11.11111111111111
