status,intersection
Core,2.6936026936026938
Non-core,3.3653846153846154
