status,intersection
Core,6.614785992217898
Non-core,5.806451612903226
