status,intersection
Core,10.268948655256724
Non-core,6.390977443609023
