status,intersection
Core,0.423728813559322
Non-core,0.6134969325153374
