status,intersection
Core,2.0202020202020203
Non-core,3.508771929824561
