status,intersection
Core,4.782608695652174
Non-core,3.7681159420289854
