status,intersection
Core,8.013937282229966
Non-core,6.179775280898877
