status,intersection
Core,8.983451536643026
Non-core,6.993006993006993
