status,intersection
Core,6.644518272425249
Non-core,5.288461538461538
