status,intersection
Core,9.883720930232558
Non-core,8.61244019138756
