status,intersection
Core,2.4193548387096775
Non-core,2.6315789473684212
