status,intersection
Core,2.3715415019762847
Non-core,1.7964071856287425
