status,intersection
Core,13.504823151125402
Non-core,11.046511627906977
