status,intersection
Core,6.371191135734072
Non-core,5.676855895196507
