status,intersection
Core,5.9171597633136095
Non-core,6.666666666666667
