status,intersection
Core,12.06030150753769
Non-core,12.396694214876034
