status,intersection
Core,2.6923076923076925
Non-core,3.260869565217391
