status,intersection
Core,4.964539007092198
Non-core,4.395604395604396
