status,intersection
Core,2.7586206896551726
Non-core,2.3255813953488373
