status,intersection
Core,5.693950177935943
Non-core,3.8043478260869565
