status,intersection
Core,8.465608465608465
Non-core,4.065040650406504
