status,intersection
Core,11.494252873563218
Non-core,12.820512820512821
