status,intersection
Core,3.7974683544303796
Non-core,1.6666666666666667
