status,intersection
Core,6.319702602230484
Non-core,4.891304347826087
