status,intersection
Core,8.536585365853659
Non-core,4.838709677419355
