status,intersection
Core,6.986899563318778
Non-core,6.756756756756757
