status,intersection
Core,11.020408163265307
Non-core,10.06711409395973
