status,intersection
Core,11.058823529411764
Non-core,8.724832214765101
