status,intersection
Core,6.145251396648045
Non-core,4.3478260869565215
