status,intersection
Core,5.617977528089888
Non-core,9.75609756097561
