status,intersection
Core,6.832298136645963
Non-core,6.896551724137931
