status,intersection
Core,6.315789473684211
Non-core,5.945945945945946
