status,intersection
Core,6.315789473684211
Non-core,3.7974683544303796
