status,intersection
Core,2.4096385542168677
Non-core,2.7027027027027026
