status,intersection
Core,5.241935483870968
Non-core,5.960264900662252
