status,intersection
Core,10.26615969581749
Non-core,7.361963190184049
