status,intersection
Core,7.76978417266187
Non-core,6.130268199233717
