status,intersection
Core,5.042016806722689
Non-core,3.8461538461538463
