status,intersection
Core,2.7522935779816513
Non-core,3.5460992907801416
