status,intersection
Core,2.3622047244094486
Non-core,2.5316455696202533
