status,intersection
Core,6.741573033707865
Non-core,4.166666666666667
