status,intersection
Core,2.990033222591362
Non-core,3.3175355450236967
