status,intersection
Core,2.5925925925925926
Non-core,1.1049723756906078
