status,intersection
Core,2.4734982332155475
Non-core,2.0408163265306123
