status,intersection
Core,3.585657370517928
Non-core,3.6144578313253013
