status,intersection
Core,7.371794871794871
Non-core,6.280193236714976
