status,intersection
Core,8.474576271186441
Non-core,5.714285714285714
