status,intersection
Core,4.464285714285714
Non-core,2.898550724637681
