status,intersection
Core,3.587443946188341
Non-core,5.147058823529412
