status,intersection
Core,2.960526315789474
Non-core,2.8708133971291865
