status,intersection
Core,6.363636363636363
Non-core,4.918032786885246
