status,intersection
Core,8.118081180811808
Non-core,6.779661016949152
