status,intersection
Core,3.508771929824561
Non-core,1.530612244897959
