status,intersection
Core,3.468208092485549
Non-core,3.669724770642202
