status,intersection
Core,3.0701754385964914
Non-core,2.8368794326241136
