status,intersection
Core,3.827751196172249
Non-core,2.9197080291970803
