status,intersection
Core,1.948051948051948
Non-core,1.3392857142857142
