status,intersection
Core,5.164319248826291
Non-core,5.785123966942149
