status,intersection
Core,7.4324324324324325
Non-core,6.101694915254237
