status,intersection
Core,6.422018348623853
Non-core,6.209150326797386
