status,intersection
Core,1.238390092879257
Non-core,1.2987012987012987
