status,intersection
Core,7.87037037037037
Non-core,4.291845493562231
