status,intersection
Core,5.46218487394958
Non-core,4.137931034482759
