status,intersection
Core,6.086956521739131
Non-core,3.053435114503817
