status,intersection
Core,12.751677852348994
Non-core,12.162162162162161
