status,intersection
Core,8.284023668639053
Non-core,8.791208791208792
