status,intersection
Core,3.7383177570093458
Non-core,3.5714285714285716
