status,intersection
Core,2.898550724637681
Non-core,2.127659574468085
