status,intersection
Core,2.6595744680851063
Non-core,1.5748031496062993
