status,intersection
Core,15.289256198347108
Non-core,12.92517006802721
