status,intersection
Core,8.333333333333334
Non-core,10.256410256410257
