status,intersection
Core,10.393258426966293
Non-core,9.920634920634921
