status,intersection
Core,6.617647058823529
Non-core,5.813953488372093
