status,intersection
Core,1.6129032258064515
Non-core,2.6666666666666665
