status,intersection
Core,10.280373831775702
Non-core,11.11111111111111
