status,intersection
Core,7.1146245059288535
Non-core,7.333333333333333
