status,intersection
Core,8.080808080808081
Non-core,7.547169811320755
