status,intersection
Core,10.483870967741936
Non-core,9.67741935483871
