status,intersection
Core,19.01840490797546
Non-core,16.842105263157894
