status,intersection
Core,2.8925619834710745
Non-core,3.048780487804878
