status,intersection
Core,7.382550335570469
Non-core,5.434782608695652
