status,intersection
Core,1.8691588785046729
Non-core,3.053435114503817
