status,intersection
Core,8.9171974522293
Non-core,6.976744186046512
