status,intersection
Core,6.7164179104477615
Non-core,7.575757575757576
