status,intersection
Core,4.109589041095891
Non-core,4.651162790697675
