status,intersection
Core,5.070422535211268
Non-core,4.700854700854701
