status,intersection
Core,3.1161473087818696
Non-core,2.0661157024793386
