status,intersection
Core,8.368200836820083
Non-core,9.154929577464788
