status,intersection
Core,4.642857142857143
Non-core,3.9215686274509802
