status,intersection
Core,8.934707903780069
Non-core,6.382978723404255
