status,intersection
Core,11.990407673860911
Non-core,12.280701754385966
