status,intersection
Core,4.52755905511811
Non-core,3.551912568306011
