status,intersection
Core,16.51031894934334
Non-core,11.335012594458439
