status,intersection
Core,0.6968641114982579
Non-core,0.49019607843137253
