status,intersection
Core,2.5078369905956115
Non-core,2.1367521367521367
