status,intersection
Core,8.923884514435695
Non-core,7.2796934865900385
