status,intersection
Core,10.743801652892563
Non-core,9.027777777777779
