status,intersection
Core,5.291005291005291
Non-core,5.426356589147287
