status,intersection
Core,9.63855421686747
Non-core,7.482993197278912
