status,intersection
Core,10.85972850678733
Non-core,6.7669172932330826
