status,intersection
Core,1.1359026369168357
Non-core,0.7263922518159807
