status,intersection
Core,6.666666666666667
Non-core,5.147058823529412
