status,intersection
Core,10.285714285714286
Non-core,6.722689075630252
