status,intersection
Core,8.870967741935484
Non-core,7.575757575757576
