status,intersection
Core,3.115264797507788
Non-core,2.9661016949152543
