status,intersection
Core,3.292181069958848
Non-core,3.6144578313253013
