status,intersection
Core,5.283018867924528
Non-core,2.857142857142857
