status,intersection
Core,10.130246020260492
Non-core,8.219178082191782
