status,intersection
Core,3.585657370517928
Non-core,4.191616766467066
