status,intersection
Core,5.084745762711864
Non-core,2.9411764705882355
