status,intersection
Core,8.206106870229007
Non-core,6.117021276595745
