status,intersection
Core,7.246376811594203
Non-core,5.660377358490566
