status,intersection
Core,3.8869257950530036
Non-core,4.945054945054945
