status,intersection
Core,6.1946902654867255
Non-core,4.918032786885246
