status,intersection
Core,8.130081300813009
Non-core,8.928571428571429
