status,intersection
Core,0.9174311926605505
Non-core,0.7092198581560284
