status,intersection
Core,5.019305019305019
Non-core,6.4935064935064934
