status,intersection
Core,4.395604395604396
Non-core,3.9215686274509802
