status,intersection
Core,6.521739130434782
Non-core,6.818181818181818
