status,intersection
Core,5.0359712230215825
Non-core,3.0927835051546393
