status,intersection
Core,8.035714285714286
Non-core,7.231920199501247
