status,intersection
Core,5.217391304347826
Non-core,7.2727272727272725
