status,intersection
Core,4.641350210970464
Non-core,5.555555555555555
