status,intersection
Core,4.098360655737705
Non-core,2.9585798816568047
