status,intersection
Core,2.459016393442623
Non-core,4.109589041095891
