status,intersection
Core,1.4150943396226414
Non-core,2.2900763358778624
