status,intersection
Core,6.282722513089006
Non-core,8.421052631578947
