status,intersection
Core,10.27190332326284
Non-core,9.569377990430622
