status,intersection
Core,7.560137457044673
Non-core,6.081081081081081
