status,intersection
Core,3.260869565217391
Non-core,3.8461538461538463
