status,intersection
Core,2.7450980392156863
Non-core,2.857142857142857
