status,intersection
Core,4.854368932038835
Non-core,2.985074626865672
