status,intersection
Core,3.867403314917127
Non-core,3.3057851239669422
