status,intersection
Core,6.827309236947791
Non-core,4.848484848484849
