status,intersection
Core,3.888888888888889
Non-core,3.7735849056603774
