status,intersection
Core,4.593639575971731
Non-core,3.8251366120218577
