status,intersection
Core,2.909090909090909
Non-core,3.260869565217391
