status,intersection
Core,10.074626865671641
Non-core,9.03954802259887
