status,intersection
Core,5.773501110288675
Non-core,3.2629558541266794
