status,intersection
Core,0.3389830508474576
Non-core,0.47393364928909953
