status,intersection
Core,5.038759689922481
Non-core,3.4482758620689653
