status,intersection
Core,6.374501992031872
Non-core,5.095541401273885
