status,intersection
Core,1.2875536480686696
Non-core,1.2820512820512822
