status,intersection
Core,8.30670926517572
Non-core,6.896551724137931
