status,intersection
Core,8.219178082191782
Non-core,5.172413793103448
