status,intersection
Core,9.859154929577464
Non-core,7.6923076923076925
