status,intersection
Core,9.090909090909092
Non-core,7.604562737642586
