status,intersection
Core,1.6778523489932886
Non-core,1.3953488372093024
