status,intersection
Core,6.0702875399361025
Non-core,5.0761421319796955
