status,intersection
Core,13.333333333333334
Non-core,11.564625850340136
