status,intersection
Core,8.547008547008547
Non-core,7.792207792207792
