status,intersection
Core,4.417670682730924
Non-core,4.761904761904762
