status,intersection
Core,6.481481481481482
Non-core,6.779661016949152
