status,intersection
Core,4.597701149425287
Non-core,3.669724770642202
