status,intersection
Core,12.541254125412541
Non-core,11.627906976744185
