status,intersection
Core,1.4157973174366616
Non-core,0.8670520231213873
