status,intersection
Core,3.076923076923077
Non-core,1.3333333333333333
