status,intersection
Core,1.408450704225352
Non-core,1.9230769230769231
