status,intersection
Core,5.585106382978723
Non-core,3.8461538461538463
