status,intersection
Core,0.4098360655737705
Non-core,0.5847953216374269
