status,intersection
Core,6.7669172932330826
Non-core,6.153846153846154
