status,intersection
Core,7.033639143730887
Non-core,4.782608695652174
