status,intersection
Core,9.824561403508772
Non-core,8.37696335078534
