status,intersection
Core,3.5398230088495577
Non-core,5.0359712230215825
