status,intersection
Core,2.247191011235955
Non-core,2.272727272727273
