status,intersection
Core,10.677083333333334
Non-core,8.98876404494382
