status,intersection
Core,5.536332179930795
Non-core,4.891304347826087
