status,intersection
Core,5.154639175257732
Non-core,5.357142857142857
