status,intersection
Core,4.310344827586207
Non-core,3.508771929824561
