status,intersection
Core,10.280373831775702
Non-core,9.433962264150944
