status,intersection
Core,5.405405405405405
Non-core,1.932367149758454
