status,intersection
Core,2.5069637883008355
Non-core,2.3255813953488373
