status,intersection
Core,7.947019867549669
Non-core,6.484641638225256
