status,intersection
Core,0.8097165991902834
Non-core,1.1494252873563218
