status,intersection
Core,5.134474327628362
Non-core,3.7542662116040955
