status,intersection
Core,1.9390581717451523
Non-core,2.3255813953488373
