status,intersection
Core,11.255411255411255
Non-core,9.420289855072463
