status,intersection
Core,9.818181818181818
Non-core,8.823529411764707
