status,intersection
Core,1.4830508474576272
Non-core,1.1363636363636365
