status,intersection
Core,5.902777777777778
Non-core,4.081632653061225
