status,intersection
Core,12.578616352201259
Non-core,11.764705882352942
