status,intersection
Core,9.821428571428571
Non-core,9.836065573770492
