status,intersection
Core,2.6923076923076925
Non-core,1.675977653631285
