status,intersection
Core,5.676855895196507
Non-core,3.5714285714285716
