status,intersection
Core,1.8691588785046729
Non-core,1.9230769230769231
