status,intersection
Core,8.05084745762712
Non-core,7.857142857142857
