status,intersection
Core,12.969283276450511
Non-core,10.757575757575758
