status,intersection
Core,1.6574585635359116
Non-core,0.9174311926605505
