status,intersection
Core,4.291845493562231
Non-core,3.5211267605633805
