status,intersection
Core,2.7624309392265194
Non-core,4.854368932038835
