status,intersection
Core,2.2388059701492535
Non-core,3.0303030303030303
