status,intersection
Core,11.529933481152993
Non-core,9.868421052631579
