status,intersection
Core,12.987012987012987
Non-core,17.073170731707318
