status,intersection
Core,10.869565217391305
Non-core,14.893617021276595
