status,intersection
Core,1.932367149758454
Non-core,0.746268656716418
