status,intersection
Core,2.0491803278688523
Non-core,1.2345679012345678
