status,intersection
Core,11.728395061728396
Non-core,9.63855421686747
