status,intersection
Core,11.785714285714286
Non-core,11.728395061728396
