status,intersection
Core,9.58904109589041
Non-core,5.2631578947368425
