status,intersection
Core,1.6331658291457287
Non-core,1.5151515151515151
