status,intersection
Core,8.950617283950617
Non-core,9.004739336492891
