status,intersection
Core,0.8298755186721992
Non-core,1.1904761904761905
