status,intersection
Core,2.2801302931596092
Non-core,2.2522522522522523
