status,intersection
Core,8.219178082191782
Non-core,9.523809523809524
