status,intersection
Core,9.195402298850574
Non-core,9.30232558139535
