status,intersection
Core,4.597701149425287
Non-core,6.451612903225806
