status,intersection
Core,11.612903225806452
Non-core,8.695652173913043
