status,intersection
Core,7.565789473684211
Non-core,7.425742574257426
