status,intersection
Core,6.920415224913495
Non-core,5.4945054945054945
