status,intersection
Core,6.205250596658711
Non-core,4.934210526315789
