status,intersection
Core,2.272727272727273
Non-core,2.097902097902098
