status,intersection
Core,2.0408163265306123
Non-core,2.3391812865497075
