status,intersection
Core,2.9761904761904763
Non-core,4.123711340206185
