status,intersection
Core,2.4691358024691357
Non-core,1.8404907975460123
