status,intersection
Core,6.690140845070423
Non-core,6.282722513089006
