status,intersection
Core,4.712041884816754
Non-core,3.389830508474576
