status,intersection
Core,6.990881458966565
Non-core,4.694835680751174
