status,intersection
Core,12.29235880398671
Non-core,13.440860215053764
