status,intersection
Core,8.61244019138756
Non-core,6.359649122807017
