status,intersection
Core,13.745704467353951
Non-core,11.864406779661017
