status,intersection
Core,7.189542483660131
Non-core,4.390243902439025
