status,intersection
Core,2.077151335311573
Non-core,2.074688796680498
