status,intersection
Core,6.508875739644971
Non-core,3.7383177570093458
