status,intersection
Core,9.202453987730062
Non-core,7.6923076923076925
