status,intersection
Core,9.66542750929368
Non-core,8.641975308641975
