status,intersection
Core,7.446808510638298
Non-core,7.317073170731708
