status,intersection
Core,7.964601769911504
Non-core,6.329113924050633
