status,intersection
Core,7.975460122699387
Non-core,4.954954954954955
