status,intersection
Core,2.990033222591362
Non-core,2.955665024630542
