status,intersection
Core,5.28169014084507
Non-core,4.597701149425287
