status,intersection
Core,11.926605504587156
Non-core,8.333333333333334
