status,intersection
Core,1.183431952662722
Non-core,1.8867924528301887
