status,intersection
Core,2.31023102310231
Non-core,1.834862385321101
