status,intersection
Core,8.71369294605809
Non-core,6.626506024096385
