status,intersection
Core,7.6923076923076925
Non-core,7.377049180327869
