status,intersection
Core,13.559322033898304
Non-core,13.793103448275861
