status,intersection
Core,12.466124661246612
Non-core,8.764940239043824
