status,intersection
Core,6.097560975609756
Non-core,7.6923076923076925
