status,intersection
Core,8.98876404494382
Non-core,7.82122905027933
