status,intersection
Core,10.695187165775401
Non-core,9.34959349593496
