status,intersection
Core,5.925925925925926
Non-core,7.042253521126761
