status,intersection
Core,11.6751269035533
Non-core,10.622710622710622
