status,intersection
Core,14.388489208633093
Non-core,10.606060606060606
