status,intersection
Core,5.7591623036649215
Non-core,2.6785714285714284
