status,intersection
Core,2.824858757062147
Non-core,2.5641025641025643
