status,intersection
Core,3.111111111111111
Non-core,2.7210884353741496
