status,intersection
Core,4.9504950495049505
Non-core,3.7735849056603774
