status,intersection
Core,1.4336917562724014
Non-core,0.5154639175257731
