status,intersection
Core,14.285714285714286
Non-core,14.634146341463415
