status,intersection
Core,10.240963855421686
Non-core,7.281553398058253
