status,intersection
Core,9.480122324159021
Non-core,7.109004739336493
