status,intersection
Core,7.291666666666667
Non-core,5.691056910569106
