status,intersection
Core,2.793296089385475
Non-core,3.088803088803089
