status,intersection
Core,8.9171974522293
Non-core,5.882352941176471
