status,intersection
Core,5.68561872909699
Non-core,5.741626794258373
