status,intersection
Core,9.583333333333334
Non-core,5.755395683453237
