status,intersection
Core,3.5353535353535355
Non-core,4.37956204379562
