status,intersection
Core,8.108108108108109
Non-core,7.368421052631579
