status,intersection
Core,2.7681660899653977
Non-core,2.4390243902439024
