status,intersection
Core,7.664233576642336
Non-core,6.989247311827957
