status,intersection
Core,5.2805280528052805
Non-core,3.5353535353535355
