status,intersection
Core,6.929133858267717
Non-core,4.883227176220807
