status,intersection
Core,7.542579075425791
Non-core,3.65296803652968
