status,intersection
Core,2.100840336134454
Non-core,2.027027027027027
