status,intersection
Core,5.157593123209169
Non-core,3.587443946188341
