status,intersection
Core,4.2682926829268295
Non-core,5.0691244239631335
