status,intersection
Core,1.4285714285714286
Non-core,2.4390243902439024
