status,intersection
Core,5.567928730512249
Non-core,3.4482758620689653
