status,intersection
Core,4.184100418410042
Non-core,4.242424242424242
