status,intersection
Core,6.862745098039215
Non-core,2.4390243902439024
