status,intersection
Core,6.923076923076923
Non-core,6.159420289855072
