status,intersection
Core,16.216216216216218
Non-core,16.666666666666668
