status,intersection
Core,3.9215686274509802
Non-core,3.816793893129771
