status,intersection
Core,6.093189964157706
Non-core,5.978260869565218
