status,intersection
Core,15.168539325842696
Non-core,13.278008298755188
