status,intersection
Core,5.0691244239631335
Non-core,3.816793893129771
