status,intersection
Core,11.834319526627219
Non-core,10.869565217391305
