status,intersection
Core,1.2448132780082988
Non-core,1.2345679012345678
