status,intersection
Core,13.758389261744966
Non-core,11.224489795918368
