status,intersection
Core,4.608294930875576
Non-core,4.895104895104895
