status,intersection
Core,6.0606060606060606
Non-core,6.315789473684211
