status,intersection
Core,4.054054054054054
Non-core,3.896103896103896
