status,intersection
Core,1.6042780748663101
Non-core,1.7857142857142858
