status,intersection
Core,8.778625954198473
Non-core,7.453416149068323
