status,intersection
Core,17.2291296625222
Non-core,13.861386138613861
