status,intersection
Core,5.128205128205129
Non-core,3.4482758620689653
