status,intersection
Core,2.3696682464454977
Non-core,2.3255813953488373
