status,intersection
Core,7.547169811320755
Non-core,4.25531914893617
