status,intersection
Core,4.901960784313726
Non-core,4.081632653061225
