status,intersection
Core,6.272330289797539
Non-core,4.545454545454546
