status,intersection
Core,8.296943231441048
Non-core,10.37037037037037
