status,intersection
Core,13.215859030837004
Non-core,7.633587786259542
