status,intersection
Core,11.39240506329114
Non-core,16.129032258064516
