status,intersection
Core,13.526570048309178
Non-core,9.81132075471698
