status,intersection
Core,6.823529411764706
Non-core,4.759682687820812
