status,intersection
Core,11.610486891385769
Non-core,8.791208791208792
