status,intersection
Core,6.870229007633588
Non-core,6.097560975609756
