status,intersection
Core,7.139161924469736
Non-core,4.042956411876184
