status,intersection
Core,5.405405405405405
Non-core,3.9215686274509802
