status,intersection
Core,10.416666666666666
Non-core,13.636363636363637
