status,intersection
Core,6.472491909385114
Non-core,4.635761589403973
