status,intersection
Core,9.852216748768473
Non-core,10.852713178294573
