status,intersection
Core,0.15822784810126583
Non-core,0.19206145966709348
