status,intersection
Core,2.4402907580477673
Non-core,1.5802781289506953
