status,intersection
Core,5.9760956175298805
Non-core,3.9735099337748343
