status,intersection
Core,0.5810882197569994
Non-core,0.3207184092366902
