status,intersection
Core,2.1390374331550803
Non-core,2.6923076923076925
