status,intersection
Core,6.890756302521009
Non-core,5.707196029776675
