status,intersection
Core,1.1536444677503932
Non-core,1.1443102352193262
