status,intersection
Core,5.957446808510638
Non-core,5.637982195845697
