status,intersection
Core,8.734939759036145
Non-core,6.047648136835675
