status,intersection
Core,0.21119324181626187
Non-core,0.2564102564102564
