status,intersection
Core,2.358974358974359
Non-core,1.4420062695924765
