status,intersection
Core,4.25531914893617
Non-core,7.6923076923076925
