status,intersection
Core,4.676258992805756
Non-core,4.49438202247191
