status,intersection
Core,5.707762557077626
Non-core,4.1522491349480966
