status,intersection
Core,2.1341463414634148
Non-core,3.111111111111111
