status,intersection
Core,0.10559662090813093
Non-core,0.1282051282051282
