status,intersection
Core,3.041825095057034
Non-core,3.409090909090909
