status,intersection
Core,5.828779599271402
Non-core,4.909560723514212
