status,intersection
Core,4.3319415448851775
Non-core,2.5477707006369426
