status,intersection
Core,15.060240963855422
Non-core,14.893617021276595
