status,intersection
Core,8.426966292134832
Non-core,8.771929824561404
