status,intersection
Core,11.71875
Non-core,14.285714285714286
