status,intersection
Core,2.681992337164751
Non-core,2.857142857142857
