status,intersection
Core,6.571428571428571
Non-core,6.437768240343348
