status,intersection
Core,5.390835579514825
Non-core,5.426356589147287
