status,intersection
Core,4.471544715447155
Non-core,4.444444444444445
