status,intersection
Core,2.005730659025788
Non-core,1.345291479820628
