status,intersection
Core,14.447236180904522
Non-core,10.424028268551236
