status,intersection
Core,11.338289962825279
Non-core,9.768637532133676
