status,intersection
Core,4.878048780487805
Non-core,2.2346368715083798
