status,intersection
Core,16.697588126159555
Non-core,13.157894736842104
