status,intersection
Core,16.774193548387096
Non-core,12.626262626262626
