status,intersection
Core,5.09915014164306
Non-core,5.084745762711864
