status,intersection
Core,4.363636363636363
Non-core,5.142857142857143
