status,intersection
Core,1.827782290820471
Non-core,1.2621359223300972
