status,intersection
Core,10.880829015544041
Non-core,10.756972111553784
