status,intersection
Core,8.379888268156424
Non-core,9.25925925925926
