status,intersection
Core,14.910536779324056
Non-core,12.320916905444125
