status,intersection
Core,3.8715769593956564
Non-core,2.776203966005666
