status,intersection
Core,10.431654676258994
Non-core,7.928388746803069
