status,intersection
Core,0.6322444678609063
Non-core,0.7033248081841432
