status,intersection
Core,7.552870090634441
Non-core,4.054054054054054
