status,intersection
Core,11.991434689507495
Non-core,10.588235294117647
