status,intersection
Core,1.2232415902140672
Non-core,1.271186440677966
