status,intersection
Core,14.042553191489361
Non-core,15.2317880794702
