status,intersection
Core,5.136986301369863
Non-core,5.027932960893855
