status,intersection
Core,1.41287284144427
Non-core,1.2682308180088777
