status,intersection
Core,7.712082262210797
Non-core,7.782101167315175
