status,intersection
Core,14.45086705202312
Non-core,14.953271028037383
