status,intersection
Core,5.054151624548736
Non-core,4.7368421052631575
