status,intersection
Core,1.6350210970464134
Non-core,0.5128205128205128
