status,intersection
Core,10.010427528675704
Non-core,7.898448519040903
