status,intersection
Core,1.10803324099723
Non-core,0.7843137254901961
