status,intersection
Core,5.288461538461538
Non-core,4.724409448818897
