status,intersection
Core,4.285714285714286
Non-core,4.026845637583893
