status,intersection
Core,6.232294617563739
Non-core,4.958677685950414
