status,intersection
Core,4.138292299633316
Non-core,2.2929936305732483
