status,intersection
Core,4.3126684636118595
Non-core,3.409090909090909
