status,intersection
Core,1.8779342723004695
Non-core,1.6518424396442186
