status,intersection
Core,0.6153846153846154
Non-core,0.9090909090909091
