status,intersection
Core,3.9215686274509802
Non-core,3.076923076923077
