status,intersection
Core,4.059040590405904
Non-core,5.9523809523809526
