status,intersection
Core,4.368932038834951
Non-core,4.444444444444445
