status,intersection
Core,2.5936599423631126
Non-core,2.074688796680498
