status,intersection
Core,13.20754716981132
Non-core,13.636363636363637
