status,intersection
Core,14.350797266514807
Non-core,12.121212121212121
