status,intersection
Core,11.34020618556701
Non-core,11.538461538461538
