status,intersection
Core,11.650485436893204
Non-core,9.836065573770492
