status,intersection
Core,1.6216216216216217
Non-core,1.1857707509881423
