status,intersection
Core,2.5322997416020674
Non-core,2.2598870056497176
