status,intersection
Core,1.3089005235602094
Non-core,1.33248730964467
