status,intersection
Core,0.8310249307479224
Non-core,0.7604562737642585
