status,intersection
Core,1.566579634464752
Non-core,1.266624445851805
