status,intersection
Core,4.381443298969073
Non-core,2.8368794326241136
