status,intersection
Core,15.606936416184972
Non-core,13.202247191011235
