status,intersection
Core,0.578642819568648
Non-core,0.574345883854499
