status,intersection
Core,7.070707070707071
Non-core,9.30232558139535
