status,intersection
Core,7.526881720430108
Non-core,10.638297872340425
