status,intersection
Core,6.827309236947791
Non-core,5.487804878048781
