status,intersection
Core,0.28169014084507044
Non-core,0.3861003861003861
