status,intersection
Core,6.159420289855072
Non-core,5.9171597633136095
