status,intersection
Core,2.1220159151193636
Non-core,1.7985611510791366
