status,intersection
Core,4.279749478079332
Non-core,2.546148949713558
