status,intersection
Core,9.61038961038961
Non-core,7.480314960629921
