status,intersection
Core,12.587412587412587
Non-core,10.181818181818182
