status,intersection
Core,7.011070110701107
Non-core,4.819277108433735
