status,intersection
Core,3.0927835051546393
Non-core,2.5906735751295336
