status,intersection
Core,2.6631853785900783
Non-core,1.5883100381194408
