status,intersection
Core,6.914893617021277
Non-core,3.278688524590164
