status,intersection
Core,11.278195488721805
Non-core,6.756756756756757
