status,intersection
Core,0.2632964718272775
Non-core,0.3194888178913738
