status,intersection
Core,9.310344827586206
Non-core,9.94475138121547
