status,intersection
Core,2.8688524590163933
Non-core,2.395209580838323
