status,intersection
Core,0.6827731092436975
Non-core,0.7006369426751592
