status,intersection
Core,1.9047619047619047
Non-core,2.255639097744361
