status,intersection
Core,9.59409594095941
Non-core,8.98876404494382
