status,intersection
Core,0.9503695881731784
Non-core,0.38461538461538464
