status,intersection
Core,1.0909090909090908
Non-core,1.5789473684210527
