status,intersection
Core,0.303951367781155
Non-core,0.44642857142857145
