status,intersection
Core,0.8032128514056225
Non-core,0.6097560975609756
