status,intersection
Core,3.167420814479638
Non-core,3.870967741935484
