status,intersection
Core,11.506849315068493
Non-core,8.583690987124463
