status,intersection
Core,4.038004750593824
Non-core,3.9215686274509802
