status,intersection
Core,6.818181818181818
Non-core,4.918032786885246
