status,intersection
Core,2.6392961876832843
Non-core,1.593625498007968
