status,intersection
Core,9.090909090909092
Non-core,12.149532710280374
