status,intersection
Core,15.729847494553377
Non-core,12.73784355179704
