status,intersection
Core,6.440071556350627
Non-core,4.534606205250597
