status,intersection
Core,1.09717868338558
Non-core,1.139240506329114
