status,intersection
Core,3.7151702786377707
Non-core,3.930131004366812
