status,intersection
Core,4.6683046683046685
Non-core,4.929577464788732
