status,intersection
Core,4.301075268817204
Non-core,4.3478260869565215
