status,intersection
Core,4.700854700854701
Non-core,2.816901408450704
