status,intersection
Core,8.035714285714286
Non-core,11.290322580645162
