status,intersection
Core,6.329113924050633
Non-core,5.128205128205129
