status,intersection
Core,14.724838869608329
Non-core,11.531531531531531
