status,intersection
Core,3.0386740331491713
Non-core,3.435114503816794
