status,intersection
Core,4.464285714285714
Non-core,5.333333333333333
