status,intersection
Core,0.316288877174486
Non-core,0.3838771593090211
