status,intersection
Core,3.115264797507788
Non-core,4.072398190045249
