status,intersection
Core,9.224730127576056
Non-core,6.8304373876572795
