status,intersection
Core,0.9453781512605042
Non-core,0.9554140127388535
