status,intersection
Core,9.473684210526315
Non-core,7.407407407407407
