status,intersection
Core,8.938547486033519
Non-core,9.482758620689655
