status,intersection
Core,9.570957095709572
Non-core,8.16326530612245
