status,intersection
Core,6.172839506172839
Non-core,5.357142857142857
