status,intersection
Core,7.766990291262136
Non-core,8.16326530612245
