status,intersection
Core,4.012345679012346
Non-core,4.054054054054054
