status,intersection
Core,7.142857142857143
Non-core,4.324324324324325
