status,intersection
Core,4.97737556561086
Non-core,4.054054054054054
