status,intersection
Core,4.471544715447155
Non-core,4.3478260869565215
