status,intersection
Core,4.670329670329671
Non-core,3.488372093023256
