status,intersection
Core,0.4214963119072708
Non-core,0.4475703324808184
