status,intersection
Core,3.3783783783783785
Non-core,3.9215686274509802
