status,intersection
Core,12.432432432432432
Non-core,13.559322033898304
