status,intersection
Core,9.6045197740113
Non-core,9.803921568627452
