status,intersection
Core,6.214689265536723
Non-core,6.976744186046512
