status,intersection
Core,9.45273631840796
Non-core,6.993006993006993
