status,intersection
Core,12.73209549071618
Non-core,9.7165991902834
