status,intersection
Core,9.03225806451613
Non-core,7.906976744186046
