status,intersection
Core,10.068649885583524
Non-core,7.32484076433121
