status,intersection
Core,4.914004914004914
Non-core,4.861111111111111
