status,intersection
Core,3.7572254335260116
Non-core,3.5294117647058822
