status,intersection
Core,10.502283105022832
Non-core,6.818181818181818
