status,intersection
Core,4.225352112676056
Non-core,3.4482758620689653
