status,intersection
Core,3.549060542797495
Non-core,2.54957507082153
