status,intersection
Core,0.9448818897637795
Non-core,0.7001909611712285
