status,intersection
Core,2.1671826625387
Non-core,2.1551724137931036
