status,intersection
Core,10.545454545454545
Non-core,10.179640718562874
