status,intersection
Core,1.075268817204301
Non-core,0.8264462809917356
