status,intersection
Core,5.05050505050505
Non-core,3.745318352059925
