status,intersection
Core,1.606425702811245
Non-core,1.829268292682927
