status,intersection
Core,4.2682926829268295
Non-core,6.1946902654867255
