status,intersection
Core,0.39215686274509803
Non-core,0.6172839506172839
