status,intersection
Core,4.060913705583756
Non-core,3.816793893129771
