status,intersection
Core,14.666666666666666
Non-core,21.951219512195124
