status,intersection
Core,2.4657534246575343
Non-core,2.3904382470119523
