status,intersection
Core,2.247191011235955
Non-core,1.968503937007874
