status,intersection
Core,14.117647058823529
Non-core,9.090909090909092
