status,intersection
Core,4.218362282878412
Non-core,4.195804195804196
