status,intersection
Core,2.359882005899705
Non-core,2.1367521367521367
