status,intersection
Core,2.047244094488189
Non-core,1.2779552715654952
