status,intersection
Core,2.4615384615384617
Non-core,2.304147465437788
