status,intersection
Core,0.6514657980456026
Non-core,0.4608294930875576
