status,intersection
Core,2.2256728778467907
Non-core,1.5103838892385149
