status,intersection
Core,4.182509505703422
Non-core,4.597701149425287
