status,intersection
Core,4.3478260869565215
Non-core,5.660377358490566
