status,intersection
Core,10.74074074074074
Non-core,10.56910569105691
