status,intersection
Core,2.197802197802198
Non-core,1.9455252918287937
