status,intersection
Core,7.857142857142857
Non-core,9.090909090909092
