status,intersection
Core,1.607717041800643
Non-core,0.46296296296296297
