status,intersection
Core,0.5970149253731343
Non-core,0.43478260869565216
