status,intersection
Core,5.289672544080605
Non-core,4.942965779467681
