status,intersection
Core,5.487804878048781
Non-core,4.385964912280702
