status,intersection
Core,2.0450970110120608
Non-core,1.5276893698281349
