status,intersection
Core,2.985074626865672
Non-core,3.0303030303030303
