status,intersection
Core,1.4091858037578289
Non-core,1.3950538998097655
