status,intersection
Core,6.426735218508997
Non-core,5.905511811023622
