status,intersection
Core,5.396825396825397
Non-core,5.529953917050691
