status,intersection
Core,0.9146341463414634
Non-core,0.4484304932735426
