status,intersection
Core,0.158311345646438
Non-core,0.12812299807815503
