status,intersection
Core,3.0434782608695654
Non-core,2.7027027027027026
