status,intersection
Core,2.7607361963190185
Non-core,3.0973451327433628
