status,intersection
Core,0.47368421052631576
Non-core,0.5108556832694764
