status,intersection
Core,3.7681159420289854
Non-core,3.3333333333333335
