status,intersection
Core,4.603580562659847
Non-core,4.90566037735849
