status,intersection
Core,5.841924398625429
Non-core,5.376344086021505
