status,intersection
Core,1.1976047904191616
Non-core,1.3100436681222707
