status,intersection
Core,9.195402298850574
Non-core,7.377049180327869
