status,intersection
Core,1.3440860215053763
Non-core,1.4545454545454546
