status,intersection
Core,4.260780287474333
Non-core,3.0701754385964914
