status,intersection
Core,1.1450381679389312
Non-core,0.5988023952095808
