status,intersection
Core,2.7522935779816513
Non-core,1.8867924528301887
