status,intersection
Core,12.142857142857142
Non-core,14.457831325301205
