status,intersection
Core,5.7534246575342465
Non-core,2.6717557251908395
