status,intersection
Core,14.619883040935672
Non-core,16.666666666666668
