status,intersection
Core,8.94308943089431
Non-core,9.126984126984127
