status,intersection
Core,8.548707753479125
Non-core,7.627118644067797
