status,intersection
Core,2.475502836513667
Non-core,1.759899434318039
