status,intersection
Core,8.184143222506394
Non-core,6.4393939393939394
