status,intersection
Core,11.239193083573488
Non-core,11.52073732718894
