status,intersection
Core,5.737704918032787
Non-core,5.761316872427984
