status,intersection
Core,4.088050314465409
Non-core,3.9215686274509802
