status,intersection
Core,1.4492753623188406
Non-core,1.6736401673640167
