status,intersection
Core,0.5804749340369393
Non-core,0.4492939666238768
