status,intersection
Core,3.278688524590164
Non-core,2.336448598130841
