status,intersection
Core,1.1952191235059761
Non-core,1.2048192771084338
