status,intersection
Core,3.5211267605633805
Non-core,3.5294117647058822
