status,intersection
Core,1.3966480446927374
Non-core,1.5267175572519085
