status,intersection
Core,9.531772575250836
Non-core,8.88888888888889
