status,intersection
Core,1.791359325605901
Non-core,1.471529110684581
