status,intersection
Core,3.937007874015748
Non-core,3.9711191335740073
