status,intersection
Core,4.602510460251046
Non-core,6.293706293706293
