status,intersection
Core,7.425742574257426
Non-core,6.086956521739131
