status,intersection
Core,7.672634271099744
Non-core,5.776173285198556
