status,intersection
Core,6.578947368421052
Non-core,4.081632653061225
