status,intersection
Core,6.153846153846154
Non-core,7.006369426751593
