status,intersection
Core,4.794520547945205
Non-core,6.930693069306931
