status,intersection
Core,0.7387862796833773
Non-core,0.5772931366260423
