status,intersection
Core,2.9702970297029703
Non-core,1.7857142857142858
