status,intersection
Core,6.932773109243698
Non-core,6.5476190476190474
