status,intersection
Core,1.8334206390780514
Non-core,1.338432122370937
