status,intersection
Core,6.95970695970696
Non-core,7.6502732240437155
