status,intersection
Core,3.10077519379845
Non-core,1.8987341772151898
