status,intersection
Core,4.390243902439025
Non-core,3.597122302158273
