status,intersection
Core,3.438395415472779
Non-core,2.1367521367521367
