status,intersection
Core,6.343283582089552
Non-core,6.214689265536723
