status,intersection
Core,0.8381351492928235
Non-core,0.8253968253968254
