status,intersection
Core,7.860262008733624
Non-core,5.714285714285714
