status,intersection
Core,3.9205436487192893
Non-core,2.6064844246662426
