status,intersection
Core,10.217391304347826
Non-core,5.230769230769231
