status,intersection
Core,6.340057636887608
Non-core,6.694560669456067
