status,intersection
Core,9.053497942386832
Non-core,7.738095238095238
