status,intersection
Core,2.3904382470119523
Non-core,3.0120481927710845
