status,intersection
Core,5.2493438320209975
Non-core,5.138339920948616
