status,intersection
Core,10.204081632653061
Non-core,14.893617021276595
