status,intersection
Core,5.957656326932546
Non-core,4.8590281943611275
