status,intersection
Core,2.2831050228310503
Non-core,1.910828025477707
