status,intersection
Core,2.9673590504451037
Non-core,3.1390134529147984
