status,intersection
Core,7.194244604316546
Non-core,6.529209621993127
