status,intersection
Core,7.798165137614679
Non-core,4.918032786885246
