status,intersection
Core,2.1220159151193636
Non-core,1.0830324909747293
