status,intersection
Core,7.142857142857143
Non-core,7.042253521126761
