status,intersection
Core,3.9603960396039604
Non-core,4.477611940298507
