status,intersection
Core,12.021857923497267
Non-core,9.540636042402827
