status,intersection
Core,9.271523178807946
Non-core,11.538461538461538
