status,intersection
Core,2.088772845953003
Non-core,1.3986013986013985
