status,intersection
Core,4.2471042471042475
Non-core,3.5294117647058822
