status,intersection
Core,6.544502617801047
Non-core,5.7251908396946565
