status,intersection
Core,9.90990990990991
Non-core,9.523809523809524
