status,intersection
Core,0.2680965147453083
Non-core,0.36363636363636365
