status,intersection
Core,1.1494252873563218
Non-core,1.8518518518518519
