status,intersection
Core,1.6833245660178853
Non-core,0.7028753993610224
