status,intersection
Core,8.80281690140845
Non-core,6.629834254143646
