status,intersection
Core,10.40268456375839
Non-core,8.421052631578947
