status,intersection
Core,5.185185185185185
Non-core,3.832752613240418
