status,intersection
Core,1.7902813299232736
Non-core,0.36231884057971014
