status,intersection
Core,4.744897959183674
Non-core,3.712871287128713
