status,intersection
Core,4.150943396226415
Non-core,4.069767441860465
