status,intersection
Core,5.723905723905724
Non-core,4.787234042553192
