status,intersection
Core,0.631578947368421
Non-core,0.5747126436781609
