status,intersection
Core,5.405405405405405
Non-core,6.122448979591836
