status,intersection
Core,3.883495145631068
Non-core,3.816793893129771
