status,intersection
Core,10.114942528735632
Non-core,8.480565371024735
