status,intersection
Core,11.180124223602485
Non-core,8.737864077669903
