status,intersection
Core,6.638115631691649
Non-core,4.45859872611465
