status,intersection
Core,4.059040590405904
Non-core,4.324324324324325
