status,intersection
Core,4.2682926829268295
Non-core,4.8076923076923075
