status,intersection
Core,8.60655737704918
Non-core,7.716049382716049
