status,intersection
Core,12.990936555891238
Non-core,11.11111111111111
