status,intersection
Core,0.7383966244725738
Non-core,0.2560819462227913
