status,intersection
Core,4.4186046511627906
Non-core,3.6912751677852347
