status,intersection
Core,0.5789473684210527
Non-core,0.5747126436781609
