status,intersection
Core,0.47318611987381703
Non-core,0.5739795918367347
