status,intersection
Core,2.1621621621621623
Non-core,2.542372881355932
