status,intersection
Core,4.178885630498534
Non-core,2.846299810246679
