status,intersection
Core,0.5260389268805892
Non-core,0.574345883854499
