status,intersection
Core,12.084592145015106
Non-core,12.093023255813954
