status,intersection
Core,7.6305220883534135
Non-core,6.211180124223603
