status,intersection
Core,5.504587155963303
Non-core,5.194805194805195
