status,intersection
Core,6.432748538011696
Non-core,5.531914893617022
