status,intersection
Core,11.959287531806616
Non-core,8.633093525179856
