status,intersection
Core,4.9046321525885554
Non-core,4.237288135593221
