status,intersection
Core,3.3962264150943398
Non-core,2.9239766081871346
