status,intersection
Core,2.5210084033613445
Non-core,1.530612244897959
