status,intersection
Core,6.746987951807229
Non-core,6.204379562043796
