status,intersection
Core,5.8891454965357966
Non-core,4.056162246489859
