status,intersection
Core,10.218978102189782
Non-core,9.876543209876543
