status,intersection
Core,6.134969325153374
Non-core,5.333333333333333
