status,intersection
Core,7.9178885630498534
Non-core,6.926406926406926
