status,intersection
Core,7.948717948717949
Non-core,8.75912408759124
