status,intersection
Core,3.884514435695538
Non-core,2.613129381771829
