status,intersection
Core,2.849002849002849
Non-core,2.880658436213992
