status,intersection
Core,4.491017964071856
Non-core,3.508771929824561
