status,intersection
Core,10.187667560321715
Non-core,9.465020576131687
