status,intersection
Core,7.8817733990147785
Non-core,6.923076923076923
