status,intersection
Core,7.436708860759493
Non-core,6.51685393258427
