status,intersection
Core,2.956989247311828
Non-core,2.272727272727273
