status,intersection
Core,7.159353348729792
Non-core,8.333333333333334
