status,intersection
Core,1.0509721492380453
Non-core,0.9560229445506692
