status,intersection
Core,1.694915254237288
Non-core,2.6315789473684212
