status,intersection
Core,1.1857707509881423
Non-core,1.7857142857142858
