status,intersection
Core,6.866197183098592
Non-core,4.100227790432802
