status,intersection
Core,0.9345794392523364
Non-core,0.8658008658008658
