status,intersection
Core,4.67479674796748
Non-core,3.801169590643275
