status,intersection
Core,2.719033232628399
Non-core,3.0172413793103448
