status,intersection
Core,5.40398740818468
Non-core,3.248407643312102
