status,intersection
Core,1.3888888888888888
Non-core,0.7905138339920948
