status,intersection
Core,8.705882352941176
Non-core,6.338028169014085
