status,intersection
Core,0.5405405405405406
Non-core,0.7352941176470589
