status,intersection
Core,1.1204481792717087
Non-core,1.1627906976744187
