status,intersection
Core,4.242424242424242
Non-core,3.2967032967032965
