status,intersection
Core,10.70559610705596
Non-core,6.593406593406593
