status,intersection
Core,2.710027100271003
Non-core,2.7131782945736433
