status,intersection
Core,5.827067669172933
Non-core,5.21978021978022
