status,intersection
Core,0.970873786407767
Non-core,0.91324200913242
