status,intersection
Core,9.770114942528735
Non-core,10.784313725490197
