status,intersection
Core,7.589285714285714
Non-core,6.349206349206349
