status,intersection
Core,2.150537634408602
Non-core,0.5555555555555556
