status,intersection
Core,9.923664122137405
Non-core,14.473684210526315
