status,intersection
Core,13.59026369168357
Non-core,11.74698795180723
