status,intersection
Core,5.7534246575342465
Non-core,6.122448979591836
