status,intersection
Core,5.721393034825871
Non-core,5.28169014084507
