status,intersection
Core,7.777777777777778
Non-core,4.878048780487805
