status,intersection
Core,1.9774011299435028
Non-core,1.2820512820512822
