status,intersection
Core,7.317073170731708
Non-core,6.299212598425197
