status,intersection
Core,3.6036036036036037
Non-core,2.9411764705882355
