status,intersection
Core,8.487084870848708
Non-core,6.701030927835052
