status,intersection
Core,1.6233766233766234
Non-core,1.834862385321101
