status,intersection
Core,10.185185185185185
Non-core,9.141274238227147
