status,intersection
Core,12.741312741312742
Non-core,9.782608695652174
