status,intersection
Core,3.9660056657223794
Non-core,3.8626609442060085
