status,intersection
Core,7.399794450154163
Non-core,4.943679599499374
