status,intersection
Core,1.9498607242339834
Non-core,2.3715415019762847
