status,intersection
Core,4.0968342644320295
Non-core,3.1784841075794623
