status,intersection
Core,5.30035335689046
Non-core,5.583756345177665
