status,intersection
Core,9.195402298850574
Non-core,9.146341463414634
