status,intersection
Core,3.5714285714285716
Non-core,3.896103896103896
