status,intersection
Core,11.409395973154362
Non-core,12.359550561797754
