status,intersection
Core,14.800901577761081
Non-core,12.597547380156076
