status,intersection
Core,1.917808219178082
Non-core,1.9230769230769231
