status,intersection
Core,1.0638297872340425
Non-core,0.7220216606498195
