status,intersection
Core,13.648293963254593
Non-core,11.372549019607844
