status,intersection
Core,8.849557522123893
Non-core,7.012195121951219
