status,intersection
Core,9.565217391304348
Non-core,11.475409836065573
