status,intersection
Core,3.865979381443299
Non-core,3.272727272727273
