status,intersection
Core,6.619385342789598
Non-core,4.545454545454546
