status,intersection
Core,5.6521739130434785
Non-core,5.757575757575758
