status,intersection
Core,0.9978991596638656
Non-core,0.639386189258312
