status,intersection
Core,4.470588235294118
Non-core,2.9315960912052117
