status,intersection
Core,6.896551724137931
Non-core,9.25925925925926
