status,intersection
Core,1.1904761904761905
Non-core,1.3043478260869565
