status,intersection
Core,0.6305832895428272
Non-core,0.5736137667304015
