status,intersection
Core,1.5706806282722514
Non-core,0.8333333333333334
