status,intersection
Core,7.755102040816326
Non-core,8.441558441558442
