status,intersection
Core,14.074074074074074
Non-core,10.465116279069768
