status,intersection
Core,4.416403785488959
Non-core,3.30188679245283
