status,intersection
Core,3.952569169960474
Non-core,2.4390243902439024
