status,intersection
Core,8.891159938681655
Non-core,6.529850746268656
