status,intersection
Core,2.4523160762942777
Non-core,2.0080321285140563
