status,intersection
Core,7.281553398058253
Non-core,5.833333333333333
