status,intersection
Core,2.831672784478238
Non-core,2.1711366538952745
