status,intersection
Core,3.9755351681957185
Non-core,3.669724770642202
