status,intersection
Core,12.206572769953052
Non-core,14.049586776859504
