status,intersection
Core,3.960905349794239
Non-core,2.9925187032418954
