status,intersection
Core,1.8461538461538463
Non-core,2.1367521367521367
