status,intersection
Core,3.1531531531531534
Non-core,3.401360544217687
