status,intersection
Core,5.109489051094891
Non-core,5.813953488372093
