status,intersection
Core,10.666666666666666
Non-core,11.842105263157896
