status,intersection
Core,13.333333333333334
Non-core,11.03202846975089
