status,intersection
Core,0.9950248756218906
Non-core,0.7407407407407407
