status,intersection
Core,0.10542962572482868
Non-core,0.06397952655150352
