status,intersection
Core,2.4096385542168677
Non-core,1.7857142857142858
