status,intersection
Core,4.895104895104895
Non-core,3.3707865168539324
