status,intersection
Core,13.946360153256705
Non-core,11.811926605504587
