status,intersection
Core,7.213930348258707
Non-core,6.94980694980695
