status,intersection
Core,14.150943396226415
Non-core,12.099644128113878
