status,intersection
Core,3.597122302158273
Non-core,1.1363636363636365
