status,intersection
Core,3.900709219858156
Non-core,2.185792349726776
