status,intersection
Core,13.953488372093023
Non-core,8.591885441527447
