status,intersection
Core,5.113636363636363
Non-core,5.957446808510638
