status,intersection
Core,2.710843373493976
Non-core,2.727272727272727
