status,intersection
Core,1.1869436201780414
Non-core,0.8620689655172413
