status,intersection
Core,3.802281368821293
Non-core,4.117647058823529
