status,intersection
Core,4.488778054862843
Non-core,4.181184668989547
