status,intersection
Core,5.604113110539846
Non-core,3.252032520325203
