status,intersection
Core,7.086614173228346
Non-core,7.792207792207792
