status,intersection
Core,4.294478527607362
Non-core,3.6199095022624435
