status,intersection
Core,2.0855057351407718
Non-core,1.4593908629441625
