status,intersection
Core,11.493018259935553
Non-core,9.155937052932762
