status,intersection
Core,5.242136794807788
Non-core,3.7997587454764776
