status,intersection
Core,6.605019815059445
Non-core,5.063291139240507
