status,intersection
Core,10.76923076923077
Non-core,7.2727272727272725
