status,intersection
Core,10.277777777777779
Non-core,8.19672131147541
