status,intersection
Core,4.850746268656716
Non-core,2.2988505747126435
