status,intersection
Core,9.552845528455284
Non-core,9.25925925925926
