status,intersection
Core,8.310249307479225
Non-core,5.533596837944664
