status,intersection
Core,1.87012987012987
Non-core,1.828499369482976
