status,intersection
Core,4.090909090909091
Non-core,3.2467532467532467
