status,intersection
Core,4.580152671755725
Non-core,5.389221556886228
