status,intersection
Core,1.1396011396011396
Non-core,1.1764705882352942
