status,intersection
Core,3.663003663003663
Non-core,1.6304347826086956
