status,intersection
Core,11.214953271028037
Non-core,10.416666666666666
