status,intersection
Core,3.8732394366197185
Non-core,3.3333333333333335
