status,intersection
Core,6.082725060827251
Non-core,6.360424028268551
