status,intersection
Core,5.614035087719298
Non-core,5.2356020942408374
