status,intersection
Core,10.193321616871705
Non-core,9.263657957244655
