status,intersection
Core,7.880434782608695
Non-core,6.224066390041494
