status,intersection
Core,4.050632911392405
Non-core,3.942652329749104
