status,intersection
Core,4.392764857881137
Non-core,5.038759689922481
