status,intersection
Core,2.26537216828479
Non-core,2.73972602739726
