status,intersection
Core,10.488798370672098
Non-core,8.50480109739369
