status,intersection
Core,8.280254777070065
Non-core,7.142857142857143
