status,intersection
Core,1.4659685863874345
Non-core,1.0848755583918315
