status,intersection
Core,6.12968591691996
Non-core,4.4471896232242125
