status,intersection
Core,0.7843137254901961
Non-core,1.1764705882352942
