status,intersection
Core,3.597122302158273
Non-core,4.301075268817204
