status,intersection
Core,6.405693950177936
Non-core,5.913978494623656
