status,intersection
Core,2.9411764705882355
Non-core,4.040404040404041
