status,intersection
Core,2.949852507374631
Non-core,3.21285140562249
