status,intersection
Core,6.395348837209302
Non-core,6.451612903225806
