status,intersection
Core,4.0201005025125625
Non-core,4.651162790697675
