status,intersection
Core,0.316622691292876
Non-core,0.3203074951953876
