status,intersection
Core,5.6367432150313155
Non-core,4.857142857142857
