status,intersection
Core,7.28476821192053
Non-core,8.108108108108109
