status,intersection
Core,3.1746031746031744
Non-core,1.680672268907563
