status,intersection
Core,1.1049723756906078
Non-core,1.1278195488721805
