status,intersection
Core,0.9932043910088866
Non-core,0.7609384908053266
