status,intersection
Core,1.6304347826086956
Non-core,0.8403361344537815
