status,intersection
Core,18.371124479407683
Non-core,14.293785310734464
