status,intersection
Core,9.535452322738386
Non-core,7.434944237918216
