status,intersection
Core,11.578947368421053
Non-core,10.909090909090908
