status,intersection
Core,8.710801393728223
Non-core,6.214689265536723
