status,intersection
Core,7.296137339055794
Non-core,8.053691275167786
