status,intersection
Core,3.0395136778115504
Non-core,2.5210084033613445
