status,intersection
Core,4.325699745547074
Non-core,3.4847542003733665
