status,intersection
Core,0.6472491909385113
Non-core,0.91324200913242
