status,intersection
Core,6.296296296296297
Non-core,5.172413793103448
