status,intersection
Core,7.4766355140186915
Non-core,6.349206349206349
