status,intersection
Core,0.42171850289931473
Non-core,0.3838771593090211
