status,intersection
Core,6.540084388185654
Non-core,6.824925816023739
