status,intersection
Core,2.051282051282051
Non-core,1.3986013986013985
