status,intersection
Core,0.2103049421661409
Non-core,0.06418485237483953
