status,intersection
Core,3.120936280884265
Non-core,3.0035335689045937
