status,intersection
Core,4.938271604938271
Non-core,2.6548672566371683
