status,intersection
Core,2.2222222222222223
Non-core,3.3707865168539324
