status,intersection
Core,3.27455919395466
Non-core,2.8368794326241136
