status,intersection
Core,9.44055944055944
Non-core,9.72972972972973
