status,intersection
Core,8.310991957104557
Non-core,5.809128630705394
