status,intersection
Core,12.213740458015268
Non-core,9.411764705882353
