status,intersection
Core,9.316770186335404
Non-core,9.25925925925926
