status,intersection
Core,5.205479452054795
Non-core,5.761316872427984
