status,intersection
Core,1.6264428121720882
Non-core,0.9584664536741214
