status,intersection
Core,17.92452830188679
Non-core,20.338983050847457
