status,intersection
Core,5.167958656330749
Non-core,2.93040293040293
