status,intersection
Core,1.6528925619834711
Non-core,0.8298755186721992
