status,intersection
Core,11.44578313253012
Non-core,9.45945945945946
