status,intersection
Core,6.947890818858561
Non-core,6.106870229007634
