status,intersection
Core,6.832298136645963
Non-core,7.547169811320755
