status,intersection
Core,2.3871302542812662
Non-core,1.837769328263625
