status,intersection
Core,12.635379061371841
Non-core,11.299435028248588
