status,intersection
Core,5.54016620498615
Non-core,5.485232067510548
