status,intersection
Core,2.7624309392265194
Non-core,2.681992337164751
