status,intersection
Core,16.56441717791411
Non-core,12.727272727272727
