status,intersection
Core,6.157635467980295
Non-core,3.669724770642202
