status,intersection
Core,4.199475065616798
Non-core,3.690036900369004
