status,intersection
Core,11.525423728813559
Non-core,11.891891891891891
