status,intersection
Core,4.694835680751174
Non-core,5.797101449275362
