status,intersection
Core,1.154249737670514
Non-core,0.704225352112676
