status,intersection
Core,5.319148936170213
Non-core,3.1746031746031744
