status,intersection
Core,6.506849315068493
Non-core,6.349206349206349
