status,intersection
Core,2.641509433962264
Non-core,1.7647058823529411
