status,intersection
Core,2.0588235294117645
Non-core,2.1459227467811157
