status,intersection
Core,3.2528856243441764
Non-core,2.2929936305732483
