status,intersection
Core,8.187134502923977
Non-core,6.726457399103139
