status,intersection
Core,2.7586206896551726
Non-core,2.5510204081632653
