status,intersection
Core,6.329113924050633
Non-core,5.83756345177665
