status,intersection
Core,0.30303030303030304
Non-core,0.4444444444444444
