status,intersection
Core,1.4880952380952381
Non-core,0.9009009009009009
