status,intersection
Core,2.0779220779220777
Non-core,1.7361111111111112
