status,intersection
Core,0.631911532385466
Non-core,0.5750798722044729
