status,intersection
Core,0.7356805044666316
Non-core,0.6373486297004461
