status,intersection
Core,11.460258780036968
Non-core,9.768637532133676
