status,intersection
Core,7.5675675675675675
Non-core,7.661290322580645
