status,intersection
Core,10.93969144460028
Non-core,7.671480144404332
