status,intersection
Core,0.29411764705882354
Non-core,0.425531914893617
