status,intersection
Core,4.612159329140461
Non-core,3.374233128834356
