status,intersection
Core,3.3854166666666665
Non-core,2.6022304832713754
