status,intersection
Core,4.363636363636363
Non-core,3.9548022598870056
