status,intersection
Core,5.603448275862069
Non-core,5.633802816901408
