status,intersection
Core,8.148148148148149
Non-core,9.210526315789474
