status,intersection
Core,2.513089005235602
Non-core,1.5296367112810707
