status,intersection
Core,1.1235955056179776
Non-core,1.7857142857142858
