status,intersection
Core,0.8942661756970016
Non-core,0.5115089514066496
