status,intersection
Core,8.733624454148472
Non-core,7.746478873239437
