status,intersection
Core,8.843537414965986
Non-core,7.608695652173913
