status,intersection
Core,8.482142857142858
Non-core,7.641196013289036
