status,intersection
Core,4.411764705882353
Non-core,2.3255813953488373
