status,intersection
Core,8.488612836438923
Non-core,8.385093167701863
