status,intersection
Core,0.967741935483871
Non-core,0.9090909090909091
