status,intersection
Core,8.093994778067884
Non-core,6.153846153846154
