status,intersection
Core,7.610474631751227
Non-core,6.140350877192983
