status,intersection
Core,1.4388489208633093
Non-core,2.247191011235955
