status,intersection
Core,11.267605633802816
Non-core,10.81081081081081
