status,intersection
Core,14.935064935064934
Non-core,11.956521739130435
