status,intersection
Core,3.2863849765258215
Non-core,2.9411764705882355
