status,intersection
Core,5.434782608695652
Non-core,4.615384615384615
