status,intersection
Core,8.49673202614379
Non-core,7.6923076923076925
