status,intersection
Core,0.9584664536741214
Non-core,0.8968609865470852
