status,intersection
Core,3.2171581769436997
Non-core,2.641509433962264
