status,intersection
Core,4.07098121085595
Non-core,2.663284717818643
