status,intersection
Core,3.8314176245210727
Non-core,2.9940119760479043
