status,intersection
Core,0.36900369003690037
Non-core,0.3198976327575176
