status,intersection
Core,5.416666666666667
Non-core,3.4246575342465753
