status,intersection
Core,6.186094069529652
Non-core,3.9825762289981332
