status,intersection
Core,7.349081364829396
Non-core,7.2796934865900385
