status,intersection
Core,5.058365758754864
Non-core,4.938271604938271
