status,intersection
Core,6.333333333333333
Non-core,5.504587155963303
