status,intersection
Core,0.7341373885684321
Non-core,0.7628734901462174
