status,intersection
Core,7.2368421052631575
Non-core,4.761904761904762
