status,intersection
Core,1.3000520020800832
Non-core,1.3215859030837005
