status,intersection
Core,5.384615384615385
Non-core,4.545454545454546
