status,intersection
Core,17.452830188679247
Non-core,16.40625
