status,intersection
Core,8.108108108108109
Non-core,6.626506024096385
