status,intersection
Core,10.344827586206897
Non-core,16.923076923076923
