status,intersection
Core,2.1578947368421053
Non-core,1.6602809706257982
