status,intersection
Core,3.117505995203837
Non-core,3.0716723549488054
