status,intersection
Core,7.450980392156863
Non-core,7.303370786516854
