status,intersection
Core,3.717472118959108
Non-core,3.8461538461538463
