status,intersection
Core,8.823529411764707
Non-core,7.725321888412017
