status,intersection
Core,8.118081180811808
Non-core,7.368421052631579
