status,intersection
Core,7.722007722007722
Non-core,6.410256410256411
