status,intersection
Core,10.30640668523677
Non-core,6.278026905829597
