status,intersection
Core,4.455445544554456
Non-core,4.651162790697675
