status,intersection
Core,3.857566765578635
Non-core,3.2653061224489797
