status,intersection
Core,1.13314447592068
Non-core,1.1673151750972763
