status,intersection
Core,8.157099697885196
Non-core,5.045871559633028
