status,intersection
Core,11.486486486486486
Non-core,12.359550561797754
