status,intersection
Core,5.780346820809249
Non-core,5.555555555555555
