status,intersection
Core,4.918032786885246
Non-core,5.833333333333333
