status,intersection
Core,6.896551724137931
Non-core,3.8869257950530036
