status,intersection
Core,5.7534246575342465
Non-core,5.327868852459017
