status,intersection
Core,0.5792522380200106
Non-core,0.5750798722044729
