status,intersection
Core,13.010204081632653
Non-core,10.714285714285714
