status,intersection
Core,33.53846153846154
Non-core,29.11301859799714
