status,intersection
Core,10.727969348659004
Non-core,10.32258064516129
