status,intersection
Core,0.7364544976328248
Non-core,0.7019783024888322
