status,intersection
Core,9.482758620689655
Non-core,7.239819004524887
