status,intersection
Core,4.587155963302752
Non-core,4.3478260869565215
