status,intersection
Core,15.503875968992247
Non-core,20.967741935483872
