status,intersection
Core,8.950086058519794
Non-core,8.413461538461538
