status,intersection
Core,2.484472049689441
Non-core,2.1645021645021645
