status,intersection
Core,4.166666666666667
Non-core,3.6184210526315788
