status,intersection
Core,2.5013027618551327
Non-core,1.9023462270133165
