status,intersection
Core,1.6129032258064515
Non-core,0.6211180124223602
