status,intersection
Core,6.6350710900473935
Non-core,6.818181818181818
