status,intersection
Core,11.325301204819278
Non-core,7.586206896551724
