status,intersection
Core,5.438066465256798
Non-core,3.1531531531531534
