status,intersection
Core,2.3696682464454977
Non-core,3.4246575342465753
