status,intersection
Core,2.9702970297029703
Non-core,2.9411764705882355
