status,intersection
Core,8.547008547008547
Non-core,8.219178082191782
