status,intersection
Core,16.340621403912543
Non-core,13.513513513513514
