status,intersection
Core,3.7831021437578816
Non-core,3.395585738539898
