status,intersection
Core,8.10126582278481
Non-core,8.239700374531836
