status,intersection
Core,1.5723270440251573
Non-core,1.3215859030837005
