status,intersection
Core,3.8095238095238093
Non-core,4.3478260869565215
