status,intersection
Core,4.745762711864407
Non-core,4.854368932038835
