status,intersection
Core,2.3904382470119523
Non-core,2.484472049689441
