status,intersection
Core,5.483028720626632
Non-core,4.444444444444445
