status,intersection
Core,3.0959752321981426
Non-core,3.9647577092511015
