status,intersection
Core,8.426966292134832
Non-core,7.725321888412017
