status,intersection
Core,11.925287356321839
Non-core,9.55056179775281
