status,intersection
Core,6.962025316455696
Non-core,7.207207207207207
