status,intersection
Core,8.02675585284281
Non-core,7.291666666666667
