status,intersection
Core,4.98220640569395
Non-core,3.932584269662921
