status,intersection
Core,6.5476190476190474
Non-core,4.484304932735426
