status,intersection
Core,0.39215686274509803
Non-core,0.5882352941176471
