status,intersection
Core,0.6116207951070336
Non-core,0.45045045045045046
