status,intersection
Core,9.536784741144414
Non-core,9.803921568627452
