status,intersection
Core,10.497237569060774
Non-core,8.440366972477063
