status,intersection
Core,13.20754716981132
Non-core,9.836065573770492
