status,intersection
Core,12.912087912087912
Non-core,11.290322580645162
