status,intersection
Core,8.310249307479225
Non-core,5.9760956175298805
