status,intersection
Core,1.8276762402088773
Non-core,1.1194029850746268
