status,intersection
Core,2.8051948051948052
Non-core,2.7146464646464645
