status,intersection
Core,19.347037484885128
Non-core,17.010309278350515
