status,intersection
Core,1.5810276679841897
Non-core,1.1904761904761905
