status,intersection
Core,11.11111111111111
Non-core,11.458333333333334
