status,intersection
Core,4.804804804804805
Non-core,4.761904761904762
