status,intersection
Core,6.211180124223603
Non-core,5.05050505050505
