status,intersection
Core,18.106312292358805
Non-core,14.986376021798366
