status,intersection
Core,15.930902111324377
Non-core,12.67605633802817
