status,intersection
Core,1.7301038062283738
Non-core,1.5384615384615385
