status,intersection
Core,8.045977011494253
Non-core,6.666666666666667
