status,intersection
Core,0.2857142857142857
Non-core,0.3937007874015748
