status,intersection
Core,7.073295745771399
Non-core,4.610591900311526
