status,intersection
Core,3.5714285714285716
Non-core,3.1847133757961785
