status,intersection
Core,1.1482254697286012
Non-core,1.075268817204301
