status,intersection
Core,0.21108179419525067
Non-core,0.25624599615631005
