status,intersection
Core,0.7722007722007722
Non-core,1.1494252873563218
