status,intersection
Core,0.32051282051282054
Non-core,0.45045045045045046
