status,intersection
Core,4.1420118343195265
Non-core,5.042016806722689
