status,intersection
Core,8.544303797468354
Non-core,8.333333333333334
