status,intersection
Core,4.929577464788732
Non-core,3.2967032967032965
