status,intersection
Core,15.106382978723405
Non-core,11.501597444089457
