status,intersection
Core,4.594594594594595
Non-core,5.46218487394958
