status,intersection
Core,5.351170568561873
Non-core,4.694835680751174
