status,intersection
Core,1.8276762402088773
Non-core,2.097902097902098
