status,intersection
Core,1.5706806282722514
Non-core,1.5873015873015872
