status,intersection
Core,4.938271604938271
Non-core,2.6785714285714284
