status,intersection
Core,5.813953488372093
Non-core,5.172413793103448
