status,intersection
Core,16.666666666666668
Non-core,15.151515151515152
