status,intersection
Core,10.653753026634382
Non-core,10.144927536231885
