status,intersection
Core,1.3774104683195592
Non-core,1.1278195488721805
