status,intersection
Core,16.094986807387862
Non-core,11.654135338345865
