status,intersection
Core,9.615384615384615
Non-core,10.989010989010989
