status,intersection
Core,3.8940809968847354
Non-core,2.837326607818411
