status,intersection
Core,11.1731843575419
Non-core,9.78886756238004
