status,intersection
Core,6.790123456790123
Non-core,6.122448979591836
