status,intersection
Core,3.605769230769231
Non-core,3.0821917808219177
