status,intersection
Core,12.941176470588236
Non-core,10.869565217391305
