status,intersection
Core,0.05279831045406547
Non-core,0.0641025641025641
