status,intersection
Core,29.67032967032967
Non-core,25.07645259938838
