status,intersection
Core,9.726962457337883
Non-core,8.740359897172237
