status,intersection
Core,2.097902097902098
Non-core,3.0927835051546393
