status,intersection
Core,1.9230769230769231
Non-core,3.225806451612903
