status,intersection
Core,5.925925925925926
Non-core,5.747126436781609
