status,intersection
Core,4.800817160367722
Non-core,3.9227895392278955
