status,intersection
Core,1.4948453608247423
Non-core,1.1897307451471508
