status,intersection
Core,3.663003663003663
Non-core,3.7433155080213902
