status,intersection
Core,8.02919708029197
Non-core,4.3478260869565215
