status,intersection
Core,4.861111111111111
Non-core,6.122448979591836
