status,intersection
Core,3.9285714285714284
Non-core,4.166666666666667
