status,intersection
Core,1.7259414225941423
Non-core,0.7623888182973316
