status,intersection
Core,12.820512820512821
Non-core,19.047619047619047
