status,intersection
Core,4.71976401179941
Non-core,4.867256637168142
