status,intersection
Core,14.198936977980258
Non-core,11.402508551881414
