status,intersection
Core,10.54131054131054
Non-core,9.95850622406639
