status,intersection
Core,0.8443271767810027
Non-core,0.6418485237483954
