status,intersection
Core,7.648725212464589
Non-core,6.722689075630252
