status,intersection
Core,5.161290322580645
Non-core,3.9603960396039604
