status,intersection
Core,0.9836065573770492
Non-core,0.46511627906976744
