status,intersection
Core,7.743362831858407
Non-core,5.825242718446602
