status,intersection
Core,11.782032400589102
Non-core,11.87122736418511
