status,intersection
Core,2.5947067981318113
Non-core,1.9620253164556962
