status,intersection
Core,2.898550724637681
Non-core,4.3478260869565215
