status,intersection
Core,3.492063492063492
Non-core,3.3175355450236967
