status,intersection
Core,10.512129380053908
Non-core,7.661290322580645
