status,intersection
Core,1.2461059190031152
Non-core,1.2987012987012987
