status,intersection
Core,4.9504950495049505
Non-core,1.6129032258064515
