status,intersection
Core,7.729468599033816
Non-core,6.909090909090909
