status,intersection
Core,0.5633802816901409
Non-core,0.3861003861003861
