status,intersection
Core,7.468879668049793
Non-core,7.792207792207792
