status,intersection
Core,6.2717770034843205
Non-core,6.0109289617486334
