status,intersection
Core,8.262108262108262
Non-core,6.696428571428571
