status,intersection
Core,2.960526315789474
Non-core,2.8846153846153846
