status,intersection
Core,8.614232209737828
Non-core,9.75609756097561
