status,intersection
Core,6.944444444444445
Non-core,8.51063829787234
