status,intersection
Core,3.4303534303534304
Non-core,2.5982256020278833
