status,intersection
Core,5.454545454545454
Non-core,5.882352941176471
