status,intersection
Core,3.141361256544503
Non-core,2.6315789473684212
