status,intersection
Core,3.2932566649242028
Non-core,1.9707565162110616
