status,intersection
Core,2.8112449799196786
Non-core,3.1055900621118013
