status,intersection
Core,18.96551724137931
Non-core,22.22222222222222
