status,intersection
Core,5.965909090909091
Non-core,4.741379310344827
