status,intersection
Core,5.472636815920398
Non-core,5.511811023622047
