status,intersection
Core,11.374407582938389
Non-core,9.129511677282379
