status,intersection
Core,13.089005235602095
Non-core,15.789473684210526
