status,intersection
Core,2.735562310030395
Non-core,3.1963470319634704
