status,intersection
Core,7.196029776674938
Non-core,4.1522491349480966
