status,intersection
Core,4.861111111111111
Non-core,5.154639175257732
