status,intersection
Core,6.882591093117409
Non-core,7.741935483870968
