status,intersection
Core,11.764705882352942
Non-core,11.666666666666666
