status,intersection
Core,4.973821989528796
Non-core,2.888086642599278
