status,intersection
Core,0.42105263157894735
Non-core,0.44699872286079184
