status,intersection
Core,2.6737967914438503
Non-core,3.278688524590164
