status,intersection
Core,4.573170731707317
Non-core,3.686635944700461
