status,intersection
Core,4.3219666931007135
Non-core,2.843601895734597
