status,intersection
Core,8.09968847352025
Non-core,7.5829383886255926
