status,intersection
Core,0.3691983122362869
Non-core,0.3201024327784891
