status,intersection
Core,10.386965376782078
Non-core,8.187134502923977
