status,intersection
Core,3.5502958579881656
Non-core,4.385964912280702
