status,intersection
Core,4.383561643835616
Non-core,3.4220532319391634
