status,intersection
Core,1.9125683060109289
Non-core,1.9157088122605364
