status,intersection
Core,5.063291139240507
Non-core,3.1818181818181817
