status,intersection
Core,0.21085925144965736
Non-core,0.19230769230769232
