status,intersection
Core,5.800103573278094
Non-core,3.2196969696969697
