status,intersection
Core,1.2506513809275663
Non-core,1.1987381703470033
