status,intersection
Core,0.9230769230769231
Non-core,0.4608294930875576
