status,intersection
Core,4.09556313993174
Non-core,3.076923076923077
