status,intersection
Core,15.890083632019117
Non-core,13.35559265442404
