status,intersection
Core,5.8212058212058215
Non-core,4.819277108433735
