status,intersection
Core,7.2727272727272725
Non-core,5.882352941176471
