status,intersection
Core,3.9705882352941178
Non-core,1.8907563025210083
