status,intersection
Core,2.985074626865672
Non-core,3.8461538461538463
