status,intersection
Core,2.8938906752411575
Non-core,2.3255813953488373
