status,intersection
Core,2.257217847769029
Non-core,0.8934269304403318
