status,intersection
Core,8.290155440414507
Non-core,8.403361344537815
