status,intersection
Core,0.8571428571428571
Non-core,0.7874015748031497
