status,intersection
Core,6.989247311827957
Non-core,8.108108108108109
