status,intersection
Core,12.460063897763579
Non-core,10.99476439790576
