status,intersection
Core,5.144694533762058
Non-core,4.784688995215311
