status,intersection
Core,4.028436018957346
Non-core,3.663003663003663
