status,intersection
Core,0.27932960893854747
Non-core,0.3816793893129771
