status,intersection
Core,11.869031377899045
Non-core,8.228980322003578
