status,intersection
Core,9.667673716012084
Non-core,8.530805687203792
