status,intersection
Core,8.447265625
Non-core,6.972586412395709
