status,intersection
Core,14.728682170542635
Non-core,18.840579710144926
