status,intersection
Core,4.424778761061947
Non-core,3.9215686274509802
