status,intersection
Core,6.289308176100629
Non-core,4.455760661998727
