status,intersection
Core,6.481481481481482
Non-core,8.928571428571429
