status,intersection
Core,9.95260663507109
Non-core,9.152542372881356
