status,intersection
Core,1.1530398322851152
Non-core,1.1435832274459974
