status,intersection
Core,9.91501416430595
Non-core,7.8838174273858925
