status,intersection
Core,5.671077504725898
Non-core,4.896907216494846
