status,intersection
Core,9.603340292275574
Non-core,5.882352941176471
