status,intersection
Core,4.739336492890995
Non-core,4.827586206896552
