status,intersection
Core,14.25925925925926
Non-core,12.813370473537605
