status,intersection
Core,6.222222222222222
Non-core,2.1739130434782608
