status,intersection
Core,6.097560975609756
Non-core,5.2631578947368425
