status,intersection
Core,11.330049261083744
Non-core,9.454545454545455
