status,intersection
Core,4.048582995951417
Non-core,2.2346368715083798
