status,intersection
Core,10.42654028436019
Non-core,8.403361344537815
