status,intersection
Core,3.2432432432432434
Non-core,3.041825095057034
