status,intersection
Core,7.080998471726948
Non-core,5.998763141620285
