status,intersection
Core,2.9912325941206808
Non-core,2.2670025188916876
