status,intersection
Core,7.263922518159807
Non-core,5.802047781569966
