status,intersection
Core,5.063291139240507
Non-core,4.8076923076923075
