status,intersection
Core,0.31746031746031744
Non-core,0.4444444444444444
