status,intersection
Core,8.061420345489443
Non-core,6.8493150684931505
