status,intersection
Core,0.28328611898017
Non-core,0.38910505836575876
