status,intersection
Core,6.686046511627907
Non-core,6.694560669456067
