status,intersection
Core,3.551912568306011
Non-core,3.4482758620689653
