status,intersection
Core,7.361963190184049
Non-core,7.758620689655173
