status,intersection
Core,2.562761506276151
Non-core,1.3986013986013985
