status,intersection
Core,3.5623409669211195
Non-core,2.5925925925925926
