status,intersection
Core,0.790722192936215
Non-core,0.5128205128205128
