status,intersection
Core,7.792207792207792
Non-core,5.166051660516605
