status,intersection
Core,3.485952133194589
Non-core,2.4065864471184293
