status,intersection
Core,7.611548556430447
Non-core,3.5714285714285716
