status,intersection
Core,5.303030303030303
Non-core,5.9523809523809526
