status,intersection
Core,2.4305555555555554
Non-core,0.546448087431694
