status,intersection
Core,7.340372046254399
Non-core,5.889570552147239
