status,intersection
Core,1.2232415902140672
Non-core,0.8888888888888888
