status,intersection
Core,4.1420118343195265
Non-core,6.086956521739131
