status,intersection
Core,2.0588235294117645
Non-core,2.0080321285140563
