status,intersection
Core,0.21141649048625794
Non-core,0.12836970474967907
