status,intersection
Core,3.197674418604651
Non-core,2.3622047244094486
