status,intersection
Core,4.482758620689655
Non-core,4.278074866310161
