status,intersection
Core,5.7591623036649215
Non-core,3.4782608695652173
