status,intersection
Core,13.189771197846568
Non-core,10.422049956933678
