status,intersection
Core,7.2507552870090635
Non-core,5.714285714285714
