status,intersection
Core,13.06532663316583
Non-core,10.424710424710424
