status,intersection
Core,3.8626609442060085
Non-core,2.142857142857143
