status,intersection
Core,0.7722007722007722
Non-core,1.1764705882352942
