status,intersection
Core,1.0509721492380453
Non-core,0.8317338451695457
