status,intersection
Core,3.676470588235294
Non-core,4.444444444444445
