status,intersection
Core,5.357142857142857
Non-core,4.3478260869565215
