status,intersection
Core,1.7191977077363896
Non-core,1.6877637130801688
