status,intersection
Core,1.4792899408284024
Non-core,1.3274336283185841
