status,intersection
Core,18.29268292682927
Non-core,19.41747572815534
