status,intersection
Core,1.411395713538944
Non-core,1.4566181127295756
