status,intersection
Core,7.462686567164179
Non-core,4.761904761904762
