status,intersection
Core,5.633802816901408
Non-core,7.291666666666667
