status,intersection
Core,7.192575406032483
Non-core,4.792332268370607
