status,intersection
Core,1.3404825737265416
Non-core,1.1111111111111112
