status,intersection
Core,10.56088933804952
Non-core,7.177914110429448
