status,intersection
Core,12.101910828025478
Non-core,12.790697674418604
