status,intersection
Core,4.679802955665025
Non-core,4.395604395604396
