status,intersection
Core,6.508577194752775
Non-core,5.2631578947368425
