status,intersection
Core,7.967032967032967
Non-core,4.016064257028113
