status,intersection
Core,4.585152838427947
Non-core,3.5483870967741935
