status,intersection
Core,5.16359918200409
Non-core,3.3498759305210917
