status,intersection
Core,3.7637219027705173
Non-core,2.48565965583174
