status,intersection
Core,3.8585209003215435
Non-core,3.411513859275053
