status,intersection
Core,1.408450704225352
Non-core,0.7092198581560284
