status,intersection
Core,5.423213380638622
Non-core,4.192355117139334
