status,intersection
Core,4.545454545454546
Non-core,2.6666666666666665
