status,intersection
Core,5.54089709762533
Non-core,4.417670682730924
