status,intersection
Core,8.345606283750614
Non-core,5.80490724117295
