status,intersection
Core,6.1946902654867255
Non-core,4.761904761904762
