status,intersection
Core,4.556962025316456
Non-core,4.513888888888889
