status,intersection
Core,3.349282296650718
Non-core,2.816901408450704
