status,intersection
Core,2.3054755043227666
Non-core,3.0172413793103448
