status,intersection
Core,0.5795574288724974
Non-core,0.639386189258312
