status,intersection
Core,3.5230352303523036
Non-core,4.032258064516129
