status,intersection
Core,10.452636490900607
Non-core,8.24915824915825
