status,intersection
Core,5.8558558558558556
Non-core,4.195804195804196
