status,intersection
Core,6.490384615384615
Non-core,4.406779661016949
