status,intersection
Core,4.301075268817204
Non-core,3.0303030303030303
