status,intersection
Core,1.36986301369863
Non-core,2.0833333333333335
