status,intersection
Core,5.428716387620497
Non-core,3.903345724907063
