status,intersection
Core,13.227513227513228
Non-core,13.934426229508198
