status,intersection
Core,0.8980454305335447
Non-core,0.4490057729313663
