status,intersection
Core,10.377358490566039
Non-core,10.996563573883162
