status,intersection
Core,25.254582484725052
Non-core,18.2559918408975
