status,intersection
Core,2.4657534246575343
Non-core,1.6666666666666667
