status,intersection
Core,2.4324324324324325
Non-core,2.2058823529411766
