status,intersection
Core,7.640449438202247
Non-core,4.827586206896552
