status,intersection
Core,1.366120218579235
Non-core,1.1152416356877324
