status,intersection
Core,2.3715415019762847
Non-core,2.4539877300613497
