status,intersection
Core,12.609970674486803
Non-core,10.091743119266056
