status,intersection
Core,5.7894736842105265
Non-core,4.838709677419355
