status,intersection
Core,8.097165991902834
Non-core,6.289308176100629
