status,intersection
Core,11.48936170212766
Non-core,7.301587301587301
