status,intersection
Core,3.0194472876151486
Non-core,2.495321272613849
