status,intersection
Core,2.705515088449532
Non-core,2.2857142857142856
