status,intersection
Core,14.492753623188406
Non-core,13.698630136986301
