status,intersection
Core,4.878048780487805
Non-core,6.4935064935064934
