status,intersection
Core,8.171206225680933
Non-core,7.6923076923076925
