status,intersection
Core,12.702702702702704
Non-core,9.787234042553191
