status,intersection
Core,20.238095238095237
Non-core,21.27659574468085
