status,intersection
Core,5.9748427672955975
Non-core,6.190476190476191
