status,intersection
Core,2.525252525252525
Non-core,2.272727272727273
