status,intersection
Core,5.7360406091370555
Non-core,4.26980198019802
