status,intersection
Core,6.6157760814249365
Non-core,4.912280701754386
