status,intersection
Core,2.4464831804281344
Non-core,2.5641025641025643
