status,intersection
Core,1.8838304552590266
Non-core,1.5267175572519085
