status,intersection
Core,2.691511387163561
Non-core,2.512562814070352
