status,intersection
Core,5.517241379310345
Non-core,6.0606060606060606
