status,intersection
Core,0.56657223796034
Non-core,0.38910505836575876
