status,intersection
Core,13.20754716981132
Non-core,15.384615384615385
