status,intersection
Core,2.7210884353741496
Non-core,2.2222222222222223
