status,intersection
Core,5.529953917050691
Non-core,4.666666666666667
