status,intersection
Core,11.627906976744185
Non-core,7.111111111111111
