status,intersection
Core,0.5698005698005698
Non-core,0.39215686274509803
