status,intersection
Core,19.09090909090909
Non-core,24.489795918367346
