status,intersection
Core,4.9046321525885554
Non-core,5.32319391634981
