status,intersection
Core,11.042944785276074
Non-core,7.9178885630498534
