status,intersection
Core,3.769633507853403
Non-core,1.9770408163265305
