status,intersection
Core,1.4736842105263157
Non-core,0.7672634271099744
