status,intersection
Core,5.665722379603399
Non-core,5.46218487394958
