status,intersection
Core,0.7874015748031497
Non-core,0.5952380952380952
