status,intersection
Core,7.523510971786834
Non-core,6.018518518518518
