status,intersection
Core,7.482993197278912
Non-core,6.953642384105961
