status,intersection
Core,3.902439024390244
Non-core,3.5714285714285716
