status,intersection
Core,17.391304347826086
Non-core,17.24137931034483
