status,intersection
Core,5.357142857142857
Non-core,2.816901408450704
