status,intersection
Core,2.611940298507463
Non-core,2.717391304347826
