status,intersection
Core,5.691056910569106
Non-core,5.369127516778524
