status,intersection
Core,2.9940119760479043
Non-core,2.1186440677966103
