status,intersection
Core,4.343275771847201
Non-core,3.3036848792884372
