status,intersection
Core,15.573770491803279
Non-core,17.56756756756757
