status,intersection
Core,6.333333333333333
Non-core,6.349206349206349
