status,intersection
Core,1.4598540145985401
Non-core,2.197802197802198
