status,intersection
Core,7.228915662650603
Non-core,6.722689075630252
