status,intersection
Core,7.373271889400922
Non-core,5.882352941176471
