status,intersection
Core,1.5723270440251573
Non-core,1.7543859649122806
