status,intersection
Core,2.9177718832891246
Non-core,2.857142857142857
