status,intersection
Core,7.466666666666667
Non-core,8.906882591093117
