status,intersection
Core,7.60233918128655
Non-core,7.94392523364486
