status,intersection
Core,14.144736842105264
Non-core,11.11111111111111
