status,intersection
Core,2.063983488132095
Non-core,1.1942174732872408
