status,intersection
Core,9.794437726723096
Non-core,7.9288025889967635
