status,intersection
Core,6.896551724137931
Non-core,8.219178082191782
