status,intersection
Core,1.791044776119403
Non-core,0.8163265306122449
