status,intersection
Core,2.4523160762942777
Non-core,1.8656716417910448
