status,intersection
Core,1.3054830287206267
Non-core,0.8269720101781171
