status,intersection
Core,0.2638522427440633
Non-core,0.3203074951953876
