status,intersection
Core,12.077294685990339
Non-core,9.724473257698541
