status,intersection
Core,9.03225806451613
Non-core,10.465116279069768
