status,intersection
Core,1.366120218579235
Non-core,1.1538461538461537
