status,intersection
Core,4.827586206896552
Non-core,5.1020408163265305
