status,intersection
Core,0.26413100898045433
Non-core,0.3207184092366902
