status,intersection
Core,3.9087947882736156
Non-core,4.186046511627907
