status,intersection
Core,5.607476635514018
Non-core,6.081081081081081
