status,intersection
Core,2.6970954356846475
Non-core,1.639344262295082
