status,intersection
Core,1.7730496453900708
Non-core,2.127659574468085
