status,intersection
Core,6.9216757741347905
Non-core,4.785894206549118
