status,intersection
Core,5.352112676056338
Non-core,5.172413793103448
