status,intersection
Core,0.7326007326007326
Non-core,0.8877615726062144
