status,intersection
Core,10.980392156862745
Non-core,8.76865671641791
