status,intersection
Core,7.30593607305936
Non-core,5.633802816901408
