status,intersection
Core,4.337349397590361
Non-core,4.013377926421405
