status,intersection
Core,6.007067137809187
Non-core,4.390243902439025
