status,intersection
Core,3.4782608695652173
Non-core,3.587443946188341
