status,intersection
Core,2.736318407960199
Non-core,2.1352313167259784
