status,intersection
Core,9.774436090225564
Non-core,11.688311688311689
