status,intersection
Core,7.746478873239437
Non-core,8.641975308641975
