status,intersection
Core,13.274336283185841
Non-core,14.285714285714286
