status,intersection
Core,0.10554089709762533
Non-core,0.12812299807815503
