status,intersection
Core,6.471816283924843
Non-core,5.3097345132743365
