status,intersection
Core,28.76984126984127
Non-core,24.462365591397848
