status,intersection
Core,1.524390243902439
Non-core,1.6877637130801688
