status,intersection
Core,0.6116207951070336
Non-core,0.9009009009009009
