status,intersection
Core,6.651884700665189
Non-core,6.862745098039215
