status,intersection
Core,9.489051094890511
Non-core,6.896551724137931
