status,intersection
Core,0.9646302250803859
Non-core,0.9049773755656109
