status,intersection
Core,5.425143453312468
Non-core,3.1685678073510775
