status,intersection
Core,2.3121387283236996
Non-core,2.5210084033613445
