status,intersection
Core,4.49438202247191
Non-core,6.382978723404255
