status,intersection
Core,6.052631578947368
Non-core,5.577689243027889
