status,intersection
Core,6.388888888888889
Non-core,5.084745762711864
