status,intersection
Core,1.2092534174553102
Non-core,0.9572431397574984
