status,intersection
Core,5.714285714285714
Non-core,5.194805194805195
