status,intersection
Core,11.58129175946548
Non-core,9.731543624161073
