status,intersection
Core,1.8421052631578947
Non-core,1.0869565217391304
