status,intersection
Core,1.048767697954903
Non-core,0.9535918626827717
