status,intersection
Core,2.7586206896551726
Non-core,3.0303030303030303
