status,intersection
Core,4.591836734693878
Non-core,4.098360655737705
