status,intersection
Core,8.022388059701493
Non-core,7.242339832869081
