status,intersection
Core,1.6623376623376624
Non-core,0.8821676118462508
