status,intersection
Core,4.129793510324483
Non-core,3.930131004366812
