status,intersection
Core,8.891928864569083
Non-core,5.956678700361011
