status,intersection
Core,9.919571045576408
Non-core,8.30188679245283
