status,intersection
Core,12.987012987012987
Non-core,14.634146341463415
