status,intersection
Core,4.422604422604422
Non-core,4.545454545454546
