status,intersection
Core,10.662824207492795
Non-core,9.29203539823009
