status,intersection
Core,11.605723370429253
Non-core,10.416666666666666
