status,intersection
Core,0.26343519494204426
Non-core,0.12828736369467608
