status,intersection
Core,0.15847860538827258
Non-core,0.19243104554201412
