status,intersection
Core,3.3834586466165413
Non-core,3.225806451612903
