status,intersection
Core,5.984654731457801
Non-core,3.987538940809969
