status,intersection
Core,3.870967741935484
Non-core,3.0303030303030303
