status,intersection
Core,5.900621118012422
Non-core,3.240740740740741
