status,intersection
Core,8.181818181818182
Non-core,6.0606060606060606
