status,intersection
Core,5.4373522458628845
Non-core,4.044117647058823
