status,intersection
Core,0.5279831045406547
Non-core,0.12828736369467608
