status,intersection
Core,2.7863777089783284
Non-core,2.314814814814815
