status,intersection
Core,6.289308176100629
Non-core,8.333333333333334
