status,intersection
Core,2.735562310030395
Non-core,3.0172413793103448
