status,intersection
Core,8.798283261802576
Non-core,8.09968847352025
