status,intersection
Core,6.053268765133172
Non-core,4.609929078014185
