status,intersection
Core,4.291845493562231
Non-core,3.2467532467532467
