status,intersection
Core,0.31347962382445144
Non-core,0.44052863436123346
