status,intersection
Core,1.674515960230246
Non-core,0.8280254777070064
