status,intersection
Core,3.8381742738589213
Non-core,2.2082018927444795
