status,intersection
Core,1.2035583464154893
Non-core,1.1450381679389312
