status,intersection
Core,7.636363636363637
Non-core,7.734806629834254
