status,intersection
Core,12.55813953488372
Non-core,9.427609427609427
