status,intersection
Core,4.050632911392405
Non-core,4.029304029304029
