status,intersection
Core,6.467661691542289
Non-core,5.185185185185185
