status,intersection
Core,0.9458749343142406
Non-core,0.7682458386683739
