status,intersection
Core,12.67123287671233
Non-core,11.640211640211641
