status,intersection
Core,1.834862385321101
Non-core,0.45871559633027525
