status,intersection
Core,14.699792960662526
Non-core,11.594202898550725
