status,intersection
Core,3.324675324675325
Non-core,1.8987341772151898
