status,intersection
Core,15.277777777777779
Non-core,13.157894736842104
