status,intersection
Core,3.836317135549872
Non-core,3.5587188612099645
