status,intersection
Core,4.964539007092198
Non-core,3.35195530726257
