status,intersection
Core,1.3623978201634876
Non-core,1.4814814814814814
