status,intersection
Core,0.31612223393045313
Non-core,0.3836317135549872
