status,intersection
Core,8.239700374531836
Non-core,7.303370786516854
