status,intersection
Core,8.277404921700224
Non-core,5.993690851735016
