status,intersection
Core,6.309148264984227
Non-core,6.63265306122449
