status,intersection
Core,7.954545454545454
Non-core,7.6923076923076925
