status,intersection
Core,11.635220125786164
Non-core,8.866995073891626
