status,intersection
Core,6.578947368421052
Non-core,6.60377358490566
