status,intersection
Core,3.784344219803007
Non-core,2.080706179066835
