status,intersection
Core,2.1459227467811157
Non-core,1.2820512820512822
