status,intersection
Core,7.297297297297297
Non-core,6.882591093117409
