status,intersection
Core,8.67579908675799
Non-core,8.461538461538462
