status,intersection
Core,8.222811671087532
Non-core,8.064516129032258
