status,intersection
Core,8.372093023255815
Non-core,7.241379310344827
