status,intersection
Core,5.841924398625429
Non-core,5.2356020942408374
