status,intersection
Core,22.950819672131146
Non-core,25.925925925925927
