status,intersection
Core,6.282722513089006
Non-core,7.920792079207921
