status,intersection
Core,1.5197568389057752
Non-core,1.3392857142857142
