status,intersection
Core,10.65989847715736
Non-core,10.384615384615385
