status,intersection
Core,10.444674250258531
Non-core,9.43134535367545
