status,intersection
Core,0.5813953488372093
Non-core,0.3209242618741977
