status,intersection
Core,5.151515151515151
Non-core,3.0434782608695654
