status,intersection
Core,5.985915492957746
Non-core,3.2967032967032965
