status,intersection
Core,10.144927536231885
Non-core,13.513513513513514
