status,intersection
Core,2.6232948583420774
Non-core,1.2109623964308476
