status,intersection
Core,0.8333333333333334
Non-core,0.7604562737642585
