status,intersection
Core,4.192546583850931
Non-core,3.080082135523614
