status,intersection
Core,6.0109289617486334
Non-core,5.809128630705394
