status,intersection
Core,11.81959564541213
Non-core,10.623556581986143
