status,intersection
Core,1.3793103448275863
Non-core,0.6786233640329618
