status,intersection
Core,3.3279871692060947
Non-core,2.483285577841452
