status,intersection
Core,0.3671970624235006
Non-core,0.38929440389294406
