status,intersection
Core,2.3039611964430073
Non-core,1.5421686746987953
