status,intersection
Core,2.347227842978551
Non-core,1.5957446808510638
