status,intersection
Core,0.16326530612244897
Non-core,0.1460564751703992
