status,intersection
Core,2.4646464646464645
Non-core,1.8795180722891567
