status,intersection
Core,1.0612244897959184
Non-core,0.5355404089581305
