status,intersection
Core,1.2175324675324675
Non-core,1.1121856866537718
