status,intersection
Core,1.1807817589576548
Non-core,0.681265206812652
