status,intersection
Core,3.613979348689436
Non-core,2.6975863700899194
