status,intersection
Core,2.4606696248487294
Non-core,2.4084778420038537
