status,intersection
Core,1.0607915136678907
Non-core,0.6326034063260341
