status,intersection
Core,8.59253499222395
Non-core,6.577119036591014
