status,intersection
Core,2.2983870967741935
Non-core,1.0115606936416186
