status,intersection
Core,1.4871382636655948
Non-core,0.9569377990430622
