status,intersection
Core,3.8155802861685215
Non-core,2.9537875178656505
