status,intersection
Core,1.5328761597418314
Non-core,1.5406836783822822
