status,intersection
Core,0.3673469387755102
Non-core,0.24354603019970775
