status,intersection
Core,0.5707297187117815
Non-core,0.5347593582887701
