status,intersection
Core,2.5179856115107913
Non-core,2.0544672718585764
