status,intersection
Core,2.8663706096083974
Non-core,1.9230769230769231
