status,intersection
Core,1.2150668286755772
Non-core,1.20598166907863
