status,intersection
Core,3.2087733549959383
Non-core,1.9893255701115964
