status,intersection
Core,0.8543531326281529
Non-core,0.7759456838021338
