status,intersection
Core,1.7087062652563059
Non-core,0.9713453132588635
