status,intersection
Core,0.3252032520325203
Non-core,0.3875968992248062
