status,intersection
Core,0.5704971475142624
Non-core,0.19474196689386564
