status,intersection
Core,18.642803877703205
Non-core,15.292553191489361
