status,intersection
Core,1.3866231647634584
Non-core,0.8268482490272373
