status,intersection
Core,0.814663951120163
Non-core,0.3889158969372873
