status,intersection
Core,2.31237322515213
Non-core,1.5949734171097147
