status,intersection
Core,1.2576064908722109
Non-core,1.304978250362494
