status,intersection
Core,0.6517311608961304
Non-core,0.5828071879553182
