status,intersection
Core,0.24449877750611246
Non-core,0.24354603019970775
