status,intersection
Core,0.24459845087647777
Non-core,0.0974184120798831
