status,intersection
Core,0.08169934640522876
Non-core,0.09746588693957114
