status,intersection
Core,3.280680437424058
Non-core,2.1760154738878144
