status,intersection
Core,1.1750405186385737
Non-core,0.727802037845706
