status,intersection
Core,0.6921824104234527
Non-core,0.19464720194647203
