status,intersection
Core,4.236610711430855
Non-core,3.2458233890214796
