status,intersection
Core,4.04809619238477
Non-core,2.866698518872432
