status,intersection
Core,2.210610932475884
Non-core,1.3915547024952015
