status,intersection
Core,1.2140833670578712
Non-core,0.4830917874396135
