status,intersection
Core,1.1812627291242364
Non-core,0.6319883325230918
