status,intersection
Core,0.285132382892057
Non-core,0.04873294346978557
