status,intersection
Core,0.974025974025974
Non-core,0.387409200968523
