status,intersection
Core,0.814000814000814
Non-core,0.8733624454148472
