status,intersection
Core,2.090032154340836
Non-core,1.9203072491598656
