status,intersection
Core,0.32599837000814996
Non-core,0.38872691933916426
