status,intersection
Core,2.026753141467369
Non-core,1.0643444605708756
