status,intersection
Core,0.6525285481239804
Non-core,0.24330900243309003
