status,intersection
Core,0.3671970624235006
Non-core,0.340632603406326
