status,intersection
Core,3.3726127590410404
Non-core,2.2308438409311346
