status,intersection
Core,0.8130081300813008
Non-core,0.872093023255814
