status,intersection
Core,0.48859934853420195
Non-core,0.5339805825242718
