status,intersection
Core,1.9308125502815767
Non-core,1.2025012025012025
