status,intersection
Core,2.1379588543767647
Non-core,1.3493975903614457
