status,intersection
Core,1.377075739165654
Non-core,1.1127237542331883
