status,intersection
Core,0.850546780072904
Non-core,0.822447992259313
