status,intersection
Core,5.040650406504065
Non-core,3.682170542635659
