status,intersection
Core,0.5293159609120521
Non-core,0.5825242718446602
