status,intersection
Core,7.403055229142185
Non-core,5.248359887535146
