status,intersection
Core,3.5208417644678267
Non-core,2.126631222812953
