status,intersection
Core,1.5453436356242376
Non-core,1.1148812409112943
