status,intersection
Core,1.7059301380991063
Non-core,0.58167716917111
