status,intersection
Core,0.9787928221859706
Non-core,0.632295719844358
