status,intersection
Core,3.048780487804878
Non-core,2.0853540252182348
