status,intersection
Core,0.9319286871961102
Non-core,0.9652509652509652
