status,intersection
Core,3.9341629867523085
Non-core,2.9665071770334928
