status,intersection
Core,0.8957654723127035
Non-core,0.9223300970873787
