status,intersection
Core,1.1313131313131313
Non-core,1.1549566891241578
