status,intersection
Core,1.5077424612876935
Non-core,1.118133203694701
