status,intersection
Core,0.9799918334013883
Non-core,0.6332196785192401
