status,intersection
Core,5.157131345688961
Non-core,3.1746031746031744
