status,intersection
Core,6.279434850863423
Non-core,4.864359214218896
