status,intersection
Core,2.5020177562550443
Non-core,1.78055822906641
