status,intersection
Core,1.6565656565656566
Non-core,1.5436565364206465
