status,intersection
Core,0.6100040666937779
Non-core,0.58167716917111
