status,intersection
Core,1.7135862913096696
Non-core,0.9737098344693281
