status,intersection
Core,2.852485737571312
Non-core,2.0904229460379193
