status,intersection
Core,3.2375556454876566
Non-core,2.0752895752895753
