status,intersection
Core,1.2955465587044535
Non-core,0.724287783679382
