status,intersection
Core,1.9090170593013809
Non-core,1.4043583535108959
