status,intersection
Core,0.526742301458671
Non-core,0.6274131274131274
