status,intersection
Core,1.468189233278956
Non-core,1.2165450121654502
