status,intersection
Core,0.4893964110929853
Non-core,0.48638132295719844
