status,intersection
Core,0.367047308319739
Non-core,0.3404669260700389
