status,intersection
Core,5.488782051282051
Non-core,3.4894837476099427
