status,intersection
Core,4.854368932038835
Non-core,2.6049204052098407
