status,intersection
Core,3.890894504612916
Non-core,2.444870565675935
