status,intersection
Core,0.9791921664626683
Non-core,0.6815968841285297
