status,intersection
Core,1.6194331983805668
Non-core,1.1132623426911907
