status,intersection
Core,4.690659118479579
Non-core,2.9922779922779923
