status,intersection
Core,1.1340623734305386
Non-core,1.0638297872340425
