status,intersection
Core,2.0161290322580645
Non-core,1.5926640926640927
