status,intersection
Core,6.224899598393574
Non-core,4.120747484427408
