status,intersection
Core,2.2644561261625555
Non-core,1.5466408893185113
