status,intersection
Core,5.18796992481203
Non-core,4.064314426083072
