status,intersection
Core,0.4882017900732303
Non-core,0.3889158969372873
