status,intersection
Core,1.3018714401952807
Non-core,0.9236752552260573
