status,intersection
Core,11.30997715156131
Non-core,8.76242095754291
