status,intersection
Core,0.6533278889342589
Non-core,0.43838285435947394
