status,intersection
Core,5.812101910828026
Non-core,4.89311163895487
