status,intersection
Core,2.2004889975550124
Non-core,1.4098201263976664
