status,intersection
Core,3.3007334963325183
Non-core,2.284880894506563
