status,intersection
Core,0.28559771521827826
Non-core,0.340632603406326
