status,intersection
Core,3.078169299311462
Non-core,1.9806763285024154
