status,intersection
Core,1.5905383360522023
Non-core,0.9732360097323601
