status,intersection
Core,7.954986418315872
Non-core,5.612244897959184
