status,intersection
Core,14.387464387464387
Non-core,11.360746078846969
