status,intersection
Core,2.6199113260781943
Non-core,1.8313253012048192
