status,intersection
Core,0.32666394446712943
Non-core,0.09746588693957114
