status,intersection
Core,0.772986167615948
Non-core,0.5836575875486382
