status,intersection
Core,0.8946726311508744
Non-core,0.8729388942774006
