status,intersection
Core,2.3021001615508885
Non-core,1.4946962391513983
