status,intersection
Core,0.3674969375255206
Non-core,0.14619883040935672
