status,intersection
Core,4.574638844301766
Non-core,2.539530426449449
