status,intersection
Core,5.896043444530644
Non-core,4.817044928207504
