status,intersection
Core,13.330843913368184
Non-core,10.997782705099779
