status,intersection
Core,1.5089722675367048
Non-core,0.7299270072992701
