status,intersection
Core,0.4897959183673469
Non-core,0.2922552362396493
