status,intersection
Core,3.1363088057901085
Non-core,2.2552783109404992
