status,intersection
Core,0.8935824532900081
Non-core,0.7763221737020863
