status,intersection
Core,0.3257328990228013
Non-core,0.3403014098201264
