status,intersection
Core,3.8538739462063427
Non-core,2.8365384615384617
