status,intersection
Core,0.3674969375255206
Non-core,0.34096444227959083
