status,intersection
Core,0.8543531326281529
Non-core,0.6789524733268671
