status,intersection
Core,9.083940206975853
Non-core,6.046724690792487
