status,intersection
Core,0.5698005698005698
Non-core,0.5337214944201844
