status,intersection
Core,4.366812227074236
Non-core,2.796208530805687
