status,intersection
Core,0.24509803921568626
Non-core,0.29239766081871343
