status,intersection
Core,1.1382113821138211
Non-core,1.065891472868217
