status,intersection
Core,0.24489795918367346
Non-core,0.24342745861733203
