status,intersection
Core,0.8123476848090982
Non-core,0.7763221737020863
