status,intersection
Core,2.068126520681265
Non-core,1.4534883720930232
