status,intersection
Core,0.9775967413441955
Non-core,0.5836575875486382
