status,intersection
Core,1.7017828200972447
Non-core,1.0179350460494425
