status,intersection
Core,1.4291547570436913
Non-core,0.8280565026790063
