status,intersection
Core,3.948942959712804
Non-core,2.8612303290414878
