status,intersection
Core,0.2041649652919559
Non-core,0.24354603019970775
