status,intersection
Core,2.1466180639935195
Non-core,1.695736434108527
