status,intersection
Core,1.532258064516129
Non-core,1.4875239923224568
