status,intersection
Core,0.6517311608961304
Non-core,0.6313744536182613
