status,intersection
Core,4.2342698852394145
Non-core,2.647754137115839
