status,intersection
Core,3.6931818181818183
Non-core,1.9873969946679593
