status,intersection
Core,0.5297473512632437
Non-core,0.5344995140913509
