status,intersection
Core,1.059926620464737
Non-core,0.6809338521400778
