status,intersection
Core,0.449162923642303
Non-core,0.0974184120798831
