status,intersection
Core,6.098546042003231
Non-core,3.429951690821256
