status,intersection
Core,0.2039151712887439
Non-core,0.24319066147859922
