status,intersection
Core,0.24459845087647777
Non-core,0.19445794846864364
