status,intersection
Core,7.311028500619579
Non-core,6.456953642384106
