status,intersection
Core,4.43213296398892
Non-core,3.3472803347280333
