status,intersection
Core,9.737827715355806
Non-core,8.51063829787234
