status,intersection
Core,2.745995423340961
Non-core,1.941747572815534
