status,intersection
Core,0.6993006993006993
Non-core,0.9803921568627451
