status,intersection
Core,3.4343434343434343
Non-core,2.191780821917808
