status,intersection
Core,3.386004514672686
Non-core,1.6025641025641026
