status,intersection
Core,1.411764705882353
Non-core,0.6688963210702341
