status,intersection
Core,2.7586206896551726
Non-core,1.3245033112582782
