status,intersection
Core,9.394572025052192
Non-core,7.142857142857143
