status,intersection
Core,4.329004329004329
Non-core,5.389221556886228
