status,intersection
Core,4.195804195804196
Non-core,1.2048192771084338
