status,intersection
Core,3.0501089324618738
Non-core,2.6785714285714284
