status,intersection
Core,4.411764705882353
Non-core,2.0618556701030926
