status,intersection
Core,2.770083102493075
Non-core,2.109704641350211
