status,intersection
Core,8.791208791208792
Non-core,8.771929824561404
