status,intersection
Core,7.034220532319392
Non-core,5.555555555555555
