status,intersection
Core,12.25271218889598
Non-core,8.116883116883116
