status,intersection
Core,1.6091954022988506
Non-core,1.9230769230769231
