status,intersection
Core,3.0172413793103448
Non-core,3.235294117647059
