status,intersection
Core,7.228915662650603
Non-core,5.475504322766571
