status,intersection
Core,2.522935779816514
Non-core,2.236421725239617
