status,intersection
Core,2.608695652173913
Non-core,1.4285714285714286
