status,intersection
Core,4.30379746835443
Non-core,3.6184210526315788
