status,intersection
Core,3.870967741935484
Non-core,3.1818181818181817
