status,intersection
Core,4.878048780487805
Non-core,2.5316455696202533
