status,intersection
Core,8.661417322834646
Non-core,5.47945205479452
