status,intersection
Core,4.848484848484849
Non-core,2.932551319648094
