status,intersection
Core,4.065040650406504
Non-core,3.409090909090909
