status,intersection
Core,3.3854166666666665
Non-core,2.1739130434782608
