status,intersection
Core,2.9279279279279278
Non-core,2.4922118380062304
