status,intersection
Core,2.663115845539281
Non-core,1.4336917562724014
