status,intersection
Core,2.5114155251141552
Non-core,0.6451612903225806
