status,intersection
Core,4.631578947368421
Non-core,2.9585798816568047
