status,intersection
Core,4.958677685950414
Non-core,3.488372093023256
