status,intersection
Core,4.310344827586207
Non-core,2.7950310559006213
