status,intersection
Core,3.3112582781456954
Non-core,3.0303030303030303
