status,intersection
Core,8.823529411764707
Non-core,5.172413793103448
