status,intersection
Core,7.478632478632479
Non-core,5.775075987841945
