status,intersection
Core,14.26751592356688
Non-core,11.016949152542374
