status,intersection
Core,5.11727078891258
Non-core,2.7777777777777777
