status,intersection
Core,11.449016100178891
Non-core,7.653061224489796
