status,intersection
Core,9.672619047619047
Non-core,7.157894736842105
