status,intersection
Core,8.37789661319073
Non-core,6.361323155216285
