status,intersection
Core,6.521739130434782
Non-core,9.523809523809524
