status,intersection
Core,9.44558521560575
Non-core,8.13953488372093
