status,intersection
Core,4.595185995623632
Non-core,1.5772870662460567
