status,intersection
Core,11.467116357504215
Non-core,8.872901678657074
