status,intersection
Core,14.490861618798956
Non-core,11.8673647469459
