status,intersection
Core,1.3761467889908257
Non-core,1.2779552715654952
