status,intersection
Core,5.583756345177665
Non-core,6.086956521739131
