status,intersection
Core,9.109311740890687
Non-core,8.806818181818182
