status,intersection
Core,8.905380333951763
Non-core,6.544502617801047
