status,intersection
Core,8.357348703170029
Non-core,6.956521739130435
