status,intersection
Core,1.6091954022988506
Non-core,0.6514657980456026
