status,intersection
Core,4.477611940298507
Non-core,6.382978723404255
