status,intersection
Core,4.751131221719457
Non-core,2.9220779220779223
