status,intersection
Core,8.150470219435737
Non-core,7.762557077625571
