status,intersection
Core,11.297071129707113
Non-core,11.320754716981131
