status,intersection
Core,15.662650602409638
Non-core,21.428571428571427
