status,intersection
Core,7.662835249042145
Non-core,7.5675675675675675
