status,intersection
Core,14.814814814814815
Non-core,15.151515151515152
