status,intersection
Core,2.9279279279279278
Non-core,0.9803921568627451
