status,intersection
Core,10.56910569105691
Non-core,13.88888888888889
