status,intersection
Core,6.513409961685824
Non-core,4.712041884816754
