status,intersection
Core,12.67605633802817
Non-core,11.363636363636363
