status,intersection
Core,9.552845528455284
Non-core,7.100591715976331
