status,intersection
Core,2.522935779816514
Non-core,1.9543973941368078
