status,intersection
Core,7.777777777777778
Non-core,7.377049180327869
