status,intersection
Core,3.6082474226804124
Non-core,2.4390243902439024
