status,intersection
Core,6.32183908045977
Non-core,6.956521739130435
