status,intersection
Core,0.9411764705882353
Non-core,0.3333333333333333
