status,intersection
Core,11.920529801324504
Non-core,13.793103448275861
