status,intersection
Core,1.6483516483516483
Non-core,0.8547008547008547
