status,intersection
Core,1.0416666666666667
Non-core,2.1739130434782608
