status,intersection
Core,11.206896551724139
Non-core,8.695652173913043
