status,intersection
Core,1.1547344110854503
Non-core,1.2903225806451613
