status,intersection
Core,11.568938193343898
Non-core,8.51063829787234
