status,intersection
Core,0.4716981132075472
Non-core,0.6644518272425249
