status,intersection
Core,2.6923076923076925
Non-core,1.7182130584192439
