status,intersection
Core,3.4334763948497855
Non-core,2.719033232628399
