status,intersection
Core,1.8140589569160999
Non-core,1.8867924528301887
