status,intersection
Core,11.797752808988765
Non-core,11.403508771929825
