status,intersection
Core,3.1746031746031744
Non-core,3.4482758620689653
