status,intersection
Core,9.45945945945946
Non-core,9.30232558139535
