status,intersection
Core,9.55056179775281
Non-core,11.320754716981131
