status,intersection
Core,4.040404040404041
Non-core,6.122448979591836
