status,intersection
Core,1.6055045871559632
Non-core,1.9169329073482428
