status,intersection
Core,8.547008547008547
Non-core,6.8493150684931505
