status,intersection
Core,0.468384074941452
Non-core,0.6578947368421053
