status,intersection
Core,11.808118081180812
Non-core,9.770114942528735
