status,intersection
Core,4.572564612326044
Non-core,4.057971014492754
