status,intersection
Core,6.521739130434782
Non-core,3.7735849056603774
