status,intersection
Core,0.9345794392523364
Non-core,1.3114754098360655
