status,intersection
Core,9.649122807017545
Non-core,8.270676691729323
