status,intersection
Core,8.118081180811808
Non-core,7.734806629834254
