status,intersection
Core,3.7383177570093458
Non-core,1.4492753623188406
