status,intersection
Core,4.938271604938271
Non-core,5.172413793103448
