status,intersection
Core,5.371900826446281
Non-core,4.63768115942029
