status,intersection
Core,5.517241379310345
Non-core,3.6363636363636362
