status,intersection
Core,8.169014084507042
Non-core,6.896551724137931
