status,intersection
Core,0.9216589861751152
Non-core,1.2861736334405145
