status,intersection
Core,4.065040650406504
Non-core,2.8735632183908044
