status,intersection
Core,4.566210045662101
Non-core,3.6303630363036303
