status,intersection
Core,5.518763796909492
Non-core,3.1545741324921135
