status,intersection
Core,0.46403712296983757
Non-core,0.6493506493506493
