status,intersection
Core,9.79020979020979
Non-core,4.25531914893617
