status,intersection
Core,1.8475750577367205
Non-core,2.2580645161290325
