status,intersection
Core,1.17096018735363
Non-core,1.3157894736842106
