status,intersection
Core,3.9215686274509802
Non-core,4.294478527607362
