status,intersection
Core,0.6928406466512702
Non-core,0.33444816053511706
