status,intersection
Core,2.0361990950226243
Non-core,2.19435736677116
