status,intersection
Core,5.931034482758621
Non-core,5.128205128205129
