status,intersection
Core,4.040404040404041
Non-core,1.7543859649122806
