status,intersection
Core,9.090909090909092
Non-core,12.371134020618557
