status,intersection
Core,2.9545454545454546
Non-core,2.272727272727273
