status,intersection
Core,5.56745182012848
Non-core,4.923076923076923
