status,intersection
Core,3.167420814479638
Non-core,2.127659574468085
