status,intersection
Core,8.653846153846153
Non-core,3.6363636363636362
