status,intersection
Core,1.8442622950819672
Non-core,1.4124293785310735
