status,intersection
Core,2.980132450331126
Non-core,1.0362694300518134
