status,intersection
Core,6.542056074766355
Non-core,4.712041884816754
