status,intersection
Core,6.542056074766355
Non-core,5.714285714285714
