status,intersection
Core,10.33210332103321
Non-core,6.8580542264752795
