status,intersection
Core,4.901960784313726
Non-core,3.896103896103896
