status,intersection
Core,3.3185840707964602
Non-core,3.951367781155015
