status,intersection
Core,4.62962962962963
Non-core,6.896551724137931
