status,intersection
Core,6.60377358490566
Non-core,4.838709677419355
