status,intersection
Core,4.385964912280702
Non-core,5.405405405405405
