status,intersection
Core,5.147058823529412
Non-core,6.172839506172839
