status,intersection
Core,3.7433155080213902
Non-core,3.6496350364963503
