status,intersection
Core,6.617647058823529
Non-core,7.042253521126761
