status,intersection
Core,2.1176470588235294
Non-core,1.3289036544850499
