status,intersection
Core,0.2364066193853428
Non-core,0.3333333333333333
