status,intersection
Core,2.808988764044944
Non-core,3.278688524590164
