status,intersection
Core,4.273504273504273
Non-core,2.6315789473684212
