status,intersection
Core,4.966139954853273
Non-core,3.2051282051282053
