status,intersection
Core,4.87062404870624
Non-core,4.216867469879518
