status,intersection
Core,0.4662004662004662
Non-core,0.6535947712418301
