status,intersection
Core,10.845588235294118
Non-core,8.333333333333334
