status,intersection
Core,3.6741214057507987
Non-core,3.171247357293869
