status,intersection
Core,1.3100436681222707
Non-core,1.2232415902140672
