status,intersection
Core,4.166666666666667
Non-core,4.2042042042042045
