status,intersection
Core,6.896551724137931
Non-core,5.454545454545454
