status,intersection
Core,3.062913907284768
Non-core,1.9157088122605364
