status,intersection
Core,8.847736625514404
Non-core,7.121661721068249
