status,intersection
Core,1.1655011655011656
Non-core,1.3071895424836601
