status,intersection
Core,6.437768240343348
Non-core,4.294478527607362
