status,intersection
Core,3.2305433186490453
Non-core,2.335456475583864
