status,intersection
Core,2.3255813953488373
Non-core,0.8888888888888888
