status,intersection
Core,9.97920997920998
Non-core,7.339449541284404
