status,intersection
Core,6.102362204724409
Non-core,3.8461538461538463
