status,intersection
Core,3.641456582633053
Non-core,3.1690140845070425
