status,intersection
Core,2.9357798165137616
Non-core,3.037974683544304
