status,intersection
Core,1.9230769230769231
Non-core,1.2012012012012012
