status,intersection
Core,1.8404907975460123
Non-core,1.1627906976744187
