status,intersection
Core,5.943152454780361
Non-core,5.537459283387622
