status,intersection
Core,6.4935064935064934
Non-core,7.526881720430108
