status,intersection
Core,2.0737327188940093
Non-core,2.2508038585209005
