status,intersection
Core,4.65587044534413
Non-core,2.857142857142857
