status,intersection
Core,7.117437722419929
Non-core,7.262569832402234
