status,intersection
Core,10.865561694290976
Non-core,7.611548556430447
