status,intersection
Core,5.970149253731344
Non-core,10.714285714285714
