status,intersection
Core,0.234192037470726
Non-core,0.32894736842105265
