status,intersection
Core,3.9260969976905313
Non-core,2.6315789473684212
