status,intersection
Core,12.994350282485875
Non-core,13.157894736842104
