status,intersection
Core,5.304518664047151
Non-core,4.087193460490464
