status,intersection
Core,3.321033210332103
Non-core,2.717391304347826
