status,intersection
Core,8.994708994708995
Non-core,8.737864077669903
