status,intersection
Core,1.1682242990654206
Non-core,1.639344262295082
