status,intersection
Core,2.5522041763341066
Non-core,0.9933774834437086
