status,intersection
Core,11.531531531531531
Non-core,7.969151670951157
