status,intersection
Core,3.648068669527897
Non-core,2.710843373493976
