status,intersection
Core,1.3888888888888888
Non-core,0.33222591362126247
