status,intersection
Core,3.4722222222222223
Non-core,2.912621359223301
