status,intersection
Core,9.81067125645439
Non-core,6.944444444444445
