status,intersection
Core,7.18232044198895
Non-core,5.670103092783505
