status,intersection
Core,4.895104895104895
Non-core,2.18978102189781
