status,intersection
Core,1.8711018711018712
Non-core,1.440922190201729
