status,intersection
Core,2.5345622119815667
Non-core,2.2508038585209005
