status,intersection
Core,1.1547344110854503
Non-core,1.2944983818770226
