status,intersection
Core,12.612612612612613
Non-core,13.043478260869565
