status,intersection
Core,13.924050632911392
Non-core,13.636363636363637
