status,intersection
Core,5.544147843942505
Non-core,4.022988505747127
