status,intersection
Core,4.690831556503198
Non-core,3.067484662576687
