status,intersection
Core,13.249211356466876
Non-core,9.662921348314606
