status,intersection
Core,3.0444964871194378
Non-core,1.9933554817275747
