status,intersection
Core,2.7522935779816513
Non-core,3.278688524590164
