status,intersection
Core,1.6260162601626016
Non-core,1.4285714285714286
