status,intersection
Core,5.9523809523809526
Non-core,2.0408163265306123
