status,intersection
Core,6.712962962962963
Non-core,5.47945205479452
