status,intersection
Core,12.195121951219512
Non-core,14.150943396226415
