status,intersection
Core,5.839416058394161
Non-core,4.3478260869565215
