status,intersection
Core,6.614785992217898
Non-core,7.792207792207792
