status,intersection
Core,3.1662269129287597
Non-core,3.007518796992481
