status,intersection
Core,5.1063829787234045
Non-core,2.9761904761904763
