status,intersection
Core,1.1682242990654206
Non-core,1.3114754098360655
