status,intersection
Core,3.89937106918239
Non-core,3.3783783783783785
