status,intersection
Core,8.609271523178808
Non-core,8.88888888888889
