status,intersection
Core,9.70464135021097
Non-core,9.859154929577464
