status,intersection
Core,7.258064516129032
Non-core,5.2631578947368425
