status,intersection
Core,0.23255813953488372
Non-core,0.3257328990228013
