status,intersection
Core,5.010438413361169
Non-core,3.8805970149253732
