status,intersection
Core,2.373887240356083
Non-core,1.486988847583643
