status,intersection
Core,10.614525139664805
Non-core,9.623430962343097
