status,intersection
Core,3.58974358974359
Non-core,3.3057851239669422
