status,intersection
Core,14.804845222072679
Non-core,11.460258780036968
