status,intersection
Core,6.349206349206349
Non-core,7.317073170731708
