status,intersection
Core,2.0134228187919465
Non-core,1.567398119122257
