status,intersection
Core,14.372163388804841
Non-core,11.727078891257996
