status,intersection
Core,4.771784232365145
Non-core,3.206997084548105
