status,intersection
Core,2.9082774049217
Non-core,2.7777777777777777
