status,intersection
Core,0.2358490566037736
Non-core,0.33222591362126247
