status,intersection
Core,8.482142857142858
Non-core,10.294117647058824
