status,intersection
Core,2.7906976744186047
Non-core,1.6556291390728477
