status,intersection
Core,8.16326530612245
Non-core,8.403361344537815
