status,intersection
Core,6.578947368421052
Non-core,7.006369426751593
