status,intersection
Core,4.651162790697675
Non-core,4.838709677419355
