status,intersection
Core,6.451612903225806
Non-core,6.0606060606060606
