status,intersection
Core,10.433070866141732
Non-core,5.865921787709497
