status,intersection
Core,3.7974683544303796
Non-core,5.555555555555555
