status,intersection
Core,5.128205128205129
Non-core,9.75609756097561
