status,intersection
Core,2.1956087824351296
Non-core,1.0416666666666667
