status,intersection
Core,6.474820143884892
Non-core,6.818181818181818
