status,intersection
Core,4.260089686098655
Non-core,3.481012658227848
