status,intersection
Core,2.733485193621868
Non-core,1.2861736334405145
