status,intersection
Core,4.854368932038835
Non-core,2.6315789473684212
