status,intersection
Core,8.441558441558442
Non-core,4.716981132075472
