status,intersection
Core,0.9389671361502347
Non-core,0.9900990099009901
