status,intersection
Core,10.247349823321555
Non-core,9.268292682926829
