status,intersection
Core,7.048458149779735
Non-core,4.444444444444445
