status,intersection
Core,3.115264797507788
Non-core,2.4271844660194173
