status,intersection
Core,4.861111111111111
Non-core,3.7037037037037037
