status,intersection
Core,4.946236559139785
Non-core,4.294478527607362
