status,intersection
Core,12.653778558875219
Non-core,10.551558752997602
