status,intersection
Core,5.161290322580645
Non-core,3.6809815950920246
