status,intersection
Core,3.508771929824561
Non-core,4.464285714285714
