status,intersection
Core,4.605263157894737
Non-core,4.705882352941177
