status,intersection
Core,6.784660766961652
Non-core,6.6115702479338845
