status,intersection
Core,7.142857142857143
Non-core,4.624277456647399
