status,intersection
Core,5.857740585774058
Non-core,4.316546762589928
