status,intersection
Core,9.049773755656108
Non-core,7.246376811594203
