status,intersection
Core,3.937007874015748
Non-core,1.2987012987012987
