status,intersection
Core,5.725971370143149
Non-core,5.865921787709497
