status,intersection
Core,4.205607476635514
Non-core,3.0303030303030303
