status,intersection
Core,6.6115702479338845
Non-core,7.6923076923076925
