status,intersection
Core,0.6976744186046512
Non-core,0.9771986970684039
