status,intersection
Core,16.23931623931624
Non-core,12.023460410557185
