status,intersection
Core,4.524886877828054
Non-core,3.8461538461538463
