status,intersection
Core,6.040268456375839
Non-core,5.4945054945054945
