status,intersection
Core,2.5210084033613445
Non-core,1.1764705882352942
