status,intersection
Core,5.215419501133787
Non-core,3.2051282051282053
