status,intersection
Core,1.160092807424594
Non-core,1.2987012987012987
