status,intersection
Core,6.1002178649237475
Non-core,4.938271604938271
