status,intersection
Core,14.473684210526315
Non-core,9.90783410138249
