status,intersection
Core,18.19505094614265
Non-core,11.973392461197339
