status,intersection
Core,7.216494845360825
Non-core,8.928571428571429
