status,intersection
Core,1.8475750577367205
Non-core,1.935483870967742
