status,intersection
Core,1.3888888888888888
Non-core,1.2944983818770226
