status,intersection
Core,10.79136690647482
Non-core,11.764705882352942
