status,intersection
Core,4.207920792079208
Non-core,3.3582089552238807
