status,intersection
Core,9.392265193370166
Non-core,6.720430107526882
