status,intersection
Core,11.71875
Non-core,13.157894736842104
