status,intersection
Core,7.563025210084033
Non-core,6.8493150684931505
