status,intersection
Core,0.9324009324009324
Non-core,0.6666666666666666
