status,intersection
Core,9.649122807017545
Non-core,7.817589576547231
