status,intersection
Core,1.152073732718894
Non-core,1.2861736334405145
