status,intersection
Core,4.308390022675737
Non-core,3.559870550161812
