status,intersection
Core,5.9523809523809526
Non-core,4.25531914893617
