status,intersection
Core,9.547738693467336
Non-core,8.518518518518519
