status,intersection
Core,3.8990825688073394
Non-core,3.194888178913738
