status,intersection
Core,3.4246575342465753
Non-core,2.912621359223301
