status,intersection
Core,6.739130434782608
Non-core,5.246913580246914
