status,intersection
Core,15.053763440860216
Non-core,10.762800417972832
