status,intersection
Core,4.730713245997089
Non-core,3.4774436090225564
