status,intersection
Core,12.611607142857142
Non-core,9.011627906976743
