status,intersection
Core,8.152173913043478
Non-core,2.803738317757009
