status,intersection
Core,0.936768149882904
Non-core,0.9868421052631579
