status,intersection
Core,6.584362139917696
Non-core,6.756756756756757
