status,intersection
Core,5.615550755939525
Non-core,2.6515151515151514
