status,intersection
Core,3.1512605042016806
Non-core,2.881844380403458
