status,intersection
Core,5.275779376498801
Non-core,5.2631578947368425
