status,intersection
Core,2.816901408450704
Non-core,2.099737532808399
