status,intersection
Core,4.82897384305835
Non-core,4.359673024523161
