status,intersection
Core,7.643312101910828
Non-core,3.6144578313253013
