status,intersection
Core,1.7467248908296944
Non-core,1.4577259475218658
