status,intersection
Core,13.58695652173913
Non-core,4.2105263157894735
