status,intersection
Core,7.216494845360825
Non-core,3.045685279187817
