status,intersection
Core,2.8368794326241136
Non-core,3.3333333333333335
