status,intersection
Core,1.859504132231405
Non-core,1.897018970189702
