status,intersection
Core,2.028397565922921
Non-core,2.1164021164021163
