status,intersection
Core,1.6326530612244898
Non-core,1.5957446808510638
