status,intersection
Core,2.7848101265822787
Non-core,0.4807692307692308
