status,intersection
Core,9.58904109589041
Non-core,8.076009501187649
