status,intersection
Core,3.8369304556354917
Non-core,1.800327332242226
