status,intersection
Core,1.2320328542094456
Non-core,0.8042895442359249
