status,intersection
Core,7.051282051282051
Non-core,2.272727272727273
