status,intersection
Core,2.5462962962962963
Non-core,2.834008097165992
