status,intersection
Core,17.72151898734177
Non-core,13.461538461538462
