status,intersection
Core,2.682926829268293
Non-core,1.3574660633484164
