status,intersection
Core,4.588910133843212
Non-core,3.7688442211055277
