status,intersection
Core,4.617834394904459
Non-core,3.2119914346895073
