status,intersection
Core,1.7073170731707317
Non-core,2.2123893805309733
