status,intersection
Core,2.977667493796526
Non-core,1.4285714285714286
