status,intersection
Core,9.611829944547136
Non-core,7.961783439490445
