status,intersection
Core,6.7073170731707314
Non-core,5.154639175257732
