status,intersection
Core,3.258655804480652
Non-core,3.651685393258427
