status,intersection
Core,3.3783783783783785
Non-core,1.408450704225352
