status,intersection
Core,4.086538461538462
Non-core,2.6315789473684212
