status,intersection
Core,1.8604651162790697
Non-core,0.8658008658008658
