status,intersection
Core,2.760084925690021
Non-core,3.468208092485549
