status,intersection
Core,4.395604395604396
Non-core,2.3715415019762847
