status,intersection
Core,4.545454545454546
Non-core,1.639344262295082
