status,intersection
Core,13.142857142857142
Non-core,6.185567010309279
