status,intersection
Core,1.7156862745098038
Non-core,1.7937219730941705
