status,intersection
Core,0.635593220338983
Non-core,0.2785515320334262
