status,intersection
Core,1.279317697228145
Non-core,1.6853932584269662
