status,intersection
Core,1.965065502183406
Non-core,1.7543859649122806
