status,intersection
Core,8.176100628930818
Non-core,7.070707070707071
