status,intersection
Core,11.03448275862069
Non-core,7.777777777777778
