status,intersection
Core,6.914893617021277
Non-core,5.555555555555555
