status,intersection
Core,6.486486486486487
Non-core,2.6548672566371683
