status,intersection
Core,0.5012531328320802
Non-core,0.9302325581395349
