status,intersection
Core,4.743083003952569
Non-core,4.266666666666667
