status,intersection
Core,5.664488017429194
Non-core,3.488372093023256
