status,intersection
Core,5.99294947121034
Non-core,4.538341158059468
