status,intersection
Core,8.13953488372093
Non-core,5.376344086021505
