status,intersection
Core,7.395993836671803
Non-core,4.948453608247423
