status,intersection
Core,3.861788617886179
Non-core,2.185792349726776
