status,intersection
Core,0.5102040816326531
Non-core,0.9615384615384616
