status,intersection
Core,5.232558139534884
Non-core,1.1111111111111112
