status,intersection
Core,3.7313432835820897
Non-core,3.1746031746031744
