status,intersection
Core,4.065040650406504
Non-core,2.985074626865672
