status,intersection
Core,8.720930232558139
Non-core,5.555555555555555
