status,intersection
Core,6.363636363636363
Non-core,2.816901408450704
