status,intersection
Core,1.8561484918793503
Non-core,2.0408163265306123
