status,intersection
Core,7.072691552062868
Non-core,5.801104972375691
