status,intersection
Core,1.7587939698492463
Non-core,1.9047619047619047
