status,intersection
Core,6.428571428571429
Non-core,4.705882352941177
