status,intersection
Core,8.620689655172415
Non-core,4.587155963302752
