status,intersection
Core,10.549777117384844
Non-core,5.580357142857143
