status,intersection
Core,7.491289198606272
Non-core,4.819277108433735
