status,intersection
Core,5.217391304347826
Non-core,1.8581081081081081
