status,intersection
Core,6.613756613756614
Non-core,5.283018867924528
