status,intersection
Core,5.85480093676815
Non-core,3.0837004405286343
