status,intersection
Core,7.80399274047187
Non-core,5.236907730673317
