status,intersection
Core,4.166666666666667
Non-core,2.824858757062147
