status,intersection
Core,3.3057851239669422
Non-core,3.076923076923077
