status,intersection
Core,6.7669172932330826
Non-core,4.166666666666667
