status,intersection
Core,5.128205128205129
Non-core,2.4390243902439024
