status,intersection
Core,3.361344537815126
Non-core,2.7027027027027026
