status,intersection
Core,3.067484662576687
Non-core,2.5210084033613445
