status,intersection
Core,1.0178117048346056
Non-core,0.4830917874396135
