status,intersection
Core,6.609808102345416
Non-core,2.990033222591362
