status,intersection
Core,2.030456852791878
Non-core,0.966183574879227
