status,intersection
Core,3.275529865125241
Non-core,3.0927835051546393
