status,intersection
Core,11.627906976744185
Non-core,14.285714285714286
