status,intersection
Core,0.9852216748768473
Non-core,0.9049773755656109
