status,intersection
Core,4.716981132075472
Non-core,4.060913705583756
