status,intersection
Core,0.7371007371007371
Non-core,1.3513513513513513
