status,intersection
Core,4.132231404958677
Non-core,2.6315789473684212
