status,intersection
Core,8.670520231213873
Non-core,2.6315789473684212
