status,intersection
Core,5.922551252847381
Non-core,4.508196721311475
