status,intersection
Core,4.273504273504273
Non-core,2.4096385542168677
