status,intersection
Core,5.223880597014926
Non-core,1.4705882352941178
