status,intersection
Core,5.853658536585366
Non-core,3.937007874015748
