status,intersection
Core,9.74155069582505
Non-core,4.181184668989547
