status,intersection
Core,0.2159827213822894
Non-core,0.28653295128939826
