status,intersection
Core,6.432748538011696
Non-core,5.2631578947368425
