status,intersection
Core,9.090909090909092
Non-core,7.8431372549019605
