status,intersection
Core,7.885304659498208
Non-core,4.571428571428571
