status,intersection
Core,1.6494845360824741
Non-core,1.6216216216216217
