status,intersection
Core,5.371900826446281
Non-core,3.313840155945419
