status,intersection
Core,1.6483516483516483
Non-core,1.408450704225352
