status,intersection
Core,4.093567251461988
Non-core,2.4390243902439024
