status,intersection
Core,7.734806629834254
Non-core,3.0927835051546393
