status,intersection
Core,8.536585365853659
Non-core,8.333333333333334
