status,intersection
Core,5.7894736842105265
Non-core,5.727923627684964
