status,intersection
Core,2.2535211267605635
Non-core,1.023890784982935
