status,intersection
Core,4.444444444444445
Non-core,7.6923076923076925
