status,intersection
Core,14.054054054054054
Non-core,11.864406779661017
