status,intersection
Core,2.286902286902287
Non-core,2.857142857142857
