status,intersection
Core,0.4291845493562232
Non-core,0.28328611898017
