status,intersection
Core,5.648535564853557
Non-core,3.9285714285714284
