status,intersection
Core,3.3557046979865772
Non-core,1.9801980198019802
