status,intersection
Core,3.4482758620689653
Non-core,4.237288135593221
