status,intersection
Core,5.447470817120623
Non-core,5.8201058201058204
