status,intersection
Core,3.2051282051282053
Non-core,2.0114942528735633
