status,intersection
Core,1.6203703703703705
Non-core,2.092050209205021
