status,intersection
Core,4.615384615384615
Non-core,1.8181818181818181
