status,intersection
Core,7.355242566510172
Non-core,5.521472392638037
