status,intersection
Core,3.2967032967032965
Non-core,1.0204081632653061
