status,intersection
Core,7.291666666666667
Non-core,5.660377358490566
