status,intersection
Core,5.41044776119403
Non-core,4.392764857881137
