status,intersection
Core,4.953560371517028
Non-core,2.8629856850715747
