status,intersection
Core,2.0059435364041605
Non-core,1.0576923076923077
