status,intersection
Core,1.2406947890818858
Non-core,1.36986301369863
