status,intersection
Core,7.918552036199095
Non-core,5.714285714285714
