status,intersection
Core,10.92436974789916
Non-core,8.19672131147541
