status,intersection
Core,3.8054968287526427
Non-core,1.9830028328611897
