status,intersection
Core,13.333333333333334
Non-core,9.06344410876133
