status,intersection
Core,5.609756097560975
Non-core,4.693140794223827
