status,intersection
Core,9.30232558139535
Non-core,14.285714285714286
