status,intersection
Core,18.367346938775512
Non-core,22.727272727272727
