status,intersection
Core,11.574074074074074
Non-core,4.098360655737705
