status,intersection
Core,4.669260700389105
Non-core,3.926701570680628
