status,intersection
Core,11.818181818181818
Non-core,4.273504273504273
