status,intersection
Core,3.2967032967032965
Non-core,0.9174311926605505
