status,intersection
Core,6.517690875232774
Non-core,5.194805194805195
