status,intersection
Core,2.865329512893983
Non-core,2.4096385542168677
