status,intersection
Core,4.487179487179487
Non-core,3.4188034188034186
