status,intersection
Core,2.3076923076923075
Non-core,1.5228426395939085
