status,intersection
Core,3.43980343980344
Non-core,2.73972602739726
