status,intersection
Core,0.9876543209876543
Non-core,1.3636363636363635
