status,intersection
Core,0.7633587786259542
Non-core,1.4354066985645932
