status,intersection
Core,0.7556675062972292
Non-core,0.9389671361502347
