status,intersection
Core,11.316872427983538
Non-core,6.7924528301886795
