status,intersection
Core,11.585365853658537
Non-core,8.823529411764707
