status,intersection
Core,5.687203791469194
Non-core,3.937007874015748
