status,intersection
Core,11.94225721784777
Non-core,10.401459854014599
