status,intersection
Core,6.993006993006993
Non-core,7.368421052631579
