status,intersection
Core,11.450381679389313
Non-core,8.219178082191782
