status,intersection
Core,5.896805896805897
Non-core,3.272727272727273
