status,intersection
Core,4.909090909090909
Non-core,1.951219512195122
