status,intersection
Core,4.761904761904762
Non-core,3.6036036036036037
