status,intersection
Core,4.901960784313726
Non-core,3.1818181818181817
