status,intersection
Core,2.763819095477387
Non-core,1.4354066985645932
