status,intersection
Core,1.405152224824356
Non-core,2.074688796680498
