status,intersection
Core,3.1185031185031185
Non-core,2.272727272727273
