status,intersection
Core,4.705882352941177
Non-core,3.508771929824561
