status,intersection
Core,4.9853372434017595
Non-core,2.0161290322580645
