status,intersection
Core,5.220883534136546
Non-core,4.1208791208791204
