status,intersection
Core,0.847457627118644
Non-core,1.1904761904761905
