status,intersection
Core,1.593625498007968
Non-core,0.273972602739726
