status,intersection
Core,1.829268292682927
Non-core,1.5957446808510638
