status,intersection
Core,8.383233532934131
Non-core,5.3872053872053876
