status,intersection
Core,2.035623409669211
Non-core,1.932367149758454
