status,intersection
Core,10.227272727272727
Non-core,6.779661016949152
