status,intersection
Core,1.050420168067227
Non-core,1.1111111111111112
