status,intersection
Core,3.3185840707964602
Non-core,2.2222222222222223
