status,intersection
Core,10.037174721189592
Non-core,8.13953488372093
