status,intersection
Core,8.450704225352112
Non-core,6.310679611650485
