status,intersection
Core,3.3057851239669422
Non-core,5.333333333333333
