status,intersection
Core,11.654135338345865
Non-core,4.72972972972973
