status,intersection
Core,0.21505376344086022
Non-core,0.2840909090909091
