status,intersection
Core,2.558139534883721
Non-core,3.2653061224489797
