status,intersection
Core,9.392265193370166
Non-core,5.714285714285714
