status,intersection
Core,1.0570824524312896
Non-core,0.8379888268156425
