status,intersection
Core,4.624277456647399
Non-core,5.208333333333333
