status,intersection
Core,10.869565217391305
Non-core,9.45945945945946
