status,intersection
Core,5.909090909090909
Non-core,5.394190871369295
