status,intersection
Core,1.744186046511628
Non-core,1.6129032258064515
