status,intersection
Core,2.2587268993839835
Non-core,2.4193548387096775
