status,intersection
Core,2.586206896551724
Non-core,3.278688524590164
