status,intersection
Core,5.454545454545454
Non-core,4.273504273504273
