status,intersection
Core,6.944444444444445
Non-core,1.492537313432836
