status,intersection
Core,3.1847133757961785
Non-core,2.849002849002849
