status,intersection
Core,6.285714285714286
Non-core,5.154639175257732
