status,intersection
Core,1.593625498007968
Non-core,1.5544041450777202
