status,intersection
Core,3.762376237623762
Non-core,3.6363636363636362
