status,intersection
Core,2.232142857142857
Non-core,2.766798418972332
