status,intersection
Core,0.49504950495049505
Non-core,0.45454545454545453
