status,intersection
Core,1.8518518518518519
Non-core,0.9009009009009009
