status,intersection
Core,4.693140794223827
Non-core,1.7045454545454546
