status,intersection
Core,3.033980582524272
Non-core,2.122527737578389
