status,intersection
Core,3.1390134529147984
Non-core,1.4285714285714286
