status,intersection
Core,4.716981132075472
Non-core,5.384615384615385
