status,intersection
Core,6.227106227106227
Non-core,4.891304347826087
