status,intersection
Core,4.482758620689655
Non-core,2.4096385542168677
