status,intersection
Core,11.354309165526676
Non-core,8.98876404494382
