status,intersection
Core,6.410256410256411
Non-core,4.878048780487805
