status,intersection
Core,4.273504273504273
Non-core,2.4390243902439024
