status,intersection
Core,13.846153846153847
Non-core,14.705882352941176
