status,intersection
Core,0.21367521367521367
Non-core,0.28169014084507044
