status,intersection
Core,11.299435028248588
Non-core,10.526315789473685
