status,intersection
Core,3.2719836400817996
Non-core,2.5069637883008355
