status,intersection
Core,3.0232558139534884
Non-core,2.0661157024793386
