status,intersection
Core,3.4334763948497855
Non-core,3.321033210332103
