status,intersection
Core,7.368421052631579
Non-core,4.854368932038835
