status,intersection
Core,4.745762711864407
Non-core,1.6216216216216217
