status,intersection
Core,5.172413793103448
Non-core,2.3255813953488373
