status,intersection
Core,1.2077294685990339
Non-core,1.7467248908296944
