status,intersection
Core,8.88888888888889
Non-core,12.195121951219512
