status,intersection
Core,7.378640776699029
Non-core,6.896551724137931
