status,intersection
Core,3.530633437175493
Non-core,1.3897662665824384
