status,intersection
Core,7.676348547717843
Non-core,5.2631578947368425
