status,intersection
Core,1.2690355329949239
Non-core,0.4830917874396135
