status,intersection
Core,8.522727272727273
Non-core,6.930693069306931
