status,intersection
Core,9.276018099547512
Non-core,7.112970711297071
