status,intersection
Core,1.792828685258964
Non-core,2.0725388601036268
