status,intersection
Core,1.7721518987341771
Non-core,2.4154589371980677
