status,intersection
Core,2.380952380952381
Non-core,1.2820512820512822
