status,intersection
Core,4.464285714285714
Non-core,6.349206349206349
