status,intersection
Core,2.763819095477387
Non-core,2.3696682464454977
