status,intersection
Core,10.427350427350428
Non-core,9.324009324009324
