status,intersection
Core,7.017543859649122
Non-core,4.301075268817204
