status,intersection
Core,2.840909090909091
Non-core,2.0618556701030926
