status,intersection
Core,8.928571428571429
Non-core,8.695652173913043
