status,intersection
Core,0.2518891687657431
Non-core,0.4694835680751174
