status,intersection
Core,6.73758865248227
Non-core,3.1914893617021276
