status,intersection
Core,6.95970695970696
Non-core,7.389162561576355
