status,intersection
Core,11.320754716981131
Non-core,6.818181818181818
