status,intersection
Core,1.7964071856287425
Non-core,2.0618556701030926
