status,intersection
Core,9.810126582278482
Non-core,5.0761421319796955
