status,intersection
Core,5.384615384615385
Non-core,3.674540682414698
