status,intersection
Core,3.875968992248062
Non-core,4.054054054054054
