status,intersection
Core,2.460850111856823
Non-core,2.7777777777777777
