status,intersection
Core,9.134615384615385
Non-core,3.3057851239669422
