status,intersection
Core,6.3965884861407245
Non-core,6.083650190114068
