status,intersection
Core,5.185185185185185
Non-core,3.7383177570093458
