status,intersection
Core,5.443037974683544
Non-core,3.8917089678510997
