status,intersection
Core,0.954653937947494
Non-core,1.702127659574468
