status,intersection
Core,10.104529616724738
Non-core,5.367231638418079
