status,intersection
Core,4.567699836867863
Non-core,3.638644918444166
