status,intersection
Core,4.137931034482759
Non-core,4.597701149425287
