status,intersection
Core,13.397790055248619
Non-core,9.207708779443255
