status,intersection
Core,10.819672131147541
Non-core,8.374384236453203
