status,intersection
Core,3.4782608695652173
Non-core,1.2345679012345678
