status,intersection
Core,14.035087719298245
Non-core,5.434782608695652
