status,intersection
Core,0.21551724137931033
Non-core,0.2849002849002849
