status,intersection
Core,0.25125628140703515
Non-core,0.4672897196261682
