status,intersection
Core,1.6597510373443984
Non-core,1.3623978201634876
