status,intersection
Core,4.238921001926783
Non-core,2.8720626631853787
