status,intersection
Core,6.958762886597938
Non-core,5.614035087719298
