status,intersection
Core,11.624441132637854
Non-core,10.061601642710473
