status,intersection
Core,5.121951219512195
Non-core,3.225806451612903
