status,intersection
Core,0.8620689655172413
Non-core,1.4492753623188406
