status,intersection
Core,9.62962962962963
Non-core,7.594936708860759
