status,intersection
Core,1.8518518518518519
Non-core,1.6216216216216217
