status,intersection
Core,5.39568345323741
Non-core,2.3391812865497075
