status,intersection
Core,12.941176470588236
Non-core,6.024096385542169
