status,intersection
Core,10.738255033557047
Non-core,7.317073170731708
