status,intersection
Core,1.0050251256281406
Non-core,0.9345794392523364
