status,intersection
Core,8.130081300813009
Non-core,3.4482758620689653
