status,intersection
Core,9.74477958236659
Non-core,5.603448275862069
