status,intersection
Core,12.857142857142858
Non-core,9.523809523809524
