status,intersection
Core,4.65587044534413
Non-core,3.0303030303030303
