status,intersection
Core,0.9009009009009009
Non-core,1.7857142857142858
