status,intersection
Core,9.932659932659933
Non-core,7.962529274004684
