status,intersection
Core,2.2388059701492535
Non-core,1.492537313432836
