status,intersection
Core,4.975124378109452
Non-core,2.433628318584071
