status,intersection
Core,8.379888268156424
Non-core,2.272727272727273
