status,intersection
Core,4.774535809018568
Non-core,2.7888446215139444
