status,intersection
Core,3.6281179138321997
Non-core,3.896103896103896
