status,intersection
Core,2.70935960591133
Non-core,1.3888888888888888
