status,intersection
Core,7.741935483870968
Non-core,4.761904761904762
