status,intersection
Core,7.739307535641548
Non-core,5.017921146953405
