status,intersection
Core,2.644230769230769
Non-core,3.0172413793103448
