status,intersection
Core,7.65661252900232
Non-core,5.857740585774058
