status,intersection
Core,0.2557544757033248
Non-core,0.4830917874396135
