status,intersection
Core,9.166666666666666
Non-core,6.756756756756757
