status,intersection
Core,3.490759753593429
Non-core,2.808988764044944
