status,intersection
Core,0.5037783375314862
Non-core,0.9389671361502347
