status,intersection
Core,4.419889502762431
Non-core,3.3057851239669422
