status,intersection
Core,6.178489702517163
Non-core,4.489795918367347
