status,intersection
Core,3.361344537815126
Non-core,1.6666666666666667
