status,intersection
Core,0.43010752688172044
Non-core,0.2840909090909091
