status,intersection
Core,12.630208333333334
Non-core,7.662835249042145
