status,intersection
Core,0.635593220338983
Non-core,0.5602240896358543
