status,intersection
Core,9.30232558139535
Non-core,6.024096385542169
