status,intersection
Core,4.232804232804233
Non-core,3.0303030303030303
