status,intersection
Core,9.243697478991596
Non-core,5.405405405405405
