status,intersection
Core,7.948243992606285
Non-core,5.370843989769821
