status,intersection
Core,2.286902286902287
Non-core,1.675977653631285
