status,intersection
Core,3.717472118959108
Non-core,2.197802197802198
