status,intersection
Core,5.166051660516605
Non-core,1.8518518518518519
