status,intersection
Core,4.262295081967213
Non-core,2.690582959641256
