status,intersection
Core,3.3557046979865772
Non-core,4.225352112676056
