status,intersection
Core,2.7160493827160495
Non-core,1.3824884792626728
