status,intersection
Core,8.867924528301886
Non-core,3.865979381443299
