status,intersection
Core,0.6451612903225806
Non-core,0.5698005698005698
