status,intersection
Core,2.6262626262626263
Non-core,2.1333333333333333
