status,intersection
Core,9.836065573770492
Non-core,8.823529411764707
