status,intersection
Core,6.903765690376569
Non-core,5.054151624548736
