status,intersection
Core,5.511811023622047
Non-core,2.150537634408602
