status,intersection
Core,8.352144469525959
Non-core,5.1063829787234045
