status,intersection
Core,3.3783783783783785
Non-core,3.2967032967032965
