status,intersection
Core,2.719665271966527
Non-core,1.9444444444444444
