status,intersection
Core,5.846153846153846
Non-core,4.651162790697675
