status,intersection
Core,10.444444444444445
Non-core,8.94308943089431
