status,intersection
Core,2.6785714285714284
Non-core,2.898550724637681
