status,intersection
Core,0.7672634271099744
Non-core,0.4830917874396135
