status,intersection
Core,13.88888888888889
Non-core,7.6923076923076925
