status,intersection
Core,1.7467248908296944
Non-core,1.1661807580174928
