status,intersection
Core,6.589147286821706
Non-core,4.848484848484849
