status,intersection
Core,3.409090909090909
Non-core,1.7543859649122806
