status,intersection
Core,6.572769953051643
Non-core,3.9647577092511015
