status,intersection
Core,6.687898089171974
Non-core,2.7586206896551726
