status,intersection
Core,5.737704918032787
Non-core,1.8181818181818181
