status,intersection
Core,5.166051660516605
Non-core,5.172413793103448
