status,intersection
Core,2.978723404255319
Non-core,3.409090909090909
