status,intersection
Core,4.233870967741935
Non-core,3.35195530726257
