status,intersection
Core,1.9464720194647203
Non-core,2.304147465437788
