status,intersection
Core,4.430379746835443
Non-core,6.382978723404255
