status,intersection
Core,4.895104895104895
Non-core,2.7777777777777777
