status,intersection
Core,12.371134020618557
Non-core,10.144927536231885
