status,intersection
Core,4.819277108433735
Non-core,3.896103896103896
