status,intersection
Core,14.634146341463415
Non-core,10.071942446043165
