status,intersection
Core,4.326328800988875
Non-core,3.1561461794019934
