status,intersection
Core,8.395989974937343
Non-core,4.3399638336347195
