status,intersection
Core,4.72972972972973
Non-core,1.3513513513513513
