status,intersection
Core,5.536332179930795
Non-core,2.857142857142857
