status,intersection
Core,9.803921568627452
Non-core,7.474226804123711
