status,intersection
Core,5.555555555555555
Non-core,3.252032520325203
