status,intersection
Core,5.734767025089606
Non-core,2.5641025641025643
