status,intersection
Core,2.696078431372549
Non-core,2.242152466367713
