status,intersection
Core,4.981549815498155
Non-core,4.422604422604422
