status,intersection
Core,3.586497890295359
Non-core,2.272727272727273
