status,intersection
Core,2.0833333333333335
Non-core,2.4896265560165975
