status,intersection
Core,5.921052631578948
Non-core,5.194805194805195
