status,intersection
Core,3.373015873015873
Non-core,3.287671232876712
