status,intersection
Core,5.072463768115942
Non-core,2.9702970297029703
