status,intersection
Core,11.585365853658537
Non-core,13.20754716981132
