status,intersection
Core,7.6923076923076925
Non-core,1.2048192771084338
