status,intersection
Core,3.9215686274509802
Non-core,2.7149321266968327
