status,intersection
Core,8.839779005524862
Non-core,3.8461538461538463
