status,intersection
Core,3.7220843672456576
Non-core,1.8604651162790697
