status,intersection
Core,7.4498567335243555
Non-core,5.737704918032787
