status,intersection
Core,4.424778761061947
Non-core,5.660377358490566
