status,intersection
Core,6.965174129353234
Non-core,3.883495145631068
