status,intersection
Core,9.395973154362416
Non-core,9.473684210526315
