status,intersection
Core,1.2376237623762376
Non-core,1.8181818181818181
