status,intersection
Core,7.070707070707071
Non-core,1.8691588785046729
