status,intersection
Core,5.35279805352798
Non-core,4.566210045662101
