status,intersection
Core,6.349206349206349
Non-core,2.4390243902439024
