status,intersection
Core,2.6859504132231407
Non-core,2.4657534246575343
