status,intersection
Core,5.414273995077933
Non-core,2.278481012658228
