status,intersection
Core,6.11439842209073
Non-core,4.067796610169491
