status,intersection
Core,6.628242074927954
Non-core,5.446623093681917
