status,intersection
Core,2.952755905511811
Non-core,2.33160621761658
