status,intersection
Core,3.2989690721649483
Non-core,3.081232492997199
