status,intersection
Core,1.2526096033402923
Non-core,1.095890410958904
