status,intersection
Core,5.095541401273885
Non-core,3.9215686274509802
