status,intersection
Core,8.517350157728707
Non-core,2.8846153846153846
