status,intersection
Core,8.431703204047217
Non-core,7.239819004524887
