status,intersection
Core,0.7575757575757576
Non-core,1.4423076923076923
