status,intersection
Core,9.868421052631579
Non-core,8.695652173913043
