status,intersection
Core,6.217616580310881
Non-core,2.803738317757009
