status,intersection
Core,4.190476190476191
Non-core,3.482587064676617
