status,intersection
Core,15.24390243902439
Non-core,6.451612903225806
