status,intersection
Core,0.21691973969631237
Non-core,0.28735632183908044
