status,intersection
Core,2.3509655751469354
Non-core,1.4322916666666667
