status,intersection
Core,5.426356589147287
Non-core,3.278688524590164
