status,intersection
Core,4.733727810650888
Non-core,2.127659574468085
