status,intersection
Core,6.329113924050633
Non-core,6.896551724137931
