status,intersection
Core,16.379310344827587
Non-core,10.666666666666666
