status,intersection
Core,6.938775510204081
Non-core,3.283582089552239
