status,intersection
Core,4.093567251461988
Non-core,1.9801980198019802
