status,intersection
Core,7.006369426751593
Non-core,3.5294117647058822
