status,intersection
Core,5.3097345132743365
Non-core,2.73972602739726
