status,intersection
Core,7.116104868913857
Non-core,7.30478589420655
