status,intersection
Core,13.097576948264571
Non-core,6.994818652849741
