status,intersection
Core,3.1645569620253164
Non-core,2.8011204481792715
