status,intersection
Core,3.6945812807881775
Non-core,4.072398190045249
