status,intersection
Core,7.081174438687392
Non-core,5.386416861826698
