status,intersection
Core,8.25147347740668
Non-core,5.978260869565218
