status,intersection
Core,3.3816425120772946
Non-core,2.7210884353741496
