status,intersection
Core,8.035714285714286
Non-core,5.714285714285714
