status,intersection
Core,5.741626794258373
Non-core,5.645161290322581
