status,intersection
Core,2.9069767441860463
Non-core,0.9433962264150944
