status,intersection
Core,5.5690072639225185
Non-core,3.0303030303030303
