status,intersection
Core,5.938242280285036
Non-core,2.232142857142857
