status,intersection
Core,2.028397565922921
Non-core,1.6528925619834711
