status,intersection
Core,8.957219251336898
Non-core,7.815275310834814
