status,intersection
Core,0.4329004329004329
Non-core,0.29239766081871343
