status,intersection
Core,1.0126582278481013
Non-core,1.4218009478672986
