status,intersection
Core,2.301255230125523
Non-core,1.7045454545454546
