status,intersection
Core,8.064516129032258
Non-core,4.761904761904762
