status,intersection
Core,1.2690355329949239
Non-core,1.9047619047619047
