status,intersection
Core,3.0005173305742368
Non-core,1.8832391713747645
