status,intersection
Core,6.9073783359497645
Non-core,2.320675105485232
