status,intersection
Core,8.75912408759124
Non-core,7.341772151898734
