status,intersection
Core,12.173913043478262
Non-core,9.67741935483871
