status,intersection
Core,14.525993883792049
Non-core,7.990314769975787
