status,intersection
Core,5.439330543933054
Non-core,6.172839506172839
