status,intersection
Core,14.065180102915951
Non-core,13.698630136986301
