status,intersection
Core,3.280680437424058
Non-core,1.4499758337361044
