status,intersection
Core,7.2758037225042305
Non-core,4.611650485436893
