status,intersection
Core,10.059171597633137
Non-core,3.3333333333333335
