status,intersection
Core,0.6507592190889371
Non-core,0.8645533141210374
