status,intersection
Core,8.949416342412452
Non-core,8.982035928143713
