status,intersection
Core,1.0126582278481013
Non-core,0.4854368932038835
