status,intersection
Core,0.8849557522123894
Non-core,1.7543859649122806
