status,intersection
Core,2.75049115913556
Non-core,2.0618556701030926
