status,intersection
Core,16.766467065868262
Non-core,15.306122448979592
