status,intersection
Core,6.423611111111111
Non-core,5.4245283018867925
