status,intersection
Core,4.264392324093817
Non-core,3.1884057971014492
