status,intersection
Core,6.109979633401222
Non-core,4.597701149425287
