status,intersection
Core,13.276492082825822
Non-core,11.501597444089457
