status,intersection
Core,12.732278045423262
Non-core,10.41041041041041
