status,intersection
Core,1.1961722488038278
Non-core,1.7241379310344827
