status,intersection
Core,1.9313304721030042
Non-core,0.5780346820809249
