status,intersection
Core,4.964539007092198
Non-core,4.878048780487805
