status,intersection
Core,2.1186440677966103
Non-core,0.6493506493506493
