status,intersection
Core,3.2051282051282053
Non-core,2.865329512893983
