status,intersection
Core,8.333333333333334
Non-core,7.474747474747475
