status,intersection
Core,7.572383073496659
Non-core,5.714285714285714
