status,intersection
Core,8.602150537634408
Non-core,5.357142857142857
