status,intersection
Core,13.055954088952655
Non-core,7.816091954022989
