status,intersection
Core,8.15450643776824
Non-core,4.624277456647399
