status,intersection
Core,12.153846153846153
Non-core,10.40339702760085
