status,intersection
Core,4.838709677419355
Non-core,2.8925619834710745
