status,intersection
Core,4.651162790697675
Non-core,3.3472803347280333
