status,intersection
Core,4.8582995951417
Non-core,7.317073170731708
