status,intersection
Core,0.43103448275862066
Non-core,0.2849002849002849
