status,intersection
Core,0.8528784648187633
Non-core,1.1267605633802817
