status,intersection
Core,0.43478260869565216
Non-core,0.2915451895043732
