status,intersection
Core,3.5343035343035343
Non-core,3.35195530726257
