status,intersection
Core,8.414872798434443
Non-core,7.876712328767123
