status,intersection
Core,3.053435114503817
Non-core,4.054054054054054
