status,intersection
Core,0.42283298097251587
Non-core,0.5571030640668524
