status,intersection
Core,8.421052631578947
Non-core,7.547169811320755
