status,intersection
Core,11.578947368421053
Non-core,4.854368932038835
