status,intersection
Core,5.185185185185185
Non-core,1.492537313432836
