status,intersection
Core,1.015228426395939
Non-core,1.4285714285714286
