status,intersection
Core,8.609271523178808
Non-core,4.9504950495049505
