status,intersection
Core,4.238505747126437
Non-core,2.7580071174377223
