status,intersection
Core,8.620689655172415
Non-core,3.4482758620689653
