status,intersection
Core,3.406813627254509
Non-core,3.7837837837837838
