status,intersection
Core,12.442396313364055
Non-core,9.876543209876543
