status,intersection
Core,2.78372591006424
Non-core,2.5936599423631126
