status,intersection
Core,13.20754716981132
Non-core,10.344827586206897
