status,intersection
Core,0.49504950495049505
Non-core,0.9259259259259259
