status,intersection
Core,7.017543859649122
Non-core,4.901960784313726
