status,intersection
Core,11.222627737226277
Non-core,10.615199034981906
