status,intersection
Core,5.058365758754864
Non-core,4.774535809018568
