status,intersection
Core,0.6134969325153374
Non-core,0.26737967914438504
