status,intersection
Core,3.7037037037037037
Non-core,2.5316455696202533
