status,intersection
Core,3.667481662591687
Non-core,2.304147465437788
