status,intersection
Core,5.4989816700611
Non-core,4.931506849315069
