status,intersection
Core,4.265402843601896
Non-core,2.73972602739726
