status,intersection
Core,7.780320366132723
Non-core,5.809128630705394
