status,intersection
Core,6.112469437652812
Non-core,1.9011406844106464
