status,intersection
Core,3.2482598607888633
Non-core,2.5210084033613445
