status,intersection
Core,7.183364839319471
Non-core,5.958549222797927
