status,intersection
Core,7.857142857142857
Non-core,4.878048780487805
