status,intersection
Core,16.666666666666668
Non-core,11.898016997167138
