status,intersection
Core,5.279034690799397
Non-core,3.3557046979865772
