status,intersection
Core,5.898876404494382
Non-core,3.585657370517928
