status,intersection
Core,5.378486055776892
Non-core,5.21978021978022
