status,intersection
Core,7.112970711297071
Non-core,5.142857142857143
