status,intersection
Core,5.566600397614314
Non-core,4.371584699453552
