status,intersection
Core,10.272536687631026
Non-core,8.487084870848708
