status,intersection
Core,4.100946372239748
Non-core,1.3100436681222707
