status,intersection
Core,4.761904761904762
Non-core,3.0303030303030303
