status,intersection
Core,3.27455919395466
Non-core,1.4218009478672986
