status,intersection
Core,1.2658227848101267
Non-core,1.1142061281337048
