status,intersection
Core,2.272727272727273
Non-core,3.8461538461538463
