status,intersection
Core,8.37789661319073
Non-core,8.454106280193237
