status,intersection
Core,11.538461538461538
Non-core,8.219178082191782
