status,intersection
Core,2.208835341365462
Non-core,1.6216216216216217
