status,intersection
Core,6.655574043261232
Non-core,5.73394495412844
