status,intersection
Core,8.703374777975133
Non-core,3.580562659846547
