status,intersection
Core,1.5945330296127562
Non-core,1.976284584980237
