status,intersection
Core,7.803468208092486
Non-core,4.132231404958677
