status,intersection
Core,5.2264808362369335
Non-core,4.761904761904762
