status,intersection
Core,11.382113821138212
Non-core,2.8368794326241136
