status,intersection
Core,1.2594458438287153
Non-core,1.8779342723004695
