status,intersection
Core,0.21645021645021645
Non-core,0.28735632183908044
