status,intersection
Core,14.227642276422765
Non-core,7.244318181818182
