status,intersection
Core,1.8711018711018712
Non-core,0.8595988538681948
