status,intersection
Core,5.147058823529412
Non-core,3.4482758620689653
