status,intersection
Core,8.016877637130802
Non-core,7.7844311377245505
