status,intersection
Core,4.824561403508772
Non-core,5.594405594405594
