status,intersection
Core,1.4962593516209477
Non-core,2.304147465437788
