status,intersection
Core,3.2193158953722336
Non-core,2.7247956403269753
