status,intersection
Core,2.9182879377431905
Non-core,2.9508196721311477
