status,intersection
Core,5.594405594405594
Non-core,2.5316455696202533
