status,intersection
Core,0.759493670886076
Non-core,0.9478672985781991
