status,intersection
Core,7.526881720430108
Non-core,4.545454545454546
