status,intersection
Core,3.366336633663366
Non-core,3.260869565217391
