status,intersection
Core,5.215419501133787
Non-core,2.9166666666666665
