status,intersection
Core,2.159827213822894
Non-core,1.1560693641618498
