status,intersection
Core,0.9009009009009009
Non-core,1.3157894736842106
