status,intersection
Core,4.1928721174004195
Non-core,3.68271954674221
