status,intersection
Core,7.241379310344827
Non-core,3.977272727272727
