status,intersection
Core,4.477611940298507
Non-core,1.550387596899225
