status,intersection
Core,2.535211267605634
Non-core,1.7921146953405018
