status,intersection
Core,7.169811320754717
Non-core,5.882352941176471
