status,intersection
Core,4.0358744394618835
Non-core,4.545454545454546
