status,intersection
Core,0.8968609865470852
Non-core,0.3257328990228013
