status,intersection
Core,3.631284916201117
Non-core,2.586206896551724
