status,intersection
Core,3.416856492027335
Non-core,2.464788732394366
