status,intersection
Core,1.0695187165775402
Non-core,0.411522633744856
