status,intersection
Core,2.7777777777777777
Non-core,1.5384615384615385
