status,intersection
Core,3.0303030303030303
Non-core,1.492537313432836
