status,intersection
Core,2.272727272727273
Non-core,0.7575757575757576
