status,intersection
Core,4.359313077939234
Non-core,2.6690391459074734
