status,intersection
Core,3.1645569620253164
Non-core,1.2820512820512822
