status,intersection
Core,11.029411764705882
Non-core,5.9523809523809526
