status,intersection
Core,3.7974683544303796
Non-core,7.6923076923076925
