status,intersection
Core,2.26537216828479
Non-core,1.3953488372093024
