status,intersection
Core,0.6117455138662317
Non-core,0.04866180048661801
