status,intersection
Core,5.384615384615385
Non-core,8.450704225352112
