status,intersection
Core,13.402061855670103
Non-core,8.333333333333334
