status,intersection
Core,3.508771929824561
Non-core,2.727272727272727
