status,intersection
Core,4.132231404958677
Non-core,2.247191011235955
