status,intersection
Core,4.201680672268908
Non-core,1.2820512820512822
