status,intersection
Core,2.142857142857143
Non-core,2.1052631578947367
