status,intersection
Core,0.586940572267058
Non-core,0.09149130832570906
