status,intersection
Core,0.7915567282321899
Non-core,0.17889087656529518
