status,intersection
Core,4.615384615384615
Non-core,5.405405405405405
