status,intersection
Core,6.349206349206349
Non-core,3.0303030303030303
