status,intersection
Core,12.295081967213115
Non-core,8.450704225352112
