status,intersection
Core,5.813953488372093
Non-core,3.5714285714285716
