status,intersection
Core,2.4630541871921183
Non-core,1.7361111111111112
