status,intersection
Core,9.55056179775281
Non-core,6.481481481481482
