status,intersection
Core,11.212121212121213
Non-core,6.944444444444445
