status,intersection
Core,3.658536585365854
Non-core,4.166666666666667
