status,intersection
Core,4.854368932038835
Non-core,6.923076923076923
