status,intersection
Core,3.932584269662921
Non-core,2.4193548387096775
