status,intersection
Core,1.1070110701107012
Non-core,0.3305785123966942
