status,intersection
Core,3.9906103286384975
Non-core,2.7950310559006213
