status,intersection
Core,0.5260389268805892
Non-core,0.1282051282051282
