status,intersection
Core,2.542372881355932
Non-core,2.797202797202797
