status,intersection
Core,3.103448275862069
Non-core,2.6178010471204187
