status,intersection
Core,5.825242718446602
Non-core,3.7037037037037037
