status,intersection
Core,13.286713286713287
Non-core,8.602150537634408
