status,intersection
Core,1.941747572815534
Non-core,3.508771929824561
