status,intersection
Core,8.26771653543307
Non-core,4.972375690607735
