status,intersection
Core,3.1746031746031744
Non-core,1.1764705882352942
