status,intersection
Core,8.737864077669903
Non-core,4.081632653061225
