status,intersection
Core,13.008130081300813
Non-core,6.349206349206349
