status,intersection
Core,5.732484076433121
Non-core,3.4482758620689653
