status,intersection
Core,3.2679738562091503
Non-core,1.1111111111111112
