status,intersection
Core,1.4989293361884368
Non-core,0.2898550724637681
