status,intersection
Core,6.2809917355371905
Non-core,3.9045553145336225
