status,intersection
Core,4.597701149425287
Non-core,1.7543859649122806
