status,intersection
Core,9.236947791164658
Non-core,3.8043478260869565
