status,intersection
Core,2.8846153846153846
Non-core,1.36986301369863
