status,intersection
Core,6.306306306306307
Non-core,3.7037037037037037
