status,intersection
Core,1.639344262295082
Non-core,1.2345679012345678
