status,intersection
Core,1.639344262295082
Non-core,3.0303030303030303
