status,intersection
Core,0.9541984732824428
Non-core,0.2770083102493075
