status,intersection
Core,2.9069767441860463
Non-core,1.7857142857142858
