status,intersection
Core,2.8368794326241136
Non-core,1.3888888888888888
