status,intersection
Core,5.691056910569106
Non-core,5.405405405405405
