status,intersection
Core,6.0606060606060606
Non-core,9.25925925925926
