status,intersection
Core,9.94475138121547
Non-core,8.620689655172415
