status,intersection
Core,6.097560975609756
Non-core,3.8461538461538463
