status,intersection
Core,0.6091370558375635
Non-core,0.1347708894878706
