status,intersection
Core,2.728613569321534
Non-core,1.5311004784688995
