status,intersection
Core,1.5015015015015014
Non-core,1.556420233463035
