status,intersection
Core,1.2084592145015105
Non-core,0.3952569169960474
