status,intersection
Core,4.5822102425876015
Non-core,3.5335689045936394
