status,intersection
Core,5.167958656330749
Non-core,4.4673539518900345
