status,intersection
Core,6.845965770171149
Non-core,5.047318611987381
