status,intersection
Core,6.971153846153846
Non-core,4.416403785488959
