status,intersection
Core,8.089887640449438
Non-core,7.807807807807808
