status,intersection
Core,12.112259970457902
Non-core,10.978043912175648
