status,intersection
Core,1.2012012012012012
Non-core,1.556420233463035
