status,intersection
Core,3.1884057971014492
Non-core,2.734375
