status,intersection
Core,3.735632183908046
Non-core,3.7037037037037037
