status,intersection
Core,3.0985915492957745
Non-core,2.573529411764706
