status,intersection
Core,6.266318537859008
Non-core,6.093189964157706
