status,intersection
Core,2.0114942528735633
Non-core,0.7604562737642585
