status,intersection
Core,5.10752688172043
Non-core,4.270462633451957
