status,intersection
Core,8.350730688935283
Non-core,7.670454545454546
