status,intersection
Core,0.9063444108761329
Non-core,0.7843137254901961
