status,intersection
Core,1.7543859649122806
Non-core,1.8867924528301887
