status,intersection
Core,4.2042042042042045
Non-core,3.1496062992125986
