status,intersection
Core,2.0527859237536656
Non-core,1.1673151750972763
