status,intersection
Core,11.440677966101696
Non-core,8.47953216374269
