status,intersection
Core,2.5714285714285716
Non-core,1.845018450184502
