status,intersection
Core,13.170731707317072
Non-core,9.120521172638437
