status,intersection
Core,5.665722379603399
Non-core,4.166666666666667
