status,intersection
Core,8.148148148148149
Non-core,5.033557046979865
