status,intersection
Core,1.4836795252225519
Non-core,1.5686274509803921
