status,intersection
Core,3.142857142857143
Non-core,3.2967032967032965
