status,intersection
Core,11.416490486257928
Non-core,9.01639344262295
