status,intersection
Core,1.1661807580174928
Non-core,1.4981273408239701
