status,intersection
Core,3.9473684210526314
Non-core,2.8368794326241136
