status,intersection
Core,10.020449897750511
Non-core,9.383378016085791
