status,intersection
Core,3.926701570680628
Non-core,3.8869257950530036
