status,intersection
Core,5.641025641025641
Non-core,3.5211267605633805
