status,intersection
Core,5.785123966942149
Non-core,2.5641025641025643
