status,intersection
Core,1.4577259475218658
Non-core,1.1235955056179776
