status,intersection
Core,0.3021148036253776
Non-core,0.39215686274509803
