status,intersection
Core,3.4582132564841497
Non-core,2.962962962962963
