status,intersection
Core,0.5970149253731343
Non-core,0.7722007722007722
