status,intersection
Core,5.32994923857868
Non-core,4.609929078014185
