status,intersection
Core,1.1594202898550725
Non-core,0.37735849056603776
