status,intersection
Core,0.9063444108761329
Non-core,1.1764705882352942
