status,intersection
Core,6.976744186046512
Non-core,6.624605678233438
