status,intersection
Core,1.1976047904191616
Non-core,1.550387596899225
