status,intersection
Core,4.822335025380711
Non-core,4.810996563573883
