status,intersection
Core,1.1869436201780414
Non-core,1.5384615384615385
