status,intersection
Core,6.571428571428571
Non-core,4.182509505703422
