status,intersection
Core,3.601108033240997
Non-core,3.5460992907801416
