status,intersection
Core,10.060362173038229
Non-core,7.532467532467533
