status,intersection
Core,6.11353711790393
Non-core,5.3097345132743365
