status,intersection
Core,6.762295081967213
Non-core,4.651162790697675
