status,intersection
Core,4.634146341463414
Non-core,3.8461538461538463
