status,intersection
Core,8.108108108108109
Non-core,5.980066445182724
