status,intersection
Core,2.1021021021021022
Non-core,1.1811023622047243
