status,intersection
Core,6.753812636165577
Non-core,5.7926829268292686
