status,intersection
Core,1.791044776119403
Non-core,1.5444015444015444
