status,intersection
Core,13.390928725701944
Non-core,10.355029585798816
