status,intersection
Core,6.46900269541779
Non-core,5.0359712230215825
