status,intersection
Core,8.215297450424929
Non-core,5.090909090909091
