status,intersection
Core,1.7964071856287425
Non-core,1.550387596899225
