status,intersection
Core,3.053435114503817
Non-core,1.9736842105263157
