status,intersection
Core,1.4492753623188406
Non-core,1.1450381679389312
