status,intersection
Core,11.596385542168674
Non-core,8.187134502923977
