status,intersection
Core,8.346456692913385
Non-core,7.484407484407485
