status,intersection
Core,5.585106382978723
Non-core,4.2105263157894735
