status,intersection
Core,2.046783625730994
Non-core,1.8796992481203008
