status,intersection
Core,4.973821989528796
Non-core,4.577464788732394
