status,intersection
Core,3.5616438356164384
Non-core,3.345724907063197
