status,intersection
Core,9.498207885304659
Non-core,6.698564593301436
