status,intersection
Core,1.7647058823529411
Non-core,1.5151515151515151
