status,intersection
Core,12.31638418079096
Non-core,9.298780487804878
