status,intersection
Core,11.253196930946292
Non-core,7.534246575342466
