status,intersection
Core,11.520428667113196
Non-core,8.898305084745763
