status,intersection
Core,3.0303030303030303
Non-core,1.5748031496062993
