status,intersection
Core,5.072463768115942
Non-core,4.3343653250774
