status,intersection
Core,2.366863905325444
Non-core,2.6717557251908395
