status,intersection
Core,4.696132596685083
Non-core,3.6231884057971016
