status,intersection
Core,6.295399515738499
Non-core,3.8585209003215435
