status,intersection
Core,6.205250596658711
Non-core,3.9087947882736156
