status,intersection
Core,11.349693251533742
Non-core,9.574468085106384
