status,intersection
Core,5.381165919282512
Non-core,3.6923076923076925
