status,intersection
Core,6.188118811881188
Non-core,4.666666666666667
