status,intersection
Core,6.521739130434782
Non-core,5.434782608695652
