status,intersection
Core,0.3003003003003003
Non-core,0.38910505836575876
