status,intersection
Core,2.3323615160349855
Non-core,1.5267175572519085
