status,intersection
Core,10.114942528735632
Non-core,6.472491909385114
