status,intersection
Core,6.181015452538631
Non-core,4.3604651162790695
