status,intersection
Core,1.7595307917888563
Non-core,1.8867924528301887
