status,intersection
Core,9.25925925925926
Non-core,7.586206896551724
