status,intersection
Core,3.8147138964577656
Non-core,3.8062283737024223
