status,intersection
Core,4.221635883905013
Non-core,4.37956204379562
