status,intersection
Core,8.349146110056926
Non-core,8.527131782945736
