status,intersection
Core,7.090464547677262
Non-core,5.369127516778524
