status,intersection
Core,0.8875739644970414
Non-core,1.1673151750972763
