status,intersection
Core,8.993576017130621
Non-core,8.529411764705882
