status,intersection
Core,6.887052341597796
Non-core,5.535055350553505
