status,intersection
Core,10.456553755522828
Non-core,8.25147347740668
