status,intersection
Core,10.122699386503067
Non-core,7.009345794392523
