status,intersection
Core,1.9774011299435028
Non-core,1.845018450184502
