status,intersection
Core,1.0666666666666667
Non-core,1.0344827586206897
