status,intersection
Core,6.45933014354067
Non-core,5.660377358490566
