status,intersection
Core,1.5105740181268883
Non-core,1.5686274509803921
