status,intersection
Core,5.679012345679013
Non-core,5.6105610561056105
