status,intersection
Core,2.9673590504451037
Non-core,1.976284584980237
