status,intersection
Core,5.507246376811594
Non-core,2.681992337164751
