status,intersection
Core,10.018214936247723
Non-core,7.48792270531401
