status,intersection
Core,11.17861482381531
Non-core,8.65533230293663
