status,intersection
Core,4.477611940298507
Non-core,2.7559055118110236
