status,intersection
Core,6.07661822985469
Non-core,5.059021922428331
