status,intersection
Core,8.633093525179856
Non-core,6.451612903225806
