status,intersection
Core,4.213483146067416
Non-core,4.301075268817204
