status,intersection
Core,2.694610778443114
Non-core,1.9841269841269842
