status,intersection
Core,7.297830374753452
Non-core,4.534005037783375
