status,intersection
Core,9.368191721132897
Non-core,7.2727272727272725
