status,intersection
Core,12.231759656652361
Non-core,7.7844311377245505
