status,intersection
Core,9.268292682926829
Non-core,6.862745098039215
