status,intersection
Core,4.702970297029703
Non-core,2.960526315789474
