status,intersection
Core,3.485254691689008
Non-core,2.867383512544803
