status,intersection
Core,8.36734693877551
Non-core,6.3535911602209945
