status,intersection
Core,2.0527859237536656
Non-core,1.509433962264151
