status,intersection
Core,9.401709401709402
Non-core,6.542056074766355
