status,intersection
Core,1.1869436201780414
Non-core,1.1764705882352942
