status,intersection
Core,0.8797653958944281
Non-core,1.1627906976744187
