status,intersection
Core,12.317518248175183
Non-core,8.944954128440367
