status,intersection
Core,5.347593582887701
Non-core,5.017921146953405
