status,intersection
Core,2.191780821917808
Non-core,1.4492753623188406
