status,intersection
Core,3.287671232876712
Non-core,2.7777777777777777
