status,intersection
Core,1.9662921348314606
Non-core,1.550387596899225
