status,intersection
Core,5.141388174807198
Non-core,4.878048780487805
