status,intersection
Core,4.134366925064599
Non-core,3.3444816053511706
