status,intersection
Core,3.0555555555555554
Non-core,3.1802120141342756
