status,intersection
Core,5.978260869565218
Non-core,4.029304029304029
