status,intersection
Core,4.976303317535545
Non-core,4.658385093167702
