status,intersection
Core,1.492537313432836
Non-core,1.5444015444015444
