status,intersection
Core,5.614973262032086
Non-core,4.301075268817204
