status,intersection
Core,3.601108033240997
Non-core,2.9411764705882355
