status,intersection
Core,1.7964071856287425
Non-core,1.976284584980237
