status,intersection
Core,1.5015015015015014
Non-core,0.3937007874015748
