status,intersection
Core,9.57943925233645
Non-core,7.741935483870968
