status,intersection
Core,2.0710059171597632
Non-core,2.2900763358778624
