status,intersection
Core,9.854014598540147
Non-core,8.12807881773399
