status,intersection
Core,8.121827411167512
Non-core,7.560137457044673
