status,intersection
Core,13.291139240506329
Non-core,10.626702997275205
