status,intersection
Core,3.081232492997199
Non-core,2.8776978417266186
