status,intersection
Core,3.794037940379404
Non-core,3.7800687285223367
