status,intersection
Core,5.3977272727272725
Non-core,2.2813688212927756
