status,intersection
Core,9.155645981688709
Non-core,7.446808510638298
