status,intersection
Core,1.5915119363395225
Non-core,1.0452961672473868
