status,intersection
Core,6.550218340611353
Non-core,6.764705882352941
