status,intersection
Core,9.767441860465116
Non-core,6.514657980456026
