status,intersection
Core,3.464203233256351
Non-core,2.719033232628399
