status,intersection
Core,2.8328611898016995
Non-core,2.5925925925925926
