status,intersection
Core,4.404145077720207
Non-core,3.4364261168384878
