status,intersection
Core,1.9656019656019657
Non-core,1.9047619047619047
