status,intersection
Core,12.050739957716702
Non-core,8.504398826979472
