status,intersection
Core,1.7543859649122806
Non-core,1.8796992481203008
