status,intersection
Core,3.4285714285714284
Non-core,2.93040293040293
