status,intersection
Core,2.881844380403458
Non-core,2.952029520295203
