status,intersection
Core,9.850107066381156
Non-core,8.630952380952381
