status,intersection
Core,12.064343163538874
Non-core,7.720588235294118
