status,intersection
Core,9.256844850065189
Non-core,7.205623901581722
