status,intersection
Core,4.282115869017632
Non-core,2.356902356902357
