status,intersection
Core,4.972375690607735
Non-core,3.6496350364963503
