status,intersection
Core,13.011152416356877
Non-core,8.80503144654088
