status,intersection
Core,9.54356846473029
Non-core,8.16326530612245
