status,intersection
Core,5.47945205479452
Non-core,5.194805194805195
