status,intersection
Core,8.227848101265822
Non-core,5.434782608695652
