status,intersection
Core,12.727272727272727
Non-core,9.448818897637794
