status,intersection
Core,1.7994858611825193
Non-core,1.3071895424836601
