status,intersection
Core,4.848484848484849
Non-core,7.317073170731708
