status,intersection
Core,8.962264150943396
Non-core,7.317073170731708
