status,intersection
Core,3.9682539682539684
Non-core,4.109589041095891
