status,intersection
Core,11.176470588235293
Non-core,7.920792079207921
