status,intersection
Core,7.560137457044673
Non-core,6.435643564356436
