status,intersection
Core,3.5714285714285716
Non-core,4.854368932038835
