status,intersection
Core,3.787878787878788
Non-core,2.5641025641025643
