status,intersection
Core,8.51063829787234
Non-core,8.49056603773585
