status,intersection
Core,3.056768558951965
Non-core,3.225806451612903
