status,intersection
Core,4.827586206896552
Non-core,3.0303030303030303
