status,intersection
Core,1.694915254237288
Non-core,1.2048192771084338
