status,intersection
Core,8.284023668639053
Non-core,7.964601769911504
