status,intersection
Core,6.907894736842105
Non-core,5.365853658536586
