status,intersection
Core,7.092198581560283
Non-core,7.228915662650603
