status,intersection
Core,5.326876513317191
Non-core,3.4539473684210527
