status,intersection
Core,11.398963730569948
Non-core,10.434782608695652
