status,intersection
Core,8.641975308641975
Non-core,5.283018867924528
