status,intersection
Core,6.2015503875969
Non-core,5.405405405405405
