status,intersection
Core,8.64864864864865
Non-core,6.481481481481482
