status,intersection
Core,6.528925619834711
Non-core,4.086845466155811
