status,intersection
Core,3.4285714285714284
Non-core,4.587155963302752
