status,intersection
Core,8.064516129032258
Non-core,5.970149253731344
