status,intersection
Core,3.5502958579881656
Non-core,4.716981132075472
