status,intersection
Core,14.351851851851851
Non-core,11.475409836065573
