status,intersection
Core,10.789473684210526
Non-core,7.755102040816326
