status,intersection
Core,11.03448275862069
Non-core,7.425742574257426
