status,intersection
Core,1.8404907975460123
Non-core,1.8691588785046729
