status,intersection
Core,17.441860465116278
Non-core,15.789473684210526
