status,intersection
Core,4.191616766467066
Non-core,4.901960784313726
