status,intersection
Core,2.8846153846153846
Non-core,3.389830508474576
