status,intersection
Core,10.978520286396181
Non-core,7.299270072992701
