status,intersection
Core,10.582010582010582
Non-core,7.339449541284404
