status,intersection
Core,12.865497076023392
Non-core,8.080808080808081
