status,intersection
Core,13.736263736263735
Non-core,10.784313725490197
