status,intersection
Core,3.4965034965034967
Non-core,4.878048780487805
