status,intersection
Core,2.2058823529411766
Non-core,3.7037037037037037
