status,intersection
Core,12.42603550295858
Non-core,13.636363636363637
