status,intersection
Core,1.8867924528301887
Non-core,1.4285714285714286
