status,intersection
Core,4.983388704318937
Non-core,4.390243902439025
