status,intersection
Core,2.830188679245283
Non-core,5.454545454545454
