status,intersection
Core,9.35672514619883
Non-core,11.956521739130435
