status,intersection
Core,14.153846153846153
Non-core,9.523809523809524
