status,intersection
Core,12.944983818770227
Non-core,10.447761194029852
