status,intersection
Core,3.9735099337748343
Non-core,5.555555555555555
