status,intersection
Core,1.7391304347826086
Non-core,1.4285714285714286
