status,intersection
Core,11.26126126126126
Non-core,8.450704225352112
