status,intersection
Core,0.970873786407767
Non-core,1.7241379310344827
