status,intersection
Core,9.701492537313433
Non-core,8.771929824561404
