status,intersection
Core,8.855291576673865
Non-core,5.666666666666667
