status,intersection
Core,15.384615384615385
Non-core,7.518796992481203
