status,intersection
Core,3.870967741935484
Non-core,4.545454545454546
