status,intersection
Core,2.803738317757009
Non-core,1.6129032258064515
