status,intersection
Core,7.28476821192053
Non-core,3.7974683544303796
