status,intersection
Core,5.147058823529412
Non-core,3.3333333333333335
