status,intersection
Core,8.717948717948717
Non-core,5.833333333333333
