status,intersection
Core,5.691056910569106
Non-core,3.896103896103896
