status,intersection
Core,2.510460251046025
Non-core,1.8867924528301887
