status,intersection
Core,7.027027027027027
Non-core,6.481481481481482
