status,intersection
Core,13.286713286713287
Non-core,4.054054054054054
