status,intersection
Core,4.838709677419355
Non-core,4.054054054054054
