status,intersection
Core,6.273062730627307
Non-core,4.678362573099415
