status,intersection
Core,4.724409448818897
Non-core,2.9411764705882355
