status,intersection
Core,4.117647058823529
Non-core,1.1494252873563218
