status,intersection
Core,3.875968992248062
Non-core,1.1904761904761905
