status,intersection
Core,7.804878048780488
Non-core,6.923076923076923
