status,intersection
Core,13.425925925925926
Non-core,10.743801652892563
