status,intersection
Core,5.384615384615385
Non-core,3.6144578313253013
