status,intersection
Core,10.828025477707007
Non-core,6.763285024154589
