status,intersection
Core,11.374407582938389
Non-core,8.771929824561404
