status,intersection
Core,7.4766355140186915
Non-core,4.901960784313726
