status,intersection
Core,2.6315789473684212
Non-core,2.8846153846153846
