status,intersection
Core,2.830188679245283
Non-core,3.278688524590164
