status,intersection
Core,9.659090909090908
Non-core,9.803921568627452
