status,intersection
Core,8.670520231213873
Non-core,12.631578947368421
