status,intersection
Core,12.29050279329609
Non-core,8.482142857142858
