status,intersection
Core,8.59106529209622
Non-core,7.6923076923076925
