status,intersection
Core,8.73015873015873
Non-core,11.11111111111111
