status,intersection
Core,4.646840148698884
Non-core,3.5353535353535355
