status,intersection
Core,5.136986301369863
Non-core,2.3121387283236996
