status,intersection
Core,5.673758865248227
Non-core,4.166666666666667
