status,intersection
Core,7.051282051282051
Non-core,7.865168539325842
