status,intersection
Core,3.9682539682539684
Non-core,3.3333333333333335
