status,intersection
Core,10.897435897435898
Non-core,10.714285714285714
