status,intersection
Core,5.2631578947368425
Non-core,4.411764705882353
