status,intersection
Core,4.266666666666667
Non-core,1.098901098901099
