status,intersection
Core,3.2432432432432434
Non-core,2.5210084033613445
