status,intersection
Core,10.256410256410257
Non-core,15.789473684210526
