status,intersection
Core,4.301075268817204
Non-core,4.545454545454546
