status,intersection
Core,14.383561643835616
Non-core,5.617977528089888
