status,intersection
Core,6.521739130434782
Non-core,11.764705882352942
