status,intersection
Core,5.058365758754864
Non-core,3.1055900621118013
