status,intersection
Core,4.782608695652174
Non-core,3.0864197530864197
