status,intersection
Core,0.819672131147541
Non-core,1.2345679012345678
