status,intersection
Core,12.977099236641221
Non-core,7.246376811594203
