status,intersection
Core,2.1026072329688814
Non-core,0.783289817232376
