status,intersection
Core,2.0134228187919465
Non-core,0.6750241080038573
