status,intersection
Core,2.100840336134454
Non-core,1.146131805157593
