status,intersection
Core,6.043956043956044
Non-core,2.9702970297029703
