status,intersection
Core,8.547008547008547
Non-core,6.349206349206349
