status,intersection
Core,8.108108108108109
Non-core,11.764705882352942
