status,intersection
Core,4.724409448818897
Non-core,2.857142857142857
