status,intersection
Core,5.970149253731344
Non-core,5.405405405405405
