status,intersection
Core,4.25531914893617
Non-core,2.586206896551724
