status,intersection
Core,3.4124629080118694
Non-core,1.2765957446808511
