status,intersection
Core,3.7815126050420167
Non-core,2.3529411764705883
