status,intersection
Core,2.9411764705882355
Non-core,1.8315018315018314
