status,intersection
Core,3.3734939759036147
Non-core,1.4814814814814814
