status,intersection
Core,6.60377358490566
Non-core,4.918032786885246
