status,intersection
Core,2.89532293986637
Non-core,1.6129032258064515
