status,intersection
Core,6.153846153846154
Non-core,7.142857142857143
