status,intersection
Core,6.015037593984962
Non-core,2.816901408450704
