status,intersection
Core,13.114754098360656
Non-core,14.285714285714286
