status,intersection
Core,7.653061224489796
Non-core,4.273504273504273
