status,intersection
Core,6.7164179104477615
Non-core,2.6315789473684212
