status,intersection
Core,1.142390860873113
Non-core,0.43816942551119764
