status,intersection
Core,13.513513513513514
Non-core,14.285714285714286
