status,intersection
Core,5.778894472361809
Non-core,2.358490566037736
