status,intersection
Core,2.793296089385475
Non-core,0.8547008547008547
