status,intersection
Core,3.255813953488372
Non-core,0.7299270072992701
