status,intersection
Core,2.848101265822785
Non-core,1.4851485148514851
