status,intersection
Core,9.433962264150944
Non-core,9.090909090909092
