status,intersection
Core,2.3178807947019866
Non-core,1.3157894736842106
