status,intersection
Core,2.7522935779816513
Non-core,1.694915254237288
