status,intersection
Core,4.602510460251046
Non-core,2.366863905325444
