status,intersection
Core,13.095238095238095
Non-core,12.820512820512821
