status,intersection
Core,3.3994334277620397
Non-core,2.1645021645021645
