status,intersection
Core,4.411764705882353
Non-core,1.2345679012345678
