status,intersection
Core,2.845528455284553
Non-core,0.7915567282321899
