status,intersection
Core,6.842105263157895
Non-core,4.8076923076923075
