status,intersection
Core,5.027932960893855
Non-core,1.9607843137254901
