status,intersection
Core,2.2099447513812156
Non-core,1.6260162601626016
