status,intersection
Core,1.1173184357541899
Non-core,1.694915254237288
