status,intersection
Core,1.408450704225352
Non-core,2.0547945205479454
