status,intersection
Core,4.66321243523316
Non-core,6.779661016949152
