status,intersection
Core,0.5882352941176471
Non-core,0.8849557522123894
