status,intersection
Core,2.4630541871921183
Non-core,2.0689655172413794
