status,intersection
Core,5.316973415132924
Non-core,4.891304347826087
