status,intersection
Core,3.2967032967032965
Non-core,2.4193548387096775
