status,intersection
Core,2.3121387283236996
Non-core,3.6363636363636362
