status,intersection
Core,2.3121387283236996
Non-core,3.4782608695652173
