status,intersection
Core,2.6315789473684212
Non-core,3.053435114503817
