status,intersection
Core,0.5617977528089888
Non-core,0.8264462809917356
