status,intersection
Core,9.333333333333334
Non-core,10.56338028169014
