status,intersection
Core,4.060913705583756
Non-core,3.6496350364963503
