status,intersection
Core,5.381165919282512
Non-core,4.9079754601226995
