status,intersection
Core,4.166666666666667
Non-core,3.7593984962406015
