status,intersection
Core,4.975124378109452
Non-core,4.25531914893617
