status,intersection
Core,4.149377593360996
Non-core,5.2631578947368425
