status,intersection
Core,3.932584269662921
Non-core,2.608695652173913
