status,intersection
Core,2.0100502512562812
Non-core,2.158273381294964
