status,intersection
Core,1.6042780748663101
Non-core,1.550387596899225
