status,intersection
Core,5.092592592592593
Non-core,3.816793893129771
