status,intersection
Core,3.045685279187817
Non-core,2.898550724637681
