status,intersection
Core,4.97737556561086
Non-core,5.0359712230215825
