status,intersection
Core,4.741379310344827
Non-core,1.7751479289940828
