status,intersection
Core,3.061224489795918
Non-core,3.508771929824561
