status,intersection
Core,1.9027484143763214
Non-core,1.1527377521613833
