status,intersection
Core,5.384615384615385
Non-core,2.9411764705882355
