status,intersection
Core,5.194805194805195
Non-core,10.256410256410257
