status,intersection
Core,11.320754716981131
Non-core,14.516129032258064
