status,intersection
Core,9.489051094890511
Non-core,11.688311688311689
