status,intersection
Core,8.695652173913043
Non-core,8.910891089108912
