status,intersection
Core,4.819277108433735
Non-core,5.882352941176471
