status,intersection
Core,9.821428571428571
Non-core,12.121212121212121
