status,intersection
Core,8.849557522123893
Non-core,4.838709677419355
