status,intersection
Core,8.474576271186441
Non-core,17.391304347826086
