status,intersection
Core,1.5636634400595681
Non-core,0.6763285024154589
