status,intersection
Core,3.6458333333333335
Non-core,0.9433962264150944
