status,intersection
Core,2.7303754266211606
Non-core,1.6304347826086956
