status,intersection
Core,3.4482758620689653
Non-core,2.7777777777777777
