status,intersection
Core,3.389830508474576
Non-core,3.4482758620689653
