status,intersection
Core,1.6709511568123394
Non-core,0.8635578583765112
