status,intersection
Core,5.813953488372093
Non-core,8.333333333333334
