status,intersection
Core,4.324324324324325
Non-core,2.4691358024691357
