status,intersection
Core,2.272727272727273
Non-core,1.7543859649122806
