status,intersection
Core,3.401360544217687
Non-core,1.1627906976744187
