status,intersection
Core,8.484848484848484
Non-core,5.376344086021505
