status,intersection
Core,1.1363636363636365
Non-core,1.8181818181818181
