status,intersection
Core,1.8237082066869301
Non-core,1.5325670498084292
