status,intersection
Core,2.4096385542168677
Non-core,2.3255813953488373
