status,intersection
Core,2.460850111856823
Non-core,1.2944983818770226
