status,intersection
Core,2.658486707566462
Non-core,1.3888888888888888
