status,intersection
Core,7.228915662650603
Non-core,5.128205128205129
