status,intersection
Core,4.201680672268908
Non-core,4.166666666666667
