status,intersection
Core,12.121212121212121
Non-core,17.647058823529413
