status,intersection
Core,11.864406779661017
Non-core,14.705882352941176
