status,intersection
Core,4.724409448818897
Non-core,4.49438202247191
