status,intersection
Core,17.307692307692307
Non-core,21.05263157894737
