status,intersection
Core,2.5974025974025974
Non-core,2.2222222222222223
