status,intersection
Core,8.235294117647058
Non-core,4.166666666666667
