status,intersection
Core,3.5714285714285716
Non-core,3.5335689045936394
