status,intersection
Core,1.744186046511628
Non-core,0.9174311926605505
