status,intersection
Core,2.185792349726776
Non-core,2.5641025641025643
