status,intersection
Core,27.906976744186046
Non-core,22.22222222222222
