status,intersection
Core,1.4388489208633093
Non-core,1.098901098901099
