status,intersection
Core,5.084745762711864
Non-core,2.6315789473684212
