status,intersection
Core,9.210526315789474
Non-core,4.705882352941177
