status,intersection
Core,4.724409448818897
Non-core,3.1446540880503147
