status,intersection
Core,6.8807339449541285
Non-core,7.352941176470588
