status,intersection
Core,14.705882352941176
Non-core,16.666666666666668
