status,intersection
Core,4.371584699453552
Non-core,2.608695652173913
