status,intersection
Core,7.070707070707071
Non-core,12.244897959183673
