status,intersection
Core,2.7027027027027026
Non-core,4.444444444444445
