status,intersection
Core,4.201680672268908
Non-core,3.5714285714285716
