status,intersection
Core,3.287671232876712
Non-core,1.7730496453900708
