status,intersection
Core,2.4154589371980677
Non-core,0.8264462809917356
