status,intersection
Core,1.1976047904191616
Non-core,1.075268817204301
