status,intersection
Core,11.34020618556701
Non-core,12.962962962962964
