status,intersection
Core,12.222222222222221
Non-core,10.416666666666666
