status,intersection
Core,7.027027027027027
Non-core,7.894736842105263
