status,intersection
Core,14.893617021276595
Non-core,14.285714285714286
