status,intersection
Core,3.794642857142857
Non-core,2.5806451612903225
