status,intersection
Core,10.218978102189782
Non-core,5.681818181818182
