status,intersection
Core,11.627906976744185
Non-core,13.513513513513514
