status,intersection
Core,7.017543859649122
Non-core,11.11111111111111
