status,intersection
Core,8.11965811965812
Non-core,6.666666666666667
