status,intersection
Core,14.634146341463415
Non-core,15.151515151515152
