status,intersection
Core,11.44578313253012
Non-core,8.333333333333334
