status,intersection
Core,8.040201005025125
Non-core,8.264462809917354
