status,intersection
Core,9.166666666666666
Non-core,8.955223880597014
