status,intersection
Core,12.389380530973451
Non-core,15.517241379310345
