status,intersection
Core,11.851851851851851
Non-core,11.594202898550725
