status,intersection
Core,8.287292817679559
Non-core,3.883495145631068
