status,intersection
Core,16.176470588235293
Non-core,16.129032258064516
