status,intersection
Core,16.867469879518072
Non-core,22.22222222222222
