status,intersection
Core,4.632152588555858
Non-core,3.9145907473309607
