status,intersection
Core,4.545454545454546
Non-core,4.366812227074236
