status,intersection
Core,7.339449541284404
Non-core,6.153846153846154
