status,intersection
Core,29.166666666666668
Non-core,28.571428571428573
