status,intersection
Core,12.941176470588236
Non-core,9.523809523809524
