status,intersection
Core,7.964601769911504
Non-core,6.918238993710692
