status,intersection
Core,9.67741935483871
Non-core,16.666666666666668
