status,intersection
Core,2.3134328358208953
Non-core,1.2572533849129595
