status,intersection
Core,4.08997955010225
Non-core,3.064066852367688
