status,intersection
Core,4.511278195488722
Non-core,3.896103896103896
