status,intersection
Core,12.068965517241379
Non-core,15.151515151515152
