status,intersection
Core,13.25301204819277
Non-core,7.8431372549019605
