status,intersection
Core,5.438066465256798
Non-core,4.672897196261682
