status,intersection
Core,9.25925925925926
Non-core,16.666666666666668
