status,intersection
Core,7.207207207207207
Non-core,9.836065573770492
