status,intersection
Core,6.134969325153374
Non-core,7.017543859649122
