status,intersection
Core,20.634920634920636
Non-core,27.586206896551722
