status,intersection
Core,4.705882352941177
Non-core,1.8867924528301887
