status,intersection
Core,8.962264150943396
Non-core,6.299212598425197
