status,intersection
Core,5.9523809523809526
Non-core,6.666666666666667
