status,intersection
Core,8.764940239043824
Non-core,6.962025316455696
