status,intersection
Core,10.476190476190476
Non-core,9.01639344262295
