status,intersection
Core,4.600484261501211
Non-core,4.528301886792453
