status,intersection
Core,13.071895424836601
Non-core,10.588235294117647
