status,intersection
Core,9.782608695652174
Non-core,17.073170731707318
