status,intersection
Core,17.77777777777778
Non-core,33.333333333333336
