status,intersection
Core,2.527379949452401
Non-core,1.4397905759162304
