status,intersection
Core,5.882352941176471
Non-core,5.769230769230769
