status,intersection
Core,15.730337078651685
Non-core,21.428571428571427
