status,intersection
Core,12.068965517241379
Non-core,7.6923076923076925
