status,intersection
Core,9.58904109589041
Non-core,8.108108108108109
