status,intersection
Core,15.306122448979592
Non-core,11.764705882352942
