status,intersection
Core,9.411764705882353
Non-core,8.080808080808081
