status,intersection
Core,6.918238993710692
Non-core,8.421052631578947
