status,intersection
Core,16.9811320754717
Non-core,8.620689655172415
