status,intersection
Core,13.186813186813186
Non-core,14.285714285714286
