status,intersection
Core,21.53846153846154
Non-core,20.634920634920636
