status,intersection
Core,6.361323155216285
Non-core,4.682274247491639
