status,intersection
Core,1.408450704225352
Non-core,2.6315789473684212
