status,intersection
Core,4.724409448818897
Non-core,4.651162790697675
