status,intersection
Core,4.109589041095891
Non-core,4.2105263157894735
