status,intersection
Core,12.068965517241379
Non-core,16.129032258064516
