status,intersection
Core,4.49438202247191
Non-core,5.882352941176471
