status,intersection
Core,5.475040257648954
Non-core,2.9661016949152543
