status,intersection
Core,6.363636363636363
Non-core,7.246376811594203
