status,intersection
Core,6.8493150684931505
Non-core,2.7027027027027026
