status,intersection
Core,9.420289855072463
Non-core,12.67605633802817
