status,intersection
Core,3.225806451612903
Non-core,6.122448979591836
