status,intersection
Core,6.4935064935064934
Non-core,2.6315789473684212
