status,intersection
Core,4.123711340206185
Non-core,1.7241379310344827
