status,intersection
Core,6.289308176100629
Non-core,7.608695652173913
