status,intersection
Core,3.669724770642202
Non-core,4.285714285714286
