status,intersection
Core,8.4070796460177
Non-core,7.189542483660131
