status,intersection
Core,5.217391304347826
Non-core,5.063291139240507
