status,intersection
Core,2.6315789473684212
Non-core,3.9473684210526314
