status,intersection
Core,7.246376811594203
Non-core,8.51063829787234
