status,intersection
Core,3.0927835051546393
Non-core,1.694915254237288
