status,intersection
Core,4.13625304136253
Non-core,2.73972602739726
