status,intersection
Core,5.46448087431694
Non-core,3.669724770642202
