status,intersection
Core,5.4945054945054945
Non-core,10.638297872340425
