status,intersection
Core,6.719367588932807
Non-core,6.451612903225806
