status,intersection
Core,10.878661087866108
Non-core,7.586206896551724
