status,intersection
Core,8.823529411764707
Non-core,5.194805194805195
