status,intersection
Core,5.341614906832298
Non-core,3.672787979966611
