status,intersection
Core,12.745098039215685
Non-core,14.814814814814815
