status,intersection
Core,9.6045197740113
Non-core,6.930693069306931
