status,intersection
Core,9.937888198757763
Non-core,11.235955056179776
