status,intersection
Core,8.547008547008547
Non-core,10.38961038961039
