status,intersection
Core,6.081081081081081
Non-core,3.896103896103896
