status,intersection
Core,12.162162162162161
Non-core,12.941176470588236
