status,intersection
Core,7.079646017699115
Non-core,8.219178082191782
