status,intersection
Core,8.73015873015873
Non-core,9.090909090909092
