status,intersection
Core,14.814814814814815
Non-core,12.987012987012987
