status,intersection
Core,5.447470817120623
Non-core,4.3478260869565215
