status,intersection
Core,3.997039230199852
Non-core,2.3969319271332696
