status,intersection
Core,17.613636363636363
Non-core,12.745098039215685
