status,intersection
Core,4.123711340206185
Non-core,5.084745762711864
