status,intersection
Core,5.967078189300412
Non-core,4.477611940298507
