status,intersection
Core,7.947019867549669
Non-core,5.4945054945054945
