status,intersection
Core,8.305647840531561
Non-core,4.926108374384237
