status,intersection
Core,15.384615384615385
Non-core,14.457831325301205
