status,intersection
Core,5.2631578947368425
Non-core,5.063291139240507
