status,intersection
Core,7.616707616707616
Non-core,4.682274247491639
