status,intersection
Core,10.99476439790576
Non-core,8.910891089108912
