status,intersection
Core,9.917355371900827
Non-core,8.571428571428571
