status,intersection
Core,10.181818181818182
Non-core,7.772020725388601
