status,intersection
Core,8.035714285714286
Non-core,12.280701754385966
