status,intersection
Core,2.0202020202020203
Non-core,1.639344262295082
