status,intersection
Core,7.818930041152264
Non-core,3.0864197530864197
