status,intersection
Core,4.848484848484849
Non-core,2.0202020202020203
