status,intersection
Core,5.185185185185185
Non-core,4.938271604938271
