status,intersection
Core,9.23076923076923
Non-core,7.894736842105263
