status,intersection
Core,4.809619238476954
Non-core,3.5714285714285716
