status,intersection
Core,14.606741573033707
Non-core,10.81081081081081
