status,intersection
Core,5.4945054945054945
Non-core,7.547169811320755
