status,intersection
Core,10.784313725490197
Non-core,12.727272727272727
