status,intersection
Core,5.376344086021505
Non-core,3.7267080745341614
