status,intersection
Core,4.710743801652892
Non-core,2.933673469387755
