status,intersection
Core,5.0761421319796955
Non-core,5.925925925925926
