status,intersection
Core,3.9473684210526314
Non-core,2.7027027027027026
