status,intersection
Core,9.00900900900901
Non-core,11.475409836065573
