status,intersection
Core,11.636363636363637
Non-core,8.571428571428571
