status,intersection
Core,11.029411764705882
Non-core,8.974358974358974
