status,intersection
Core,4.74934036939314
Non-core,2.255639097744361
