status,intersection
Core,8.974358974358974
Non-core,9.090909090909092
