status,intersection
Core,5.436893203883495
Non-core,3.713527851458886
