status,intersection
Core,6.382978723404255
Non-core,10.95890410958904
