status,intersection
Core,3.7735849056603774
Non-core,6.349206349206349
