status,intersection
Core,12.056737588652481
Non-core,12.048192771084338
