status,intersection
Core,6.343283582089552
Non-core,4.320987654320987
