status,intersection
Core,9.50413223140496
Non-core,8.666666666666666
