status,intersection
Core,9.541984732824428
Non-core,5.913978494623656
