status,intersection
Core,6.3391442155309035
Non-core,3.9748953974895396
