status,intersection
Core,8.30945558739255
Non-core,6.666666666666667
