status,intersection
Core,12.149532710280374
Non-core,12.962962962962964
