status,intersection
Core,5.006418485237484
Non-core,2.763385146804836
