status,intersection
Core,7.281553398058253
Non-core,6.7669172932330826
