status,intersection
Core,5.217391304347826
Non-core,4.109589041095891
