status,intersection
Core,6.0606060606060606
Non-core,4.615384615384615
