status,intersection
Core,13.26530612244898
Non-core,11.538461538461538
