status,intersection
Core,15.596330275229358
Non-core,16.949152542372882
