status,intersection
Core,8.074534161490684
Non-core,5.9523809523809526
