status,intersection
Core,21.52777777777778
Non-core,18.29268292682927
