status,intersection
Core,7.17948717948718
Non-core,4.633204633204633
