status,intersection
Core,9.146341463414634
Non-core,6.161137440758294
