status,intersection
Core,14.482758620689655
Non-core,19.27710843373494
