status,intersection
Core,5.188679245283019
Non-core,6.206896551724138
