status,intersection
Core,4.9079754601226995
Non-core,4.25531914893617
