status,intersection
Core,9.019607843137255
Non-core,8.522727272727273
