status,intersection
Core,10.37037037037037
Non-core,5.9523809523809526
