status,intersection
Core,8.187134502923977
Non-core,9.174311926605505
