status,intersection
Core,7.453416149068323
Non-core,4.597701149425287
