status,intersection
Core,10.43956043956044
Non-core,5.932203389830509
