status,intersection
Core,5.172413793103448
Non-core,1.4705882352941178
