status,intersection
Core,4.697986577181208
Non-core,4.49438202247191
