status,intersection
Core,5.056179775280899
Non-core,4.032258064516129
