status,intersection
Core,4.225352112676056
Non-core,1.1764705882352942
