status,intersection
Core,10.69182389937107
Non-core,7.766990291262136
