status,intersection
Core,7.205240174672489
Non-core,4.396632366697848
