status,intersection
Core,12.014134275618375
Non-core,10.497237569060774
