status,intersection
Core,4.430379746835443
Non-core,6.451612903225806
