status,intersection
Core,8.808290155440414
Non-core,7.826086956521739
