status,intersection
Core,16.352201257861637
Non-core,13.592233009708737
