status,intersection
Core,5.769230769230769
Non-core,6.0606060606060606
