status,intersection
Core,6.7357512953367875
Non-core,2.6548672566371683
