status,intersection
Core,3.6363636363636362
Non-core,1.8018018018018018
