status,intersection
Core,2.8776978417266186
Non-core,1.1904761904761905
