status,intersection
Core,10.365853658536585
Non-core,6.0606060606060606
