status,intersection
Core,9.293680297397769
Non-core,5.555555555555555
