status,intersection
Core,9.174311926605505
Non-core,9.923664122137405
