status,intersection
Core,10.394265232974911
Non-core,7.738095238095238
