status,intersection
Core,6.382978723404255
Non-core,6.60377358490566
