status,intersection
Core,16.740088105726873
Non-core,11.678832116788321
