status,intersection
Core,9.815950920245399
Non-core,8.823529411764707
