status,intersection
Core,12.452830188679245
Non-core,7.975460122699387
