status,intersection
Core,9.731543624161073
Non-core,8.808290155440414
