status,intersection
Core,5.6521739130434785
Non-core,4.034582132564841
