status,intersection
Core,10.96774193548387
Non-core,8.602150537634408
