status,intersection
Core,6.229508196721311
Non-core,6.435643564356436
