status,intersection
Core,6.952662721893491
Non-core,5.118110236220472
