status,intersection
Core,9.714285714285714
Non-core,4.716981132075472
