status,intersection
Core,5.164319248826291
Non-core,5.839416058394161
