status,intersection
Core,8.791208791208792
Non-core,6.914893617021277
