status,intersection
Core,10.454545454545455
Non-core,8.870967741935484
