status,intersection
Core,4.848484848484849
Non-core,6.315789473684211
