status,intersection
Core,9.567901234567902
Non-core,8.4070796460177
