status,intersection
Core,12.435233160621761
Non-core,11.864406779661017
