status,intersection
Core,5.485232067510548
Non-core,5.732484076433121
