status,intersection
Core,11.386138613861386
Non-core,7.563025210084033
