status,intersection
Core,11.737089201877934
Non-core,10.218978102189782
