status,intersection
Core,4.733727810650888
Non-core,3.061224489795918
