status,intersection
Core,3.278688524590164
Non-core,0.9090909090909091
