status,intersection
Core,6.542056074766355
Non-core,7.352941176470588
