status,intersection
Core,5.202312138728324
Non-core,4.237288135593221
