status,intersection
Core,16.459627329192546
Non-core,14.423076923076923
