status,intersection
Core,14.492753623188406
Non-core,9.6045197740113
