status,intersection
Core,5.213270142180095
Non-core,3.9877300613496933
