status,intersection
Core,8.053691275167786
Non-core,10.227272727272727
