status,intersection
Core,6.666666666666667
Non-core,2.912621359223301
