status,intersection
Core,5.303030303030303
Non-core,4.3478260869565215
