status,intersection
Core,4.797047970479705
Non-core,4.545454545454546
