status,intersection
Core,3.3333333333333335
Non-core,2.0618556701030926
