status,intersection
Core,5.865921787709497
Non-core,5.02092050209205
