status,intersection
Core,7.849550286181521
Non-core,5.632040050062578
