status,intersection
Core,7.203389830508475
Non-core,5.882352941176471
