status,intersection
Core,19.576719576719576
Non-core,15.88785046728972
