status,intersection
Core,3.3783783783783785
Non-core,4.2105263157894735
