status,intersection
Core,5.319148936170213
Non-core,6.730769230769231
