status,intersection
Core,8.860759493670885
Non-core,9.05511811023622
