status,intersection
Core,4.1420118343195265
Non-core,1.7857142857142858
