status,intersection
Core,7.18562874251497
Non-core,7.017543859649122
