status,intersection
Core,8.717948717948717
Non-core,6.0344827586206895
