status,intersection
Core,13.197969543147208
Non-core,9.67741935483871
