status,intersection
Core,3.9548022598870056
Non-core,0.9174311926605505
