status,intersection
Core,6.859205776173285
Non-core,7.777777777777778
