status,intersection
Core,7.329842931937173
Non-core,7.142857142857143
