status,intersection
Core,12.273641851106639
Non-core,9.142857142857142
