status,intersection
Core,6.842105263157895
Non-core,7.079646017699115
