status,intersection
Core,2.9239766081871346
Non-core,1.9607843137254901
