status,intersection
Core,1.3986013986013985
Non-core,2.3255813953488373
