status,intersection
Core,8.709677419354838
Non-core,6.185567010309279
