status,intersection
Core,1.3605442176870748
Non-core,1.0638297872340425
