status,intersection
Core,7.005253940455342
Non-core,5.528846153846154
