status,intersection
Core,3.3112582781456954
Non-core,3.409090909090909
