status,intersection
Core,11.018711018711018
Non-core,9.841269841269842
