status,intersection
Core,9.333333333333334
Non-core,6.666666666666667
