status,intersection
Core,11.738148984198645
Non-core,7.666666666666667
