status,intersection
Core,4.242424242424242
Non-core,2.857142857142857
