status,intersection
Core,4.371584699453552
Non-core,3.10077519379845
