status,intersection
Core,7.142857142857143
Non-core,7.608695652173913
