status,intersection
Core,2.6595744680851063
Non-core,2.8368794326241136
