status,intersection
Core,2.18978102189781
Non-core,3.488372093023256
