status,intersection
Core,3.676470588235294
Non-core,3.9215686274509802
