status,intersection
Core,5.194805194805195
Non-core,3.3333333333333335
