status,intersection
Core,2.816901408450704
Non-core,3.8461538461538463
