status,intersection
Core,6.349206349206349
Non-core,4.3478260869565215
