status,intersection
Core,7.070707070707071
Non-core,4.938271604938271
