status,intersection
Core,10.06711409395973
Non-core,10.112359550561798
