status,intersection
Core,5.0359712230215825
Non-core,4.716981132075472
