status,intersection
Core,3.133903133903134
Non-core,2.4475524475524475
