status,intersection
Core,8.4070796460177
Non-core,8.609271523178808
