status,intersection
Core,3.1746031746031744
Non-core,4.444444444444445
