status,intersection
Core,4.285714285714286
Non-core,3.7735849056603774
