status,intersection
Core,12.258064516129032
Non-core,10.588235294117647
