status,intersection
Core,6.216216216216216
Non-core,3.4482758620689653
