status,intersection
Core,7.977736549165121
Non-core,4.615384615384615
