status,intersection
Core,15.079365079365079
Non-core,9.333333333333334
