status,intersection
Core,8.280254777070065
Non-core,8.13953488372093
