status,intersection
Core,12.162162162162161
Non-core,14.772727272727273
