status,intersection
Core,13.242009132420092
Non-core,9.836065573770492
