status,intersection
Core,0.8403361344537815
Non-core,1.5873015873015872
