status,intersection
Core,2.9411764705882355
Non-core,5.405405405405405
