status,intersection
Core,6.770833333333333
Non-core,4.724409448818897
