status,intersection
Core,1.4492753623188406
Non-core,2.6315789473684212
