status,intersection
Core,8.264462809917354
Non-core,7.575757575757576
