status,intersection
Core,6.3768115942028984
Non-core,5.676855895196507
