status,intersection
Core,3.3707865168539324
Non-core,3.7735849056603774
