status,intersection
Core,9.264305177111716
Non-core,7.423580786026201
