status,intersection
Core,10.144927536231885
Non-core,11.428571428571429
