status,intersection
Core,6.081081081081081
Non-core,2.7027027027027026
