status,intersection
Core,4.511278195488722
Non-core,4.49438202247191
