status,intersection
Core,5.109489051094891
Non-core,7.6923076923076925
