status,intersection
Core,12.790697674418604
Non-core,10.638297872340425
