status,intersection
Core,15.286624203821656
Non-core,12.941176470588236
