status,intersection
Core,9.7165991902834
Non-core,8.783783783783784
