status,intersection
Core,11.228070175438596
Non-core,10.638297872340425
