status,intersection
Core,15.151515151515152
Non-core,10.897435897435898
