status,intersection
Core,5.324580598103574
Non-core,2.6490066225165565
