status,intersection
Core,9.883720930232558
Non-core,7.766990291262136
