status,intersection
Core,5.555555555555555
Non-core,7.317073170731708
