status,intersection
Core,6.363636363636363
Non-core,3.389830508474576
