status,intersection
Core,6.60377358490566
Non-core,5.47945205479452
