status,intersection
Core,8.783783783783784
Non-core,10.38961038961039
