status,intersection
Core,10.828025477707007
Non-core,9.195402298850574
