status,intersection
Core,5.504587155963303
Non-core,7.407407407407407
