status,intersection
Core,14.141414141414142
Non-core,11.666666666666666
