status,intersection
Core,7.6923076923076925
Non-core,7.446808510638298
