status,intersection
Core,3.007518796992481
Non-core,2.5974025974025974
