status,intersection
Core,8.010335917312661
Non-core,6.007067137809187
