status,intersection
Core,12.32876712328767
Non-core,10.81081081081081
