status,intersection
Core,9.433962264150944
Non-core,8.333333333333334
