status,intersection
Core,14.084507042253522
Non-core,13.821138211382113
