status,intersection
Core,5.511811023622047
Non-core,3.1746031746031744
