status,intersection
Core,4.180064308681672
Non-core,3.240740740740741
