status,intersection
Core,9.79020979020979
Non-core,9.859154929577464
