status,intersection
Core,7.8431372549019605
Non-core,7.2727272727272725
