status,intersection
Core,6.374501992031872
Non-core,4.40251572327044
