status,intersection
Core,7.581227436823105
Non-core,7.18562874251497
