status,intersection
Core,8.379888268156424
Non-core,7.8431372549019605
