status,intersection
Core,7.389162561576355
Non-core,5.090909090909091
