status,intersection
Core,16.517857142857142
Non-core,11.594202898550725
