status,intersection
Core,8.215962441314554
Non-core,5.2805280528052805
