status,intersection
Core,14.393939393939394
Non-core,8.860759493670885
