status,intersection
Core,4.519774011299435
Non-core,1.7241379310344827
