status,intersection
Core,8.75912408759124
Non-core,10.256410256410257
