status,intersection
Core,16.19047619047619
Non-core,13.385826771653543
