status,intersection
Core,12.173913043478262
Non-core,8.823529411764707
