status,intersection
Core,9.655172413793103
Non-core,6.818181818181818
