status,intersection
Core,13.77245508982036
Non-core,9.63855421686747
