status,intersection
Core,10.638297872340425
Non-core,8.928571428571429
