status,intersection
Core,4.282115869017632
Non-core,3.0508474576271185
