status,intersection
Core,9.937888198757763
Non-core,4.938271604938271
