status,intersection
Core,3.658536585365854
Non-core,3.9215686274509802
