status,intersection
Core,10.759493670886076
Non-core,7.8431372549019605
