status,intersection
Core,0.819672131147541
Non-core,1.5873015873015872
