status,intersection
Core,12.021857923497267
Non-core,11.881188118811881
