status,intersection
Core,8.292682926829269
Non-core,5.217391304347826
