status,intersection
Core,3.937007874015748
Non-core,4.819277108433735
