status,intersection
Core,2.6548672566371683
Non-core,3.4482758620689653
