status,intersection
Core,13.471502590673575
Non-core,10.185185185185185
