status,intersection
Core,2.73972602739726
Non-core,4.761904761904762
