status,intersection
Core,14.545454545454545
Non-core,16.666666666666668
