status,intersection
Core,12.087912087912088
Non-core,11.827956989247312
