status,intersection
Core,13.705583756345177
Non-core,10.576923076923077
