status,intersection
Core,13.872832369942197
Non-core,14.814814814814815
