status,intersection
Core,6.570841889117043
Non-core,5.337078651685394
