status,intersection
Core,4.895104895104895
Non-core,5.813953488372093
