status,intersection
Core,16.78832116788321
Non-core,15.584415584415584
