status,intersection
Core,7.157057654075547
Non-core,5.420054200542006
