status,intersection
Core,8.064516129032258
Non-core,6.918238993710692
