status,intersection
Core,14.342629482071713
Non-core,12.413793103448276
