status,intersection
Core,1.5151515151515151
Non-core,1.3157894736842106
