status,intersection
Core,4.0033361134278564
Non-core,2.187902187902188
