status,intersection
Core,10.176991150442477
Non-core,6.2015503875969
