status,intersection
Core,11.16504854368932
Non-core,11.023622047244094
