status,intersection
Core,11.290322580645162
Non-core,11.11111111111111
