status,intersection
Core,8.26086956521739
Non-core,8.148148148148149
