status,intersection
Core,8.16326530612245
Non-core,6.8493150684931505
