status,intersection
Core,8.602150537634408
Non-core,8.19672131147541
