status,intersection
Core,4.201680672268908
Non-core,3.3333333333333335
