status,intersection
Core,3.937007874015748
Non-core,5.714285714285714
