status,intersection
Core,9.02061855670103
Non-core,5.405405405405405
