status,intersection
Core,6.046511627906977
Non-core,3.787878787878788
