status,intersection
Core,7.142857142857143
Non-core,4.57516339869281
