status,intersection
Core,10.784313725490197
Non-core,6.779661016949152
