status,intersection
Core,6.933744221879815
Non-core,4.356846473029045
