status,intersection
Core,8.94308943089431
Non-core,4.761904761904762
