status,intersection
Core,4.651162790697675
Non-core,6.349206349206349
