status,intersection
Core,10.699588477366255
Non-core,6.617647058823529
