status,intersection
Core,7.368421052631579
Non-core,6.349206349206349
