status,intersection
Core,12.154696132596685
Non-core,7.526881720430108
