status,intersection
Core,11.728395061728396
Non-core,7.6923076923076925
