status,intersection
Core,4.891304347826087
Non-core,4.098360655737705
