status,intersection
Core,14.871794871794872
Non-core,11.016949152542374
