status,intersection
Core,2.73972602739726
Non-core,3.3707865168539324
