status,intersection
Core,19.65811965811966
Non-core,20.895522388059703
