status,intersection
Core,7.407407407407407
Non-core,7.142857142857143
