status,intersection
Core,16.546762589928058
Non-core,16.049382716049383
