status,intersection
Core,6.997455470737913
Non-core,4.15944540727903
