status,intersection
Core,4.093567251461988
Non-core,2.6548672566371683
