status,intersection
Core,5.961070559610706
Non-core,4.152823920265781
