status,intersection
Core,5.641025641025641
Non-core,3.508771929824561
