status,intersection
Core,5.498281786941581
Non-core,4.1450777202072535
