status,intersection
Core,13.551401869158878
Non-core,10.909090909090908
