status,intersection
Core,6.0109289617486334
Non-core,4.187192118226601
