status,intersection
Core,5.128205128205129
Non-core,3.061224489795918
