status,intersection
Core,8.571428571428571
Non-core,5.882352941176471
