status,intersection
Core,14.130434782608695
Non-core,15.909090909090908
