status,intersection
Core,3.401360544217687
Non-core,4.395604395604396
