status,intersection
Core,16.11111111111111
Non-core,18.94736842105263
