status,intersection
Core,11.078717201166182
Non-core,8.49056603773585
