status,intersection
Core,12.777777777777779
Non-core,9.090909090909092
