status,intersection
Core,1.680672268907563
Non-core,1.9230769230769231
