status,intersection
Core,16.27906976744186
Non-core,14.606741573033707
