status,intersection
Core,24.050632911392405
Non-core,27.027027027027028
