status,intersection
Core,4.424778761061947
Non-core,1.5151515151515151
