status,intersection
Core,9.655172413793103
Non-core,9.090909090909092
