status,intersection
Core,13.81578947368421
Non-core,10.714285714285714
