status,intersection
Core,10.112359550561798
Non-core,10.204081632653061
