status,intersection
Core,5.69620253164557
Non-core,3.3333333333333335
