status,intersection
Core,18.81188118811881
Non-core,8.928571428571429
