status,intersection
Core,9.701492537313433
Non-core,8.955223880597014
