status,intersection
Core,6.306306306306307
Non-core,5.555555555555555
