status,intersection
Core,6.832298136645963
Non-core,4.395604395604396
