status,intersection
Core,3.0303030303030303
Non-core,4.615384615384615
