status,intersection
Core,11.764705882352942
Non-core,13.953488372093023
