status,intersection
Core,7.563025210084033
Non-core,5.9523809523809526
