status,intersection
Core,15.748031496062993
Non-core,9.090909090909092
