status,intersection
Core,10.294117647058824
Non-core,11.428571428571429
