status,intersection
Core,12.077294685990339
Non-core,11.11111111111111
