status,intersection
Core,8.947368421052632
Non-core,7.142857142857143
