status,intersection
Core,8.032128514056225
Non-core,5.637982195845697
