status,intersection
Core,7.954545454545454
Non-core,6.122448979591836
