status,intersection
Core,7.638888888888889
Non-core,6.410256410256411
