status,intersection
Core,1.0781671159029649
Non-core,1.1904761904761905
