status,intersection
Core,11.03448275862069
Non-core,10.989010989010989
