status,intersection
Core,5.279503105590062
Non-core,3.240740740740741
