status,intersection
Core,3.3033033033033035
Non-core,1.408450704225352
