status,intersection
Core,7.920792079207921
Non-core,7.258064516129032
