status,intersection
Core,4.2105263157894735
Non-core,4.878048780487805
