status,intersection
Core,0.8241758241758241
Non-core,0.8163265306122449
