status,intersection
Core,3.4161490683229814
Non-core,3.7383177570093458
