status,intersection
Core,6.83453237410072
Non-core,6.7357512953367875
