status,intersection
Core,4.225352112676056
Non-core,3.7974683544303796
