status,intersection
Core,2.6737967914438503
Non-core,3.1496062992125986
