status,intersection
Core,8.264462809917354
Non-core,6.578947368421052
