status,intersection
Core,5.454545454545454
Non-core,3.9215686274509802
