status,intersection
Core,10.457516339869281
Non-core,8.78048780487805
