status,intersection
Core,7.43801652892562
Non-core,6.410256410256411
