status,intersection
Core,13.194444444444445
Non-core,11.538461538461538
