status,intersection
Core,8.51063829787234
Non-core,9.67741935483871
