status,intersection
Core,11.421319796954315
Non-core,7.462686567164179
