status,intersection
Core,6.617647058823529
Non-core,7.407407407407407
