status,intersection
Core,2.4489795918367347
Non-core,2.5641025641025643
