status,intersection
Core,8.83054892601432
Non-core,6.95970695970696
