status,intersection
Core,5.3097345132743365
Non-core,7.547169811320755
