status,intersection
Core,5.555555555555555
Non-core,8.19672131147541
