status,intersection
Core,13.989637305699482
Non-core,11.206896551724139
