status,intersection
Core,3.6458333333333335
Non-core,4.878048780487805
