status,intersection
Core,4.021447721179625
Non-core,4.382470119521912
