status,intersection
Core,5.921052631578948
Non-core,4.2105263157894735
