status,intersection
Core,5.4945054945054945
Non-core,3.8251366120218577
