status,intersection
Core,10.485436893203884
Non-core,9.090909090909092
