status,intersection
Core,7.860262008733624
Non-core,7.299270072992701
