status,intersection
Core,3.8095238095238093
Non-core,1.9704433497536946
