status,intersection
Core,5.864197530864198
Non-core,4.368932038834951
