status,intersection
Core,7.17948717948718
Non-core,8.620689655172415
