status,intersection
Core,4.067796610169491
Non-core,3.4653465346534653
