status,intersection
Core,6.204379562043796
Non-core,5.128205128205129
