status,intersection
Core,6.756756756756757
Non-core,5.732484076433121
