status,intersection
Core,12.655086848635236
Non-core,8.646616541353383
