status,intersection
Core,4.1558441558441555
Non-core,4.3478260869565215
