status,intersection
Core,8.501118568232663
Non-core,6.779661016949152
