status,intersection
Core,2.074688796680498
Non-core,2.5806451612903225
