status,intersection
Core,1.1049723756906078
Non-core,0.8928571428571429
