status,intersection
Core,9.861932938856016
Non-core,7.222222222222222
