status,intersection
Core,18.367346938775512
Non-core,19.17808219178082
