status,intersection
Core,1.0638297872340425
Non-core,1.5151515151515151
