status,intersection
Core,12.269938650306749
Non-core,11.702127659574469
