status,intersection
Core,6.617647058823529
Non-core,6.593406593406593
