status,intersection
Core,8.05921052631579
Non-core,4.086021505376344
