status,intersection
Core,0.6600660066006601
Non-core,1.0204081632653061
