status,intersection
Core,13.86861313868613
Non-core,12.941176470588236
