status,intersection
Core,2.5641025641025643
Non-core,2.542372881355932
