status,intersection
Core,9.340659340659341
Non-core,7.758620689655173
