status,intersection
Core,11.857707509881424
Non-core,8.441558441558442
