status,intersection
Core,0.5571030640668524
Non-core,0.8333333333333334
