status,intersection
Core,3.67816091954023
Non-core,3.3222591362126246
