status,intersection
Core,12.099644128113878
Non-core,8.938547486033519
