status,intersection
Core,16.18421052631579
Non-core,11.11111111111111
