status,intersection
Core,9.879518072289157
Non-core,9.489051094890511
