status,intersection
Core,3.1066330814441647
Non-core,1.953125
