status,intersection
Core,6.76126878130217
Non-core,5.283505154639175
