status,intersection
Core,2.8350515463917527
Non-core,2.6217228464419478
