status,intersection
Core,9.523809523809524
Non-core,9.411764705882353
