status,intersection
Core,14.64968152866242
Non-core,10.869565217391305
