status,intersection
Core,2.73972602739726
Non-core,3.4482758620689653
