status,intersection
Core,5.389221556886228
Non-core,3.1914893617021276
