status,intersection
Core,8.474576271186441
Non-core,6.11353711790393
