status,intersection
Core,8.370044052863436
Non-core,5.673758865248227
