status,intersection
Core,3.3783783783783785
Non-core,2.912621359223301
