status,intersection
Core,8.602150537634408
Non-core,6.0109289617486334
