status,intersection
Core,0.547945205479452
Non-core,0.8130081300813008
