status,intersection
Core,1.935483870967742
Non-core,2.0833333333333335
