status,intersection
Core,14.033680834001604
Non-core,11.98044009779951
