status,intersection
Core,14.046121593291405
Non-core,11.708860759493671
