status,intersection
Core,5.555555555555555
Non-core,5.303030303030303
