status,intersection
Core,5.164319248826291
Non-core,4.580152671755725
