status,intersection
Core,12.056737588652481
Non-core,8.582834331337326
