status,intersection
Core,3.5616438356164384
Non-core,3.3057851239669422
