status,intersection
Core,12.184873949579831
Non-core,10.638297872340425
