status,intersection
Core,4.40251572327044
Non-core,5.05050505050505
