status,intersection
Core,8.946772366930917
Non-core,7.098765432098766
