status,intersection
Core,9.35412026726058
Non-core,7.191780821917808
