status,intersection
Core,3.435114503816794
Non-core,1.6853932584269662
