status,intersection
Core,9.473684210526315
Non-core,8.108108108108109
