status,intersection
Core,7.224334600760456
Non-core,9.25925925925926
