status,intersection
Core,11.52073732718894
Non-core,8.053691275167786
