status,intersection
Core,3.7433155080213902
Non-core,4.065040650406504
