status,intersection
Core,7.975460122699387
Non-core,7.407407407407407
