status,intersection
Core,9.482758620689655
Non-core,9.489051094890511
