status,intersection
Core,1.3623978201634876
Non-core,1.6129032258064515
