status,intersection
Core,9.782608695652174
Non-core,6.976744186046512
