status,intersection
Core,5.429864253393665
Non-core,4.827586206896552
