status,intersection
Core,6.171809841534612
Non-core,3.4838709677419355
