status,intersection
Core,6.787330316742081
Non-core,3.875968992248062
