status,intersection
Core,6.626506024096385
Non-core,7.142857142857143
