status,intersection
Core,15.217391304347826
Non-core,18.181818181818183
