status,intersection
Core,0.9933774834437086
Non-core,1.5706806282722514
