status,intersection
Core,10.430839002267573
Non-core,8.96551724137931
