status,intersection
Core,0.27624309392265195
Non-core,0.411522633744856
