status,intersection
Core,9.50920245398773
Non-core,6.262626262626263
