status,intersection
Core,3.9735099337748343
Non-core,4.301075268817204
