status,intersection
Core,4.326923076923077
Non-core,2.4193548387096775
