status,intersection
Core,6.666666666666667
Non-core,4.411764705882353
