status,intersection
Core,10.714285714285714
Non-core,10.204081632653061
