status,intersection
Core,11.83673469387755
Non-core,12.080536912751677
