status,intersection
Core,11.567164179104477
Non-core,10.975609756097562
