status,intersection
Core,3.1788079470198674
Non-core,1.9642857142857142
