status,intersection
Core,4.761904761904762
Non-core,5.747126436781609
