status,intersection
Core,5.740181268882175
Non-core,3.587443946188341
