status,intersection
Core,7.211538461538462
Non-core,3.7593984962406015
