status,intersection
Core,4.296875
Non-core,3.9548022598870056
