status,intersection
Core,5.181347150259067
Non-core,4.098360655737705
