status,intersection
Core,10.309278350515465
Non-core,9.523809523809524
