status,intersection
Core,8.148148148148149
Non-core,4.285714285714286
