status,intersection
Core,2.735562310030395
Non-core,2.7906976744186047
