status,intersection
Core,2.6041666666666665
Non-core,3.4188034188034186
