status,intersection
Core,6.081081081081081
Non-core,4.545454545454546
