status,intersection
Core,7.651715039577836
Non-core,6.557377049180328
