status,intersection
Core,6.5359477124183005
Non-core,4.444444444444445
