status,intersection
Core,7.932379713914174
Non-core,4.92091388400703
