status,intersection
Core,4.411764705882353
Non-core,4.705882352941177
