status,intersection
Core,20.833333333333332
Non-core,15.789473684210526
