status,intersection
Core,6.489675516224189
Non-core,5.990783410138249
