status,intersection
Core,7.069219440353461
Non-core,4.28163653663178
