status,intersection
Core,2.684563758389262
Non-core,4.761904761904762
