status,intersection
Core,12.97872340425532
Non-core,9.49367088607595
