status,intersection
Core,8.25242718446602
Non-core,6.569343065693431
