status,intersection
Core,12.631578947368421
Non-core,9.836065573770492
