status,intersection
Core,9.158415841584159
Non-core,6.333333333333333
