status,intersection
Core,4.40251572327044
Non-core,7.317073170731708
