status,intersection
Core,5.521472392638037
Non-core,5.607476635514018
