status,intersection
Core,3.260869565217391
Non-core,1.8867924528301887
