status,intersection
Core,0.8333333333333334
Non-core,1.2448132780082988
