status,intersection
Core,9.848484848484848
Non-core,5.027932960893855
