status,intersection
Core,9.523809523809524
Non-core,6.309148264984227
