status,intersection
Core,8.771929824561404
Non-core,7.6923076923076925
