status,intersection
Core,4.462809917355372
Non-core,3.0501089324618738
