status,intersection
Core,5.158730158730159
Non-core,4.45859872611465
