status,intersection
Core,7.051282051282051
Non-core,5.9523809523809526
