status,intersection
Core,4.53074433656958
Non-core,2.0202020202020203
