status,intersection
Core,10.891089108910892
Non-core,13.20754716981132
