status,intersection
Core,0.6622516556291391
Non-core,1.0256410256410255
