status,intersection
Core,3.260869565217391
Non-core,2.2222222222222223
