status,intersection
Core,10.077519379844961
Non-core,12.307692307692308
