status,intersection
Core,4.741379310344827
Non-core,3.896103896103896
