status,intersection
Core,2.5974025974025974
Non-core,5.555555555555555
