status,intersection
Core,7.586206896551724
Non-core,13.432835820895523
