status,intersection
Core,11.036789297658864
Non-core,9.424083769633508
