status,intersection
Core,4.316546762589928
Non-core,4.3478260869565215
