status,intersection
Core,5.095541401273885
Non-core,5.617977528089888
