status,intersection
Core,5.806451612903226
Non-core,4.8076923076923075
