status,intersection
Core,3.278688524590164
Non-core,3.0120481927710845
