status,intersection
Core,4.273504273504273
Non-core,6.0606060606060606
