status,intersection
Core,15.934959349593496
Non-core,12.917594654788418
