status,intersection
Core,10.884353741496598
Non-core,8.737864077669903
