status,intersection
Core,6.506849315068493
Non-core,5.699481865284974
