status,intersection
Core,8.827238335435057
Non-core,5.093378607809847
