status,intersection
Core,7.441860465116279
Non-core,5.208333333333333
