status,intersection
Core,4.215456674473068
Non-core,3.5460992907801416
