status,intersection
Core,10.251046025104603
Non-core,6.389776357827476
