status,intersection
Core,10.775862068965518
Non-core,8.108108108108109
