status,intersection
Core,11.642411642411643
Non-core,8.544303797468354
