status,intersection
Core,3.401360544217687
Non-core,3.409090909090909
