status,intersection
Core,14.379084967320262
Non-core,18.39080459770115
