status,intersection
Core,8.372093023255815
Non-core,8.88888888888889
