status,intersection
Core,1.0666666666666667
Non-core,1.5686274509803921
