status,intersection
Core,6.1946902654867255
Non-core,6.7164179104477615
