status,intersection
Core,5.590062111801243
Non-core,6.122448979591836
