status,intersection
Core,3.767123287671233
Non-core,3.4313725490196076
