status,intersection
Core,6.372549019607843
Non-core,4.724409448818897
