status,intersection
Core,3.761755485893417
Non-core,3.1963470319634704
