status,intersection
Core,5.521472392638037
Non-core,2.9702970297029703
