status,intersection
Core,13.402061855670103
Non-core,13.793103448275861
