status,intersection
Core,8.316008316008316
Non-core,6.395348837209302
