status,intersection
Core,2.027027027027027
Non-core,3.3707865168539324
