status,intersection
Core,4.2105263157894735
Non-core,7.6923076923076925
