status,intersection
Core,7.4766355140186915
Non-core,8.19672131147541
