status,intersection
Core,0.7142857142857143
Non-core,1.2345679012345678
