status,intersection
Core,9.501187648456057
Non-core,8.664259927797834
