status,intersection
Core,11.1731843575419
Non-core,13.72549019607843
