status,intersection
Core,4.850746268656716
Non-core,4.678362573099415
