status,intersection
Core,4.147465437788019
Non-core,5.384615384615385
