status,intersection
Core,4.219409282700422
Non-core,1.3986013986013985
