status,intersection
Core,9.659090909090908
Non-core,9.090909090909092
