status,intersection
Core,8.635097493036211
Non-core,7.555555555555555
