status,intersection
Core,5.761316872427984
Non-core,5.194805194805195
