status,intersection
Core,12.177121771217712
Non-core,9.714285714285714
