status,intersection
Core,6.926406926406926
Non-core,7.518796992481203
