status,intersection
Core,3.930131004366812
Non-core,3.4965034965034967
