status,intersection
Core,9.014084507042254
Non-core,8.444444444444445
