status,intersection
Core,9.142857142857142
Non-core,8.130081300813009
