status,intersection
Core,0.823045267489712
Non-core,1.2578616352201257
