status,intersection
Core,17.375886524822697
Non-core,11.242603550295858
