status,intersection
Core,3.7313432835820897
Non-core,3.3707865168539324
