status,intersection
Core,7.849550286181521
Non-core,6.257822277847309
