status,intersection
Core,6.109324758842444
Non-core,3.763440860215054
