status,intersection
Core,9.59232613908873
Non-core,8.480565371024735
