status,intersection
Core,17.012448132780083
Non-core,15.384615384615385
