status,intersection
Core,11.610486891385769
Non-core,9.142857142857142
