status,intersection
Core,10.074626865671641
Non-core,10.559006211180124
