status,intersection
Core,7.303370786516854
Non-core,6.930693069306931
