status,intersection
Core,4.487179487179487
Non-core,2.0202020202020203
