status,intersection
Core,11.409395973154362
Non-core,9.45945945945946
