status,intersection
Core,5.2805280528052805
Non-core,3.0927835051546393
