status,intersection
Core,4.237288135593221
Non-core,1.4705882352941178
