status,intersection
Core,3.902439024390244
Non-core,2.816901408450704
