status,intersection
Core,3.235294117647059
Non-core,2.232142857142857
