status,intersection
Core,14.545454545454545
Non-core,18.556701030927837
