status,intersection
Core,7.746478873239437
Non-core,5.681818181818182
