status,intersection
Core,4.895104895104895
Non-core,3.3783783783783785
