status,intersection
Core,4.166666666666667
Non-core,5.4945054945054945
