status,intersection
Core,3.988603988603989
Non-core,3.7974683544303796
