status,intersection
Core,3.7433155080213902
Non-core,2.5641025641025643
