status,intersection
Core,5.839416058394161
Non-core,6.521739130434782
