status,intersection
Core,10.112359550561798
Non-core,9.090909090909092
