status,intersection
Core,17.410714285714285
Non-core,9.923664122137405
