status,intersection
Core,2.727272727272727
Non-core,1.3333333333333333
