status,intersection
Core,3.951367781155015
Non-core,3.6363636363636362
