status,intersection
Core,9.154929577464788
Non-core,10.112359550561798
