status,intersection
Core,11.224489795918368
Non-core,18.6046511627907
