status,intersection
Core,10.135135135135135
Non-core,12.32876712328767
