status,intersection
Core,2.681992337164751
Non-core,2.8901734104046244
