status,intersection
Core,16.27906976744186
Non-core,15.789473684210526
