status,intersection
Core,5.228758169934641
Non-core,3.260869565217391
