status,intersection
Core,7.6923076923076925
Non-core,6.862745098039215
