status,intersection
Core,10.897435897435898
Non-core,9.89010989010989
