status,intersection
Core,6.422018348623853
Non-core,9.803921568627452
