status,intersection
Core,6.951871657754011
Non-core,7.2727272727272725
