status,intersection
Core,7.8817733990147785
Non-core,3.7037037037037037
