status,intersection
Core,0.8771929824561403
Non-core,1.3157894736842106
