status,intersection
Core,3.367003367003367
Non-core,2.6455026455026456
