status,intersection
Core,5.431309904153355
Non-core,4.060913705583756
