status,intersection
Core,10.106382978723405
Non-core,8.474576271186441
