status,intersection
Core,6.36604774535809
Non-core,4.365079365079365
