status,intersection
Core,5.529953917050691
Non-core,5.343511450381679
