status,intersection
Core,7.589285714285714
Non-core,6.600660066006601
