status,intersection
Core,10.126582278481013
Non-core,12.195121951219512
