status,intersection
Core,3.896103896103896
Non-core,3.7037037037037037
