status,intersection
Core,11.450381679389313
Non-core,7.653061224489796
