status,intersection
Core,6.70391061452514
Non-core,4.424778761061947
