status,intersection
Core,6.629834254143646
Non-core,5.05050505050505
