status,intersection
Core,6.296296296296297
Non-core,3.1446540880503147
