status,intersection
Core,8.585858585858587
Non-core,8.076923076923077
