status,intersection
Core,2.127659574468085
Non-core,1.680672268907563
