status,intersection
Core,5.349794238683128
Non-core,5.555555555555555
