status,intersection
Core,3.1088082901554404
Non-core,4.065040650406504
