status,intersection
Core,5.743243243243243
Non-core,4.972375690607735
