status,intersection
Core,1.8691588785046729
Non-core,0.7142857142857143
