status,intersection
Core,15.294117647058824
Non-core,11.881188118811881
