status,intersection
Core,5.095541401273885
Non-core,6.0606060606060606
