status,intersection
Core,4.747774480712166
Non-core,4.845814977973569
