status,intersection
Core,11.084624553039333
Non-core,7.051282051282051
