status,intersection
Core,7.738095238095238
Non-core,5.681818181818182
