status,intersection
Core,10.465116279069768
Non-core,8.16326530612245
