status,intersection
Core,2.8350515463917527
Non-core,1.556420233463035
