status,intersection
Core,5.833333333333333
Non-core,3.896103896103896
