status,intersection
Core,5.980861244019139
Non-core,4.45859872611465
