status,intersection
Core,8.035714285714286
Non-core,11.666666666666666
