status,intersection
Core,10.182767624020888
Non-core,7.751937984496124
