status,intersection
Core,3.816793893129771
Non-core,4.705882352941177
