status,intersection
Core,6.965174129353234
Non-core,5.691056910569106
