status,intersection
Core,1.492537313432836
Non-core,1.0869565217391304
