status,intersection
Core,4.524886877828054
Non-core,5.223880597014926
