status,intersection
Core,13.24376199616123
Non-core,11.014492753623188
