status,intersection
Core,9.036144578313253
Non-core,11.224489795918368
