status,intersection
Core,9.107468123861567
Non-core,7.41687979539642
