status,intersection
Core,10.144927536231885
Non-core,8.13953488372093
