status,intersection
Core,5.274725274725275
Non-core,3.8805970149253732
