status,intersection
Core,9.242618741976893
Non-core,5.335628227194492
