status,intersection
Core,1.6528925619834711
Non-core,1.3157894736842106
