status,intersection
Core,5.072463768115942
Non-core,4.577464788732394
