status,intersection
Core,1.092896174863388
Non-core,1.6194331983805668
