status,intersection
Core,7.839721254355401
Non-core,6.172839506172839
