status,intersection
Core,3.982300884955752
Non-core,4.827586206896552
