status,intersection
Core,3.278688524590164
Non-core,2.5806451612903225
