status,intersection
Core,3.6496350364963503
Non-core,4.938271604938271
