status,intersection
Core,4.679802955665025
Non-core,4.166666666666667
