status,intersection
Core,9.660574412532638
Non-core,9.67741935483871
