status,intersection
Core,5.483870967741935
Non-core,3.5555555555555554
