status,intersection
Core,9.022556390977444
Non-core,5.813953488372093
