status,intersection
Core,6.572769953051643
Non-core,6.349206349206349
