status,intersection
Core,0.9259259259259259
Non-core,0.7352941176470589
