status,intersection
Core,12.707182320441989
Non-core,10.084033613445378
