status,intersection
Core,11.884057971014492
Non-core,7.929515418502203
