status,intersection
Core,13.812154696132596
Non-core,11.428571428571429
