status,intersection
Core,13.311688311688311
Non-core,9.767441860465116
