status,intersection
Core,8.441558441558442
Non-core,9.89010989010989
