status,intersection
Core,0.2785515320334262
Non-core,0.4166666666666667
