status,intersection
Core,10.393258426966293
Non-core,8.558558558558559
