status,intersection
Core,7.909604519774011
Non-core,6.666666666666667
