status,intersection
Core,10.749185667752442
Non-core,7.936507936507937
