status,intersection
Core,6.779661016949152
Non-core,8.333333333333334
