status,intersection
Core,4.40251572327044
Non-core,2.2988505747126435
