status,intersection
Core,14.563106796116505
Non-core,12.698412698412698
