status,intersection
Core,11.589403973509933
Non-core,8.958837772397095
