status,intersection
Core,7.382550335570469
Non-core,5.863192182410423
