status,intersection
Core,12.605042016806722
Non-core,12.142857142857142
