status,intersection
Core,3.141361256544503
Non-core,4.098360655737705
