status,intersection
Core,5.670103092783505
Non-core,5.343511450381679
