status,intersection
Core,5.668016194331984
Non-core,5.806451612903226
