status,intersection
Core,2.33160621761658
Non-core,1.9230769230769231
