status,intersection
Core,4.237288135593221
Non-core,1.3888888888888888
