status,intersection
Core,10.358565737051793
Non-core,10.19108280254777
