status,intersection
Core,8.958333333333334
Non-core,8.04953560371517
