status,intersection
Core,3.7974683544303796
Non-core,3.6036036036036037
