status,intersection
Core,8.565737051792828
Non-core,6.845238095238095
