status,intersection
Core,12.777777777777779
Non-core,8.823529411764707
