status,intersection
Core,10.815602836879433
Non-core,8.951406649616368
