status,intersection
Core,2.5179856115107913
Non-core,2.6315789473684212
