status,intersection
Core,10.559006211180124
Non-core,11.956521739130435
