status,intersection
Core,14.634146341463415
Non-core,13.26530612244898
