status,intersection
Core,9.75609756097561
Non-core,10.447761194029852
