status,intersection
Core,4.733727810650888
Non-core,4.761904761904762
