status,intersection
Core,14.43298969072165
Non-core,9.174311926605505
