status,intersection
Core,5.277044854881266
Non-core,3.8461538461538463
