status,intersection
Core,9.7165991902834
Non-core,7.28476821192053
