status,intersection
Core,9.163346613545817
Non-core,4.733727810650888
