status,intersection
Core,15.384615384615385
Non-core,8.16326530612245
