status,intersection
Core,5.365853658536586
Non-core,4.958677685950414
