status,intersection
Core,4.310344827586207
Non-core,1.8518518518518519
