status,intersection
Core,11.194029850746269
Non-core,11.688311688311689
