status,intersection
Core,1.881720430107527
Non-core,1.9841269841269842
