status,intersection
Core,10.13986013986014
Non-core,8.19672131147541
