status,intersection
Core,1.6611295681063123
Non-core,2.0618556701030926
