status,intersection
Core,10.619469026548673
Non-core,10.76923076923077
