status,intersection
Core,9.956709956709958
Non-core,11.267605633802816
