status,intersection
Core,2.616279069767442
Non-core,2.2058823529411766
