status,intersection
Core,9.883720930232558
Non-core,6.694560669456067
