status,intersection
Core,7.246376811594203
Non-core,8.219178082191782
