status,intersection
Core,16.363636363636363
Non-core,21.73913043478261
