status,intersection
Core,2.903946388682055
Non-core,1.6377649325626205
