status,intersection
Core,4.678362573099415
Non-core,4.504504504504505
