status,intersection
Core,4.790419161676646
Non-core,4.694835680751174
