status,intersection
Core,6.722689075630252
Non-core,2.898550724637681
