status,intersection
Core,10.096153846153847
Non-core,9.929078014184396
