status,intersection
Core,4.57516339869281
Non-core,3.2967032967032965
