status,intersection
Core,10.447761194029852
Non-core,9.821428571428571
