status,intersection
Core,4.891304347826087
Non-core,3.0927835051546393
