status,intersection
Core,2.5531914893617023
Non-core,3.2467532467532467
