status,intersection
Core,7.386363636363637
Non-core,5.118110236220472
