status,intersection
Core,1.1764705882352942
Non-core,1.7543859649122806
