status,intersection
Core,4.724409448818897
Non-core,4.848484848484849
