status,intersection
Core,7.456140350877193
Non-core,7.042253521126761
