status,intersection
Core,5.228758169934641
Non-core,2.3255813953488373
