status,intersection
Core,5.113636363636363
Non-core,4.385964912280702
