status,intersection
Core,2.7522935779816513
Non-core,2.9197080291970803
