status,intersection
Core,8.904109589041095
Non-core,6.285714285714286
