status,intersection
Core,4.201680672268908
Non-core,2.4096385542168677
