status,intersection
Core,12.78688524590164
Non-core,10.256410256410257
