status,intersection
Core,5.970149253731344
Non-core,6.097560975609756
