status,intersection
Core,11.650485436893204
Non-core,13.461538461538462
