status,intersection
Core,4.320987654320987
Non-core,3.061224489795918
