status,intersection
Core,5.357142857142857
Non-core,2.6315789473684212
