status,intersection
Core,6.206896551724138
Non-core,7.777777777777778
