status,intersection
Core,6.140350877192983
Non-core,9.25925925925926
