status,intersection
Core,8.658008658008658
Non-core,6.382978723404255
