status,intersection
Core,1.936026936026936
Non-core,1.0443864229765014
