status,intersection
Core,6.148867313915858
Non-core,3.0927835051546393
