status,intersection
Core,10.19830028328612
Non-core,8.370044052863436
