status,intersection
Core,11.347517730496454
Non-core,7.750472589792061
