status,intersection
Core,6.140350877192983
Non-core,5.47945205479452
