status,intersection
Core,3.6144578313253013
Non-core,3.669724770642202
