status,intersection
Core,4.205607476635514
Non-core,4.724409448818897
