status,intersection
Core,4.484304932735426
Non-core,4.929577464788732
