status,intersection
Core,3.5460992907801416
Non-core,2.2346368715083798
