status,intersection
Core,4.624277456647399
Non-core,2.727272727272727
