status,intersection
Core,2.6315789473684212
Non-core,3.7735849056603774
