status,intersection
Core,6.5476190476190474
Non-core,7.0588235294117645
