status,intersection
Core,0.6711409395973155
Non-core,1.0471204188481675
