status,intersection
Core,7.35632183908046
Non-core,5.483870967741935
