status,intersection
Core,3.0864197530864197
Non-core,3.240740740740741
