status,intersection
Core,11.464968152866241
Non-core,8.571428571428571
