status,intersection
Core,0.9868421052631579
Non-core,0.5076142131979695
