status,intersection
Core,10.077519379844961
Non-core,10.526315789473685
