status,intersection
Core,5.607476635514018
Non-core,5.384615384615385
