status,intersection
Core,8.214285714285714
Non-core,6.779661016949152
