status,intersection
Core,1.7543859649122806
Non-core,3.076923076923077
