status,intersection
Core,3.816793893129771
Non-core,1.4705882352941178
