status,intersection
Core,6.188925081433225
Non-core,4.926108374384237
