status,intersection
Core,7.885304659498208
Non-core,6.432748538011696
