status,intersection
Core,0.6578947368421053
Non-core,1.015228426395939
