status,intersection
Core,1.0695187165775402
Non-core,1.5686274509803921
