status,intersection
Core,15.555555555555555
Non-core,17.105263157894736
