status,intersection
Core,2.0202020202020203
Non-core,1.0582010582010581
