status,intersection
Core,4.571428571428571
Non-core,3.3057851239669422
