status,intersection
Core,1.6666666666666667
Non-core,2.7027027027027026
