status,intersection
Core,0.554016620498615
Non-core,0.8264462809917356
