status,intersection
Core,5.095541401273885
Non-core,6.122448979591836
