status,intersection
Core,2.643171806167401
Non-core,2.0547945205479454
