status,intersection
Core,8.527131782945736
Non-core,7.317073170731708
