status,intersection
Core,4.516129032258065
Non-core,3.7735849056603774
