status,intersection
Core,3.5353535353535355
Non-core,1.7241379310344827
