status,intersection
Core,1.9047619047619047
Non-core,3.076923076923077
