status,intersection
Core,7.751937984496124
Non-core,8.280254777070065
