status,intersection
Core,2.336448598130841
Non-core,2.962962962962963
