status,intersection
Core,13.775510204081632
Non-core,17.391304347826086
