status,intersection
Core,3.292181069958848
Non-core,3.870967741935484
