status,intersection
Core,9.183673469387756
Non-core,7.017543859649122
