status,intersection
Core,4.6040515653775325
Non-core,2.93398533007335
