status,intersection
Core,10.045662100456621
Non-core,6.102362204724409
