status,intersection
Core,3.8314176245210727
Non-core,1.9607843137254901
