status,intersection
Core,1.6025641025641026
Non-core,1.951219512195122
