status,intersection
Core,8.936170212765957
Non-core,9.333333333333334
