status,intersection
Core,6.616541353383458
Non-core,4.646464646464646
