status,intersection
Core,12.408759124087592
Non-core,8.219178082191782
