status,intersection
Core,9.30232558139535
Non-core,6.730769230769231
