status,intersection
Core,14.131897711978466
Non-core,10.311958405545926
