status,intersection
Core,8.133971291866029
Non-core,8.403361344537815
