status,intersection
Core,2.7522935779816513
Non-core,1.639344262295082
