status,intersection
Core,10.843373493975903
Non-core,8.51063829787234
