status,intersection
Core,5.647058823529412
Non-core,5.29595015576324
