status,intersection
Core,11.808118081180812
Non-core,11.956521739130435
