status,intersection
Core,11.075949367088608
Non-core,9.70873786407767
