status,intersection
Core,3.587443946188341
Non-core,2.373887240356083
