status,intersection
Core,9.523809523809524
Non-core,12.612612612612613
