status,intersection
Core,5.670103092783505
Non-core,8.49056603773585
