status,intersection
Core,0.6756756756756757
Non-core,1.1235955056179776
