status,intersection
Core,9.210526315789474
Non-core,10.126582278481013
