status,intersection
Core,7.389162561576355
Non-core,3.6036036036036037
