status,intersection
Core,6.842105263157895
Non-core,5.882352941176471
