status,intersection
Core,9.048723897911833
Non-core,7.191780821917808
