status,intersection
Core,3.2934131736526946
Non-core,3.1818181818181817
