status,intersection
Core,5.172413793103448
Non-core,6.976744186046512
