status,intersection
Core,5.9880239520958085
Non-core,6.593406593406593
