status,intersection
Core,8.421052631578947
Non-core,5.555555555555555
