status,intersection
Core,11.230585424133812
Non-core,6.8580542264752795
