status,intersection
Core,9.58904109589041
Non-core,9.027777777777779
