status,intersection
Core,8.910891089108912
Non-core,10.344827586206897
