status,intersection
Core,2.7989821882951653
Non-core,2.2950819672131146
