status,intersection
Core,3.6649214659685865
Non-core,4.918032786885246
