status,intersection
Core,5.745212323064114
Non-core,4.364569961489089
