status,intersection
Core,4.624277456647399
Non-core,4.424778761061947
