status,intersection
Core,8.461538461538462
Non-core,8.074534161490684
