status,intersection
Core,12.136752136752136
Non-core,8.61244019138756
