status,intersection
Core,5.128205128205129
Non-core,5.47945205479452
