status,intersection
Core,3.179190751445087
Non-core,2.0408163265306123
