status,intersection
Core,13.362068965517242
Non-core,8.695652173913043
