status,intersection
Core,11.956521739130435
Non-core,10.81081081081081
