status,intersection
Core,7.4866310160427805
Non-core,4.672897196261682
