status,intersection
Core,1.9841269841269842
Non-core,1.7857142857142858
