status,intersection
Core,8.75912408759124
Non-core,7.471264367816092
