status,intersection
Core,6.206896551724138
Non-core,5.4945054945054945
