status,intersection
Core,10.773480662983426
Non-core,8.620689655172415
