status,intersection
Core,5.434782608695652
Non-core,3.8369304556354917
