status,intersection
Core,5.9523809523809526
Non-core,5.579399141630901
