status,intersection
Core,5.714285714285714
Non-core,5.617977528089888
