status,intersection
Core,5.597964376590331
Non-core,2.3346303501945527
