status,intersection
Core,2.727272727272727
Non-core,1.3513513513513513
