status,intersection
Core,9.006928406466512
Non-core,6.3565891472868215
