status,intersection
Core,7.480314960629921
Non-core,7.6923076923076925
