status,intersection
Core,11.643835616438356
Non-core,8.235294117647058
