status,intersection
Core,4.522613065326633
Non-core,5.785123966942149
