status,intersection
Core,7.0588235294117645
Non-core,3.65296803652968
