status,intersection
Core,10.31390134529148
Non-core,9.059233449477352
