status,intersection
Core,9.23913043478261
Non-core,6.6115702479338845
