status,intersection
Core,8.256880733944953
Non-core,6.349206349206349
