status,intersection
Core,5.092592592592593
Non-core,6.015037593984962
