status,intersection
Core,0.8064516129032258
Non-core,1.1857707509881423
