status,intersection
Core,10.080645161290322
Non-core,8.609271523178808
