status,intersection
Core,3.076923076923077
Non-core,3.9682539682539684
