status,intersection
Core,9.897610921501707
Non-core,8.78048780487805
