status,intersection
Core,6.265664160401003
Non-core,5.639097744360902
