status,intersection
Core,8.982035928143713
Non-core,11.827956989247312
