status,intersection
Core,7.786885245901639
Non-core,6.666666666666667
