status,intersection
Core,9.35960591133005
Non-core,4.878048780487805
