status,intersection
Core,3.864734299516908
Non-core,4.032258064516129
