status,intersection
Core,3.597122302158273
Non-core,3.0927835051546393
