status,intersection
Core,1.9607843137254901
Non-core,1.492537313432836
