status,intersection
Core,5.485232067510548
Non-core,4.2682926829268295
