status,intersection
Core,5.590062111801243
Non-core,4.2105263157894735
