status,intersection
Core,5.116279069767442
Non-core,4.895104895104895
