status,intersection
Core,8.333333333333334
Non-core,7.046979865771812
