status,intersection
Core,4.424778761061947
Non-core,4.411764705882353
