status,intersection
Core,1.6528925619834711
Non-core,2.0491803278688523
