status,intersection
Core,7.608695652173913
Non-core,9.615384615384615
