status,intersection
Core,2.803738317757009
Non-core,2.830188679245283
