status,intersection
Core,8.421052631578947
Non-core,5.172413793103448
