status,intersection
Core,8.626198083067093
Non-core,6.1440677966101696
