status,intersection
Core,9.920634920634921
Non-core,8.666666666666666
