status,intersection
Core,6.791569086651054
Non-core,4.682274247491639
