status,intersection
Core,12.62135922330097
Non-core,12.295081967213115
