status,intersection
Core,11.232876712328768
Non-core,8.189655172413794
