status,intersection
Core,7.920792079207921
Non-core,10.638297872340425
