status,intersection
Core,8.857142857142858
Non-core,5.555555555555555
