status,intersection
Core,9.793814432989691
Non-core,7.142857142857143
