status,intersection
Core,10.16548463356974
Non-core,6.369426751592357
