status,intersection
Core,9.836065573770492
Non-core,9.90990990990991
