status,intersection
Core,11.522633744855968
Non-core,12.056737588652481
