status,intersection
Core,6.382978723404255
Non-core,6.741573033707865
