status,intersection
Core,9.401709401709402
Non-core,7.017543859649122
