status,intersection
Core,7.770961145194274
Non-core,5.7057057057057055
