status,intersection
Core,6.481481481481482
Non-core,5.109489051094891
