status,intersection
Core,7.086614173228346
Non-core,4.615384615384615
