status,intersection
Core,2.770780856423174
Non-core,2.2058823529411766
