status,intersection
Core,9.090909090909092
Non-core,8.045977011494253
