status,intersection
Core,4.014598540145985
Non-core,4.022988505747127
