status,intersection
Core,4.385964912280702
Non-core,4.109589041095891
