status,intersection
Core,10.56338028169014
Non-core,12.790697674418604
