status,intersection
Core,4.511278195488722
Non-core,4.819277108433735
