status,intersection
Core,9.562841530054644
Non-core,8.936170212765957
