status,intersection
Core,4.918032786885246
Non-core,2.7027027027027026
