status,intersection
Core,5.693950177935943
Non-core,5.113636363636363
