status,intersection
Core,9.482758620689655
Non-core,7.339449541284404
