status,intersection
Core,9.780439121756487
Non-core,7.624633431085044
