status,intersection
Core,4.123711340206185
Non-core,2.7777777777777777
