status,intersection
Core,13.672922252010723
Non-core,11.203319502074688
