status,intersection
Core,4.5787545787545785
Non-core,2.644230769230769
