status,intersection
Core,5.05050505050505
Non-core,3.8461538461538463
