status,intersection
Core,11.764705882352942
Non-core,13.72549019607843
