status,intersection
Core,7.657657657657658
Non-core,6.338028169014085
