status,intersection
Core,5.825242718446602
Non-core,6.557377049180328
