status,intersection
Core,13.934426229508198
Non-core,11.293260473588342
