status,intersection
Core,1.4285714285714286
Non-core,1.5267175572519085
