status,intersection
Core,9.433962264150944
Non-core,13.793103448275861
