status,intersection
Core,1.761252446183953
Non-core,0.7692307692307693
