status,intersection
Core,13.333333333333334
Non-core,11.688311688311689
