status,intersection
Core,5.181347150259067
Non-core,4.545454545454546
