status,intersection
Core,3.237410071942446
Non-core,2.247191011235955
