status,intersection
Core,3.9548022598870056
Non-core,3.4482758620689653
