status,intersection
Core,4.964539007092198
Non-core,6.818181818181818
