status,intersection
Core,11.382113821138212
Non-core,9.361702127659575
