status,intersection
Core,0.7518796992481203
Non-core,1.2658227848101267
