status,intersection
Core,7.758620689655173
Non-core,10.144927536231885
