status,intersection
Core,6.944444444444445
Non-core,6.410256410256411
