status,intersection
Core,14.521452145214521
Non-core,11.056511056511056
