status,intersection
Core,6.334841628959276
Non-core,4.444444444444445
