status,intersection
Core,5.912596401028278
Non-core,3.508771929824561
