status,intersection
Core,12.37458193979933
Non-core,11.229946524064172
