status,intersection
Core,5.555555555555555
Non-core,4.761904761904762
