status,intersection
Core,8.602150537634408
Non-core,8.88888888888889
