status,intersection
Core,6.2745098039215685
Non-core,4.72972972972973
