status,intersection
Core,2.2580645161290325
Non-core,2.4630541871921183
