status,intersection
Core,8.614232209737828
Non-core,7.6923076923076925
