status,intersection
Core,3.4722222222222223
Non-core,4.301075268817204
