status,intersection
Core,6.976744186046512
Non-core,2.73972602739726
