status,intersection
Core,6.4655172413793105
Non-core,3.9215686274509802
