status,intersection
Core,5.084745762711864
Non-core,2.2831050228310503
