status,intersection
Core,3.5714285714285716
Non-core,3.0927835051546393
