status,intersection
Core,5.757575757575758
Non-core,3.827751196172249
