status,intersection
Core,11.831442463533225
Non-core,9.023485784919654
