status,intersection
Core,4.627766599597585
Non-core,3.278688524590164
