status,intersection
Core,10.526315789473685
Non-core,8.474576271186441
