status,intersection
Core,2.756892230576441
Non-core,2.1818181818181817
