status,intersection
Core,6.086956521739131
Non-core,6.896551724137931
