status,intersection
Core,6.578947368421052
Non-core,4.49438202247191
