status,intersection
Core,11.042944785276074
Non-core,12.371134020618557
