status,intersection
Core,13.25301204819277
Non-core,8.080808080808081
