status,intersection
Core,3.401360544217687
Non-core,2.0833333333333335
