status,intersection
Core,7.482993197278912
Non-core,5.681818181818182
