status,intersection
Core,7.296137339055794
Non-core,7.857142857142857
