status,intersection
Core,1.7751479289940828
Non-core,1.8518518518518519
