status,intersection
Core,5.911330049261084
Non-core,3.316749585406302
