status,intersection
Core,10.094637223974763
Non-core,6.511627906976744
