status,intersection
Core,4.201680672268908
Non-core,2.816901408450704
