status,intersection
Core,1.3793103448275863
Non-core,2.0833333333333335
