status,intersection
Core,8.13953488372093
Non-core,9.803921568627452
