status,intersection
Core,4.697986577181208
Non-core,5.2631578947368425
