status,intersection
Core,7.722007722007722
Non-core,5.847953216374269
