status,intersection
Core,5.681818181818182
Non-core,4.471544715447155
