status,intersection
Core,9.667673716012084
Non-core,8.571428571428571
