status,intersection
Core,6.976744186046512
Non-core,6.315789473684211
