status,intersection
Core,2.0689655172413794
Non-core,1.0309278350515463
