status,intersection
Core,6.936416184971098
Non-core,4.9504950495049505
