status,intersection
Core,3.237410071942446
Non-core,3.6458333333333335
