status,intersection
Core,8.450704225352112
Non-core,5.714285714285714
