status,intersection
Core,5.521472392638037
Non-core,3.0927835051546393
