status,intersection
Core,4.81283422459893
Non-core,4.3478260869565215
