status,intersection
Core,4.371584699453552
Non-core,3.7593984962406015
