status,intersection
Core,10.514018691588785
Non-core,8.540925266903914
