status,intersection
Core,5.46218487394958
Non-core,2.0833333333333335
