status,intersection
Core,13.017751479289942
Non-core,16.842105263157894
