status,intersection
Core,5.830903790087463
Non-core,6.698564593301436
