status,intersection
Core,9.274193548387096
Non-core,10.526315789473685
