status,intersection
Core,2.358490566037736
Non-core,3.007518796992481
