status,intersection
Core,15.384615384615385
Non-core,14.285714285714286
