status,intersection
Core,9.542743538767395
Non-core,6.596306068601583
