status,intersection
Core,3.0701754385964914
Non-core,3.3333333333333335
