status,intersection
Core,7.352941176470588
Non-core,6.432748538011696
