status,intersection
Core,5.150214592274678
Non-core,5.369127516778524
