status,intersection
Core,3.6363636363636362
Non-core,1.5873015873015872
