status,intersection
Core,5.190311418685121
Non-core,4.81283422459893
