status,intersection
Core,6.474820143884892
Non-core,5.776173285198556
