status,intersection
Core,1.9867549668874172
Non-core,3.2967032967032965
