status,intersection
Core,4.316546762589928
Non-core,3.763440860215054
