status,intersection
Core,6.6350710900473935
Non-core,4.166666666666667
