status,intersection
Core,3.8461538461538463
Non-core,3.1578947368421053
