status,intersection
Core,8.26086956521739
Non-core,7.299270072992701
