status,intersection
Core,4.4692737430167595
Non-core,3.8461538461538463
