status,intersection
Core,5.970149253731344
Non-core,5.747126436781609
