status,intersection
Core,8.68421052631579
Non-core,11.428571428571429
