status,intersection
Core,7.253886010362694
Non-core,5.691056910569106
