status,intersection
Core,11.864406779661017
Non-core,7.874015748031496
