status,intersection
Core,4.471544715447155
Non-core,2.5157232704402515
