status,intersection
Core,5.932203389830509
Non-core,7.462686567164179
