status,intersection
Core,14.539007092198581
Non-core,10.294117647058824
