status,intersection
Core,3.676470588235294
Non-core,5.194805194805195
