status,intersection
Core,2.985074626865672
Non-core,1.408450704225352
