status,intersection
Core,1.8518518518518519
Non-core,1.4705882352941178
