status,intersection
Core,9.337134711332858
Non-core,6.163753449862005
