status,intersection
Core,4.787234042553192
Non-core,4.838709677419355
