status,intersection
Core,11.313131313131313
Non-core,9.295774647887324
