status,intersection
Core,11.30952380952381
Non-core,13.414634146341463
