status,intersection
Core,5.752212389380531
Non-core,5.072463768115942
