status,intersection
Core,3.116883116883117
Non-core,3.3962264150943398
