status,intersection
Core,5.583126550868486
Non-core,4.3261231281198
