status,intersection
Core,2.1164021164021163
Non-core,3.6363636363636362
