status,intersection
Core,11.552346570397113
Non-core,7.035175879396985
