status,intersection
Core,4.934210526315789
Non-core,6.310679611650485
