status,intersection
Core,4.385964912280702
Non-core,6.666666666666667
