status,intersection
Core,9.253731343283581
Non-core,9.004739336492891
