status,intersection
Core,4.531722054380665
Non-core,1.4285714285714286
