status,intersection
Core,4.1420118343195265
Non-core,3.389830508474576
