status,intersection
Core,1.550387596899225
Non-core,1.5873015873015872
