status,intersection
Core,3.9215686274509802
Non-core,4.132231404958677
