status,intersection
Core,8.843537414965986
Non-core,8.045977011494253
