status,intersection
Core,5.579399141630901
Non-core,6.617647058823529
