status,intersection
Core,11.278195488721805
Non-core,12.820512820512821
