status,intersection
Core,3.2432432432432434
Non-core,3.225806451612903
