status,intersection
Core,11.1731843575419
Non-core,11.11111111111111
