status,intersection
Core,3.2663316582914574
Non-core,3.597122302158273
