status,intersection
Core,3.8461538461538463
Non-core,2.6315789473684212
