status,intersection
Core,12.574850299401197
Non-core,14.606741573033707
