status,intersection
Core,6.7073170731707314
Non-core,6.0606060606060606
