status,intersection
Core,3.255813953488372
Non-core,2.898550724637681
