status,intersection
Core,1.8726591760299625
Non-core,2.73224043715847
