status,intersection
Core,6.590257879656161
Non-core,5.777777777777778
