status,intersection
Core,6.077348066298343
Non-core,4.273504273504273
