status,intersection
Core,8.484848484848484
Non-core,4.504504504504505
