status,intersection
Core,8.274231678486998
Non-core,6.185567010309279
