status,intersection
Core,3.902439024390244
Non-core,2.272727272727273
