status,intersection
Core,6.7251461988304095
Non-core,6.451612903225806
