status,intersection
Core,3.65296803652968
Non-core,3.8461538461538463
