status,intersection
Core,9.236947791164658
Non-core,10.666666666666666
