status,intersection
Core,5.205709487825357
Non-core,3.3854166666666665
