status,intersection
Core,2.7131782945736433
Non-core,2.2988505747126435
