status,intersection
Core,6.722689075630252
Non-core,7.246376811594203
