status,intersection
Core,7.2202166064981945
Non-core,6.779661016949152
