status,intersection
Core,15.873015873015873
Non-core,10.434782608695652
