status,intersection
Core,4.065040650406504
Non-core,1.694915254237288
