status,intersection
Core,3.067484662576687
Non-core,2.608695652173913
