status,intersection
Core,14.285714285714286
Non-core,23.076923076923077
