status,intersection
Core,10.427807486631016
Non-core,8.064516129032258
