status,intersection
Core,4.796163069544365
Non-core,3.7735849056603774
