status,intersection
Core,11.344537815126051
Non-core,10.828025477707007
