status,intersection
Core,4.263565891472868
Non-core,2.684563758389262
