status,intersection
Core,8.387096774193548
Non-core,3.4482758620689653
