status,intersection
Core,4.385964912280702
Non-core,4.3478260869565215
