status,intersection
Core,8.018867924528301
Non-core,5.136986301369863
