status,intersection
Core,5.202312138728324
Non-core,5.2631578947368425
