status,intersection
Core,11.16751269035533
Non-core,8.300395256916996
