status,intersection
Core,5.821917808219178
Non-core,4.591836734693878
