status,intersection
Core,6.2015503875969
Non-core,7.575757575757576
