status,intersection
Core,7.391304347826087
Non-core,3.5502958579881656
