status,intersection
Core,8.205128205128204
Non-core,9.01639344262295
