status,intersection
Core,1.3774104683195592
Non-core,1.639344262295082
