status,intersection
Core,8.226221079691516
Non-core,6.94980694980695
