status,intersection
Core,4.794520547945205
Non-core,4.819277108433735
