status,intersection
Core,11.147540983606557
Non-core,10.344827586206897
