status,intersection
Core,5.970149253731344
Non-core,3.3707865168539324
