status,intersection
Core,12.030075187969924
Non-core,11.842105263157896
