status,intersection
Core,1.3574660633484164
Non-core,1.3888888888888888
