status,intersection
Core,4.090909090909091
Non-core,4.026845637583893
