status,intersection
Core,2.0547945205479454
Non-core,2.2988505747126435
