status,intersection
Core,4.225352112676056
Non-core,1.9230769230769231
