status,intersection
Core,6.557377049180328
Non-core,2.6315789473684212
