status,intersection
Core,5.442176870748299
Non-core,3.488372093023256
