status,intersection
Core,0.7092198581560284
Non-core,1.075268817204301
