status,intersection
Core,5.936073059360731
Non-core,6.976744186046512
