status,intersection
Core,5.449591280653951
Non-core,4.918032786885246
