status,intersection
Core,3.4979423868312756
Non-core,1.9337016574585635
