status,intersection
Core,0.9803921568627451
Non-core,1.694915254237288
