status,intersection
Core,15.189873417721518
Non-core,11.009174311926605
