status,intersection
Core,4.156479217603912
Non-core,3.3707865168539324
