status,intersection
Core,6.075949367088608
Non-core,4.119850187265918
