status,intersection
Core,1.9607843137254901
Non-core,0.9345794392523364
