status,intersection
Core,7.086614173228346
Non-core,9.090909090909092
