status,intersection
Core,14.17910447761194
Non-core,9.826589595375722
