status,intersection
Core,5.797101449275362
Non-core,4.716981132075472
