status,intersection
Core,2.955665024630542
Non-core,3.076923076923077
