status,intersection
Core,2.7989821882951653
Non-core,3.663003663003663
