status,intersection
Core,1.1688311688311688
Non-core,0.690846286701209
