status,intersection
Core,8.673469387755102
Non-core,6.896551724137931
