status,intersection
Core,8.080808080808081
Non-core,9.090909090909092
