status,intersection
Core,7.5675675675675675
Non-core,7.079646017699115
