status,intersection
Core,4.9079754601226995
Non-core,5.319148936170213
