status,intersection
Core,7.006369426751593
Non-core,5.9405940594059405
