status,intersection
Core,11.607142857142858
Non-core,8.955223880597014
