status,intersection
Core,4.242424242424242
Non-core,3.9215686274509802
