status,intersection
Core,1.7045454545454546
Non-core,1.7391304347826086
