status,intersection
Core,4.4692737430167595
Non-core,4.237288135593221
