status,intersection
Core,6.395348837209302
Non-core,6.521739130434782
