status,intersection
Core,12.32876712328767
Non-core,9.01639344262295
