status,intersection
Core,0.3937007874015748
Non-core,0.5882352941176471
