status,intersection
Core,2.0618556701030926
Non-core,2.7888446215139444
