status,intersection
Core,6.432748538011696
Non-core,6.741573033707865
