status,intersection
Core,5.47945205479452
Non-core,2.9411764705882355
