status,intersection
Core,20.792079207920793
Non-core,16.513761467889907
