status,intersection
Core,6.666666666666667
Non-core,8.108108108108109
