status,intersection
Core,5.727923627684964
Non-core,4.779411764705882
