status,intersection
Core,7.344632768361582
Non-core,7.339449541284404
