status,intersection
Core,9.215262778977682
Non-core,6.517690875232774
