status,intersection
Core,8.366533864541832
Non-core,8.843537414965986
