status,intersection
Core,14.473684210526315
Non-core,15.116279069767442
