status,intersection
Core,5.769230769230769
Non-core,5.882352941176471
