status,intersection
Core,13.157894736842104
Non-core,12.857142857142858
