status,intersection
Core,1.951219512195122
Non-core,3.252032520325203
