status,intersection
Core,3.2142857142857144
Non-core,3.225806451612903
