status,intersection
Core,10.394265232974911
Non-core,10.344827586206897
