status,intersection
Core,9.00900900900901
Non-core,6.896551724137931
