status,intersection
Core,5.416666666666667
Non-core,5.161290322580645
