status,intersection
Core,7.868852459016393
Non-core,5.41871921182266
