status,intersection
Core,8.760683760683762
Non-core,6.748466257668712
