status,intersection
Core,8.426966292134832
Non-core,10.576923076923077
