status,intersection
Core,6.956521739130435
Non-core,7.6923076923076925
