status,intersection
Core,2.7586206896551726
Non-core,2.0408163265306123
