status,intersection
Core,11.971830985915492
Non-core,12.658227848101266
