status,intersection
Core,9.782608695652174
Non-core,8.849557522123893
