status,intersection
Core,11.538461538461538
Non-core,13.924050632911392
