status,intersection
Core,6.516290726817043
Non-core,5.166051660516605
