status,intersection
Core,7.001321003963012
Non-core,4.92091388400703
