status,intersection
Core,10.909090909090908
Non-core,12.631578947368421
