status,intersection
Core,1.0970464135021096
Non-core,0.9186351706036745
