status,intersection
Core,5.469327420546933
Non-core,2.77511961722488
