status,intersection
Core,1.4423076923076923
Non-core,1.550387596899225
