status,intersection
Core,7.575757575757576
Non-core,7.43801652892562
