status,intersection
Core,8.547008547008547
Non-core,8.108108108108109
