status,intersection
Core,4.166666666666667
Non-core,4.81283422459893
