status,intersection
Core,12.138728323699421
Non-core,13.541666666666666
