status,intersection
Core,6.9216757741347905
Non-core,4.784688995215311
