status,intersection
Core,9.489051094890511
Non-core,8.839779005524862
