status,intersection
Core,4.232804232804233
Non-core,4.237288135593221
