status,intersection
Core,5.882352941176471
Non-core,4.30622009569378
