status,intersection
Core,12.244897959183673
Non-core,12.048192771084338
