status,intersection
Core,8.677685950413224
Non-core,6.578947368421052
