status,intersection
Core,8.812260536398467
Non-core,7.18562874251497
