status,intersection
Core,8.571428571428571
Non-core,6.666666666666667
