status,intersection
Core,5.031446540880503
Non-core,5.05050505050505
