status,intersection
Core,5.41044776119403
Non-core,2.743142144638404
