status,intersection
Core,2.586206896551724
Non-core,3.0303030303030303
