status,intersection
Core,10.982658959537572
Non-core,12.745098039215685
