status,intersection
Core,2.898550724637681
Non-core,3.4482758620689653
