status,intersection
Core,9.32475884244373
Non-core,6.842105263157895
