status,intersection
Core,9.574468085106384
Non-core,10.344827586206897
