status,intersection
Core,4.040404040404041
Non-core,4.724409448818897
