status,intersection
Core,10.7981220657277
Non-core,9.16030534351145
