status,intersection
Core,0.6711409395973155
Non-core,1.0526315789473684
