status,intersection
Core,5.223880597014926
Non-core,6.097560975609756
