status,intersection
Core,5.164319248826291
Non-core,1.5151515151515151
