status,intersection
Core,10.219780219780219
Non-core,7.988165680473373
