status,intersection
Core,6.912442396313364
Non-core,6.7164179104477615
