status,intersection
Core,3.7735849056603774
Non-core,4.081632653061225
