status,intersection
Core,12.213740458015268
Non-core,12.987012987012987
