status,intersection
Core,7.522123893805309
Non-core,6.521739130434782
