status,intersection
Core,6.306306306306307
Non-core,7.6923076923076925
