status,intersection
Core,5.536332179930795
Non-core,6.145251396648045
