status,intersection
Core,3.91644908616188
Non-core,3.8461538461538463
