status,intersection
Core,3.7974683544303796
Non-core,2.380952380952381
