status,intersection
Core,8.241758241758241
Non-core,4.587155963302752
