status,intersection
Core,2.8753993610223643
Non-core,2.912621359223301
