status,intersection
Core,2.393617021276596
Non-core,2.3346303501945527
