status,intersection
Core,0.7782101167315175
Non-core,0.5813953488372093
