status,intersection
Core,1.9736842105263157
Non-core,1.9047619047619047
