status,intersection
Core,2.0761245674740483
Non-core,2.4752475247524752
