status,intersection
Core,6.4935064935064934
Non-core,5.555555555555555
