status,intersection
Core,11.160714285714286
Non-core,9.364548494983278
