status,intersection
Core,5.913978494623656
Non-core,3.9603960396039604
