status,intersection
Core,7.211538461538462
Non-core,5.633802816901408
