status,intersection
Core,7.6923076923076925
Non-core,6.268656716417911
