status,intersection
Core,10.112359550561798
Non-core,9.248554913294798
