status,intersection
Core,6.349206349206349
Non-core,7.894736842105263
