status,intersection
Core,11.068702290076336
Non-core,9.554140127388536
