status,intersection
Core,2.416918429003021
Non-core,3.1531531531531534
