status,intersection
Core,9.722222222222221
Non-core,10.227272727272727
