status,intersection
Core,11.538461538461538
Non-core,9.482758620689655
