status,intersection
Core,5.072463768115942
Non-core,5.813953488372093
