status,intersection
Core,7.547169811320755
Non-core,4.838709677419355
