status,intersection
Core,2.6666666666666665
Non-core,3.1746031746031744
