status,intersection
Core,0.9933774834437086
Non-core,0.5291005291005291
