status,intersection
Core,12.359550561797754
Non-core,12.745098039215685
