status,intersection
Core,1.6085790884718498
Non-core,1.5748031496062993
