status,intersection
Core,8.560794044665013
Non-core,5.518394648829432
