status,intersection
Core,6.565656565656566
Non-core,6.2015503875969
