status,intersection
Core,11.313868613138686
Non-core,12.352941176470589
