status,intersection
Core,10.42654028436019
Non-core,10.687022900763358
