status,intersection
Core,8.484848484848484
Non-core,3.4482758620689653
