status,intersection
Core,5.978260869565218
Non-core,1.9801980198019802
