status,intersection
Core,5.7894736842105265
Non-core,3.7037037037037037
