status,intersection
Core,5.847953216374269
Non-core,5.084745762711864
