status,intersection
Core,7.958477508650519
Non-core,7.446808510638298
