status,intersection
Core,1.0526315789473684
Non-core,1.6666666666666667
