status,intersection
Core,4.522613065326633
Non-core,3.787878787878788
