status,intersection
Core,5.932203389830509
Non-core,4.878048780487805
