status,intersection
Core,0.9584664536741214
Non-core,0.975609756097561
