status,intersection
Core,12.658227848101266
Non-core,15.555555555555555
