status,intersection
Core,2.1052631578947367
Non-core,2.0100502512562812
