status,intersection
Core,12.709030100334449
Non-core,11.35135135135135
