status,intersection
Core,3.3582089552238807
Non-core,3.8461538461538463
