status,intersection
Core,4.635761589403973
Non-core,4.854368932038835
