status,intersection
Core,4.487179487179487
Non-core,5.813953488372093
