status,intersection
Core,8.868501529051988
Non-core,8.737864077669903
