status,intersection
Core,4.455445544554456
Non-core,4.878048780487805
