status,intersection
Core,11.497326203208557
Non-core,6.563706563706564
