status,intersection
Core,7.281553398058253
Non-core,4.98220640569395
