status,intersection
Core,7.608695652173913
Non-core,3.361344537815126
