status,intersection
Core,11.049723756906078
Non-core,10.891089108910892
