status,intersection
Core,9.62566844919786
Non-core,4.761904761904762
