status,intersection
Core,8.646616541353383
Non-core,8.235294117647058
