status,intersection
Core,8.517350157728707
Non-core,7.317073170731708
