status,intersection
Core,4.591836734693878
Non-core,4.166666666666667
