status,intersection
Core,1.8691588785046729
Non-core,2.1739130434782608
