status,intersection
Core,4.3478260869565215
Non-core,3.7542662116040955
