status,intersection
Core,4.2979942693409745
Non-core,3.8461538461538463
