status,intersection
Core,16.95906432748538
Non-core,9.67741935483871
