status,intersection
Core,8.414239482200648
Non-core,6.372549019607843
