status,intersection
Core,4.861111111111111
Non-core,5.376344086021505
