status,intersection
Core,1.4150943396226414
Non-core,1.5037593984962405
