status,intersection
Core,7.591623036649215
Non-core,5.3061224489795915
