status,intersection
Core,6.971677559912854
Non-core,5.060918462980319
