status,intersection
Core,2.7918781725888326
Non-core,2.93040293040293
