status,intersection
Core,5.4945054945054945
Non-core,5.421686746987952
