status,intersection
Core,2.9702970297029703
Non-core,1.639344262295082
