status,intersection
Core,0.5376344086021505
Non-core,0.8547008547008547
