status,intersection
Core,2.5380710659898478
Non-core,2.479338842975207
