status,intersection
Core,4.1420118343195265
Non-core,5.154639175257732
