status,intersection
Core,4.316546762589928
Non-core,6.172839506172839
