status,intersection
Core,4.8076923076923075
Non-core,2.459016393442623
