status,intersection
Core,21.428571428571427
Non-core,15.789473684210526
