status,intersection
Core,15.463917525773196
Non-core,13.461538461538462
