status,intersection
Core,4.511278195488722
Non-core,4.938271604938271
