status,intersection
Core,3.7974683544303796
Non-core,2.6315789473684212
