status,intersection
Core,7.804878048780488
Non-core,9.917355371900827
