status,intersection
Core,7.792207792207792
Non-core,5.217391304347826
