status,intersection
Core,4.57516339869281
Non-core,5.154639175257732
