status,intersection
Core,12.352941176470589
Non-core,10.1010101010101
