status,intersection
Core,13.541666666666666
Non-core,8.771929824561404
