status,intersection
Core,2.183406113537118
Non-core,1.3157894736842106
