status,intersection
Core,7.0559610705596105
Non-core,5.86080586080586
