status,intersection
Core,9.954233409610984
Non-core,6.912442396313364
