status,intersection
Core,7.364341085271318
Non-core,7.594936708860759
