status,intersection
Core,5.627705627705628
Non-core,5.223880597014926
