status,intersection
Core,2.1621621621621623
Non-core,1.6260162601626016
