status,intersection
Core,13.11787072243346
Non-core,8.474576271186441
