status,intersection
Core,22.274881516587676
Non-core,14.87603305785124
