status,intersection
Core,11.538461538461538
Non-core,15.384615384615385
