status,intersection
Core,4.032258064516129
Non-core,4.109589041095891
