status,intersection
Core,7.601572739187418
Non-core,4.886561954624782
