status,intersection
Core,2.7131782945736433
Non-core,3.6809815950920246
