status,intersection
Core,12.195121951219512
Non-core,9.58904109589041
