status,intersection
Core,1.3850415512465375
Non-core,0.8333333333333334
