status,intersection
Core,4.225352112676056
Non-core,5.194805194805195
