status,intersection
Core,7.006369426751593
Non-core,10.989010989010989
