status,intersection
Core,9.06515580736544
Non-core,6.751054852320675
