status,intersection
Core,1.2195121951219512
Non-core,1.8518518518518519
