status,intersection
Core,8.743169398907105
Non-core,4.098360655737705
