status,intersection
Core,9.62671905697446
Non-core,6.963788300835654
