status,intersection
Core,7.729468599033816
Non-core,5.0359712230215825
