status,intersection
Core,8.292682926829269
Non-core,5.882352941176471
