status,intersection
Core,16.99346405228758
Non-core,12.987012987012987
