status,intersection
Core,13.846153846153847
Non-core,10.344827586206897
