status,intersection
Core,5.793450881612091
Non-core,5.223880597014926
