status,intersection
Core,0.7633587786259542
Non-core,1.1764705882352942
