status,intersection
Core,6.278026905829597
Non-core,5.673758865248227
