status,intersection
Core,4.424778761061947
Non-core,6.666666666666667
