status,intersection
Core,13.138686131386862
Non-core,10.81081081081081
