status,intersection
Core,5.012531328320802
Non-core,3.690036900369004
