status,intersection
Core,9.455128205128204
Non-core,6.512605042016807
