status,intersection
Core,11.924119241192411
Non-core,8.214285714285714
