status,intersection
Core,4.8076923076923075
Non-core,6.896551724137931
