status,intersection
Core,1.8779342723004695
Non-core,1.4705882352941178
