status,intersection
Core,4.25531914893617
Non-core,4.705882352941177
