status,intersection
Core,5.185185185185185
Non-core,4.761904761904762
