status,intersection
Core,6.666666666666667
Non-core,6.944444444444445
