status,intersection
Core,5.442176870748299
Non-core,4.9504950495049505
