status,intersection
Core,4.444444444444445
Non-core,6.2015503875969
