status,intersection
Core,4.913294797687861
Non-core,5.092592592592593
