status,intersection
Core,10.398230088495575
Non-core,8.053691275167786
