status,intersection
Core,8.076923076923077
Non-core,7.407407407407407
