status,intersection
Core,4.830917874396135
Non-core,2.479338842975207
