status,intersection
Core,8.058608058608058
Non-core,3.488372093023256
