status,intersection
Core,9.15032679738562
Non-core,7.0588235294117645
