status,intersection
Core,9.980430528375734
Non-core,6.806282722513089
