status,intersection
Core,4.069767441860465
Non-core,4.504504504504505
