status,intersection
Core,1.3793103448275863
Non-core,2.0618556701030926
