status,intersection
Core,3.816793893129771
Non-core,2.2857142857142856
