status,intersection
Core,7.628128724672229
Non-core,5.305466237942122
