status,intersection
Core,11.379310344827585
Non-core,9.23913043478261
