status,intersection
Core,14.64968152866242
Non-core,12.903225806451612
