status,intersection
Core,10.828025477707007
Non-core,6.422018348623853
