status,intersection
Core,12.206572769953052
Non-core,15.32258064516129
