status,intersection
Core,0.6329113924050633
Non-core,1.0204081632653061
