status,intersection
Core,5.307262569832402
Non-core,4.219409282700422
