status,intersection
Core,6.338028169014085
Non-core,6.4935064935064934
