status,intersection
Core,12.565445026178011
Non-core,8.108108108108109
