status,intersection
Core,9.174311926605505
Non-core,8.064516129032258
