status,intersection
Core,5.9405940594059405
Non-core,5.454545454545454
