status,intersection
Core,7.268170426065163
Non-core,6.130268199233717
