status,intersection
Core,2.097902097902098
Non-core,2.1052631578947367
