status,intersection
Core,4.790419161676646
Non-core,4.2105263157894735
