status,intersection
Core,11.013215859030836
Non-core,9.090909090909092
