status,intersection
Core,10.304449648711945
Non-core,7.142857142857143
