status,intersection
Core,10.857142857142858
Non-core,13.20754716981132
