status,intersection
Core,4.225352112676056
Non-core,2.2988505747126435
