status,intersection
Core,4.838709677419355
Non-core,6.0606060606060606
