status,intersection
Core,8.51063829787234
Non-core,7.079646017699115
