status,intersection
Core,1.2345679012345678
Non-core,2.4390243902439024
