status,intersection
Core,5.095541401273885
Non-core,3.9603960396039604
