status,intersection
Core,7.647058823529412
Non-core,5.555555555555555
