status,intersection
Core,19.246861924686193
Non-core,16.139240506329113
