status,intersection
Core,10.824742268041238
Non-core,9.30232558139535
