status,intersection
Core,6.3938618925831205
Non-core,5.474452554744525
