status,intersection
Core,6.176470588235294
Non-core,3.5714285714285716
