status,intersection
Core,3.7267080745341614
Non-core,2.9702970297029703
