status,intersection
Core,8.808290155440414
Non-core,6.837606837606837
