status,intersection
Core,7.4766355140186915
Non-core,9.523809523809524
