status,intersection
Core,9.316770186335404
Non-core,13.043478260869565
