status,intersection
Core,11.397058823529411
Non-core,5.911330049261084
