status,intersection
Core,7.738095238095238
Non-core,5.990783410138249
