status,intersection
Core,2.2900763358778624
Non-core,1.1235955056179776
