status,intersection
Core,9.554140127388536
Non-core,6.930693069306931
