status,intersection
Core,14.184397163120567
Non-core,13.068181818181818
