status,intersection
Core,1.0695187165775402
Non-core,1.694915254237288
