status,intersection
Core,5.109489051094891
Non-core,4.081632653061225
