status,intersection
Core,4.4665012406947895
Non-core,2.681992337164751
