status,intersection
Core,4.221635883905013
Non-core,3.0927835051546393
