status,intersection
Core,8.130081300813009
Non-core,5.882352941176471
