status,intersection
Core,3.559870550161812
Non-core,3.3980582524271843
