status,intersection
Core,11.406844106463879
Non-core,8.875739644970414
