status,intersection
Core,6.280193236714976
Non-core,5.614035087719298
