status,intersection
Core,0.33444816053511706
Non-core,0.5208333333333334
