status,intersection
Core,2.9197080291970803
Non-core,1.3513513513513513
