status,intersection
Core,12.173913043478262
Non-core,11.475409836065573
