status,intersection
Core,2.955665024630542
Non-core,2.4390243902439024
