status,intersection
Core,0.7299270072992701
Non-core,1.2820512820512822
