status,intersection
Core,10.591133004926109
Non-core,9.22509225092251
