status,intersection
Core,6.928406466512702
Non-core,4.895104895104895
