status,intersection
Core,8.808290155440414
Non-core,8.403361344537815
