status,intersection
Core,2.8720626631853787
Non-core,2.661596958174905
