status,intersection
Core,4.310344827586207
Non-core,5.357142857142857
