status,intersection
Core,4.5212765957446805
Non-core,3.225806451612903
