status,intersection
Core,9.22509225092251
Non-core,7.017543859649122
