status,intersection
Core,5.562422744128554
Non-core,3.87858347386172
