status,intersection
Core,6.310679611650485
Non-core,5.691056910569106
