status,intersection
Core,4.45859872611465
Non-core,4.761904761904762
