status,intersection
Core,9.21985815602837
Non-core,6.741573033707865
