status,intersection
Core,6.878306878306878
Non-core,6.1946902654867255
