status,intersection
Core,4.895104895104895
Non-core,3.6144578313253013
