status,intersection
Core,3.048780487804878
Non-core,1.8018018018018018
