status,intersection
Core,10.280373831775702
Non-core,10.76923076923077
