status,intersection
Core,1.10803324099723
Non-core,0.704225352112676
