status,intersection
Core,6.862745098039215
Non-core,5.405405405405405
