status,intersection
Core,7.052896725440806
Non-core,5.7915057915057915
