status,intersection
Core,8.783783783783784
Non-core,9.63855421686747
