status,intersection
Core,3.9800995024875623
Non-core,3.8461538461538463
