status,intersection
Core,7.633587786259542
Non-core,6.8493150684931505
