status,intersection
Core,4.385964912280702
Non-core,2.18978102189781
