status,intersection
Core,7.782101167315175
Non-core,6.024096385542169
