status,intersection
Core,10.13986013986014
Non-core,7.389162561576355
