status,intersection
Core,16.99544764795144
Non-core,13.070539419087137
