status,intersection
Core,7.553956834532374
Non-core,7.303370786516854
