status,intersection
Core,2.1390374331550803
Non-core,2.3715415019762847
