status,intersection
Core,6.486486486486487
Non-core,5.555555555555555
