status,intersection
Core,7.558139534883721
Non-core,5.208333333333333
