status,intersection
Core,10.830324909747292
Non-core,7.389162561576355
