status,intersection
Core,7.737104825291182
Non-core,6.153846153846154
