status,intersection
Core,6.772908366533865
Non-core,5.769230769230769
