status,intersection
Core,6.2015503875969
Non-core,8.064516129032258
