status,intersection
Core,3.053435114503817
Non-core,3.321033210332103
