status,intersection
Core,7.936507936507937
Non-core,8.292682926829269
