status,intersection
Core,10.940499040307103
Non-core,8.092485549132949
