status,intersection
Core,6.2717770034843205
Non-core,4.81283422459893
