status,intersection
Core,2.575107296137339
Non-core,3.3783783783783785
