status,intersection
Core,13.153961136023916
Non-core,9.347826086956522
