status,intersection
Core,2.9702970297029703
Non-core,3.7735849056603774
