status,intersection
Core,10.169491525423728
Non-core,19.23076923076923
