status,intersection
Core,2.989130434782609
Non-core,2.479338842975207
