status,intersection
Core,3.6036036036036037
Non-core,4.838709677419355
