status,intersection
Core,3.587443946188341
Non-core,3.4482758620689653
