status,intersection
Core,11.74129353233831
Non-core,8.811748998664887
