status,intersection
Core,8.722741433021806
Non-core,6.896551724137931
