status,intersection
Core,4.320987654320987
Non-core,1.8181818181818181
