status,intersection
Core,3.3472803347280333
Non-core,3.1645569620253164
