status,intersection
Core,8.396946564885496
Non-core,4.705882352941177
