status,intersection
Core,6.962025316455696
Non-core,8.791208791208792
