status,intersection
Core,23.70689655172414
Non-core,13.793103448275861
