status,intersection
Core,1.1142061281337048
Non-core,0.8333333333333334
