status,intersection
Core,3.9627039627039626
Non-core,3.7267080745341614
