status,intersection
Core,1.477832512315271
Non-core,2.4390243902439024
