status,intersection
Core,3.1914893617021276
Non-core,3.1746031746031744
