status,intersection
Core,15.436241610738255
Non-core,22.07792207792208
