status,intersection
Core,0.5509641873278237
Non-core,0.819672131147541
