status,intersection
Core,8.761329305135952
Non-core,6.944444444444445
