status,intersection
Core,3.508771929824561
Non-core,4.3478260869565215
