status,intersection
Core,5.607476635514018
Non-core,7.017543859649122
