status,intersection
Core,1.941747572815534
Non-core,1.5748031496062993
