status,intersection
Core,2.127659574468085
Non-core,2.051282051282051
