status,intersection
Core,8.502024291497976
Non-core,5.454545454545454
