status,intersection
Core,2.4579560155239326
Non-core,1.7301038062283738
