status,intersection
Core,3.1914893617021276
Non-core,1.7543859649122806
