status,intersection
Core,6.369426751592357
Non-core,4.166666666666667
