status,intersection
Core,3.717948717948718
Non-core,2.7538726333907055
