status,intersection
Core,1.8518518518518519
Non-core,3.4482758620689653
