status,intersection
Core,8.053691275167786
Non-core,5.882352941176471
