status,intersection
Core,9.174311926605505
Non-core,16.3265306122449
