status,intersection
Core,5.555555555555555
Non-core,4.929577464788732
