status,intersection
Core,7.608695652173913
Non-core,6.349206349206349
