status,intersection
Core,2.5641025641025643
Non-core,1.2345679012345678
