status,intersection
Core,7.94392523364486
Non-core,6.2015503875969
