status,intersection
Core,7.547169811320755
Non-core,5.9880239520958085
