status,intersection
Core,3.4965034965034967
Non-core,1.1904761904761905
