status,intersection
Core,6.410256410256411
Non-core,3.7037037037037037
