status,intersection
Core,5.440900562851782
Non-core,3.4229828850855744
