status,intersection
Core,14.782608695652174
Non-core,18.51851851851852
