status,intersection
Core,1.8691588785046729
Non-core,2.5316455696202533
