status,intersection
Core,9.256198347107437
Non-core,6.997455470737913
