status,intersection
Core,0.7407407407407407
Non-core,1.2345679012345678
