status,intersection
Core,7.738095238095238
Non-core,7.6923076923076925
