status,intersection
Core,3.787878787878788
Non-core,1.36986301369863
