status,intersection
Core,10.344827586206897
Non-core,15.068493150684931
