status,intersection
Core,3.0837004405286343
Non-core,1.7964071856287425
