status,intersection
Core,2.0134228187919465
Non-core,3.3707865168539324
