status,intersection
Core,13.422818791946309
Non-core,16.666666666666668
