status,intersection
Core,4.588910133843212
Non-core,3.526448362720403
