status,intersection
Core,17.391304347826086
Non-core,27.586206896551722
