status,intersection
Core,10.089020771513352
Non-core,7.239819004524887
