status,intersection
Core,5.797101449275362
Non-core,3.5483870967741935
