status,intersection
Core,9.7165991902834
Non-core,11.03896103896104
