status,intersection
Core,8.564814814814815
Non-core,5.2264808362369335
