status,intersection
Core,3.3783783783783785
Non-core,3.1578947368421053
