status,intersection
Core,13.768115942028986
Non-core,12.67605633802817
