status,intersection
Core,8.904109589041095
Non-core,10.38961038961039
