status,intersection
Core,9.688581314878892
Non-core,9.62566844919786
