status,intersection
Core,5.813953488372093
Non-core,2.127659574468085
