status,intersection
Core,12.418300653594772
Non-core,13.186813186813186
