status,intersection
Core,10.486891385767791
Non-core,7.547169811320755
