status,intersection
Core,5.339805825242719
Non-core,4.724409448818897
