status,intersection
Core,5.666666666666667
Non-core,5.7591623036649215
