status,intersection
Core,8.542713567839195
Non-core,5.833333333333333
