status,intersection
Core,3.067484662576687
Non-core,2.8846153846153846
