status,intersection
Core,9.411764705882353
Non-core,5.769230769230769
