status,intersection
Core,3.753351206434316
Non-core,4.048582995951417
