status,intersection
Core,7.18562874251497
Non-core,6.0606060606060606
