status,intersection
Core,8.794788273615636
Non-core,8.24742268041237
