status,intersection
Core,17.754777070063696
Non-core,14.595898673100121
