status,intersection
Core,11.504424778761061
Non-core,12.121212121212121
