status,intersection
Core,12.719298245614034
Non-core,12.244897959183673
