status,intersection
Core,9.409190371991247
Non-core,7.594936708860759
