status,intersection
Core,2.623906705539359
Non-core,2.9914529914529915
