status,intersection
Core,5.833333333333333
Non-core,8.19672131147541
