status,intersection
Core,6.280193236714976
Non-core,4.248366013071895
