status,intersection
Core,7.038834951456311
Non-core,5.190311418685121
