status,intersection
Core,12.598425196850394
Non-core,5.633802816901408
