status,intersection
Core,14.25389755011136
Non-core,9.539473684210526
