status,intersection
Core,4.301075268817204
Non-core,6.521739130434782
