status,intersection
Core,7.1022727272727275
Non-core,6.726457399103139
