status,intersection
Core,2.3529411764705883
Non-core,2.380952380952381
