status,intersection
Core,7.079646017699115
Non-core,7.352941176470588
