status,intersection
Core,3.037974683544304
Non-core,2.2988505747126435
