status,intersection
Core,10.919540229885058
Non-core,12.631578947368421
