status,intersection
Core,7.425742574257426
Non-core,8.73015873015873
