status,intersection
Core,13.612565445026178
Non-core,9.821428571428571
