status,intersection
Core,4.4692737430167595
Non-core,4.132231404958677
