status,intersection
Core,8.870967741935484
Non-core,11.267605633802816
