status,intersection
Core,2.912621359223301
Non-core,3.9215686274509802
