status,intersection
Core,6.951871657754011
Non-core,6.306306306306307
