status,intersection
Core,12.684365781710914
Non-core,9.859154929577464
