status,intersection
Core,3.3057851239669422
Non-core,2.5641025641025643
