status,intersection
Core,3.763440860215054
Non-core,1.6528925619834711
