status,intersection
Core,4.444444444444445
Non-core,5.223880597014926
