status,intersection
Core,4.519774011299435
Non-core,5.172413793103448
