status,intersection
Core,10.543130990415335
Non-core,7.8431372549019605
