status,intersection
Core,8.478802992518704
Non-core,6.0606060606060606
