status,intersection
Core,4.8582995951417
Non-core,4.545454545454546
