status,intersection
Core,2.9411764705882355
Non-core,5.660377358490566
