status,intersection
Core,4.746835443037975
Non-core,3.6199095022624435
