status,intersection
Core,1.3368983957219251
Non-core,0.8130081300813008
