status,intersection
Core,9.03954802259887
Non-core,7.264957264957265
