status,intersection
Core,10.538116591928251
Non-core,7.098765432098766
