status,intersection
Core,2.912621359223301
Non-core,3.1746031746031744
