status,intersection
Core,1.976284584980237
Non-core,1.7857142857142858
