status,intersection
Core,4.419889502762431
Non-core,1.7543859649122806
