status,intersection
Core,5.555555555555555
Non-core,6.0606060606060606
