status,intersection
Core,6.338028169014085
Non-core,7.6923076923076925
