status,intersection
Core,0.2724795640326976
Non-core,0.4032258064516129
