status,intersection
Core,5.936073059360731
Non-core,5.714285714285714
