status,intersection
Core,13.855421686746988
Non-core,13.48314606741573
