status,intersection
Core,11.007025761124122
Non-core,10.909090909090908
