status,intersection
Core,5.384615384615385
Non-core,2.985074626865672
