status,intersection
Core,2.358490566037736
Non-core,2.2222222222222223
