status,intersection
Core,15.328467153284672
Non-core,17.441860465116278
