status,intersection
Core,7.964601769911504
Non-core,6.617647058823529
