status,intersection
Core,6.696428571428571
Non-core,3.937007874015748
