status,intersection
Core,3.272727272727273
Non-core,3.8251366120218577
