status,intersection
Core,10.052910052910052
Non-core,12.62135922330097
