status,intersection
Core,11.194029850746269
Non-core,8.620689655172415
