status,intersection
Core,5.025125628140704
Non-core,3.007518796992481
