status,intersection
Core,4.513888888888889
Non-core,3.7037037037037037
