status,intersection
Core,6.126126126126126
Non-core,5.097087378640777
