status,intersection
Core,6.842105263157895
Non-core,8.928571428571429
