status,intersection
Core,11.224489795918368
Non-core,13.709677419354838
