status,intersection
Core,10.731707317073171
Non-core,10.084033613445378
