status,intersection
Core,8.208955223880597
Non-core,10.81081081081081
