status,intersection
Core,7.407407407407407
Non-core,8.474576271186441
