status,intersection
Core,3.260869565217391
Non-core,3.508771929824561
