status,intersection
Core,14.077669902912621
Non-core,11.570247933884298
