status,intersection
Core,2.358490566037736
Non-core,2.272727272727273
