status,intersection
Core,6.268656716417911
Non-core,3.930131004366812
