status,intersection
Core,8.433734939759036
Non-core,5.915492957746479
