status,intersection
Core,8.792111750205423
Non-core,6.305170239596469
