status,intersection
Core,6.776180698151951
Non-core,5.6047197640118
