status,intersection
Core,11.290322580645162
Non-core,8.732394366197184
