status,intersection
Core,3.10077519379845
Non-core,1.2048192771084338
