status,intersection
Core,9.95850622406639
Non-core,8.219178082191782
