status,intersection
Core,4.838709677419355
Non-core,3.0303030303030303
