status,intersection
Core,11.229946524064172
Non-core,13.592233009708737
