status,intersection
Core,6.6115702479338845
Non-core,5.633802816901408
