status,intersection
Core,2.112676056338028
Non-core,2.127659574468085
