status,intersection
Core,9.316770186335404
Non-core,7.070707070707071
