status,intersection
Core,7.682291666666667
Non-core,5.087719298245614
