status,intersection
Core,8.056872037914692
Non-core,6.293706293706293
