status,intersection
Core,5.238095238095238
Non-core,5.223880597014926
