status,intersection
Core,3.4653465346534653
Non-core,3.252032520325203
