status,intersection
Core,10.991379310344827
Non-core,8.6687306501548
