status,intersection
Core,3.0303030303030303
Non-core,5.769230769230769
