status,intersection
Core,6.293706293706293
Non-core,4.395604395604396
