status,intersection
Core,3.115264797507788
Non-core,3.30188679245283
