status,intersection
Core,7.878787878787879
Non-core,3.8461538461538463
