status,intersection
Core,9.448818897637794
Non-core,9.554140127388536
