status,intersection
Core,8.791208791208792
Non-core,9.433962264150944
