status,intersection
Core,6.6339066339066335
Non-core,5.474452554744525
