status,intersection
Core,7.777777777777778
Non-core,9.782608695652174
