status,intersection
Core,3.474903474903475
Non-core,3.6363636363636362
