status,intersection
Core,10.582010582010582
Non-core,8.181818181818182
