status,intersection
Core,6.041923551171394
Non-core,4.643449419568823
