status,intersection
Core,7.428571428571429
Non-core,7.142857142857143
