status,intersection
Core,10.437710437710438
Non-core,5.990783410138249
