status,intersection
Core,6.7669172932330826
Non-core,9.67741935483871
