status,intersection
Core,8.91891891891892
Non-core,9.54356846473029
