status,intersection
Core,6.410256410256411
Non-core,4.081632653061225
