status,intersection
Core,4.098360655737705
Non-core,3.9473684210526314
