status,intersection
Core,6.229508196721311
Non-core,6.122448979591836
