status,intersection
Core,6.990881458966565
Non-core,3.4146341463414633
