status,intersection
Core,4.216867469879518
Non-core,4.672897196261682
