status,intersection
Core,4.635761589403973
Non-core,4.040404040404041
