status,intersection
Core,0.8064516129032258
Non-core,1.2269938650306749
