status,intersection
Core,12.080536912751677
Non-core,14.117647058823529
