status,intersection
Core,6.578947368421052
Non-core,9.210526315789474
