status,intersection
Core,1.2820512820512822
Non-core,1.951219512195122
