status,intersection
Core,4.406130268199234
Non-core,1.7632241813602014
