status,intersection
Core,0.684931506849315
Non-core,1.1494252873563218
