status,intersection
Core,8.045977011494253
Non-core,5.813953488372093
