status,intersection
Core,7.614213197969543
Non-core,5.9760956175298805
