status,intersection
Core,2.4242424242424243
Non-core,3.4188034188034186
