status,intersection
Core,7.60233918128655
Non-core,11.494252873563218
