status,intersection
Core,5.474452554744525
Non-core,7.100591715976331
