status,intersection
Core,2.0547945205479454
Non-core,1.0309278350515463
