status,intersection
Core,8.035714285714286
Non-core,6.451612903225806
