status,intersection
Core,2.3076923076923075
Non-core,2.3529411764705883
