status,intersection
Core,6.2761506276150625
Non-core,3.048780487804878
