status,intersection
Core,12.035010940919037
Non-core,9.602649006622517
