status,intersection
Core,12.704918032786885
Non-core,12.179487179487179
