status,intersection
Core,9.523809523809524
Non-core,9.883720930232558
