status,intersection
Core,9.62566844919786
Non-core,8.764940239043824
