status,intersection
Core,4.583333333333333
Non-core,5.031446540880503
