status,intersection
Core,2.830188679245283
Non-core,2.6315789473684212
