status,intersection
Core,6.8354430379746836
Non-core,5.514705882352941
