status,intersection
Core,12.056737588652481
Non-core,6.666666666666667
