status,intersection
Core,8.80503144654088
Non-core,5.4945054945054945
