status,intersection
Core,10.869565217391305
Non-core,11.818181818181818
