status,intersection
Core,5.1698670605613
Non-core,3.4318398474737846
