status,intersection
Core,17.763157894736842
Non-core,10.465116279069768
