status,intersection
Core,3.493449781659389
Non-core,2.0134228187919465
