status,intersection
Core,7.242339832869081
Non-core,4.741379310344827
