status,intersection
Core,3.7593984962406015
Non-core,5.2631578947368425
