status,intersection
Core,6.208718626155878
Non-core,3.374777975133215
