status,intersection
Core,4.73186119873817
Non-core,5.154639175257732
