status,intersection
Core,3.9408866995073892
Non-core,3.278688524590164
