status,intersection
Core,6.217616580310881
Non-core,6.779661016949152
