status,intersection
Core,11.004784688995215
Non-core,11.764705882352942
