status,intersection
Core,3.5294117647058822
Non-core,2.4390243902439024
