status,intersection
Core,5.232558139534884
Non-core,5.454545454545454
