status,intersection
Core,5.147058823529412
Non-core,5.05050505050505
