status,intersection
Core,3.827751196172249
Non-core,4.878048780487805
