status,intersection
Core,8.478260869565217
Non-core,6.481481481481482
