status,intersection
Core,9.523809523809524
Non-core,7.434944237918216
