status,intersection
Core,1.8987341772151898
Non-core,2.0408163265306123
