status,intersection
Core,3.7037037037037037
Non-core,5.555555555555555
