status,intersection
Core,3.4031413612565444
Non-core,2.4096385542168677
