status,intersection
Core,1.9305019305019304
Non-core,1.7142857142857142
