status,intersection
Core,10.309278350515465
Non-core,14.583333333333334
