status,intersection
Core,5.027932960893855
Non-core,4.273504273504273
