status,intersection
Core,3.3003300330033003
Non-core,3.1088082901554404
