status,intersection
Core,2.4489795918367347
Non-core,2.3391812865497075
