status,intersection
Core,17.877094972067038
Non-core,12.668463611859838
