status,intersection
Core,11.504424778761061
Non-core,5.660377358490566
