status,intersection
Core,2.586206896551724
Non-core,4.615384615384615
