status,intersection
Core,7.079646017699115
Non-core,9.523809523809524
