status,intersection
Core,6.730769230769231
Non-core,4.868913857677903
