status,intersection
Core,8.426966292134832
Non-core,8.571428571428571
