status,intersection
Core,3.482587064676617
Non-core,3.252032520325203
