status,intersection
Core,6.525573192239859
Non-core,3.278688524590164
