status,intersection
Core,7.216494845360825
Non-core,11.627906976744185
