status,intersection
Core,4.901960784313726
Non-core,3.3333333333333335
