status,intersection
Core,2.4930747922437675
Non-core,1.2396694214876034
