status,intersection
Core,21.266968325791854
Non-core,14.754098360655737
