status,intersection
Core,6.624605678233438
Non-core,6.532663316582915
