status,intersection
Core,7.100591715976331
Non-core,6.666666666666667
