status,intersection
Core,13.297872340425531
Non-core,10.476190476190476
