status,intersection
Core,0.9900990099009901
Non-core,1.6260162601626016
