status,intersection
Core,4.406779661016949
Non-core,5.913978494623656
