status,intersection
Core,9.056603773584905
Non-core,5.780346820809249
