status,intersection
Core,3.821656050955414
Non-core,4.040404040404041
