status,intersection
Core,9.420289855072463
Non-core,10.81081081081081
