status,intersection
Core,0.819672131147541
Non-core,1.2987012987012987
