status,intersection
Core,2.4752475247524752
Non-core,3.0303030303030303
