status,intersection
Core,8.366533864541832
Non-core,9.74025974025974
