status,intersection
Core,7.611548556430447
Non-core,7.509881422924901
