status,intersection
Core,10.084033613445378
Non-core,7.575757575757576
