status,intersection
Core,8.383233532934131
Non-core,9.67741935483871
