status,intersection
Core,3.1578947368421053
Non-core,3.3333333333333335
