status,intersection
Core,7.758620689655173
Non-core,3.4246575342465753
