status,intersection
Core,9.90783410138249
Non-core,6.4935064935064934
