status,intersection
Core,5.932203389830509
Non-core,6.097560975609756
