status,intersection
Core,8.085106382978724
Non-core,8.783783783783784
