status,intersection
Core,6.649616368286445
Non-core,4.980842911877395
