status,intersection
Core,13.812154696132596
Non-core,11.224489795918368
