status,intersection
Core,17.61904761904762
Non-core,10.833333333333334
