status,intersection
Core,0.8241758241758241
Non-core,1.2244897959183674
