status,intersection
Core,6.962025316455696
Non-core,5.376344086021505
