status,intersection
Core,5.198019801980198
Non-core,4.850746268656716
