status,intersection
Core,4.697986577181208
Non-core,4.25531914893617
