status,intersection
Core,3.582089552238806
Non-core,3.9647577092511015
