status,intersection
Core,10.69767441860465
Non-core,10.37037037037037
