status,intersection
Core,9.027777777777779
Non-core,9.722222222222221
