status,intersection
Core,1.477832512315271
Non-core,0.8264462809917356
