status,intersection
Core,12.269938650306749
Non-core,14.634146341463415
