status,intersection
Core,3.6036036036036037
Non-core,3.4722222222222223
