status,intersection
Core,6.956521739130435
Non-core,10.344827586206897
