status,intersection
Core,8.041237113402062
Non-core,5.9880239520958085
