status,intersection
Core,8.661417322834646
Non-core,5.714285714285714
