status,intersection
Core,1.4634146341463414
Non-core,0.8130081300813008
