status,intersection
Core,5.303030303030303
Non-core,4.069767441860465
