status,intersection
Core,3.5230352303523036
Non-core,1.4492753623188406
