status,intersection
Core,9.565217391304348
Non-core,6.147540983606557
