status,intersection
Core,11.74785100286533
Non-core,10.330578512396695
