status,intersection
Core,14.031180400890868
Non-core,10.344827586206897
