status,intersection
Core,10.87378640776699
Non-core,7.291666666666667
