status,intersection
Core,6.751054852320675
Non-core,3.597122302158273
