status,intersection
Core,4.571428571428571
Non-core,4.464285714285714
