status,intersection
Core,6.944444444444445
Non-core,4.597701149425287
