status,intersection
Core,4.691358024691358
Non-core,2.1660649819494586
