status,intersection
Core,1.366120218579235
Non-core,1.6194331983805668
