status,intersection
Core,8.01526717557252
Non-core,8.860759493670885
