status,intersection
Core,6.7685589519650655
Non-core,5.015673981191223
