status,intersection
Core,8.695652173913043
Non-core,7.4766355140186915
