status,intersection
Core,4.678362573099415
Non-core,4.237288135593221
