status,intersection
Core,3.35195530726257
Non-core,4.310344827586207
