status,intersection
Core,7.0588235294117645
Non-core,5.172413793103448
