status,intersection
Core,13.930348258706468
Non-core,11.304347826086957
