status,intersection
Core,1.3245033112582782
Non-core,1.0869565217391304
