status,intersection
Core,0.8771929824561403
Non-core,1.4492753623188406
