status,intersection
Core,4.464285714285714
Non-core,5.109489051094891
