status,intersection
Core,8.73015873015873
Non-core,6.7114093959731544
