status,intersection
Core,14.942528735632184
Non-core,11.894273127753303
