status,intersection
Core,4.026845637583893
Non-core,4.301075268817204
