status,intersection
Core,12.280701754385966
Non-core,11.940298507462687
