status,intersection
Core,10.194174757281553
Non-core,5.932203389830509
