status,intersection
Core,9.05511811023622
Non-core,6.7073170731707314
