status,intersection
Core,8.433734939759036
Non-core,6.600660066006601
