status,intersection
Core,12.565445026178011
Non-core,13.157894736842104
