status,intersection
Core,7.222222222222222
Non-core,7.758620689655173
