status,intersection
Core,12.612612612612613
Non-core,12.32876712328767
