status,intersection
Core,9.262759924385634
Non-core,7.238605898123325
