status,intersection
Core,15.865384615384615
Non-core,8.256880733944953
