status,intersection
Core,0.6993006993006993
Non-core,1.0526315789473684
