status,intersection
Core,7.258064516129032
Non-core,5.813953488372093
