status,intersection
Core,7.009345794392523
Non-core,4.615384615384615
