status,intersection
Core,7.8838174273858925
Non-core,7.8431372549019605
