status,intersection
Core,7.627118644067797
Non-core,13.461538461538462
