status,intersection
Core,1.4563106796116505
Non-core,1.5748031496062993
