status,intersection
Core,4.304635761589404
Non-core,4.7368421052631575
