status,intersection
Core,10.784313725490197
Non-core,7.291666666666667
