status,intersection
Core,5.617977528089888
Non-core,9.090909090909092
