status,intersection
Core,3.4285714285714284
Non-core,3.1496062992125986
