status,intersection
Core,15.19434628975265
Non-core,12.068965517241379
