status,intersection
Core,9.03954802259887
Non-core,7.627118644067797
