status,intersection
Core,6.3311688311688314
Non-core,4.103671706263499
