status,intersection
Core,2.9661016949152543
Non-core,2.5316455696202533
