status,intersection
Core,9.06148867313916
Non-core,6.342494714587738
