status,intersection
Core,4.11522633744856
Non-core,3.9735099337748343
