status,intersection
Core,4.032258064516129
Non-core,6.153846153846154
