status,intersection
Core,3.1055900621118013
Non-core,0.9433962264150944
