status,intersection
Core,4.583333333333333
Non-core,3.896103896103896
