status,intersection
Core,0.6644518272425249
Non-core,1.0309278350515463
