status,intersection
Core,5.936073059360731
Non-core,6.0606060606060606
