status,intersection
Core,7.860262008733624
Non-core,9.395973154362416
