status,intersection
Core,4.229607250755287
Non-core,3.902439024390244
