status,intersection
Core,3.6923076923076925
Non-core,4.608294930875576
