status,intersection
Core,9.32642487046632
Non-core,7.017543859649122
