status,intersection
Core,8.426966292134832
Non-core,11.538461538461538
