status,intersection
Core,3.7267080745341614
Non-core,3.5398230088495577
