status,intersection
Core,3.319502074688797
Non-core,3.067484662576687
