status,intersection
Core,7.382550335570469
Non-core,8.235294117647058
