status,intersection
Core,8.16326530612245
Non-core,5.982905982905983
