status,intersection
Core,4.184100418410042
Non-core,4.40251572327044
