status,intersection
Core,9.89010989010989
Non-core,8.421052631578947
