status,intersection
Core,3.289473684210526
Non-core,0.9433962264150944
