status,intersection
Core,5.343511450381679
Non-core,3.5714285714285716
