status,intersection
Core,10.434782608695652
Non-core,11.940298507462687
