status,intersection
Core,3.401360544217687
Non-core,3.061224489795918
