status,intersection
Core,6.837606837606837
Non-core,8.333333333333334
