status,intersection
Core,4.827586206896552
Non-core,6.0606060606060606
