status,intersection
Core,4.511278195488722
Non-core,5.633802816901408
