status,intersection
Core,9.31174089068826
Non-core,7.317073170731708
