status,intersection
Core,1.7699115044247788
Non-core,0.746268656716418
