status,intersection
Core,12.226066897347174
Non-core,9.486780715396579
