status,intersection
Core,6.278026905829597
Non-core,4.411764705882353
