status,intersection
Core,2.9702970297029703
Non-core,3.3333333333333335
