status,intersection
Core,12.694300518134716
Non-core,10.843373493975903
