status,intersection
Core,1.5957446808510638
Non-core,0.8849557522123894
