status,intersection
Core,9.94475138121547
Non-core,11.607142857142858
