status,intersection
Core,5.921052631578948
Non-core,2.247191011235955
