status,intersection
Core,4.137931034482759
Non-core,4.878048780487805
