status,intersection
Core,12.523719165085389
Non-core,9.61038961038961
