status,intersection
Core,5.294117647058823
Non-core,4.615384615384615
