status,intersection
Core,0.8695652173913043
Non-core,1.2658227848101267
