status,intersection
Core,4.516129032258065
Non-core,4.310344827586207
