status,intersection
Core,0.7874015748031497
Non-core,1.098901098901099
