status,intersection
Core,3.7313432835820897
Non-core,3.0927835051546393
