status,intersection
Core,5.633802816901408
Non-core,4.597701149425287
