status,intersection
Core,7.407407407407407
Non-core,8.641975308641975
