status,intersection
Core,1.6528925619834711
Non-core,2.3529411764705883
