status,intersection
Core,9.722222222222221
Non-core,11.458333333333334
