status,intersection
Core,6.7114093959731544
Non-core,8.791208791208792
