status,intersection
Core,10.256410256410257
Non-core,8.148148148148149
