status,intersection
Core,3.875968992248062
Non-core,4.395604395604396
