status,intersection
Core,3.875968992248062
Non-core,4.819277108433735
