status,intersection
Core,4.310344827586207
Non-core,6.756756756756757
