status,intersection
Core,3.7267080745341614
Non-core,3.8461538461538463
