status,intersection
Core,5.0359712230215825
Non-core,6.741573033707865
