status,intersection
Core,3.7656903765690375
Non-core,4.022988505747127
