status,intersection
Core,3.6842105263157894
Non-core,3.8461538461538463
