status,intersection
Core,12.686567164179104
Non-core,10.344827586206897
