status,intersection
Core,4.72972972972973
Non-core,5.319148936170213
