status,intersection
Core,9.554140127388536
Non-core,8.571428571428571
