status,intersection
Core,5.946601941747573
Non-core,5.537459283387622
