status,intersection
Core,9.782608695652174
Non-core,10.526315789473685
