status,intersection
Core,6.293706293706293
Non-core,6.666666666666667
