status,intersection
Core,12.217194570135746
Non-core,11.888111888111888
