status,intersection
Core,11.949685534591195
Non-core,13.402061855670103
