status,intersection
Core,4.411764705882353
Non-core,4.123711340206185
