status,intersection
Core,8.177570093457945
Non-core,6.58307210031348
