status,intersection
Core,0.8547008547008547
Non-core,1.2345679012345678
