status,intersection
Core,4.433497536945813
Non-core,2.255639097744361
