status,intersection
Core,3.816793893129771
Non-core,3.1578947368421053
