status,intersection
Core,9.615384615384615
Non-core,8.24742268041237
