status,intersection
Core,11.538461538461538
Non-core,10.679611650485437
