status,intersection
Core,2.542372881355932
Non-core,2.4390243902439024
