status,intersection
Core,8.994708994708995
Non-core,9.649122807017545
