status,intersection
Core,2.793296089385475
Non-core,3.389830508474576
