status,intersection
Core,6.7164179104477615
Non-core,5.9523809523809526
