status,intersection
Core,6.164383561643835
Non-core,5.660377358490566
