status,intersection
Core,5.780346820809249
Non-core,6.956521739130435
