status,intersection
Core,1.5748031496062993
Non-core,2.5316455696202533
