status,intersection
Core,5.010893246187364
Non-core,3.655107778819119
