status,intersection
Core,1.5748031496062993
Non-core,2.2222222222222223
