status,intersection
Core,4.848484848484849
Non-core,4.032258064516129
