status,intersection
Core,5.109489051094891
Non-core,4.040404040404041
