status,intersection
Core,7.092198581560283
Non-core,6.593406593406593
