status,intersection
Core,14.84375
Non-core,13.414634146341463
