status,intersection
Core,4.195804195804196
Non-core,2.9702970297029703
