status,intersection
Core,6.708860759493671
Non-core,5.2453468697123515
