status,intersection
Core,5.0228310502283104
Non-core,5.333333333333333
