status,intersection
Core,6.719367588932807
Non-core,5.898876404494382
