status,intersection
Core,3.870967741935484
Non-core,5.2631578947368425
