status,intersection
Core,10.465116279069768
Non-core,9.90990990990991
