status,intersection
Core,2.608695652173913
Non-core,2.5316455696202533
