status,intersection
Core,4.1450777202072535
Non-core,4.3478260869565215
