status,intersection
Core,4.273504273504273
Non-core,3.076923076923077
