status,intersection
Core,3.278688524590164
Non-core,2.1739130434782608
