status,intersection
Core,0.970873786407767
Non-core,1.3157894736842106
