status,intersection
Core,2.2598870056497176
Non-core,1.7921146953405018
