status,intersection
Core,7.317073170731708
Non-core,2.857142857142857
