status,intersection
Core,3.7735849056603774
Non-core,2.2222222222222223
