status,intersection
Core,3.6363636363636362
Non-core,2.0833333333333335
