status,intersection
Core,9.433962264150944
Non-core,4.651162790697675
