status,intersection
Core,13.793103448275861
Non-core,8.695652173913043
