status,intersection
Core,3.902439024390244
Non-core,2.803738317757009
