status,intersection
Core,8.633093525179856
Non-core,4.225352112676056
