status,intersection
Core,3.321033210332103
Non-core,2.4539877300613497
