status,intersection
Core,5.434782608695652
Non-core,2.9411764705882355
