status,intersection
Core,5.194805194805195
Non-core,2.380952380952381
