status,intersection
Core,2.7303754266211606
Non-core,0.4975124378109453
