status,intersection
Core,5.714285714285714
Non-core,2.3529411764705883
