status,intersection
Core,2.37741456166419
Non-core,0.7714561234329798
