status,intersection
Core,3.409090909090909
Non-core,1.075268817204301
