status,intersection
Core,7.758620689655173
Non-core,1.6129032258064515
