status,intersection
Core,2.479338842975207
Non-core,1.1428571428571428
