status,intersection
Core,1.6666666666666667
Non-core,5.2631578947368425
