status,intersection
Core,3.6458333333333335
Non-core,0.8620689655172413
