status,intersection
Core,5.343511450381679
Non-core,1.5873015873015872
