status,intersection
Core,3.1847133757961785
Non-core,1.0416666666666667
