status,intersection
Core,4.901960784313726
Non-core,2.1739130434782608
