status,intersection
Core,4.748603351955308
Non-core,3.0434782608695654
