status,intersection
Core,5.275779376498801
Non-core,2.2304832713754648
