status,intersection
Core,0.7936507936507936
Non-core,1.5873015873015872
