status,intersection
Core,5.084745762711864
Non-core,3.3333333333333335
