status,intersection
Core,3.389830508474576
Non-core,1.0416666666666667
