status,intersection
Core,5.015673981191223
Non-core,2.487562189054726
