status,intersection
Core,4.065040650406504
Non-core,3.1746031746031744
