status,intersection
Core,4.040404040404041
Non-core,2.3255813953488373
