status,intersection
Core,4.0051679586563305
Non-core,1.5570934256055364
