status,intersection
Core,2.6124818577648767
Non-core,0.6329113924050633
