status,intersection
Core,1.749271137026239
Non-core,0.7518796992481203
