status,intersection
Core,2.584493041749503
Non-core,0.2617801047120419
