status,intersection
Core,1.0556232237109215
Non-core,0.2915451895043732
