status,intersection
Core,1.7857142857142858
Non-core,3.7037037037037037
