status,intersection
Core,7.674418604651163
Non-core,2.980132450331126
