status,intersection
Core,4.845814977973569
Non-core,1.5267175572519085
