status,intersection
Core,2.857142857142857
Non-core,0.9138381201044387
