status,intersection
Core,4.012345679012346
Non-core,1.5151515151515151
