status,intersection
Core,6.779661016949152
Non-core,3.1746031746031744
