status,intersection
Core,2.1782178217821784
Non-core,1.3774104683195592
