status,intersection
Core,6.504065040650406
Non-core,3.9215686274509802
