status,intersection
Core,8.430232558139535
Non-core,7.6923076923076925
