status,intersection
Core,4.824561403508772
Non-core,5.442176870748299
