status,intersection
Core,22.15909090909091
Non-core,16.513761467889907
