status,intersection
Core,2.7522935779816513
Non-core,4.054054054054054
