status,intersection
Core,14.912280701754385
Non-core,12.698412698412698
