status,intersection
Core,8.663366336633663
Non-core,5.1020408163265305
