status,intersection
Core,2.484472049689441
Non-core,4.3478260869565215
