status,intersection
Core,7.951070336391437
Non-core,7.246376811594203
