status,intersection
Core,2.797202797202797
Non-core,3.1578947368421053
