status,intersection
Core,8.189655172413794
Non-core,9.23076923076923
