status,intersection
Core,9.696969696969697
Non-core,10.526315789473685
