status,intersection
Core,3.409090909090909
Non-core,3.7735849056603774
