status,intersection
Core,15.32258064516129
Non-core,16.666666666666668
