status,intersection
Core,5.031446540880503
Non-core,4.25531914893617
