status,intersection
Core,5.806451612903226
Non-core,5.434782608695652
