status,intersection
Core,2.1835826930853215
Non-core,1.2560386473429952
