status,intersection
Core,7.462686567164179
Non-core,4.819277108433735
