status,intersection
Core,10.062893081761006
Non-core,9.89010989010989
