status,intersection
Core,7.0588235294117645
Non-core,11.11111111111111
