status,intersection
Core,7.594936708860759
Non-core,5.13595166163142
