status,intersection
Core,4.911591355599215
Non-core,4.324324324324325
