status,intersection
Core,8.25242718446602
Non-core,8.181818181818182
