status,intersection
Core,5.617977528089888
Non-core,5.9880239520958085
