status,intersection
Core,6.95067264573991
Non-core,4.778156996587031
