status,intersection
Core,8.724832214765101
Non-core,6.410256410256411
