status,intersection
Core,7.43801652892562
Non-core,7.0588235294117645
