status,intersection
Core,4.580152671755725
Non-core,3.9473684210526314
