status,intersection
Core,14.18918918918919
Non-core,13.333333333333334
