status,intersection
Core,10.784313725490197
Non-core,11.538461538461538
