status,intersection
Core,18.30065359477124
Non-core,15.463917525773196
