status,intersection
Core,11.643835616438356
Non-core,10.465116279069768
