status,intersection
Core,2.395209580838323
Non-core,2.6785714285714284
