status,intersection
Core,7.207207207207207
Non-core,6.8493150684931505
