status,intersection
Core,5.245901639344262
Non-core,4.975124378109452
