status,intersection
Core,8.439897698209718
Non-core,5.017921146953405
