status,intersection
Core,5.925925925925926
Non-core,4.166666666666667
