status,intersection
Core,8.49056603773585
Non-core,7.142857142857143
