status,intersection
Core,6.122448979591836
Non-core,9.433962264150944
