status,intersection
Core,5.945945945945946
Non-core,6.0344827586206895
