status,intersection
Core,15.315315315315315
Non-core,14.705882352941176
