status,intersection
Core,7.581227436823105
Non-core,6.185567010309279
