status,intersection
Core,9.243697478991596
Non-core,8.053691275167786
