status,intersection
Core,13.08411214953271
Non-core,11.666666666666666
