status,intersection
Core,3.9603960396039604
Non-core,7.407407407407407
