status,intersection
Core,2.797202797202797
Non-core,3.1914893617021276
