status,intersection
Core,8.75912408759124
Non-core,8.080808080808081
