status,intersection
Core,4.730290456431535
Non-core,3.0729833546734957
