status,intersection
Core,3.21285140562249
Non-core,2.484472049689441
