status,intersection
Core,4.924242424242424
Non-core,2.2167487684729066
