status,intersection
Core,7.522123893805309
Non-core,6.993006993006993
