status,intersection
Core,7.558139534883721
Non-core,6.521739130434782
