status,intersection
Core,14.136125654450261
Non-core,12.727272727272727
