status,intersection
Core,2.2900763358778624
Non-core,2.4390243902439024
