status,intersection
Core,15.068493150684931
Non-core,7.228915662650603
