status,intersection
Core,6.363636363636363
Non-core,5.405405405405405
