status,intersection
Core,10.416666666666666
Non-core,9.340659340659341
