status,intersection
Core,7.755102040816326
Non-core,8.275862068965518
