status,intersection
Core,12.804878048780488
Non-core,12.790697674418604
