status,intersection
Core,4.62962962962963
Non-core,5.2631578947368425
