status,intersection
Core,2.395209580838323
Non-core,2.608695652173913
