status,intersection
Core,8.816705336426914
Non-core,7.296137339055794
