status,intersection
Core,10.407239819004525
Non-core,9.352517985611511
