status,intersection
Core,4.587155963302752
Non-core,8.064516129032258
