status,intersection
Core,11.1731843575419
Non-core,11.881188118811881
