status,intersection
Core,7.377049180327869
Non-core,8.450704225352112
