status,intersection
Core,4.2682926829268295
Non-core,5.357142857142857
