status,intersection
Core,6.2015503875969
Non-core,4.411764705882353
