status,intersection
Core,5.172413793103448
Non-core,4.411764705882353
