status,intersection
Core,12.692307692307692
Non-core,12.574850299401197
