status,intersection
Core,11.764705882352942
Non-core,11.538461538461538
