status,intersection
Core,10.379746835443038
Non-core,9.578544061302683
