status,intersection
Core,5.517241379310345
Non-core,4.901960784313726
