status,intersection
Core,14.234875444839858
Non-core,10.945273631840797
