status,intersection
Core,15.217391304347826
Non-core,14.953271028037383
