status,intersection
Core,8.113590263691684
Non-core,6.41399416909621
