status,intersection
Core,4.060913705583756
Non-core,2.9220779220779223
