status,intersection
Core,6.832298136645963
Non-core,5.982905982905983
