status,intersection
Core,4.651162790697675
Non-core,3.488372093023256
