status,intersection
Core,12.068965517241379
Non-core,10.679611650485437
