status,intersection
Core,6.690140845070423
Non-core,5.142857142857143
