status,intersection
Core,3.0303030303030303
Non-core,2.6785714285714284
