status,intersection
Core,7.096774193548387
Non-core,5.405405405405405
