status,intersection
Core,12.132352941176471
Non-core,12.138728323699421
