status,intersection
Core,13.513513513513514
Non-core,13.333333333333334
