status,intersection
Core,5.426356589147287
Non-core,6.172839506172839
