status,intersection
Core,4.895104895104895
Non-core,3.9603960396039604
