status,intersection
Core,2.3121387283236996
Non-core,2.542372881355932
