status,intersection
Core,5.442176870748299
Non-core,1.1363636363636365
