status,intersection
Core,8.031088082901555
Non-core,7.1146245059288535
