status,intersection
Core,4.72972972972973
Non-core,3.0303030303030303
