status,intersection
Core,6.971153846153846
Non-core,4.964539007092198
