status,intersection
Core,3.1496062992125986
Non-core,2.3255813953488373
