status,intersection
Core,4.929577464788732
Non-core,3.9603960396039604
