status,intersection
Core,5.585585585585585
Non-core,4.245283018867925
