status,intersection
Core,10.315186246418339
Non-core,6.410256410256411
