status,intersection
Core,6.521739130434782
Non-core,3.6144578313253013
