status,intersection
Core,11.336032388663968
Non-core,9.090909090909092
