status,intersection
Core,5.594405594405594
Non-core,5.319148936170213
