status,intersection
Core,4.21455938697318
Non-core,3.278688524590164
