status,intersection
Core,6.086956521739131
Non-core,4.054054054054054
