status,intersection
Core,3.867403314917127
Non-core,2.380952380952381
