status,intersection
Core,10.309278350515465
Non-core,7.5829383886255926
