status,intersection
Core,2.158273381294964
Non-core,1.1363636363636365
