status,intersection
Core,3.9568345323741005
Non-core,2.127659574468085
