status,intersection
Core,10.119047619047619
Non-core,9.25925925925926
