status,intersection
Core,12.650602409638553
Non-core,9.900990099009901
