status,intersection
Core,3.6458333333333335
Non-core,2.459016393442623
