status,intersection
Core,9.615384615384615
Non-core,7.638888888888889
