status,intersection
Core,2.0689655172413794
Non-core,1.0869565217391304
