status,intersection
Core,6.410256410256411
Non-core,6.140350877192983
