status,intersection
Core,2.3622047244094486
Non-core,2.3255813953488373
