status,intersection
Core,9.170305676855895
Non-core,7.482993197278912
