status,intersection
Core,7.975460122699387
Non-core,3.6363636363636362
