status,intersection
Core,11.34020618556701
Non-core,11.382113821138212
