status,intersection
Core,4.577464788732394
Non-core,3.8251366120218577
