status,intersection
Core,0.8264462809917356
Non-core,1.2345679012345678
