status,intersection
Core,3.3557046979865772
Non-core,3.7383177570093458
