status,intersection
Core,6.564885496183206
Non-core,4.191616766467066
