status,intersection
Core,5.128205128205129
Non-core,4.385964912280702
