status,intersection
Core,5.016722408026756
Non-core,5.699481865284974
