status,intersection
Core,7.878787878787879
Non-core,7.8431372549019605
