status,intersection
Core,1.550387596899225
Non-core,1.1363636363636365
