status,intersection
Core,5.232558139534884
Non-core,3.875968992248062
