status,intersection
Core,6.097560975609756
Non-core,3.7037037037037037
