status,intersection
Core,5.223880597014926
Non-core,4.25531914893617
