status,intersection
Core,2.3076923076923075
Non-core,2.4390243902439024
