status,intersection
Core,5.633802816901408
Non-core,4.651162790697675
