status,intersection
Core,2.586206896551724
Non-core,2.9411764705882355
