status,intersection
Core,5.392156862745098
Non-core,4.065040650406504
