status,intersection
Core,2.142857142857143
Non-core,2.2222222222222223
