status,intersection
Core,5.521472392638037
Non-core,5.882352941176471
