status,intersection
Core,1.1363636363636365
Non-core,0.8695652173913043
