status,intersection
Core,3.676470588235294
Non-core,2.3255813953488373
