status,intersection
Core,8.58085808580858
Non-core,6.161137440758294
