status,intersection
Core,4.964539007092198
Non-core,4.3478260869565215
