status,intersection
Core,5.333333333333333
Non-core,4.9504950495049505
