status,intersection
Core,5.517241379310345
Non-core,5.208333333333333
