status,intersection
Core,0.8403361344537815
Non-core,1.408450704225352
