status,intersection
Core,6.015037593984962
Non-core,6.8493150684931505
