status,intersection
Core,5.501618122977346
Non-core,4.166666666666667
