status,intersection
Core,0.847457627118644
Non-core,1.4285714285714286
