status,intersection
Core,2.542372881355932
Non-core,3.1746031746031744
