status,intersection
Core,5.147058823529412
Non-core,4.651162790697675
