status,intersection
Core,1.550387596899225
Non-core,1.2345679012345678
