status,intersection
Core,5.8441558441558445
Non-core,5.769230769230769
