status,intersection
Core,8.4070796460177
Non-core,8.771929824561404
