status,intersection
Core,3.482587064676617
Non-core,4.716981132075472
