status,intersection
Core,5.913978494623656
Non-core,4.301075268817204
