status,intersection
Core,16.444444444444443
Non-core,11.304347826086957
