status,intersection
Core,13.649851632047477
Non-core,8.216432865731463
