status,intersection
Core,8.097165991902834
Non-core,7.857142857142857
