status,intersection
Core,4.641350210970464
Non-core,5.645161290322581
