status,intersection
Core,4.506437768240343
Non-core,2.985074626865672
