status,intersection
Core,5.833333333333333
Non-core,6.153846153846154
