status,intersection
Core,6.712962962962963
Non-core,4.895104895104895
