status,intersection
Core,12.45136186770428
Non-core,8.695652173913043
