status,intersection
Core,3.8251366120218577
Non-core,4.395604395604396
