status,intersection
Core,1.0471204188481675
Non-core,0.9900990099009901
