status,intersection
Core,4.661016949152542
Non-core,5.185185185185185
