status,intersection
Core,8.73015873015873
Non-core,6.382978723404255
