status,intersection
Core,3.482587064676617
Non-core,3.9603960396039604
