status,intersection
Core,3.141361256544503
Non-core,4.9504950495049505
