status,intersection
Core,0.5494505494505495
Non-core,1.0869565217391304
