status,intersection
Core,2.7906976744186047
Non-core,5.217391304347826
