status,intersection
Core,6.837606837606837
Non-core,3.361344537815126
