status,intersection
Core,3.9603960396039604
Non-core,3.883495145631068
