status,intersection
Core,7.073170731707317
Non-core,5.283018867924528
