status,intersection
Core,12.863070539419088
Non-core,8.396946564885496
