status,intersection
Core,5.597014925373134
Non-core,3.4722222222222223
