status,intersection
Core,6.42570281124498
Non-core,3.676470588235294
