status,intersection
Core,1.0362694300518134
Non-core,0.9803921568627451
