status,intersection
Core,3.902439024390244
Non-core,4.424778761061947
