status,intersection
Core,2.030456852791878
Non-core,3.0303030303030303
