status,intersection
Core,5.168986083499006
Non-core,3.0898876404494384
