status,intersection
Core,26.923076923076923
Non-core,20.28985507246377
