status,intersection
Core,5.633802816901408
Non-core,4.819277108433735
