status,intersection
Core,9.60960960960961
Non-core,6.666666666666667
