status,intersection
Core,2.577319587628866
Non-core,2.912621359223301
