status,intersection
Core,1.5957446808510638
Non-core,2.0408163265306123
