status,intersection
Core,0.5319148936170213
Non-core,1.0204081632653061
