status,intersection
Core,5.454545454545454
Non-core,1.7391304347826086
