status,intersection
Core,1.530612244897959
Non-core,2.1052631578947367
