status,intersection
Core,1.0810810810810811
Non-core,1.0526315789473684
