status,intersection
Core,10.256410256410257
Non-core,7.6502732240437155
