status,intersection
Core,8.143322475570033
Non-core,7.103825136612022
