status,intersection
Core,4.326923076923077
Non-core,4.237288135593221
