status,intersection
Core,11.740890688259109
Non-core,9.30232558139535
