status,intersection
Core,1.015228426395939
Non-core,0.9433962264150944
