status,intersection
Core,0.5405405405405406
Non-core,1.0526315789473684
