status,intersection
Core,10.085836909871245
Non-core,6.440677966101695
