status,intersection
Core,9.965635738831615
Non-core,7.386363636363637
