status,intersection
Core,2.3696682464454977
Non-core,1.6666666666666667
