status,intersection
Core,8.536585365853659
Non-core,3.6231884057971016
