status,intersection
Core,10.772833723653395
Non-core,7.196969696969697
