status,intersection
Core,0.5347593582887701
Non-core,1.0309278350515463
