status,intersection
Core,8.278145695364238
Non-core,6.145251396648045
