status,intersection
Core,10.196078431372548
Non-core,11.11111111111111
