status,intersection
Core,4.411764705882353
Non-core,6.542056074766355
