status,intersection
Core,1.932367149758454
Non-core,1.7094017094017093
