status,intersection
Core,9.04109589041096
Non-core,5.9071729957805905
