status,intersection
Core,3.1578947368421053
Non-core,4.2105263157894735
