status,intersection
Core,12.785388127853881
Non-core,7.168458781362007
