status,intersection
Core,4.417670682730924
Non-core,4.25531914893617
