status,intersection
Core,6.074766355140187
Non-core,2.6548672566371683
