status,intersection
Core,3.553299492385787
Non-core,3.7735849056603774
