status,intersection
Core,11.69811320754717
Non-core,7.6923076923076925
