status,intersection
Core,6.829268292682927
Non-core,6.363636363636363
