status,intersection
Core,1.092896174863388
Non-core,2.150537634408602
