status,intersection
Core,7.299270072992701
Non-core,7.407407407407407
