status,intersection
Core,11.91454396055875
Non-core,7.594936708860759
