status,intersection
Core,10.062893081761006
Non-core,11.11111111111111
