status,intersection
Core,5.947136563876652
Non-core,3.330161750713606
