status,intersection
Core,11.194029850746269
Non-core,9.45945945945946
