status,intersection
Core,8.041958041958042
Non-core,5.681818181818182
