status,intersection
Core,6.422018348623853
Non-core,3.7037037037037037
