status,intersection
Core,6.593406593406593
Non-core,4.545454545454546
