status,intersection
Core,6.353135313531353
Non-core,3.694267515923567
