status,intersection
Core,4.324324324324325
Non-core,4.273504273504273
