status,intersection
Core,15.92356687898089
Non-core,16.091954022988507
