status,intersection
Core,9.923664122137405
Non-core,10.447761194029852
