status,intersection
Core,10.975609756097562
Non-core,9.411764705882353
