status,intersection
Core,4.910714285714286
Non-core,2.797202797202797
