status,intersection
Core,8.522727272727273
Non-core,7.070707070707071
