status,intersection
Core,10.169491525423728
Non-core,7.6923076923076925
