status,intersection
Core,19.662921348314608
Non-core,17.346938775510203
