status,intersection
Core,11.39240506329114
Non-core,9.881422924901186
