status,intersection
Core,4.72972972972973
Non-core,4.301075268817204
