status,intersection
Core,9.03954802259887
Non-core,5.070993914807302
