status,intersection
Core,3.6036036036036037
Non-core,5.172413793103448
