status,intersection
Core,5.0359712230215825
Non-core,2.4390243902439024
