status,intersection
Core,5.620608899297424
Non-core,2.3728813559322033
