status,intersection
Core,4.098360655737705
Non-core,0.6535947712418301
