status,intersection
Core,7.18232044198895
Non-core,4.3478260869565215
