status,intersection
Core,12.565445026178011
Non-core,11.504424778761061
