status,intersection
Core,8.904109589041095
Non-core,6.578947368421052
