status,intersection
Core,12.121212121212121
Non-core,11.594202898550725
