status,intersection
Core,12.448132780082988
Non-core,11.03448275862069
