status,intersection
Core,7.608695652173913
Non-core,4.132231404958677
