status,intersection
Core,7.6923076923076925
Non-core,6.4935064935064934
