status,intersection
Core,7.677543186180422
Non-core,5.898123324396783
