status,intersection
Core,11.242603550295858
Non-core,15.217391304347826
