status,intersection
Core,15.96244131455399
Non-core,14.40677966101695
