status,intersection
Core,7.4866310160427805
Non-core,2.7027027027027026
