status,intersection
Core,14.204545454545455
Non-core,9.00900900900901
