status,intersection
Core,18.58407079646018
Non-core,13.793103448275861
