status,intersection
Core,6.87960687960688
Non-core,4.841402337228715
