status,intersection
Core,9.47867298578199
Non-core,5.645161290322581
