status,intersection
Core,10.062893081761006
Non-core,10.465116279069768
