status,intersection
Core,9.659090909090908
Non-core,4.9504950495049505
