status,intersection
Core,5.925925925925926
Non-core,9.23076923076923
