status,intersection
Core,8.783783783783784
Non-core,5.365853658536586
