status,intersection
Core,6.045340050377834
Non-core,3.952569169960474
