status,intersection
Core,13.333333333333334
Non-core,13.698630136986301
