status,intersection
Core,0.9174311926605505
Non-core,1.7857142857142858
