status,intersection
Core,7.194244604316546
Non-core,8.235294117647058
