status,intersection
Core,9.23076923076923
Non-core,4.411764705882353
