status,intersection
Core,8.290155440414507
Non-core,3.5714285714285716
