status,intersection
Core,4.464285714285714
Non-core,1.8181818181818181
