status,intersection
Core,6.802721088435374
Non-core,6.8493150684931505
