status,intersection
Core,9.59409594095941
Non-core,6.508875739644971
