status,intersection
Core,5.357142857142857
Non-core,1.8181818181818181
