status,intersection
Core,8.80503144654088
Non-core,4.545454545454546
