status,intersection
Core,9.090909090909092
Non-core,8.433734939759036
