status,intersection
Core,11.510791366906474
Non-core,6.545454545454546
