status,intersection
Core,2.142857142857143
Non-core,2.73972602739726
