status,intersection
Core,6.015037593984962
Non-core,1.6129032258064515
