status,intersection
Core,8.928571428571429
Non-core,1.8181818181818181
