status,intersection
Core,17.695473251028808
Non-core,12.32876712328767
