status,intersection
Core,5.780346820809249
Non-core,4.291845493562231
