status,intersection
Core,10.326086956521738
Non-core,7.6923076923076925
