status,intersection
Core,14.285714285714286
Non-core,12.727272727272727
