status,intersection
Core,7.874015748031496
Non-core,9.523809523809524
