status,intersection
Core,8.16326530612245
Non-core,6.818181818181818
