status,intersection
Core,9.473684210526315
Non-core,8.571428571428571
