status,intersection
Core,12.37785016286645
Non-core,9.473684210526315
