status,intersection
Core,5.921052631578948
Non-core,6.185567010309279
