status,intersection
Core,6.040268456375839
Non-core,6.315789473684211
