status,intersection
Core,7.916666666666667
Non-core,5.2631578947368425
