status,intersection
Core,9.826589595375722
Non-core,5.963302752293578
