status,intersection
Core,5.092592592592593
Non-core,1.4705882352941178
