status,intersection
Core,3.0141843971631204
Non-core,1.6786570743405276
