status,intersection
Core,5.179282868525896
Non-core,1.935483870967742
