status,intersection
Core,8.387096774193548
Non-core,7.594936708860759
