status,intersection
Core,13.48314606741573
Non-core,10.126582278481013
