status,intersection
Core,9.54356846473029
Non-core,4.444444444444445
