status,intersection
Core,1.7699115044247788
Non-core,3.5714285714285716
