status,intersection
Core,5.357142857142857
Non-core,8.064516129032258
