status,intersection
Core,1.7142857142857142
Non-core,1.8018018018018018
