status,intersection
Core,7.343124165554072
Non-core,6.479859894921191
