status,intersection
Core,5.667506297229219
Non-core,4.3478260869565215
