status,intersection
Core,6.260869565217392
Non-core,5.660377358490566
