status,intersection
Core,5.314009661835748
Non-core,4.09556313993174
