status,intersection
Core,7.303370786516854
Non-core,7.6923076923076925
