status,intersection
Core,23.234200743494423
Non-core,20.94240837696335
