status,intersection
Core,3.488372093023256
Non-core,3.7037037037037037
