status,intersection
Core,5.9523809523809526
Non-core,7.446808510638298
