status,intersection
Core,4.690831556503198
Non-core,4.132231404958677
