status,intersection
Core,5.47945205479452
Non-core,4.081632653061225
