status,intersection
Core,3.883495145631068
Non-core,3.0303030303030303
