status,intersection
Core,1.0526315789473684
Non-core,1.5151515151515151
