status,intersection
Core,1.0869565217391304
Non-core,1.6129032258064515
