status,intersection
Core,7.8817733990147785
Non-core,8.94308943089431
