status,intersection
Core,3.409090909090909
Non-core,1.4705882352941178
