status,intersection
Core,4.697986577181208
Non-core,4.385964912280702
