status,intersection
Core,5.415162454873646
Non-core,3.508771929824561
