status,intersection
Core,6.310679611650485
Non-core,4.081632653061225
