status,intersection
Core,2.6041666666666665
Non-core,2.8368794326241136
