status,intersection
Core,0.228310502283105
Non-core,0.3225806451612903
