status,intersection
Core,14.210526315789474
Non-core,10.483870967741936
