status,intersection
Core,3.484320557491289
Non-core,3.755868544600939
