status,intersection
Core,4.271356783919598
Non-core,3.2846715328467155
