status,intersection
Core,2.824858757062147
Non-core,3.4782608695652173
