status,intersection
Core,4.186046511627907
Non-core,5.343511450381679
