status,intersection
Core,0.7874015748031497
Non-core,1.0416666666666667
