status,intersection
Core,4.026845637583893
Non-core,5.617977528089888
