status,intersection
Core,3.1114327062228653
Non-core,2.432179607109448
