status,intersection
Core,7.228915662650603
Non-core,11.11111111111111
