status,intersection
Core,2.727272727272727
Non-core,3.067484662576687
