status,intersection
Core,15.602836879432624
Non-core,16.27906976744186
