status,intersection
Core,4.415584415584416
Non-core,4.026845637583893
