status,intersection
Core,4.961832061068702
Non-core,4.419889502762431
