status,intersection
Core,5.978260869565218
Non-core,4.435483870967742
