status,intersection
Core,4.219409282700422
Non-core,4.624277456647399
