status,intersection
Core,2.272727272727273
Non-core,3.389830508474576
