status,intersection
Core,7.734806629834254
Non-core,5.303030303030303
