status,intersection
Core,9.900990099009901
Non-core,3.278688524590164
