status,intersection
Core,0.4830917874396135
Non-core,0.6711409395973155
