status,intersection
Core,8.256880733944953
Non-core,5.797101449275362
