status,intersection
Core,4.1551246537396125
Non-core,3.278688524590164
