status,intersection
Core,7.317073170731708
Non-core,6.666666666666667
