status,intersection
Core,4.366812227074236
Non-core,3.9473684210526314
