status,intersection
Core,0.8064516129032258
Non-core,1.0638297872340425
