status,intersection
Core,7.3610023492560686
Non-core,5.680473372781065
