status,intersection
Core,4.438642297650131
Non-core,2.4475524475524475
