status,intersection
Core,2.4242424242424243
Non-core,2.586206896551724
