status,intersection
Core,3.7656903765690375
Non-core,2.9177718832891246
