status,intersection
Core,4.545454545454546
Non-core,6.557377049180328
