status,intersection
Core,17.58957654723127
Non-core,14.423076923076923
