status,intersection
Core,1.9553072625698324
Non-core,1.9455252918287937
