status,intersection
Core,3.3333333333333335
Non-core,4.37956204379562
