status,intersection
Core,6.422018348623853
Non-core,1.7241379310344827
