status,intersection
Core,12.102689486552567
Non-core,10.53484602917342
