status,intersection
Core,10.135135135135135
Non-core,14.606741573033707
