status,intersection
Core,1.0443864229765014
Non-core,1.0452961672473868
