status,intersection
Core,4.838709677419355
Non-core,2.0408163265306123
