status,intersection
Core,12.334801762114537
Non-core,10.273972602739725
