status,intersection
Core,6.103286384976526
Non-core,5.839416058394161
