status,intersection
Core,1.4970059880239521
Non-core,1.6528925619834711
