status,intersection
Core,6.030150753768845
Non-core,4.724409448818897
