status,intersection
Core,3.076923076923077
Non-core,1.1111111111111112
