status,intersection
Core,10.486891385767791
Non-core,9.289617486338798
