status,intersection
Core,6.410256410256411
Non-core,4.838709677419355
