status,intersection
Core,6.293706293706293
Non-core,5.434782608695652
