status,intersection
Core,13.218390804597702
Non-core,11.965811965811966
