status,intersection
Core,5.042016806722689
Non-core,6.153846153846154
