status,intersection
Core,6.779661016949152
Non-core,5.333333333333333
