status,intersection
Core,11.241217798594848
Non-core,9.797297297297296
