status,intersection
Core,5.120481927710843
Non-core,3.65296803652968
