status,intersection
Core,4.932735426008969
Non-core,4.794520547945205
