status,intersection
Core,16.37630662020906
Non-core,13.402061855670103
