status,intersection
Core,4.166666666666667
Non-core,3.3783783783783785
