status,intersection
Core,4.089219330855019
Non-core,4.102564102564102
