status,intersection
Core,3.474903474903475
Non-core,4.395604395604396
