status,intersection
Core,5.323505323505324
Non-core,3.7783375314861463
