status,intersection
Core,2.9962546816479403
Non-core,2.6894865525672373
