status,intersection
Core,7.051282051282051
Non-core,10.75268817204301
