status,intersection
Core,12.612612612612613
Non-core,9.49367088607595
