status,intersection
Core,9.615384615384615
Non-core,11.956521739130435
