status,intersection
Core,6.306306306306307
Non-core,4.824561403508772
