status,intersection
Core,15.384615384615385
Non-core,10.48951048951049
