status,intersection
Core,2.1390374331550803
Non-core,2.1739130434782608
