status,intersection
Core,6.4453125
Non-core,5.2631578947368425
