status,intersection
Core,4.504504504504505
Non-core,3.5031847133757963
