status,intersection
Core,4.2682926829268295
Non-core,6.0606060606060606
