status,intersection
Core,6.349206349206349
Non-core,5.714285714285714
