status,intersection
Core,19.366197183098592
Non-core,17.098445595854923
