status,intersection
Core,5.7915057915057915
Non-core,6.432748538011696
