status,intersection
Core,4.6263345195729535
Non-core,4.18848167539267
