status,intersection
Core,4.326923076923077
Non-core,4.635761589403973
