status,intersection
Core,5.6537102473498235
Non-core,4.102564102564102
