status,intersection
Core,4.4496487119437935
Non-core,3.5947712418300655
