status,intersection
Core,4.385964912280702
Non-core,8.928571428571429
