status,intersection
Core,4.216867469879518
Non-core,5.2631578947368425
