status,intersection
Core,10.15625
Non-core,11.494252873563218
