status,intersection
Core,1.0204081632653061
Non-core,0.45045045045045046
