status,intersection
Core,18.7192118226601
Non-core,15.602836879432624
