status,intersection
Core,3.8461538461538463
Non-core,4.285714285714286
