status,intersection
Core,3.0201342281879193
Non-core,2.2831050228310503
