status,intersection
Core,14.344262295081966
Non-core,11.176470588235293
