status,intersection
Core,18.526315789473685
Non-core,15.36231884057971
