status,intersection
Core,1.3605442176870748
Non-core,1.3574660633484164
