status,intersection
Core,4.678362573099415
Non-core,4.761904761904762
