status,intersection
Core,1.5957446808510638
Non-core,1.5037593984962405
