status,intersection
Core,9.35960591133005
Non-core,8.396946564885496
