status,intersection
Core,4.291845493562231
Non-core,4.242424242424242
