status,intersection
Core,6.474820143884892
Non-core,6.185567010309279
