status,intersection
Core,2.4038461538461537
Non-core,2.7586206896551726
