status,intersection
Core,9.615384615384615
Non-core,8.108108108108109
