status,intersection
Core,8.483290488431876
Non-core,6.083650190114068
