status,intersection
Core,2.2598870056497176
Non-core,1.9230769230769231
