status,intersection
Core,7.407407407407407
Non-core,7.317073170731708
