status,intersection
Core,1.0869565217391304
Non-core,0.975609756097561
