status,intersection
Core,6.153846153846154
Non-core,4.081632653061225
