status,intersection
Core,9.352517985611511
Non-core,5.681818181818182
