status,intersection
Core,7.169811320754717
Non-core,5.9523809523809526
