status,intersection
Core,8.860759493670885
Non-core,9.090909090909092
