status,intersection
Core,1.4234875444839858
Non-core,0.9478672985781991
