status,intersection
Core,1.7142857142857142
Non-core,1.0869565217391304
