status,intersection
Core,2.7149321266968327
Non-core,3.4722222222222223
