status,intersection
Core,1.7964071856287425
Non-core,1.6260162601626016
