status,intersection
Core,5.015673981191223
Non-core,5.217391304347826
