status,intersection
Core,3.0927835051546393
Non-core,4.3478260869565215
