status,intersection
Core,3.0927835051546393
Non-core,3.1746031746031744
