status,intersection
Core,4.838709677419355
Non-core,5.384615384615385
