status,intersection
Core,5.194805194805195
Non-core,4.733727810650888
