status,intersection
Core,10.062893081761006
Non-core,8.737864077669903
