status,intersection
Core,3.361344537815126
Non-core,3.5714285714285716
