status,intersection
Core,8.19672131147541
Non-core,1.2048192771084338
