status,intersection
Core,5.2631578947368425
Non-core,7.407407407407407
