status,intersection
Core,3.141361256544503
Non-core,3.597122302158273
