status,intersection
Core,4.827586206896552
Non-core,5.9405940594059405
