status,intersection
Core,7.547169811320755
Non-core,5.426356589147287
