status,intersection
Core,5.3097345132743365
Non-core,4.615384615384615
