status,intersection
Core,6.081081081081081
Non-core,6.862745098039215
