status,intersection
Core,1.4619883040935673
Non-core,1.606425702811245
