status,intersection
Core,5.072463768115942
Non-core,4.716981132075472
