status,intersection
Core,4.945054945054945
Non-core,3.8461538461538463
