status,intersection
Core,0.9615384615384616
Non-core,1.5151515151515151
