status,intersection
Core,2.380952380952381
Non-core,2.0833333333333335
