status,intersection
Core,3.3834586466165413
Non-core,2.5510204081632653
