status,intersection
Core,6.145251396648045
Non-core,6.956521739130435
