status,intersection
Core,7.751937984496124
Non-core,5.405405405405405
