status,intersection
Core,3.361344537815126
Non-core,2.2988505747126435
