status,intersection
Core,7.407407407407407
Non-core,5.084745762711864
