status,intersection
Core,2.6881720430107525
Non-core,1.7094017094017093
