status,intersection
Core,2.4096385542168677
Non-core,3.5714285714285716
