status,intersection
Core,4.705882352941177
Non-core,0.9090909090909091
