status,intersection
Core,1.893939393939394
Non-core,1.5957446808510638
