status,intersection
Core,5.147058823529412
Non-core,2.5316455696202533
