status,intersection
Core,2.573529411764706
Non-core,2.158273381294964
