status,intersection
Core,20.168067226890756
Non-core,14.285714285714286
