status,intersection
Core,1.7341040462427746
Non-core,1.9841269841269842
