status,intersection
Core,7.441860465116279
Non-core,8.695652173913043
