status,intersection
Core,0.398406374501992
Non-core,0.5681818181818182
