status,intersection
Core,20.26431718061674
Non-core,17.073170731707318
