status,intersection
Core,25.858585858585858
Non-core,23.142857142857142
