status,intersection
Core,8.088235294117647
Non-core,5.882352941176471
