status,intersection
Core,9.333333333333334
Non-core,9.027777777777779
