status,intersection
Core,9.49367088607595
Non-core,7.608695652173913
