status,intersection
Core,3.4188034188034186
Non-core,1.2820512820512822
