status,intersection
Core,6.521739130434782
Non-core,8.16326530612245
