status,intersection
Core,3.0884808013355594
Non-core,1.8087855297157622
