status,intersection
Core,6.122448979591836
Non-core,8.333333333333334
