status,intersection
Core,3.4188034188034186
Non-core,4.761904761904762
