status,intersection
Core,3.5353535353535355
Non-core,3.1496062992125986
