status,intersection
Core,6.4935064935064934
Non-core,4.081632653061225
