status,intersection
Core,2.2598870056497176
Non-core,2.6923076923076925
