status,intersection
Core,7.804878048780488
Non-core,7.482993197278912
