status,intersection
Core,8.474576271186441
Non-core,5.882352941176471
