status,intersection
Core,4.821150855365475
Non-core,3.2454361054766734
