status,intersection
Core,7.169811320754717
Non-core,7.6502732240437155
