status,intersection
Core,3.4782608695652173
Non-core,3.1746031746031744
