status,intersection
Core,9.644670050761421
Non-core,7.042253521126761
