status,intersection
Core,4.1420118343195265
Non-core,3.6036036036036037
