status,intersection
Core,8.074534161490684
Non-core,8.51063829787234
