status,intersection
Core,19.256756756756758
Non-core,11.650485436893204
