status,intersection
Core,4.979253112033195
Non-core,4.938271604938271
