status,intersection
Core,15.64245810055866
Non-core,13.08411214953271
