status,intersection
Core,6.496519721577727
Non-core,5.414012738853503
