status,intersection
Core,2.9940119760479043
Non-core,1.0101010101010102
