status,intersection
Core,6.410256410256411
Non-core,8.51063829787234
