status,intersection
Core,8.060453400503778
Non-core,5.2264808362369335
