status,intersection
Core,3.9603960396039604
Non-core,3.225806451612903
