status,intersection
Core,8.571428571428571
Non-core,13.043478260869565
