status,intersection
Core,3.71900826446281
Non-core,4.216867469879518
