status,intersection
Core,6.042296072507553
Non-core,6.666666666666667
