status,intersection
Core,3.389830508474576
Non-core,6.0606060606060606
