status,intersection
Core,6.575342465753424
Non-core,5.5762081784386615
