status,intersection
Core,5.829596412556054
Non-core,4.545454545454546
