status,intersection
Core,5.370843989769821
Non-core,3.7593984962406015
