status,intersection
Core,5.47945205479452
Non-core,1.9607843137254901
