status,intersection
Core,2.4096385542168677
Non-core,4.081632653061225
