status,intersection
Core,1.5686274509803921
Non-core,1.694915254237288
