status,intersection
Core,6.172839506172839
Non-core,6.358381502890174
