status,intersection
Core,3.9735099337748343
Non-core,2.7777777777777777
