status,intersection
Core,5.785123966942149
Non-core,5.405405405405405
