status,intersection
Core,3.4782608695652173
Non-core,3.3707865168539324
