status,intersection
Core,6.7073170731707314
Non-core,6.542056074766355
