status,intersection
Core,3.3205619412515963
Non-core,1.8739352640545144
