status,intersection
Core,2.0202020202020203
Non-core,1.7241379310344827
