status,intersection
Core,9.523809523809524
Non-core,8.108108108108109
