status,intersection
Core,6.532663316582915
Non-core,6.6115702479338845
