status,intersection
Core,4.230769230769231
Non-core,4.2105263157894735
