status,intersection
Core,0.5376344086021505
Non-core,0.7407407407407407
