status,intersection
Core,12.580645161290322
Non-core,11.607142857142858
