status,intersection
Core,1.5037593984962405
Non-core,1.1764705882352942
