status,intersection
Core,5.162523900573614
Non-core,3.316326530612245
