status,intersection
Core,6.382978723404255
Non-core,2.6785714285714284
