status,intersection
Core,5.150753768844221
Non-core,3.7288135593220337
