status,intersection
Core,20.14388489208633
Non-core,17.277486910994764
