status,intersection
Core,7.103825136612022
Non-core,2.6548672566371683
