status,intersection
Core,3.538175046554935
Non-core,2.985074626865672
