status,intersection
Core,4.511278195488722
Non-core,2.3255813953488373
