status,intersection
Core,0.9009009009009009
Non-core,1.2345679012345678
