status,intersection
Core,3.6923076923076925
Non-core,2.904564315352697
