status,intersection
Core,3.0555555555555554
Non-core,2.766798418972332
