status,intersection
Core,2.3300970873786406
Non-core,1.7676767676767677
