status,intersection
Core,3.0701754385964914
Non-core,2.5157232704402515
