status,intersection
Core,4.37956204379562
Non-core,4.651162790697675
