status,intersection
Core,5.3627760252365935
Non-core,5.803571428571429
