status,intersection
Core,4.12621359223301
Non-core,4.074074074074074
