status,intersection
Core,3.896103896103896
Non-core,3.4482758620689653
