status,intersection
Core,4.669260700389105
Non-core,4.060913705583756
