status,intersection
Core,5.9245960502693
Non-core,4.750593824228028
