status,intersection
Core,4.382470119521912
Non-core,5.780346820809249
