status,intersection
Core,4.109589041095891
Non-core,1.9801980198019802
