status,intersection
Core,1.7142857142857142
Non-core,0.8849557522123894
