status,intersection
Core,2.8735632183908044
Non-core,3.5714285714285716
