status,intersection
Core,5.361596009975062
Non-core,4.173622704507513
