status,intersection
Core,0.5449591280653951
Non-core,0.7352941176470589
