status,intersection
Core,0.5988023952095808
Non-core,0.8771929824561403
