status,intersection
Core,4.198473282442748
Non-core,3.932584269662921
