status,intersection
Core,8.355795148247978
Non-core,6.654676258992806
