status,intersection
Core,2.7027027027027026
Non-core,1.4598540145985401
