status,intersection
Core,8.585858585858587
Non-core,6.976744186046512
