status,intersection
Core,21.85792349726776
Non-core,18.503937007874015
