status,intersection
Core,4.651162790697675
Non-core,5.405405405405405
