status,intersection
Core,4.932735426008969
Non-core,5.072463768115942
