status,intersection
Core,7.619047619047619
Non-core,5.517241379310345
