status,intersection
Core,4.316546762589928
Non-core,3.5714285714285716
