status,intersection
Core,3.401360544217687
Non-core,2.6315789473684212
