status,intersection
Core,2.140672782874618
Non-core,1.8867924528301887
