status,intersection
Core,3.869653767820774
Non-core,4.289544235924933
