status,intersection
Core,3.2626427406199023
Non-core,2.3605150214592276
