status,intersection
Core,1.3353115727002967
Non-core,0.8653846153846154
