status,intersection
Core,4.390243902439025
Non-core,4.651162790697675
