status,intersection
Core,14.354066985645932
Non-core,9.558823529411764
