status,intersection
Core,5.649717514124294
Non-core,7.017543859649122
