status,intersection
Core,1.7114914425427872
Non-core,1.9292604501607717
