status,intersection
Core,3.2967032967032965
Non-core,4.411764705882353
