status,intersection
Core,3.061224489795918
Non-core,3.1746031746031744
