status,intersection
Core,2.4193548387096775
Non-core,3.409090909090909
