status,intersection
Core,16.703296703296704
Non-core,15.170278637770897
