status,intersection
Core,9.01639344262295
Non-core,9.58904109589041
