status,intersection
Core,0.6756756756756757
Non-core,0.9345794392523364
