status,intersection
Core,2.2857142857142856
Non-core,1.6260162601626016
