status,intersection
Core,3.977272727272727
Non-core,4.201680672268908
