status,intersection
Core,11.403508771929825
Non-core,9.090909090909092
