status,intersection
Core,5.025125628140704
Non-core,4.3478260869565215
