status,intersection
Core,4.57516339869281
Non-core,4.273504273504273
