status,intersection
Core,10.045662100456621
Non-core,5.2631578947368425
