status,intersection
Core,7.207207207207207
Non-core,7.6923076923076925
