status,intersection
Core,15.926892950391645
Non-core,10.64638783269962
