status,intersection
Core,3.5460992907801416
Non-core,3.225806451612903
