status,intersection
Core,5.298013245033113
Non-core,3.9215686274509802
