status,intersection
Core,6.7114093959731544
Non-core,1.1764705882352942
