status,intersection
Core,3.875968992248062
Non-core,4.3478260869565215
