status,intersection
Core,3.061224489795918
Non-core,3.7593984962406015
