status,intersection
Core,2.8947368421052633
Non-core,2.1818181818181817
