status,intersection
Core,4.938271604938271
Non-core,5.769230769230769
