status,intersection
Core,1.412639405204461
Non-core,1.2548262548262548
