status,intersection
Core,4.195804195804196
Non-core,5.314009661835748
