status,intersection
Core,9.767441860465116
Non-core,8.391608391608392
