status,intersection
Core,3.0425963488843815
Non-core,2.1333333333333333
