status,intersection
Core,9.003215434083602
Non-core,7.109004739336493
