status,intersection
Core,8.791208791208792
Non-core,1.8867924528301887
