status,intersection
Core,7.7844311377245505
Non-core,6.938775510204081
