status,intersection
Core,1.9305019305019304
Non-core,1.6304347826086956
