status,intersection
Core,1.1904761904761905
Non-core,1.2552301255230125
