status,intersection
Core,15.759312320916905
Non-core,12.598425196850394
