status,intersection
Core,2.4258760107816713
Non-core,2.1660649819494586
