status,intersection
Core,1.8518518518518519
Non-core,2.586206896551724
