status,intersection
Core,7.262569832402234
Non-core,8.108108108108109
