status,intersection
Core,1.3123359580052494
Non-core,1.0526315789473684
