status,intersection
Core,4.032258064516129
Non-core,3.1847133757961785
