status,intersection
Core,3.4188034188034186
Non-core,4.395604395604396
