status,intersection
Core,5.546218487394958
Non-core,5.054945054945055
