status,intersection
Core,0.35842293906810035
Non-core,0.4807692307692308
