status,intersection
Core,1.5789473684210527
Non-core,2.2058823529411766
