status,intersection
Core,4.761904761904762
Non-core,7.407407407407407
