status,intersection
Core,6.779661016949152
Non-core,5.276381909547739
