status,intersection
Core,9.763313609467456
Non-core,7.7272727272727275
