status,intersection
Core,17.339667458432302
Non-core,13.861386138613861
