status,intersection
Core,1.3377926421404682
Non-core,1.3215859030837005
