status,intersection
Core,16.728624535315983
Non-core,14.795918367346939
