status,intersection
Core,0.8955223880597015
Non-core,0.823045267489712
