status,intersection
Core,13.692946058091286
Non-core,11.728395061728396
