status,intersection
Core,5.555555555555555
Non-core,2.8753993610223643
