status,intersection
Core,3.4965034965034967
Non-core,3.6036036036036037
