status,intersection
Core,9.649122807017545
Non-core,5.633802816901408
