status,intersection
Core,3.278688524590164
Non-core,4.237288135593221
