status,intersection
Core,5.714285714285714
Non-core,5.434782608695652
