status,intersection
Core,4.615384615384615
Non-core,6.329113924050633
