status,intersection
Core,2.857142857142857
Non-core,6.0606060606060606
