status,intersection
Core,10.559006211180124
Non-core,11.34020618556701
