status,intersection
Core,8.947368421052632
Non-core,9.090909090909092
