status,intersection
Core,8.176100628930818
Non-core,8.51063829787234
