status,intersection
Core,6.698564593301436
Non-core,7.746478873239437
