status,intersection
Core,5.381165919282512
Non-core,5.214723926380368
