status,intersection
Core,7.294117647058823
Non-core,5.673758865248227
