status,intersection
Core,2.6490066225165565
Non-core,1.7543859649122806
