status,intersection
Core,2.608695652173913
Non-core,4.761904761904762
