status,intersection
Core,4.716981132075472
Non-core,4.225352112676056
