status,intersection
Core,4.918032786885246
Non-core,6.451612903225806
