status,intersection
Core,3.3112582781456954
Non-core,3.6036036036036037
