status,intersection
Core,10.566037735849056
Non-core,4.918032786885246
