status,intersection
Core,17.18213058419244
Non-core,15.736040609137056
