status,intersection
Core,3.71900826446281
Non-core,3.5714285714285716
