status,intersection
Core,2.3076923076923075
Non-core,1.7064846416382253
