status,intersection
Core,4.109589041095891
Non-core,1.9047619047619047
