status,intersection
Core,2.3972602739726026
Non-core,2.816901408450704
