status,intersection
Core,2.6666666666666665
Non-core,3.4482758620689653
