status,intersection
Core,0.373134328358209
Non-core,0.5050505050505051
