status,intersection
Core,0.27548209366391185
Non-core,0.373134328358209
