status,intersection
Core,5.405405405405405
Non-core,3.857566765578635
