status,intersection
Core,4.242424242424242
Non-core,3.5714285714285716
