status,intersection
Core,6.0606060606060606
Non-core,6.666666666666667
