status,intersection
Core,3.5714285714285716
Non-core,4.054054054054054
