status,intersection
Core,7.0754716981132075
Non-core,6.293706293706293
