status,intersection
Core,1.1857707509881423
Non-core,0.5617977528089888
