status,intersection
Core,6.474820143884892
Non-core,7.368421052631579
