status,intersection
Core,3.793103448275862
Non-core,1.5957446808510638
