status,intersection
Core,1.6483516483516483
Non-core,2.3255813953488373
