status,intersection
Core,1.4492753623188406
Non-core,1.0204081632653061
