status,intersection
Core,5.405405405405405
Non-core,7.142857142857143
