status,intersection
Core,4.093567251461988
Non-core,1.8518518518518519
