status,intersection
Core,0.8982035928143712
Non-core,0.8264462809917356
