status,intersection
Core,2.197802197802198
Non-core,3.7735849056603774
