status,intersection
Core,8.064516129032258
Non-core,6.349206349206349
