status,intersection
Core,0.390625
Non-core,0.5524861878453039
