status,intersection
Core,2.3300970873786406
Non-core,1.7902813299232736
