status,intersection
Core,4.102564102564102
Non-core,5.223880597014926
