status,intersection
Core,3.6231884057971016
Non-core,2.4024024024024024
