status,intersection
Core,4.920634920634921
Non-core,3.7974683544303796
