status,intersection
Core,17.006802721088434
Non-core,13.705583756345177
