status,intersection
Core,4.1450777202072535
Non-core,4.137931034482759
