status,intersection
Core,4.882154882154882
Non-core,4.194260485651214
