status,intersection
Core,1.6260162601626016
Non-core,1.0638297872340425
