status,intersection
Core,6.0344827586206895
Non-core,4.40251572327044
