status,intersection
Core,6.299212598425197
Non-core,8.695652173913043
