status,intersection
Core,5.524861878453039
Non-core,4.3478260869565215
