status,intersection
Core,1.2658227848101267
Non-core,0.9523809523809523
