status,intersection
Core,4.026845637583893
Non-core,4.109589041095891
