status,intersection
Core,1.8518518518518519
Non-core,0.8620689655172413
