status,intersection
Core,3.389830508474576
Non-core,4.651162790697675
