status,intersection
Core,4.901960784313726
Non-core,6.944444444444445
