status,intersection
Core,3.816793893129771
Non-core,2.6315789473684212
