status,intersection
Core,13.08411214953271
Non-core,13.461538461538462
