status,intersection
Core,11.931818181818182
Non-core,9.090909090909092
