status,intersection
Core,5.0675675675675675
Non-core,3.867403314917127
