status,intersection
Core,4.787234042553192
Non-core,6.6115702479338845
