status,intersection
Core,4.946996466431095
Non-core,4.591836734693878
