status,intersection
Core,2.0618556701030926
Non-core,3.076923076923077
