status,intersection
Core,11.481481481481481
Non-core,9.67741935483871
