status,intersection
Core,12.616822429906541
Non-core,7.6923076923076925
