status,intersection
Core,4.608294930875576
Non-core,3.9473684210526314
