status,intersection
Core,10.76555023923445
Non-core,7.241379310344827
