status,intersection
Core,10.41095890410959
Non-core,9.876543209876543
