status,intersection
Core,5.084745762711864
Non-core,1.5873015873015872
