status,intersection
Core,4.012841091492777
Non-core,3.789473684210526
