status,intersection
Core,2.6865671641791047
Non-core,2.6548672566371683
