status,intersection
Core,4.054054054054054
Non-core,6.666666666666667
