status,intersection
Core,7.359307359307359
Non-core,7.142857142857143
