status,intersection
Core,1.7241379310344827
Non-core,2.4096385542168677
