status,intersection
Core,4.423495286439449
Non-core,2.9107981220657275
