status,intersection
Core,12.053571428571429
Non-core,10.204081632653061
