status,intersection
Core,6.437768240343348
Non-core,3.816793893129771
