status,intersection
Core,5.676855895196507
Non-core,4.605263157894737
