status,intersection
Core,4.932735426008969
Non-core,6.756756756756757
