status,intersection
Core,5.555555555555555
Non-core,3.6363636363636362
