status,intersection
Core,0.2949852507374631
Non-core,0.4048582995951417
