status,intersection
Core,2.6490066225165565
Non-core,2.608695652173913
