status,intersection
Core,5.333333333333333
Non-core,6.382978723404255
