status,intersection
Core,6.887755102040816
Non-core,4.584040747028863
