status,intersection
Core,14.193548387096774
Non-core,12.195121951219512
