status,intersection
Core,4.857142857142857
Non-core,4.310344827586207
