status,intersection
Core,2.450980392156863
Non-core,2.7586206896551726
