status,intersection
Core,1.1160714285714286
Non-core,1.2779552715654952
