status,intersection
Core,0.8670520231213873
Non-core,1.1857707509881423
