status,intersection
Core,8.502024291497976
Non-core,8.387096774193548
