status,intersection
Core,0.9345794392523364
Non-core,1.3513513513513513
