status,intersection
Core,6.741573033707865
Non-core,10.869565217391305
