status,intersection
Core,3.8297872340425534
Non-core,4.046242774566474
