status,intersection
Core,15.878378378378379
Non-core,8.900523560209423
