status,intersection
Core,1.1111111111111112
Non-core,1.7241379310344827
