status,intersection
Core,4.1450777202072535
Non-core,2.9197080291970803
