status,intersection
Core,2.525252525252525
Non-core,1.5037593984962405
