status,intersection
Core,4.310344827586207
Non-core,4.219409282700422
