status,intersection
Core,2.8735632183908044
Non-core,4.310344827586207
