status,intersection
Core,13.304721030042918
Non-core,12.418300653594772
