status,intersection
Core,18.181818181818183
Non-core,15.841584158415841
