status,intersection
Core,7.262569832402234
Non-core,3.4188034188034186
