status,intersection
Core,1.9607843137254901
Non-core,1.36986301369863
