status,intersection
Core,6.153846153846154
Non-core,3.9215686274509802
