status,intersection
Core,7.339449541284404
Non-core,4.166666666666667
