status,intersection
Core,3.4946236559139785
Non-core,2.150537634408602
