status,intersection
Core,2.8846153846153846
Non-core,3.1746031746031744
