status,intersection
Core,1.744186046511628
Non-core,2.4390243902439024
