status,intersection
Core,6.015037593984962
Non-core,6.666666666666667
