status,intersection
Core,1.6260162601626016
Non-core,1.0869565217391304
