status,intersection
Core,2.722772277227723
Non-core,2.247191011235955
