status,intersection
Core,3.3112582781456954
Non-core,1.8518518518518519
