status,intersection
Core,4.411764705882353
Non-core,5.405405405405405
