status,intersection
Core,2.9986962190352022
Non-core,2.079722703639515
