status,intersection
Core,3.6144578313253013
Non-core,5.454545454545454
