status,intersection
Core,3.9577836411609497
Non-core,2.18978102189781
