status,intersection
Core,2.395209580838323
Non-core,2.2388059701492535
