status,intersection
Core,5.3627760252365935
Non-core,4.741379310344827
