status,intersection
Core,9.345794392523365
Non-core,7.352941176470588
