status,intersection
Core,2.1645021645021645
Non-core,1.2738853503184713
