status,intersection
Core,2.380952380952381
Non-core,3.5398230088495577
