status,intersection
Core,2.616279069767442
Non-core,1.9792648444863337
