status,intersection
Core,2.8368794326241136
Non-core,1.9047619047619047
