status,intersection
Core,7.44466800804829
Non-core,5.444126074498567
