status,intersection
Core,6.0344827586206895
Non-core,7.246376811594203
