status,intersection
Core,5.042016806722689
Non-core,2.7777777777777777
