status,intersection
Core,12.154696132596685
Non-core,8.264462809917354
