status,intersection
Core,5.333333333333333
Non-core,4.918032786885246
