status,intersection
Core,5.353728489483748
Non-core,5.093833780160858
