status,intersection
Core,2.272727272727273
Non-core,1.9867549668874172
