status,intersection
Core,5.504587155963303
Non-core,6.944444444444445
