status,intersection
Core,1.7811704834605597
Non-core,1.023890784982935
