status,intersection
Core,6.172839506172839
Non-core,5.2631578947368425
