status,intersection
Core,3.4246575342465753
Non-core,4.545454545454546
