status,intersection
Core,2.132701421800948
Non-core,2.127659574468085
