status,intersection
Core,3.816793893129771
Non-core,4.819277108433735
