status,intersection
Core,9.736842105263158
Non-core,8.527131782945736
