status,intersection
Core,1.630837657524092
Non-core,1.2487992315081653
