status,intersection
Core,2.4630541871921183
Non-core,2.3411371237458196
