status,intersection
Core,2.808988764044944
Non-core,2.2222222222222223
