status,intersection
Core,5.172413793103448
Non-core,2.816901408450704
