status,intersection
Core,3.260869565217391
Non-core,1.492537313432836
