status,intersection
Core,1.694915254237288
Non-core,2.5641025641025643
