status,intersection
Core,7.2507552870090635
Non-core,7.2727272727272725
