status,intersection
Core,6.918238993710692
Non-core,9.523809523809524
