status,intersection
Core,8.219178082191782
Non-core,8.24742268041237
