status,intersection
Core,7.2368421052631575
Non-core,6.0606060606060606
