status,intersection
Core,8.49056603773585
Non-core,8.064516129032258
