status,intersection
Core,6.481481481481482
Non-core,4.615384615384615
