status,intersection
Core,5.990783410138249
Non-core,5.673758865248227
