status,intersection
Core,0.898876404494382
Non-core,1.2618296529968454
