status,intersection
Core,6.036745406824147
Non-core,5.734767025089606
