status,intersection
Core,3.283582089552239
Non-core,2.7027027027027026
