status,intersection
Core,3.3557046979865772
Non-core,0.8928571428571429
