status,intersection
Core,8.064516129032258
Non-core,8.974358974358974
