status,intersection
Core,0.8830022075055187
Non-core,0.9287925696594427
