status,intersection
Core,3.0730897009966776
Non-core,2.051282051282051
