status,intersection
Core,7.17948717948718
Non-core,6.349206349206349
