status,intersection
Core,17.894736842105264
Non-core,16.949152542372882
