status,intersection
Core,8.720930232558139
Non-core,7.826086956521739
