status,intersection
Core,1.6129032258064515
Non-core,1.0526315789473684
