status,intersection
Core,4.958677685950414
Non-core,5.47945205479452
