status,intersection
Core,5.319148936170213
Non-core,4.225352112676056
