status,intersection
Core,8.438818565400844
Non-core,7.0821529745042495
