status,intersection
Core,3.977272727272727
Non-core,0.9803921568627451
