status,intersection
Core,7.731958762886598
Non-core,7.751937984496124
