status,intersection
Core,9.793814432989691
Non-core,7.434944237918216
