status,intersection
Core,10.526315789473685
Non-core,14.035087719298245
