status,intersection
Core,9.00900900900901
Non-core,8.474576271186441
