status,intersection
Core,5.4892601431980905
Non-core,5.921052631578948
