status,intersection
Core,3.1088082901554404
Non-core,2.898550724637681
