status,intersection
Core,4.87012987012987
Non-core,5.365853658536586
