status,intersection
Core,5.369127516778524
Non-core,5.882352941176471
