status,intersection
Core,8.823529411764707
Non-core,8.411214953271028
