status,intersection
Core,7.633587786259542
Non-core,6.578947368421052
