status,intersection
Core,3.565640194489465
Non-core,2.5477707006369426
