status,intersection
Core,3.3381712626995648
Non-core,2.2492970946579196
