status,intersection
Core,4.4520547945205475
Non-core,5.527638190954774
