status,intersection
Core,4.166666666666667
Non-core,6.818181818181818
