status,intersection
Core,5.142857142857143
Non-core,6.097560975609756
