status,intersection
Core,4.087193460490464
Non-core,4.104477611940299
