status,intersection
Core,1.3020833333333333
Non-core,1.3888888888888888
