status,intersection
Core,2.684563758389262
Non-core,3.9215686274509802
