status,intersection
Core,7.671957671957672
Non-core,7.364341085271318
