status,intersection
Core,5.527638190954774
Non-core,6.722689075630252
