status,intersection
Core,5.142857142857143
Non-core,5.384615384615385
