status,intersection
Core,3.007518796992481
Non-core,4.054054054054054
