status,intersection
Core,3.10077519379845
Non-core,2.197802197802198
