status,intersection
Core,6.622516556291391
Non-core,4.545454545454546
