status,intersection
Core,8.370044052863436
Non-core,6.7114093959731544
