status,intersection
Core,2.0107238605898123
Non-core,0.5366726296958855
