status,intersection
Core,2.6634382566585955
Non-core,2.1806853582554515
