status,intersection
Core,4.787234042553192
Non-core,0.819672131147541
