status,intersection
Core,5.3097345132743365
Non-core,6.024096385542169
