status,intersection
Core,11.39240506329114
Non-core,10.869565217391305
