status,intersection
Core,9.44206008583691
Non-core,9.090909090909092
