status,intersection
Core,3.3175355450236967
Non-core,4.285714285714286
