status,intersection
Core,5.376344086021505
Non-core,2.0408163265306123
