status,intersection
Core,10.94890510948905
Non-core,8.235294117647058
