status,intersection
Core,8.661417322834646
Non-core,6.282722513089006
