status,intersection
Core,2.7202072538860103
Non-core,1.721170395869191
