status,intersection
Core,6.921241050119332
Non-core,4.590163934426229
