status,intersection
Core,8.391608391608392
Non-core,0.9523809523809523
