status,intersection
Core,7.555555555555555
Non-core,6.369426751592357
