status,intersection
Core,5.128205128205129
Non-core,6.185567010309279
