status,intersection
Core,3.076923076923077
Non-core,1.098901098901099
