status,intersection
Core,3.3333333333333335
Non-core,7.407407407407407
