status,intersection
Core,4.30622009569378
Non-core,5.147058823529412
