status,intersection
Core,5.084745762711864
Non-core,6.410256410256411
