status,intersection
Core,3.2710280373831777
Non-core,3.225806451612903
