status,intersection
Core,4.801324503311259
Non-core,3.2537960954446854
