status,intersection
Core,4.1558441558441555
Non-core,2.536231884057971
