status,intersection
Core,6.818181818181818
Non-core,11.11111111111111
