status,intersection
Core,7.758620689655173
Non-core,7.18562874251497
