status,intersection
Core,6.8893528183716075
Non-core,4.788732394366197
