status,intersection
Core,3.488372093023256
Non-core,5.555555555555555
