status,intersection
Core,3.787878787878788
Non-core,4.3478260869565215
