status,intersection
Core,7.792207792207792
Non-core,9.67741935483871
