status,intersection
Core,3.875968992248062
Non-core,5.813953488372093
