status,intersection
Core,19.03846153846154
Non-core,16.577540106951872
