status,intersection
Core,9.615384615384615
Non-core,6.896551724137931
