status,intersection
Core,5.015673981191223
Non-core,4.824561403508772
