status,intersection
Core,12.136627906976743
Non-core,9.498399146211312
