status,intersection
Core,1.1976047904191616
Non-core,0.9174311926605505
