status,intersection
Core,1.6339869281045751
Non-core,1.2875536480686696
