status,intersection
Core,3.592814371257485
Non-core,2.4390243902439024
