status,intersection
Core,18.181818181818183
Non-core,14.516129032258064
