status,intersection
Core,15.172413793103448
Non-core,10.588235294117647
