status,intersection
Core,8.661417322834646
Non-core,5.797101449275362
