status,intersection
Core,1.1869436201780414
Non-core,1.2244897959183674
