status,intersection
Core,3.5714285714285716
Non-core,1.2820512820512822
