status,intersection
Core,4.985955056179775
Non-core,3.4545454545454546
