status,intersection
Core,3.4220532319391634
Non-core,3.3707865168539324
