status,intersection
Core,1.1594202898550725
Non-core,1.1952191235059761
