status,intersection
Core,12.162162162162161
Non-core,7.142857142857143
