status,intersection
Core,14.9812734082397
Non-core,8.426966292134832
