status,intersection
Core,8.024691358024691
Non-core,7.017543859649122
