status,intersection
Core,4.065040650406504
Non-core,4.3478260869565215
