status,intersection
Core,2.14190093708166
Non-core,1.9642857142857142
