status,intersection
Core,17.83783783783784
Non-core,12.048192771084338
