status,intersection
Core,5.421686746987952
Non-core,2.5641025641025643
