status,intersection
Core,3.6036036036036037
Non-core,5.194805194805195
