status,intersection
Core,10.714285714285714
Non-core,6.403940886699507
