status,intersection
Core,2.3529411764705883
Non-core,3.4482758620689653
