status,intersection
Core,2.816901408450704
Non-core,0.9090909090909091
