status,intersection
Core,2.4038461538461537
Non-core,2.142857142857143
