status,intersection
Core,7.246376811594203
Non-core,5.769230769230769
