status,intersection
Core,6.410256410256411
Non-core,10.256410256410257
