status,intersection
Core,4.366812227074236
Non-core,2.9217719132893496
