status,intersection
Core,2.7522935779816513
Non-core,3.2051282051282053
