status,intersection
Core,2.5179856115107913
Non-core,1.5463917525773196
