status,intersection
Core,8.148148148148149
Non-core,9.89010989010989
