status,intersection
Core,3.045685279187817
Non-core,1.8691588785046729
