status,intersection
Core,4.182509505703422
Non-core,3.3707865168539324
