status,intersection
Core,8.148148148148149
Non-core,8.13953488372093
