status,intersection
Core,5.777777777777778
Non-core,6.790123456790123
