status,intersection
Core,3.3766233766233764
Non-core,2.5089605734767026
