status,intersection
Core,14.010989010989011
Non-core,12.955465587044534
