status,intersection
Core,16.455696202531644
Non-core,13.333333333333334
