status,intersection
Core,6.796116504854369
Non-core,9.23076923076923
