status,intersection
Core,7.954545454545454
Non-core,7.3979591836734695
