status,intersection
Core,6.369426751592357
Non-core,6.4655172413793105
