status,intersection
Core,4.642857142857143
Non-core,2.5316455696202533
