status,intersection
Core,0.5509641873278237
Non-core,0.373134328358209
