status,intersection
Core,6.718346253229974
Non-core,2.807017543859649
