status,intersection
Core,17.714285714285715
Non-core,11.650485436893204
