status,intersection
Core,7.035175879396985
Non-core,6.2015503875969
