status,intersection
Core,3.7735849056603774
Non-core,3.1746031746031744
