status,intersection
Core,4.827586206896552
Non-core,3.8095238095238093
