status,intersection
Core,3.8043478260869565
Non-core,1.6666666666666667
