status,intersection
Core,3.3524121013900245
Non-core,2.6315789473684212
