status,intersection
Core,17.516629711751662
Non-core,13.20754716981132
