status,intersection
Core,5.128205128205129
Non-core,6.410256410256411
