status,intersection
Core,6.164383561643835
Non-core,8.24742268041237
