status,intersection
Core,0.4576659038901602
Non-core,0.6472491909385113
