status,intersection
Core,4.29042904290429
Non-core,4.054054054054054
