status,intersection
Core,10.497237569060774
Non-core,3.937007874015748
