status,intersection
Core,0.45558086560364464
Non-core,0.3215434083601286
