status,intersection
Core,3.658536585365854
Non-core,1.9230769230769231
