status,intersection
Core,2.1798365122615806
Non-core,1.8315018315018314
