status,intersection
Core,3.233256351039261
Non-core,3.0864197530864197
