status,intersection
Core,0.6134969325153374
Non-core,0.8620689655172413
