status,intersection
Core,4.508196721311475
Non-core,4.878048780487805
