status,intersection
Core,2.5830258302583027
Non-core,2.0618556701030926
