status,intersection
Core,5.58659217877095
Non-core,5.785123966942149
