status,intersection
Core,5.072463768115942
Non-core,3.553299492385787
