status,intersection
Core,10.650887573964496
Non-core,6.1946902654867255
