status,intersection
Core,8.23045267489712
Non-core,8.387096774193548
