status,intersection
Core,2.830188679245283
Non-core,2.5316455696202533
