status,intersection
Core,2.898550724637681
Non-core,2.2058823529411766
