status,intersection
Core,4.892966360856269
Non-core,3.6199095022624435
