status,intersection
Core,1.7094017094017093
Non-core,2.3255813953488373
