status,intersection
Core,4.137931034482759
Non-core,4.672897196261682
