status,intersection
Core,14.068441064638783
Non-core,12.222222222222221
