status,intersection
Core,5.530973451327434
Non-core,4.242424242424242
