status,intersection
Core,8.695652173913043
Non-core,6.790123456790123
