status,intersection
Core,20.59800664451827
Non-core,17.307692307692307
