status,intersection
Core,1.098901098901099
Non-core,1.5384615384615385
