status,intersection
Core,10.38961038961039
Non-core,9.803921568627452
