status,intersection
Core,21.05263157894737
Non-core,18.83408071748879
