status,intersection
Core,3.6809815950920246
Non-core,2.542372881355932
