status,intersection
Core,2.857142857142857
Non-core,4.761904761904762
