status,intersection
Core,9.329446064139942
Non-core,8.968609865470851
