status,intersection
Core,4.183757178014766
Non-core,3.278688524590164
