status,intersection
Core,6.474820143884892
Non-core,8.641975308641975
