status,intersection
Core,2.42914979757085
Non-core,1.9021739130434783
