status,intersection
Core,0.5681818181818182
Non-core,0.7874015748031497
