status,intersection
Core,3.194888178913738
Non-core,2.6666666666666665
