status,intersection
Core,0.7434944237918215
Non-core,0.5208333333333334
