status,intersection
Core,6.586826347305389
Non-core,6.481481481481482
