status,intersection
Core,2.7027027027027026
Non-core,3.7735849056603774
