status,intersection
Core,7.207207207207207
Non-core,5.594405594405594
