status,intersection
Core,2.0833333333333335
Non-core,2.2058823529411766
