status,intersection
Core,2.2813688212927756
Non-core,1.6042780748663101
