status,intersection
Core,8.724832214765101
Non-core,3.3333333333333335
