status,intersection
Core,13.82716049382716
Non-core,9.44055944055944
