status,intersection
Core,15.021459227467812
Non-core,9.868421052631579
