status,intersection
Core,2.3076923076923075
Non-core,1.1235955056179776
