status,intersection
Core,4.237288135593221
Non-core,2.7027027027027026
