status,intersection
Core,3.0927835051546393
Non-core,3.0303030303030303
