status,intersection
Core,0.34965034965034963
Non-core,0.4672897196261682
