status,intersection
Core,7.142857142857143
Non-core,6.008583690987124
