status,intersection
Core,0.22727272727272727
Non-core,0.3194888178913738
