status,intersection
Core,4.991087344028521
Non-core,4.028436018957346
