status,intersection
Core,3.8251366120218577
Non-core,5.128205128205129
