status,intersection
Core,12.99638989169675
Non-core,8.290155440414507
