status,intersection
Core,1.8181818181818181
Non-core,3.3333333333333335
