status,intersection
Core,3.076923076923077
Non-core,2.2222222222222223
