status,intersection
Core,1.7278617710583153
Non-core,1.5015015015015014
