status,intersection
Core,1.1152416356877324
Non-core,1.0050251256281406
