status,intersection
Core,8.194905869324474
Non-core,6.06508875739645
