status,intersection
Core,10.236220472440944
Non-core,3.6144578313253013
