status,intersection
Core,9.615384615384615
Non-core,17.857142857142858
