status,intersection
Core,10.648148148148149
Non-core,9.722222222222221
