status,intersection
Core,3.597122302158273
Non-core,2.1052631578947367
