status,intersection
Core,3.341902313624679
Non-core,2.8469750889679717
