status,intersection
Core,3.9840637450199203
Non-core,2.9239766081871346
