status,intersection
Core,7.397444519166107
Non-core,5.704407951598963
