status,intersection
Core,3.2418952618453867
Non-core,2.3972602739726026
