status,intersection
Core,3.4246575342465753
Non-core,1.1235955056179776
