status,intersection
Core,8.791208791208792
Non-core,10.56910569105691
