status,intersection
Core,2.577319587628866
Non-core,2.797202797202797
