status,intersection
Core,12.88888888888889
Non-core,10.897435897435898
