status,intersection
Core,5.128205128205129
Non-core,7.352941176470588
