status,intersection
Core,20.45929018789144
Non-core,16.272189349112427
