status,intersection
Core,7.529411764705882
Non-core,4.62046204620462
