status,intersection
Core,2.5547445255474455
Non-core,2.0202020202020203
