status,intersection
Core,10.416666666666666
Non-core,6.884057971014493
