status,intersection
Core,2.18978102189781
Non-core,1.0526315789473684
