status,intersection
Core,3.5460992907801416
Non-core,3.883495145631068
