status,intersection
Core,11.73913043478261
Non-core,8.666666666666666
