status,intersection
Core,10.75268817204301
Non-core,7.407407407407407
