status,intersection
Core,6.862745098039215
Non-core,8.02919708029197
