status,intersection
Core,1.0660980810234542
Non-core,1.1764705882352942
