status,intersection
Core,10.230179028132993
Non-core,5.6537102473498235
