status,intersection
Core,8.19672131147541
Non-core,6.521739130434782
