status,intersection
Core,4.225352112676056
Non-core,4.666666666666667
