status,intersection
Core,8.108108108108109
Non-core,9.523809523809524
