status,intersection
Core,3.816793893129771
Non-core,5.633802816901408
