status,intersection
Core,2.2857142857142856
Non-core,2.1739130434782608
