status,intersection
Core,1.091703056768559
Non-core,1.2121212121212122
