status,intersection
Core,1.2121212121212122
Non-core,0.819672131147541
