status,intersection
Core,2.479338842975207
Non-core,2.197802197802198
