status,intersection
Core,6.976744186046512
Non-core,5.797101449275362
