status,intersection
Core,2.5641025641025643
Non-core,2.3255813953488373
