status,intersection
Core,1.953125
Non-core,2.2099447513812156
