status,intersection
Core,7.547169811320755
Non-core,7.894736842105263
