status,intersection
Core,3.278688524590164
Non-core,3.260869565217391
