status,intersection
Core,2.183406113537118
Non-core,1.7647058823529411
