status,intersection
Core,5.072463768115942
Non-core,7.317073170731708
