status,intersection
Core,10.95890410958904
Non-core,8.045977011494253
