status,intersection
Core,3.054989816700611
Non-core,2.185792349726776
