status,intersection
Core,1.1538461538461537
Non-core,0.5434782608695652
