status,intersection
Core,7.456140350877193
Non-core,6.22568093385214
