status,intersection
Core,8.641975308641975
Non-core,7.407407407407407
