status,intersection
Core,8.235294117647058
Non-core,10.526315789473685
