status,intersection
Core,4.9411764705882355
Non-core,5.592105263157895
