status,intersection
Core,5.305039787798409
Non-core,5.338078291814947
