status,intersection
Core,11.406844106463879
Non-core,7.18232044198895
