status,intersection
Core,5.7356608478802995
Non-core,5.28169014084507
