status,intersection
Core,7.608695652173913
Non-core,5.982905982905983
