status,intersection
Core,5.396825396825397
Non-core,5.5813953488372094
