status,intersection
Core,6.071428571428571
Non-core,6.077348066298343
