status,intersection
Core,2.7681660899653977
Non-core,1.9607843137254901
