status,intersection
Core,7.377049180327869
Non-core,9.210526315789474
