status,intersection
Core,10.72463768115942
Non-core,8.936170212765957
