status,intersection
Core,7.720588235294118
Non-core,5.681818181818182
