status,intersection
Core,5.4945054945054945
Non-core,7.6923076923076925
