status,intersection
Core,4.176904176904177
Non-core,3.4722222222222223
