status,intersection
Core,11.239193083573488
Non-core,10.300429184549357
