status,intersection
Core,5.9523809523809526
Non-core,3.9215686274509802
