status,intersection
Core,4.968944099378882
Non-core,2.7522935779816513
