status,intersection
Core,3.7815126050420167
Non-core,2.9761904761904763
