status,intersection
Core,2.9792746113989637
Non-core,2.413793103448276
