status,intersection
Core,1.9933554817275747
Non-core,1.0893246187363834
