status,intersection
Core,4.43213296398892
Non-core,3.861003861003861
