status,intersection
Core,4.102564102564102
Non-core,3.7313432835820897
