status,intersection
Core,9.30232558139535
Non-core,9.090909090909092
