status,intersection
Core,5.140186915887851
Non-core,4.480651731160896
