status,intersection
Core,0.8498583569405099
Non-core,1.1583011583011582
