status,intersection
Core,2.586206896551724
Non-core,2.3255813953488373
