status,intersection
Core,2.4615384615384617
Non-core,1.8867924528301887
