status,intersection
Core,5.255255255255255
Non-core,4.911591355599215
