status,intersection
Core,2.150537634408602
Non-core,1.932367149758454
