status,intersection
Core,3.5175879396984926
Non-core,3.676470588235294
