status,intersection
Core,1.5250544662309369
Non-core,1.5197568389057752
