status,intersection
Core,3.5294117647058822
Non-core,1.7857142857142858
