status,intersection
Core,3.0120481927710845
Non-core,3.061224489795918
