status,intersection
Core,7.23404255319149
Non-core,6.569343065693431
