status,intersection
Core,1.2096774193548387
Non-core,0.5235602094240838
