status,intersection
Core,2.4128686327077746
Non-core,2.5830258302583027
