status,intersection
Core,3.5294117647058822
Non-core,3.1746031746031744
