status,intersection
Core,3.10077519379845
Non-core,3.1914893617021276
