status,intersection
Core,4.705882352941177
Non-core,3.7037037037037037
