status,intersection
Core,0.2304147465437788
Non-core,0.3257328990228013
