status,intersection
Core,6.666666666666667
Non-core,9.67741935483871
