status,intersection
Core,5.882352941176471
Non-core,6.896551724137931
