status,intersection
Core,1.0775862068965518
Non-core,0.8955223880597015
