status,intersection
Core,23.897058823529413
Non-core,20.408163265306122
