status,intersection
Core,6.722689075630252
Non-core,6.410256410256411
