status,intersection
Core,5.727923627684964
Non-core,3.7542662116040955
