status,intersection
Core,7.260726072607261
Non-core,8.333333333333334
