status,intersection
Core,9.663865546218487
Non-core,9.803921568627452
