status,intersection
Core,3.053435114503817
Non-core,3.1578947368421053
