status,intersection
Core,4.522613065326633
Non-core,1.4705882352941178
