status,intersection
Core,4.285714285714286
Non-core,4.301075268817204
