status,intersection
Core,3.515625
Non-core,3.4482758620689653
