status,intersection
Core,9.433962264150944
Non-core,2.7777777777777777
