status,intersection
Core,8.064516129032258
Non-core,6.329113924050633
