status,intersection
Core,5.405405405405405
Non-core,3.3333333333333335
