status,intersection
Core,1.0256410256410255
Non-core,1.4814814814814814
