status,intersection
Core,7.627118644067797
Non-core,8.391608391608392
