status,intersection
Core,20.209059233449477
Non-core,15.343915343915343
