status,intersection
Core,7.931034482758621
Non-core,7.246376811594203
