status,intersection
Core,1.0101010101010102
Non-core,1.3513513513513513
