status,intersection
Core,1.702127659574468
Non-core,1.1494252873563218
