status,intersection
Core,2.066420664206642
Non-core,1.4367816091954022
