status,intersection
Core,10.204081632653061
Non-core,14.035087719298245
