status,intersection
Core,3.9800995024875623
Non-core,2.7522935779816513
