status,intersection
Core,3.2967032967032965
Non-core,5.357142857142857
