status,intersection
Core,10.138248847926267
Non-core,7.801418439716312
