status,intersection
Core,0.8928571428571429
Non-core,1.2048192771084338
