status,intersection
Core,5.555555555555555
Non-core,7.8431372549019605
