status,intersection
Core,4.651162790697675
Non-core,1.7543859649122806
