status,intersection
Core,1.2121212121212122
Non-core,0.9345794392523364
