status,intersection
Core,19.310344827586206
Non-core,17.346938775510203
