status,intersection
Core,2.5078369905956115
Non-core,1.7857142857142858
