status,intersection
Core,12.4031007751938
Non-core,7.142857142857143
