status,intersection
Core,6.081081081081081
Non-core,5.434782608695652
