status,intersection
Core,4.216867469879518
Non-core,2.978723404255319
