status,intersection
Core,13.761467889908257
Non-core,6.557377049180328
