status,intersection
Core,5.839416058394161
Non-core,5.128205128205129
