status,intersection
Core,9.15032679738562
Non-core,4.716981132075472
