status,intersection
Core,2.4175824175824174
Non-core,1.9924098671726755
