status,intersection
Core,1.1235955056179776
Non-core,1.5384615384615385
