status,intersection
Core,18.571428571428573
Non-core,15.909090909090908
