status,intersection
Core,3.3755274261603376
Non-core,3.7267080745341614
