status,intersection
Core,5.714285714285714
Non-core,5.2631578947368425
