status,intersection
Core,10.429447852760736
Non-core,7.2727272727272725
