status,intersection
Core,7.317073170731708
Non-core,9.67741935483871
