status,intersection
Core,4.8034934497816595
Non-core,4.878048780487805
