status,intersection
Core,2.5092250922509227
Non-core,1.5325670498084292
