status,intersection
Core,10.874704491725769
Non-core,9.316770186335404
