status,intersection
Core,2.9239766081871346
Non-core,2.4193548387096775
