status,intersection
Core,4.646840148698884
Non-core,3.4653465346534653
