status,intersection
Core,5.185185185185185
Non-core,6.024096385542169
