status,intersection
Core,2.536231884057971
Non-core,2.0202020202020203
