status,intersection
Core,7.608695652173913
Non-core,10.909090909090908
