status,intersection
Core,8.951406649616368
Non-core,6.620209059233449
