status,intersection
Core,5.992509363295881
Non-core,7.103825136612022
