status,intersection
Core,7.227615965480044
Non-core,5.27065527065527
