status,intersection
Core,10.396039603960396
Non-core,4.411764705882353
