status,intersection
Core,10.460251046025105
Non-core,10.062893081761006
