status,intersection
Core,4.624277456647399
Non-core,3.278688524590164
