status,intersection
Core,0.7633587786259542
Non-core,1.0638297872340425
