status,intersection
Core,3.51493848857645
Non-core,2.947845804988662
