status,intersection
Core,2.2058823529411766
Non-core,1.9047619047619047
