status,intersection
Core,2.7522935779816513
Non-core,3.8461538461538463
