status,intersection
Core,1.8456375838926173
Non-core,1.4304291287386215
