status,intersection
Core,2.512562814070352
Non-core,2.287581699346405
