status,intersection
Core,15.601023017902813
Non-core,12.406015037593985
