status,intersection
Core,7.575757575757576
Non-core,4.201680672268908
