status,intersection
Core,4.419889502762431
Non-core,4.958677685950414
