status,intersection
Core,8.24742268041237
Non-core,8.595988538681949
