status,intersection
Core,1.3186813186813187
Non-core,1.2232415902140672
