status,intersection
Core,3.592814371257485
Non-core,2.3076923076923075
