status,intersection
Core,7.446808510638298
Non-core,7.547169811320755
