status,intersection
Core,3.6082474226804124
Non-core,3.401360544217687
