status,intersection
Core,4.854368932038835
Non-core,6.818181818181818
