status,intersection
Core,9.705882352941176
Non-core,9.865470852017937
