status,intersection
Core,1.444043321299639
Non-core,1.0471204188481675
