status,intersection
Core,7.259953161592506
Non-core,6.089743589743589
