status,intersection
Core,6.965174129353234
Non-core,8.088235294117647
