status,intersection
Core,5.142857142857143
Non-core,5.128205128205129
