status,intersection
Core,1.6736401673640167
Non-core,1.7857142857142858
