status,intersection
Core,4.956268221574344
Non-core,3.658536585365854
