status,intersection
Core,1.5384615384615385
Non-core,3.7037037037037037
