status,intersection
Core,3.1055900621118013
Non-core,3.3333333333333335
