status,intersection
Core,3.409090909090909
Non-core,2.197802197802198
