status,intersection
Core,1.5831134564643798
Non-core,1.1152416356877324
