status,intersection
Core,5.426356589147287
Non-core,4.49438202247191
