status,intersection
Core,9.72972972972973
Non-core,10.92436974789916
