status,intersection
Core,8.94308943089431
Non-core,2.6666666666666665
