status,intersection
Core,2.2222222222222223
Non-core,3.3333333333333335
