status,intersection
Core,2.395209580838323
Non-core,2.479338842975207
