status,intersection
Core,13.36405529953917
Non-core,10.367892976588628
