status,intersection
Core,15.463917525773196
Non-core,11.904761904761905
