status,intersection
Core,10.091743119266056
Non-core,10.606060606060606
