status,intersection
Core,1.3513513513513513
Non-core,0.9900990099009901
