status,intersection
Core,2.512562814070352
Non-core,2.8368794326241136
