status,intersection
Core,3.10077519379845
Non-core,2.9411764705882355
