status,intersection
Core,7.482993197278912
Non-core,2.2222222222222223
