status,intersection
Core,5.154639175257732
Non-core,3.9215686274509802
