status,intersection
Core,8.823529411764707
Non-core,4.587155963302752
