status,intersection
Core,2.6490066225165565
Non-core,3.0927835051546393
