status,intersection
Core,4.358353510895884
Non-core,4.140127388535032
