status,intersection
Core,7.352941176470588
Non-core,10.81081081081081
