status,intersection
Core,1.646090534979424
Non-core,1.2422360248447204
