status,intersection
Core,2.573529411764706
Non-core,2.5641025641025643
