status,intersection
Core,4.81283422459893
Non-core,4.895104895104895
