status,intersection
Core,3.061224489795918
Non-core,1.7241379310344827
