status,intersection
Core,2.9761904761904763
Non-core,2.0202020202020203
