status,intersection
Core,4.964539007092198
Non-core,2.0833333333333335
