status,intersection
Core,9.134615384615385
Non-core,11.594202898550725
