status,intersection
Core,3.6231884057971016
Non-core,3.883495145631068
