status,intersection
Core,1.9047619047619047
Non-core,3.1746031746031744
