status,intersection
Core,10.182767624020888
Non-core,7.011070110701107
