status,intersection
Core,5.042016806722689
Non-core,5.232558139534884
