status,intersection
Core,6.976744186046512
Non-core,5.0359712230215825
