status,intersection
Core,4.3478260869565215
Non-core,3.7313432835820897
