status,intersection
Core,8.928571428571429
Non-core,4.615384615384615
