status,intersection
Core,11.73913043478261
Non-core,10.461538461538462
