status,intersection
Core,3.8461538461538463
Non-core,0.847457627118644
