status,intersection
Core,6.748466257668712
Non-core,4.201680672268908
