status,intersection
Core,14.339622641509434
Non-core,10.326086956521738
