status,intersection
Core,1.0830324909747293
Non-core,1.4492753623188406
