status,intersection
Core,4.580152671755725
Non-core,3.225806451612903
