status,intersection
Core,10.176991150442477
Non-core,9.655172413793103
