status,intersection
Core,8.121827411167512
Non-core,6.666666666666667
