status,intersection
Core,0.8130081300813008
Non-core,1.2345679012345678
