status,intersection
Core,3.7037037037037037
Non-core,2.150537634408602
