status,intersection
Core,4.128440366972477
Non-core,6.617647058823529
