status,intersection
Core,2.6455026455026456
Non-core,1.694915254237288
