status,intersection
Core,5.741626794258373
Non-core,4.666666666666667
