status,intersection
Core,2.459016393442623
Non-core,2.2988505747126435
