status,intersection
Core,5.416666666666667
Non-core,4.697986577181208
