status,intersection
Core,6.0344827586206895
Non-core,6.097560975609756
