status,intersection
Core,3.9893617021276597
Non-core,2.536231884057971
