status,intersection
Core,6.607929515418502
Non-core,10.06711409395973
