status,intersection
Core,3.8461538461538463
Non-core,4.395604395604396
