status,intersection
Core,0.8902077151335311
Non-core,1.2244897959183674
