status,intersection
Core,4.854368932038835
Non-core,4.838709677419355
