status,intersection
Core,3.6363636363636362
Non-core,3.9473684210526314
