status,intersection
Core,5.2109181141439205
Non-core,4.593639575971731
