status,intersection
Core,3.30188679245283
Non-core,4.195804195804196
