status,intersection
Core,4.794520547945205
Non-core,4.301075268817204
