status,intersection
Core,11.85344827586207
Non-core,9.90990990990991
