status,intersection
Core,8.455882352941176
Non-core,3.626943005181347
