status,intersection
Core,4.3478260869565215
Non-core,3.007518796992481
