status,intersection
Core,4.098360655737705
Non-core,5.970149253731344
