status,intersection
Core,17.088607594936708
Non-core,13.08411214953271
