status,intersection
Core,6.511627906976744
Non-core,6.578947368421052
