status,intersection
Core,3.225806451612903
Non-core,3.8095238095238093
