status,intersection
Core,0.7490636704119851
Non-core,1.0362694300518134
