status,intersection
Core,2.9082774049217
Non-core,3.225806451612903
