status,intersection
Core,4.885057471264368
Non-core,4.724409448818897
