status,intersection
Core,7.079646017699115
Non-core,1.4492753623188406
