status,intersection
Core,2.882483370288248
Non-core,2.26628895184136
