status,intersection
Core,3.9130434782608696
Non-core,4.705882352941177
