status,intersection
Core,4.464285714285714
Non-core,2.9411764705882355
