status,intersection
Core,3.0864197530864197
Non-core,3.3057851239669422
