status,intersection
Core,10.033444816053512
Non-core,7.0754716981132075
