status,intersection
Core,3.5353535353535355
Non-core,3.3333333333333335
