status,intersection
Core,9.30232558139535
Non-core,10.638297872340425
