status,intersection
Core,2.0134228187919465
Non-core,2.3255813953488373
