status,intersection
Core,8.121827411167512
Non-core,8.955223880597014
