status,intersection
Core,6.741573033707865
Non-core,6.0109289617486334
