status,intersection
Core,3.1802120141342756
Non-core,2.8708133971291865
