status,intersection
Core,14.34108527131783
Non-core,12.64367816091954
