status,intersection
Core,6.722689075630252
Non-core,6.832298136645963
