status,intersection
Core,12.145748987854251
Non-core,11.585365853658537
