status,intersection
Core,12.318840579710145
Non-core,6.097560975609756
