status,intersection
Core,5.6537102473498235
Non-core,4.093567251461988
