status,intersection
Core,6.312292358803987
Non-core,4.522613065326633
