status,intersection
Core,6.451612903225806
Non-core,9.67741935483871
