status,intersection
Core,0.44642857142857145
Non-core,0.6269592476489029
