status,intersection
Core,2.0779220779220777
Non-core,1.4035087719298245
