status,intersection
Core,2.0408163265306123
Non-core,2.912621359223301
