status,intersection
Core,5.6521739130434785
Non-core,5.633802816901408
