status,intersection
Core,1.477832512315271
Non-core,2.0134228187919465
