status,intersection
Core,4.0201005025125625
Non-core,3.9215686274509802
