status,intersection
Core,7.1258907363420425
Non-core,4.15335463258786
