status,intersection
Core,4.444444444444445
Non-core,1.3157894736842106
