status,intersection
Core,5.045871559633028
Non-core,2.0408163265306123
