status,intersection
Core,1.1235955056179776
Non-core,1.0471204188481675
