status,intersection
Core,2.272727272727273
Non-core,0.9900990099009901
