status,intersection
Core,4.716981132075472
Non-core,1.7241379310344827
