status,intersection
Core,2.2332506203473947
Non-core,2.287581699346405
