status,intersection
Core,22.75862068965517
Non-core,19.402985074626866
