status,intersection
Core,8.98876404494382
Non-core,10.416666666666666
