status,intersection
Core,3.676470588235294
Non-core,2.6578073089700998
