status,intersection
Core,4.065040650406504
Non-core,5.555555555555555
