status,intersection
Core,6.481481481481482
Non-core,8.823529411764707
