status,intersection
Core,10.309278350515465
Non-core,8.076923076923077
