status,intersection
Core,4.477611940298507
Non-core,5.660377358490566
