status,intersection
Core,10.666666666666666
Non-core,7.317073170731708
