status,intersection
Core,1.8126888217522659
Non-core,1.1152416356877324
