status,intersection
Core,7.608695652173913
Non-core,2.4390243902439024
