status,intersection
Core,3.669724770642202
Non-core,3.9877300613496933
