status,intersection
Core,15.339233038348082
Non-core,13.452914798206278
