status,intersection
Core,3.3557046979865772
Non-core,1.7857142857142858
