status,intersection
Core,2.816901408450704
Non-core,4.3478260869565215
