status,intersection
Core,6.217616580310881
Non-core,8.148148148148149
