status,intersection
Core,4.534606205250597
Non-core,2.6402640264026402
