status,intersection
Core,3.482587064676617
Non-core,1.7667844522968197
