status,intersection
Core,3.003003003003003
Non-core,2.2522522522522523
