status,intersection
Core,2.406417112299465
Non-core,2.1201413427561837
