status,intersection
Core,1.2195121951219512
Non-core,1.7857142857142858
