status,intersection
Core,14.218009478672986
Non-core,11.262798634812286
