status,intersection
Core,1.3333333333333333
Non-core,1.0869565217391304
