status,intersection
Core,10.218978102189782
Non-core,8.02139037433155
