status,intersection
Core,2.5157232704402515
Non-core,2.830188679245283
