status,intersection
Core,3.5714285714285716
Non-core,3.6363636363636362
