status,intersection
Core,5.172413793103448
Non-core,8.823529411764707
