status,intersection
Core,4.87012987012987
Non-core,3.9603960396039604
