status,intersection
Core,1.0416666666666667
Non-core,1.4285714285714286
