status,intersection
Core,1.9337016574585635
Non-core,2.0547945205479454
