status,intersection
Core,1.8134715025906736
Non-core,1.7361111111111112
