status,intersection
Core,2.964959568733154
Non-core,1.7921146953405018
