status,intersection
Core,2.9197080291970803
Non-core,1.0638297872340425
