status,intersection
Core,6.827309236947791
Non-core,7.28476821192053
