status,intersection
Core,1.4545454545454546
Non-core,1.4634146341463414
