status,intersection
Core,4.878048780487805
Non-core,5.681818181818182
