status,intersection
Core,1.932367149758454
Non-core,1.0344827586206897
