status,intersection
Core,2.2284122562674096
Non-core,1.8796992481203008
