status,intersection
Core,4.150197628458498
Non-core,3.1914893617021276
