status,intersection
Core,5.681818181818182
Non-core,4.081632653061225
