status,intersection
Core,6.683804627249358
Non-core,5.7034220532319395
