status,intersection
Core,7.44336569579288
Non-core,3.902439024390244
