status,intersection
Core,8.571428571428571
Non-core,2.898550724637681
