status,intersection
Core,7.655502392344498
Non-core,5.084745762711864
