status,intersection
Core,2.4539877300613497
Non-core,2.912621359223301
