status,intersection
Core,1.6611295681063123
Non-core,1.3157894736842106
