status,intersection
Core,6.174819566960705
Non-core,5.128205128205129
