status,intersection
Core,9.031413612565444
Non-core,6.902356902356902
