status,intersection
Core,1.502145922746781
Non-core,2.127659574468085
