status,intersection
Core,3.468208092485549
Non-core,3.076923076923077
