status,intersection
Core,10.333333333333334
Non-core,5.660377358490566
