status,intersection
Core,3.7344398340248963
Non-core,3.3707865168539324
