status,intersection
Core,4.743083003952569
Non-core,5.113636363636363
