status,intersection
Core,8.898305084745763
Non-core,7.6923076923076925
