status,intersection
Core,8.333333333333334
Non-core,12.162162162162161
