status,intersection
Core,2.032520325203252
Non-core,1.3736263736263736
