status,intersection
Core,4.682274247491639
Non-core,4.545454545454546
