status,intersection
Core,2.380952380952381
Non-core,3.389830508474576
