status,intersection
Core,6.069364161849711
Non-core,3.9473684210526314
