status,intersection
Core,8.695652173913043
Non-core,5.617977528089888
