status,intersection
Core,3.910614525139665
Non-core,4.273504273504273
