status,intersection
Core,8.786610878661088
Non-core,9.210526315789474
