status,intersection
Core,3.252032520325203
Non-core,2.3529411764705883
