status,intersection
Core,0.672645739910314
Non-core,0.6289308176100629
