status,intersection
Core,6.007067137809187
Non-core,1.932367149758454
