status,intersection
Core,7.831325301204819
Non-core,7.291666666666667
