status,intersection
Core,1.5075376884422111
Non-core,1.4248704663212435
