status,intersection
Core,7.380073800738008
Non-core,8.465608465608465
