status,intersection
Core,2.461139896373057
Non-core,2.2491349480968856
