status,intersection
Core,19.708029197080293
Non-core,14.606741573033707
