status,intersection
Core,1.0256410256410255
Non-core,0.7194244604316546
