status,intersection
Core,7.267441860465116
Non-core,4.032258064516129
