status,intersection
Core,3.2851511169513796
Non-core,2.491103202846975
