status,intersection
Core,6.153846153846154
Non-core,8.333333333333334
