status,intersection
Core,4.597701149425287
Non-core,3.508771929824561
