status,intersection
Core,0.4975124378109453
Non-core,0.6896551724137931
