status,intersection
Core,2.5714285714285716
Non-core,2.3255813953488373
