status,intersection
Core,3.5587188612099645
Non-core,4.390243902439025
