status,intersection
Core,4.313725490196078
Non-core,4.516129032258065
