status,intersection
Core,5.384615384615385
Non-core,6.944444444444445
