status,intersection
Core,4.57516339869281
Non-core,4.464285714285714
