status,intersection
Core,6.854838709677419
Non-core,7.6923076923076925
