status,intersection
Core,4.301075268817204
Non-core,5.714285714285714
