status,intersection
Core,4.528301886792453
Non-core,5.46448087431694
