status,intersection
Core,6.923076923076923
Non-core,7.317073170731708
