status,intersection
Core,1.4880952380952381
Non-core,2.100840336134454
