status,intersection
Core,2.734375
Non-core,3.6363636363636362
