status,intersection
Core,6.2015503875969
Non-core,7.0588235294117645
