status,intersection
Core,2.1164021164021163
Non-core,2.272727272727273
