status,intersection
Core,9.473684210526315
Non-core,5.645161290322581
