status,intersection
Core,4.7957371225577266
Non-core,4.109589041095891
