status,intersection
Core,11.254019292604502
Non-core,8.866995073891626
