status,intersection
Core,2.450980392156863
Non-core,1.4492753623188406
