status,intersection
Core,4.633204633204633
Non-core,4.597701149425287
