status,intersection
Core,3.3333333333333335
Non-core,3.1578947368421053
