status,intersection
Core,5.384615384615385
Non-core,5.142857142857143
