status,intersection
Core,12.213740458015268
Non-core,10.526315789473685
