status,intersection
Core,3.6144578313253013
Non-core,3.723404255319149
