status,intersection
Core,3.0172413793103448
Non-core,3.1645569620253164
