status,intersection
Core,4.3557168784029034
Non-core,3.5377358490566038
