status,intersection
Core,1.4285714285714286
Non-core,1.3157894736842106
