status,intersection
Core,1.36986301369863
Non-core,0.7518796992481203
