status,intersection
Core,6.299212598425197
Non-core,4.528301886792453
