status,intersection
Core,1.3368983957219251
Non-core,1.079136690647482
