status,intersection
Core,8.412698412698413
Non-core,6.779661016949152
