status,intersection
Core,2.4390243902439024
Non-core,1.8656716417910448
