status,intersection
Core,5.147058823529412
Non-core,4.368932038834951
