status,intersection
Core,1.075268817204301
Non-core,1.639344262295082
