status,intersection
Core,3.2085561497326203
Non-core,3.053435114503817
