status,intersection
Core,11.45374449339207
Non-core,8.280254777070065
