status,intersection
Core,5.2631578947368425
Non-core,1.7391304347826086
