status,intersection
Core,4.871060171919771
Non-core,3.543307086614173
