status,intersection
Core,4.739336492890995
Non-core,3.7854889589905363
