status,intersection
Core,7.865168539325842
Non-core,8.771929824561404
