status,intersection
Core,26.19047619047619
Non-core,20.512820512820515
