status,intersection
Core,3.061224489795918
Non-core,2.898550724637681
