status,intersection
Core,7.5396825396825395
Non-core,5.9171597633136095
