status,intersection
Core,4.7101449275362315
Non-core,2.358490566037736
