status,intersection
Core,17.937219730941703
Non-core,13.422818791946309
