status,intersection
Core,1.910828025477707
Non-core,2.608695652173913
