status,intersection
Core,6.532663316582915
Non-core,6.299212598425197
