status,intersection
Core,4.278074866310161
Non-core,3.076923076923077
