status,intersection
Core,5.405405405405405
Non-core,8.695652173913043
