status,intersection
Core,3.1055900621118013
Non-core,2.830188679245283
