status,intersection
Core,14.344262295081966
Non-core,12.312312312312311
