status,intersection
Core,2.7131782945736433
Non-core,2.0654044750430294
