status,intersection
Core,12.105263157894736
Non-core,6.106870229007634
