status,intersection
Core,4.056291390728477
Non-core,2.557544757033248
