status,intersection
Core,2.2494887525562373
Non-core,1.9283746556473829
