status,intersection
Core,8.376068376068377
Non-core,6.235011990407674
