status,intersection
Core,5.825242718446602
Non-core,8.16326530612245
