status,intersection
Core,6.273525721455458
Non-core,5.351170568561873
