status,intersection
Core,12.114989733059549
Non-core,11.142857142857142
