status,intersection
Core,18.9873417721519
Non-core,21.73913043478261
