status,intersection
Core,3.468208092485549
Non-core,2.9197080291970803
