status,intersection
Core,1.2987012987012987
Non-core,0.9345794392523364
