status,intersection
Core,7.661290322580645
Non-core,6.832298136645963
