status,intersection
Core,1.5444015444015444
Non-core,1.092896174863388
