status,intersection
Core,2.891566265060241
Non-core,2.364864864864865
