status,intersection
Core,5.279503105590062
Non-core,6.542056074766355
