status,intersection
Core,2.4489795918367347
Non-core,2.197802197802198
