status,intersection
Core,12.373737373737374
Non-core,9.278350515463918
