status,intersection
Core,3.875968992248062
Non-core,4.761904761904762
