status,intersection
Core,3.289473684210526
Non-core,3.5398230088495577
