status,intersection
Core,3.4482758620689653
Non-core,4.545454545454546
