status,intersection
Core,13.194444444444445
Non-core,8.695652173913043
