status,intersection
Core,3.676470588235294
Non-core,2.8846153846153846
