status,intersection
Core,2.0964360587002098
Non-core,2.2988505747126435
