status,intersection
Core,5.666666666666667
Non-core,5.365853658536586
