status,intersection
Core,7.446808510638298
Non-core,10.204081632653061
