status,intersection
Core,5.720823798627002
Non-core,4.545454545454546
