status,intersection
Core,11.926605504587156
Non-core,6.0606060606060606
