status,intersection
Core,3.252032520325203
Non-core,3.409090909090909
