status,intersection
Core,9.941520467836257
Non-core,3.389830508474576
