status,intersection
Core,3.7593984962406015
Non-core,3.0927835051546393
