status,intersection
Core,9.764309764309765
Non-core,8.673469387755102
