status,intersection
Core,3.6334913112164298
Non-core,3.3542976939203353
