status,intersection
Core,1.1415525114155252
Non-core,1.639344262295082
