status,intersection
Core,3.896103896103896
Non-core,6.666666666666667
