status,intersection
Core,13.333333333333334
Non-core,10.48951048951049
