status,intersection
Core,0.5899705014749262
Non-core,0.8097165991902834
