status,intersection
Core,8.01526717557252
Non-core,2.717391304347826
