status,intersection
Core,3.4229828850855744
Non-core,3.3783783783783785
