status,intersection
Core,4.878048780487805
Non-core,6.578947368421052
