status,intersection
Core,9.523809523809524
Non-core,14.285714285714286
