status,intersection
Core,4.3478260869565215
Non-core,1.639344262295082
