status,intersection
Core,4.45859872611465
Non-core,2.857142857142857
