status,intersection
Core,3.7837837837837838
Non-core,4.065040650406504
