status,intersection
Core,5.633802816901408
Non-core,5.172413793103448
