status,intersection
Core,1.4336917562724014
Non-core,1.4492753623188406
