status,intersection
Core,2.247191011235955
Non-core,3.389830508474576
