status,intersection
Core,2.8328611898016995
Non-core,3.1496062992125986
