status,intersection
Core,0.746268656716418
Non-core,0.970873786407767
