status,intersection
Core,15.824915824915825
Non-core,14.77832512315271
