status,intersection
Core,6.759098786828423
Non-core,5.311778290993072
