status,intersection
Core,2.127659574468085
Non-core,1.4705882352941178
