status,intersection
Core,2.4193548387096775
Non-core,1.7647058823529411
