status,intersection
Core,7.60233918128655
Non-core,5.769230769230769
