status,intersection
Core,2.247191011235955
Non-core,3.4482758620689653
