status,intersection
Core,5.752212389380531
Non-core,5.298013245033113
