status,intersection
Core,13.058419243986254
Non-core,10.1010101010101
