status,intersection
Core,0.6134969325153374
Non-core,0.8547008547008547
