status,intersection
Core,1.0101010101010102
Non-core,1.492537313432836
