status,intersection
Core,6.372549019607843
Non-core,5.343511450381679
