status,intersection
Core,1.3245033112582782
Non-core,0.9090909090909091
