status,intersection
Core,0.22935779816513763
Non-core,0.32362459546925565
