status,intersection
Core,6.962025316455696
Non-core,5.714285714285714
