status,intersection
Core,14.851485148514852
Non-core,14.685314685314685
