status,intersection
Core,8.823529411764707
Non-core,13.793103448275861
