status,intersection
Core,7.729468599033816
Non-core,7.352941176470588
