status,intersection
Core,2.314814814814815
Non-core,1.910828025477707
