status,intersection
Core,2.161383285302594
Non-core,1.5828677839851024
