status,intersection
Core,3.278688524590164
Non-core,3.4482758620689653
