status,intersection
Core,12.631578947368421
Non-core,7.936507936507937
