status,intersection
Core,5.196850393700787
Non-core,3.7848605577689245
