status,intersection
Core,5.0359712230215825
Non-core,1.9801980198019802
