status,intersection
Core,8.305647840531561
Non-core,6.153846153846154
