status,intersection
Core,1.1235955056179776
Non-core,0.5076142131979695
