status,intersection
Core,4.0669856459330145
Non-core,3.761755485893417
