status,intersection
Core,5.426356589147287
Non-core,10.144927536231885
