status,intersection
Core,10.79136690647482
Non-core,10.75268817204301
