status,intersection
Core,5.1020408163265305
Non-core,3.9473684210526314
