status,intersection
Core,3.3557046979865772
Non-core,3.225806451612903
