status,intersection
Core,2.510460251046025
Non-core,2.9239766081871346
