status,intersection
Core,6.211180124223603
Non-core,5.208333333333333
