status,intersection
Core,6.445672191528545
Non-core,4.2288557213930345
