status,intersection
Core,7.568238213399503
Non-core,5.454545454545454
