status,intersection
Core,18.085106382978722
Non-core,13.559322033898304
