status,intersection
Core,3.676470588235294
Non-core,3.0211480362537766
