status,intersection
Core,2.185792349726776
Non-core,3.0303030303030303
