status,intersection
Core,5.571428571428571
Non-core,5.065666041275797
