status,intersection
Core,5.714285714285714
Non-core,3.9473684210526314
