status,intersection
Core,10.317460317460318
Non-core,4.093567251461988
