status,intersection
Core,1.643835616438356
Non-core,1.5037593984962405
