status,intersection
Core,5.825242718446602
Non-core,5.2631578947368425
