status,intersection
Core,12.037037037037036
Non-core,12.121212121212121
