status,intersection
Core,9.75609756097561
Non-core,7.792207792207792
