status,intersection
Core,2.989130434782609
Non-core,3.0927835051546393
