status,intersection
Core,3.2967032967032965
Non-core,1.6666666666666667
