status,intersection
Core,3.5566583953680726
Non-core,2.554278416347382
