status,intersection
Core,7.2796934865900385
Non-core,6.857142857142857
