status,intersection
Core,15.981735159817351
Non-core,12.080536912751677
