status,intersection
Core,5.913978494623656
Non-core,5.172413793103448
