status,intersection
Core,3.0470914127423825
Non-core,2.985074626865672
