status,intersection
Core,4.661016949152542
Non-core,4.861111111111111
