status,intersection
Core,17.515923566878982
Non-core,14.746543778801843
