status,intersection
Core,3.409090909090909
Non-core,5.769230769230769
