status,intersection
Core,6.158357771260997
Non-core,5.726872246696035
