status,intersection
Core,1.0638297872340425
Non-core,1.4705882352941178
