status,intersection
Core,3.6885245901639343
Non-core,1.744186046511628
