status,intersection
Core,6.521739130434782
Non-core,9.615384615384615
