status,intersection
Core,11.363636363636363
Non-core,13.043478260869565
