status,intersection
Core,2.2900763358778624
Non-core,3.4482758620689653
