status,intersection
Core,10.658682634730539
Non-core,8.544303797468354
