status,intersection
Core,5.982905982905983
Non-core,6.666666666666667
