status,intersection
Core,1.6792611251049538
Non-core,1.3020833333333333
