status,intersection
Core,14.215686274509803
Non-core,11.627906976744185
