status,intersection
Core,1.288659793814433
Non-core,1.3745704467353952
