status,intersection
Core,1.9138755980861244
Non-core,1.3071895424836601
