status,intersection
Core,8.695652173913043
Non-core,6.578947368421052
