status,intersection
Core,8.587257617728532
Non-core,6.557377049180328
