status,intersection
Core,4.716981132075472
Non-core,6.451612903225806
