status,intersection
Core,6.053268765133172
Non-core,3.5947712418300655
