status,intersection
Core,1.0775862068965518
Non-core,1.1976047904191616
