status,intersection
Core,13.114754098360656
Non-core,12.857142857142858
