status,intersection
Core,16.049382716049383
Non-core,12.686567164179104
