status,intersection
Core,14.022140221402214
Non-core,9.72972972972973
