status,intersection
Core,5.714285714285714
Non-core,4.9504950495049505
