status,intersection
Core,3.321033210332103
Non-core,3.076923076923077
