status,intersection
Core,1.6483516483516483
Non-core,1.5151515151515151
