status,intersection
Core,14.255765199161425
Non-core,12.82798833819242
