status,intersection
Core,27.375201288244767
Non-core,24.50765864332604
