status,intersection
Core,1.8421052631578947
Non-core,1.7543859649122806
