status,intersection
Core,0.22522522522522523
Non-core,0.31545741324921134
