status,intersection
Core,4.305283757338552
Non-core,2.8947368421052633
