status,intersection
Core,8.501118568232663
Non-core,7.717041800643087
