status,intersection
Core,6.081081081081081
Non-core,7.228915662650603
