status,intersection
Core,18.536585365853657
Non-core,12.056737588652481
