status,intersection
Core,1.1086474501108647
Non-core,0.9316770186335404
