status,intersection
Core,1.856763925729443
Non-core,1.4760147601476015
