status,intersection
Core,2.5806451612903225
Non-core,2.6785714285714284
