status,intersection
Core,5.426356589147287
Non-core,5.747126436781609
