status,intersection
Core,15.040650406504065
Non-core,14.102564102564102
