status,intersection
Core,1.910828025477707
Non-core,2.2123893805309733
