status,intersection
Core,5.502846299810247
Non-core,4.651162790697675
