status,intersection
Core,2.056555269922879
Non-core,1.7482517482517483
