status,intersection
Core,14.40329218106996
Non-core,13.548387096774194
