status,intersection
Core,2.3121387283236996
Non-core,2.6785714285714284
