status,intersection
Core,1.8276762402088773
Non-core,1.7421602787456445
