status,intersection
Core,1.6666666666666667
Non-core,1.1235955056179776
