status,intersection
Core,1.3368983957219251
Non-core,1.4336917562724014
