status,intersection
Core,3.103448275862069
Non-core,3.2863849765258215
