status,intersection
Core,1.2048192771084338
Non-core,1.1494252873563218
