status,intersection
Core,10.989010989010989
Non-core,7.758620689655173
