status,intersection
Core,5.042016806722689
Non-core,5.555555555555555
