status,intersection
Core,6.94006309148265
Non-core,5.025125628140704
