status,intersection
Core,1.6501650165016502
Non-core,1.0822510822510822
