status,intersection
Core,7.11864406779661
Non-core,4.522613065326633
