status,intersection
Core,16.233766233766232
Non-core,16.853932584269664
