status,intersection
Core,5.729166666666667
Non-core,4.511278195488722
