status,intersection
Core,5.691056910569106
Non-core,4.878048780487805
