status,intersection
Core,2.150537634408602
Non-core,3.225806451612903
