status,intersection
Core,3.064516129032258
Non-core,2.355460385438972
