status,intersection
Core,1.183431952662722
Non-core,1.2195121951219512
