status,intersection
Core,8.679245283018869
Non-core,7.525083612040134
