status,intersection
Core,4.545454545454546
Non-core,6.382978723404255
