status,intersection
Core,3.6036036036036037
Non-core,4.026845637583893
