status,intersection
Core,3.341902313624679
Non-core,3.741496598639456
