status,intersection
Core,10.362694300518134
Non-core,7.142857142857143
