status,intersection
Core,4.587155963302752
Non-core,3.7267080745341614
