status,intersection
Core,9.322033898305085
Non-core,11.11111111111111
