status,intersection
Core,1.7751479289940828
Non-core,1.6528925619834711
