status,intersection
Core,2.510460251046025
Non-core,2.3529411764705883
