status,intersection
Core,8.411214953271028
Non-core,10.447761194029852
