status,intersection
Core,1.8108651911468814
Non-core,2.247191011235955
