status,intersection
Core,10.849056603773585
Non-core,8.16326530612245
