status,intersection
Core,14.705882352941176
Non-core,14.193548387096774
