status,intersection
Core,4.209183673469388
Non-core,2.8960817717206133
