status,intersection
Core,6.106870229007634
Non-core,4.597701149425287
