status,intersection
Core,11.904761904761905
Non-core,15.384615384615385
