status,intersection
Core,4.477611940298507
Non-core,5.1020408163265305
