status,intersection
Core,20.18348623853211
Non-core,14.492753623188406
