status,intersection
Core,5.172413793103448
Non-core,3.926701570680628
