status,intersection
Core,2.3195876288659796
Non-core,2.1660649819494586
