status,intersection
Core,4.9523809523809526
Non-core,4.176904176904177
