status,intersection
Core,3.6065573770491803
Non-core,1.4285714285714286
