status,intersection
Core,3.4129692832764507
Non-core,2.6455026455026456
