status,intersection
Core,4.201680672268908
Non-core,3.9473684210526314
