status,intersection
Core,9.621993127147766
Non-core,7.211538461538462
