status,intersection
Core,8.024691358024691
Non-core,10.576923076923077
