status,intersection
Core,3.977272727272727
Non-core,3.361344537815126
