status,intersection
Core,1.3245033112582782
Non-core,0.9174311926605505
