status,intersection
Core,4.516129032258065
Non-core,4.395604395604396
