status,intersection
Core,6.578947368421052
Non-core,5.2631578947368425
