status,intersection
Core,4.45859872611465
Non-core,5.208333333333333
