status,intersection
Core,0.821917808219178
Non-core,1.1111111111111112
