status,intersection
Core,10.204081632653061
Non-core,11.538461538461538
