status,intersection
Core,5.825242718446602
Non-core,7.6923076923076925
