status,intersection
Core,8.98876404494382
Non-core,10.204081632653061
