status,intersection
Core,2.4390243902439024
Non-core,3.3707865168539324
