status,intersection
Core,4.778156996587031
Non-core,4.672897196261682
