status,intersection
Core,5.140186915887851
Non-core,5.594405594405594
