status,intersection
Core,5.755395683453237
Non-core,5.617977528089888
