status,intersection
Core,7.446808510638298
Non-core,6.2015503875969
