status,intersection
Core,10.176991150442477
Non-core,7.7844311377245505
