status,intersection
Core,8.275862068965518
Non-core,6.928406466512702
