status,intersection
Core,3.816793893129771
Non-core,4.938271604938271
