status,intersection
Core,5.828220858895706
Non-core,4.471544715447155
