status,intersection
Core,1.412639405204461
Non-core,0.5769230769230769
