status,intersection
Core,3.260869565217391
Non-core,1.8656716417910448
