status,intersection
Core,1.4792899408284024
Non-core,1.6666666666666667
