status,intersection
Core,13.35740072202166
Non-core,6.878306878306878
