status,intersection
Core,4.49438202247191
Non-core,3.1746031746031744
