status,intersection
Core,4.901960784313726
Non-core,4.878048780487805
