status,intersection
Core,3.9087947882736156
Non-core,2.727272727272727
