status,intersection
Core,4.918032786885246
Non-core,0.9345794392523364
