status,intersection
Core,6.164383561643835
Non-core,7.619047619047619
