status,intersection
Core,18.857142857142858
Non-core,11.11111111111111
