status,intersection
Core,12.687813021702839
Non-core,9.44700460829493
