status,intersection
Core,1.530612244897959
Non-core,1.3559322033898304
