status,intersection
Core,8.695652173913043
Non-core,5.333333333333333
