status,intersection
Core,1.6129032258064515
Non-core,1.8050541516245486
