status,intersection
Core,1.477832512315271
Non-core,1.36986301369863
