status,intersection
Core,5.882352941176471
Non-core,8.571428571428571
