status,intersection
Core,2.1630615640599
Non-core,1.965065502183406
