status,intersection
Core,10.843373493975903
Non-core,11.764705882352942
