status,intersection
Core,3.151862464183381
Non-core,3.2846715328467155
