status,intersection
Core,4.285714285714286
Non-core,3.7037037037037037
