status,intersection
Core,1.935483870967742
Non-core,0.8695652173913043
