status,intersection
Core,5.376344086021505
Non-core,3.9215686274509802
