status,intersection
Core,4.326923076923077
Non-core,4.225352112676056
