status,intersection
Core,1.0378057820607858
Non-core,0.5763688760806917
