status,intersection
Core,11.647727272727273
Non-core,8.536585365853659
