status,intersection
Core,1.6620498614958448
Non-core,1.8796992481203008
