status,intersection
Core,0.7662835249042146
Non-core,1.075268817204301
