status,intersection
Core,6.896551724137931
Non-core,4.3478260869565215
