status,intersection
Core,7.407407407407407
Non-core,9.523809523809524
