status,intersection
Core,16.48936170212766
Non-core,13.846153846153847
