status,intersection
Core,14.678899082568808
Non-core,14.388489208633093
