status,intersection
Core,5.031446540880503
Non-core,5.2631578947368425
