status,intersection
Core,2.4305555555555554
Non-core,2.3255813953488373
