status,intersection
Core,4.672897196261682
Non-core,3.7037037037037037
