status,intersection
Core,6.956521739130435
Non-core,1.5384615384615385
