status,intersection
Core,2.6378896882494005
Non-core,2.912621359223301
