status,intersection
Core,6.147540983606557
Non-core,4.45859872611465
