status,intersection
Core,2.6717557251908395
Non-core,1.1235955056179776
