status,intersection
Core,18.32460732984293
Non-core,13.178294573643411
