status,intersection
Core,3.870967741935484
Non-core,3.4782608695652173
