status,intersection
Core,2.155887230514096
Non-core,2.159827213822894
