status,intersection
Core,1.9851116625310175
Non-core,1.910828025477707
