status,intersection
Core,5.511811023622047
Non-core,5.681818181818182
