status,intersection
Core,1.3363028953229399
Non-core,1.0587102983638113
