status,intersection
Core,7.777777777777778
Non-core,3.225806451612903
