status,intersection
Core,1.2048192771084338
Non-core,0.591715976331361
