status,intersection
Core,8.724832214765101
Non-core,8.333333333333334
