status,intersection
Core,1.5957446808510638
Non-core,2.1739130434782608
