status,intersection
Core,3.604902667627974
Non-core,2.5139664804469275
