status,intersection
Core,3.11284046692607
Non-core,3.4285714285714284
