status,intersection
Core,13.186813186813186
Non-core,8.870967741935484
