status,intersection
Core,6.857142857142857
Non-core,4.032258064516129
