status,intersection
Core,5.737704918032787
Non-core,3.3707865168539324
