status,intersection
Core,4.581358609794629
Non-core,3.5196687370600412
