status,intersection
Core,5.341246290801187
Non-core,4.222648752399232
