status,intersection
Core,6.944444444444445
Non-core,2.9702970297029703
