status,intersection
Core,8.530805687203792
Non-core,7.6923076923076925
