status,intersection
Core,9.047619047619047
Non-core,7.668231611893583
