status,intersection
Core,5.339805825242719
Non-core,5.555555555555555
