status,intersection
Core,3.597122302158273
Non-core,1.9607843137254901
