status,intersection
Core,4.929577464788732
Non-core,4.62962962962963
