status,intersection
Core,10.26615969581749
Non-core,10.285714285714286
