status,intersection
Core,1.1695906432748537
Non-core,0.8130081300813008
