status,intersection
Core,4.8076923076923075
Non-core,4.411764705882353
