status,intersection
Core,4.697986577181208
Non-core,7.407407407407407
