status,intersection
Core,5.7251908396946565
Non-core,7.142857142857143
