status,intersection
Core,1.7647058823529411
Non-core,2.0161290322580645
