status,intersection
Core,2.727272727272727
Non-core,2.2388059701492535
