status,intersection
Core,4.88599348534202
Non-core,5.41871921182266
