status,intersection
Core,5.776173285198556
Non-core,5.472636815920398
