status,intersection
Core,0.22779043280182232
Non-core,0.3215434083601286
