status,intersection
Core,3.35195530726257
Non-core,3.508771929824561
