status,intersection
Core,3.821656050955414
Non-core,1.1764705882352942
