status,intersection
Core,9.900990099009901
Non-core,9.183673469387756
