status,intersection
Core,4.787234042553192
Non-core,2.93040293040293
