status,intersection
Core,10.869565217391305
Non-core,6.896551724137931
