status,intersection
Core,0.7874015748031497
Non-core,0.5586592178770949
