status,intersection
Core,5.41871921182266
Non-core,3.225806451612903
