status,intersection
Core,11.976047904191617
Non-core,8.849557522123893
