status,intersection
Core,4.968944099378882
Non-core,4.0358744394618835
