status,intersection
Core,3.4722222222222223
Non-core,4.545454545454546
