status,intersection
Core,3.821656050955414
Non-core,3.669724770642202
