status,intersection
Core,5.555555555555555
Non-core,8.571428571428571
