status,intersection
Core,4.545454545454546
Non-core,4.411764705882353
