status,intersection
Core,2.027027027027027
Non-core,1.4218009478672986
