status,intersection
Core,3.5135135135135136
Non-core,3.787878787878788
