status,intersection
Core,4.100946372239748
Non-core,4.405286343612334
