status,intersection
Core,0.30120481927710846
Non-core,0.4166666666666667
