status,intersection
Core,6.287425149700598
Non-core,5.5813953488372094
