status,intersection
Core,4.909560723514212
Non-core,3.4602076124567476
