status,intersection
Core,4.109589041095891
Non-core,4.878048780487805
