status,intersection
Core,0.5649717514124294
Non-core,0.8264462809917356
