status,intersection
Core,4.477611940298507
Non-core,3.7735849056603774
