status,intersection
Core,4.739336492890995
Non-core,5.298013245033113
