status,intersection
Core,1.845018450184502
Non-core,2.0618556701030926
