status,intersection
Core,5.86987270155587
Non-core,4.18943533697632
