status,intersection
Core,16.666666666666668
Non-core,14.067278287461773
