status,intersection
Core,7.826086956521739
Non-core,4.109589041095891
