status,intersection
Core,3.8314176245210727
Non-core,3.389830508474576
