status,intersection
Core,23.639455782312925
Non-core,21.65450121654501
