status,intersection
Core,0.7194244604316546
Non-core,0.4854368932038835
