status,intersection
Core,7.920792079207921
Non-core,5.384615384615385
