status,intersection
Core,0.8152173913043478
Non-core,0.37453183520599254
