status,intersection
Core,7.913669064748201
Non-core,5.882352941176471
