status,intersection
Core,7.738095238095238
Non-core,8.411214953271028
