status,intersection
Core,3.1496062992125986
Non-core,5.2631578947368425
