status,intersection
Core,1.3333333333333333
Non-core,2.3255813953488373
