status,intersection
Core,7.441860465116279
Non-core,6.5359477124183005
