status,intersection
Core,9.022556390977444
Non-core,6.329113924050633
