status,intersection
Core,0.228310502283105
Non-core,0.3215434083601286
