status,intersection
Core,10.483870967741936
Non-core,5.633802816901408
