status,intersection
Core,1.694915254237288
Non-core,2.0618556701030926
