status,intersection
Core,2.43161094224924
Non-core,2.5830258302583027
