status,intersection
Core,3.404255319148936
Non-core,3.409090909090909
