status,intersection
Core,5.05050505050505
Non-core,3.7037037037037037
