status,intersection
Core,5.031446540880503
Non-core,4.273504273504273
