status,intersection
Core,5.283018867924528
Non-core,6.451612903225806
