status,intersection
Core,4.265402843601896
Non-core,5.673758865248227
