status,intersection
Core,11.09478324761205
Non-core,9.07103825136612
