status,intersection
Core,5.633802816901408
Non-core,2.7027027027027026
