status,intersection
Core,3.1496062992125986
Non-core,3.061224489795918
