status,intersection
Core,3.7401574803149606
Non-core,3.5135135135135136
