status,intersection
Core,2.6881720430107525
Non-core,3.053435114503817
