status,intersection
Core,9.921671018276763
Non-core,8.42911877394636
