status,intersection
Core,4.0201005025125625
Non-core,1.6129032258064515
