status,intersection
Core,4.716981132075472
Non-core,1.5384615384615385
