status,intersection
Core,2.710027100271003
Non-core,1.8115942028985508
