status,intersection
Core,1.745635910224439
Non-core,1.3888888888888888
