status,intersection
Core,1.6227180527383367
Non-core,1.36986301369863
