status,intersection
Core,4.466019417475728
Non-core,2.387267904509284
