status,intersection
Core,6.532663316582915
Non-core,2.7586206896551726
