status,intersection
Core,5.447470817120623
Non-core,4.2682926829268295
