status,intersection
Core,3.4782608695652173
Non-core,3.3333333333333335
