status,intersection
Core,6.832298136645963
Non-core,3.0927835051546393
