status,intersection
Core,5.8201058201058204
Non-core,6.6115702479338845
