status,intersection
Core,3.9735099337748343
Non-core,3.65296803652968
