status,intersection
Core,4.385334291876348
Non-core,3.806870937790158
