status,intersection
Core,0.37453183520599254
Non-core,0.5076142131979695
