status,intersection
Core,3.7735849056603774
Non-core,5.208333333333333
