status,intersection
Core,4.838709677419355
Non-core,3.0973451327433628
