status,intersection
Core,1.3623978201634876
Non-core,0.746268656716418
