status,intersection
Core,1.5113350125944585
Non-core,1.6666666666666667
