status,intersection
Core,14.487632508833922
Non-core,12.953367875647668
