status,intersection
Core,1.4634146341463414
Non-core,1.3605442176870748
