status,intersection
Core,7.423580786026201
Non-core,7.638888888888889
