status,intersection
Core,5.027932960893855
Non-core,5.084745762711864
