status,intersection
Core,3.644646924829157
Non-core,2.8391167192429023
