status,intersection
Core,9.142857142857142
Non-core,6.779661016949152
