status,intersection
Core,2.717391304347826
Non-core,2.962962962962963
