status,intersection
Core,1.9011406844106464
Non-core,1.6042780748663101
