status,intersection
Core,6.932409012131716
Non-core,4.750593824228028
