status,intersection
Core,3.061224489795918
Non-core,3.0927835051546393
