status,intersection
Core,9.913793103448276
Non-core,9.271523178807946
