status,intersection
Core,6.315789473684211
Non-core,7.8431372549019605
