status,intersection
Core,10.891089108910892
Non-core,7.352941176470588
