status,intersection
Core,7.614213197969543
Non-core,7.086614173228346
