status,intersection
Core,7.565789473684211
Non-core,7.027027027027027
