status,intersection
Core,3.1496062992125986
Non-core,2.8901734104046244
