status,intersection
Core,6.38655462184874
Non-core,4.063205417607223
