status,intersection
Core,3.7735849056603774
Non-core,5.333333333333333
