status,intersection
Core,0.8042895442359249
Non-core,0.3597122302158273
