status,intersection
Core,3.1645569620253164
Non-core,0.9259259259259259
