status,intersection
Core,1.7361111111111112
Non-core,2.293577981651376
