status,intersection
Core,3.2967032967032965
Non-core,4.918032786885246
