status,intersection
Core,1.4164305949008498
Non-core,1.9305019305019304
