status,intersection
Core,2.5280898876404496
Non-core,2.8112449799196786
