status,intersection
Core,6.578947368421052
Non-core,1.1111111111111112
