status,intersection
Core,1.1019283746556474
Non-core,0.7547169811320755
