status,intersection
Core,8.545454545454545
Non-core,6.356968215158925
