status,intersection
Core,0.8174386920980926
Non-core,0.7352941176470589
