status,intersection
Core,3.349282296650718
Non-core,3.896103896103896
