status,intersection
Core,4.157043879907621
Non-core,4.276315789473684
