status,intersection
Core,0.26455026455026454
Non-core,0.35335689045936397
