status,intersection
Core,0.5988023952095808
Non-core,0.847457627118644
