status,intersection
Core,4.716981132075472
Non-core,8.333333333333334
