status,intersection
Core,3.7815126050420167
Non-core,3.9156626506024095
