status,intersection
Core,4.385964912280702
Non-core,6.0606060606060606
