status,intersection
Core,9.9644128113879
Non-core,7.352941176470588
