status,intersection
Core,7.065217391304348
Non-core,5.2631578947368425
