status,intersection
Core,4.313725490196078
Non-core,5.142857142857143
