status,intersection
Core,11.208791208791208
Non-core,9.968847352024921
