status,intersection
Core,7.540983606557377
Non-core,6.965174129353234
