status,intersection
Core,1.8633540372670807
Non-core,1.075268817204301
