status,intersection
Core,7.575757575757576
Non-core,9.75609756097561
