status,intersection
Core,4.964539007092198
Non-core,5.747126436781609
