status,intersection
Core,11.557788944723619
Non-core,8.270676691729323
