status,intersection
Core,6.622516556291391
Non-core,7.142857142857143
