status,intersection
Core,5.528846153846154
Non-core,4.195804195804196
