status,intersection
Core,5.927835051546392
Non-core,3.488372093023256
