status,intersection
Core,6.489675516224189
Non-core,4.888888888888889
