status,intersection
Core,5.347593582887701
Non-core,4.273504273504273
