status,intersection
Core,7.8341013824884795
Non-core,7.586206896551724
