status,intersection
Core,8.275862068965518
Non-core,5.319148936170213
