status,intersection
Core,13.452914798206278
Non-core,10.06711409395973
