status,intersection
Core,4.147465437788019
Non-core,4.40251572327044
