status,intersection
Core,5.963302752293578
Non-core,5.0359712230215825
