status,intersection
Core,7.228915662650603
Non-core,7.317073170731708
