status,intersection
Core,1.8087855297157622
Non-core,1.7301038062283738
