status,intersection
Core,3.5211267605633805
Non-core,3.864734299516908
