status,intersection
Core,6.5476190476190474
Non-core,3.4782608695652173
