status,intersection
Core,14.146341463414634
Non-core,13.636363636363637
