status,intersection
Core,2.808988764044944
Non-core,1.8018018018018018
