status,intersection
Core,3.007518796992481
Non-core,3.1578947368421053
