status,intersection
Core,2.43161094224924
Non-core,2.479338842975207
