status,intersection
Core,3.1914893617021276
Non-core,5.172413793103448
