status,intersection
Core,1.2601927353595255
Non-core,1.1505273250239694
