status,intersection
Core,2.9940119760479043
Non-core,2.6315789473684212
