status,intersection
Core,1.7691659646166806
Non-core,1.5727391874180865
