status,intersection
Core,4.237288135593221
Non-core,5.633802816901408
