status,intersection
Core,2.9810298102981028
Non-core,2.898550724637681
