status,intersection
Core,4.328018223234624
Non-core,3.896103896103896
