status,intersection
Core,12.543554006968641
Non-core,9.793814432989691
