status,intersection
Core,4.578313253012048
Non-core,5.574912891986063
