status,intersection
Core,4.123711340206185
Non-core,5.645161290322581
