status,intersection
Core,7.453416149068323
Non-core,5.1020408163265305
