status,intersection
Core,19.153225806451612
Non-core,16.573033707865168
