status,intersection
Core,2.962962962962963
Non-core,2.830188679245283
