status,intersection
Core,21.232876712328768
Non-core,18.367346938775512
