status,intersection
Core,4.447268106734435
Non-core,3.0405405405405403
