status,intersection
Core,6.13107822410148
Non-core,4.2492917847025495
