status,intersection
Core,2.857142857142857
Non-core,1.3157894736842106
