status,intersection
Core,1.910828025477707
Non-core,2.08955223880597
