status,intersection
Core,5.232558139534884
Non-core,5.785123966942149
