status,intersection
Core,12.577319587628866
Non-core,10.303030303030303
