status,intersection
Core,6.960556844547564
Non-core,5.092592592592593
