status,intersection
Core,1.8726591760299625
Non-core,2.6178010471204187
