status,intersection
Core,1.0582010582010581
Non-core,1.4705882352941178
