status,intersection
Core,8.173076923076923
Non-core,5.839416058394161
