status,intersection
Core,4.232804232804233
Non-core,3.3057851239669422
