status,intersection
Core,8.620689655172415
Non-core,11.940298507462687
