status,intersection
Core,2.3684210526315788
Non-core,2.2058823529411766
