status,intersection
Core,5.9880239520958085
Non-core,5.405405405405405
