status,intersection
Core,1.5228426395939085
Non-core,0.7092198581560284
