status,intersection
Core,6.083650190114068
Non-core,6.593406593406593
