status,intersection
Core,1.4627659574468086
Non-core,0.8928571428571429
