status,intersection
Core,9.95260663507109
Non-core,7.407407407407407
