status,intersection
Core,2.7210884353741496
Non-core,1.7543859649122806
