status,intersection
Core,3.4722222222222223
Non-core,2.727272727272727
