status,intersection
Core,1.1494252873563218
Non-core,2.4390243902439024
