status,intersection
Core,11.646586345381525
Non-core,10.303030303030303
