status,intersection
Core,2.5641025641025643
Non-core,1.1494252873563218
