status,intersection
Core,5.9171597633136095
Non-core,7.083333333333333
