status,intersection
Core,6.117021276595745
Non-core,6.130268199233717
