status,intersection
Core,7.113985448666128
Non-core,4.83271375464684
