status,intersection
Core,4.377104377104377
Non-core,4.66321243523316
