status,intersection
Core,3.9473684210526314
Non-core,5.084745762711864
