status,intersection
Core,9.846153846153847
Non-core,7.079646017699115
