status,intersection
Core,2.456140350877193
Non-core,2.487562189054726
