status,intersection
Core,0.2770083102493075
Non-core,0.37593984962406013
