status,intersection
Core,8.333333333333334
Non-core,11.764705882352942
