status,intersection
Core,4.597701149425287
Non-core,5.128205128205129
