status,intersection
Core,10.236220472440944
Non-core,7.0588235294117645
