status,intersection
Core,6.086956521739131
Non-core,9.23076923076923
