status,intersection
Core,4.316546762589928
Non-core,3.225806451612903
