status,intersection
Core,8.49056603773585
Non-core,5.714285714285714
