status,intersection
Core,7.4324324324324325
Non-core,10.227272727272727
