status,intersection
Core,2.056555269922879
Non-core,2.112676056338028
