status,intersection
Core,21.287128712871286
Non-core,17.142857142857142
