status,intersection
Core,15.810276679841897
Non-core,13.505747126436782
