status,intersection
Core,3.6036036036036037
Non-core,3.5714285714285716
