status,intersection
Core,2.479338842975207
Non-core,3.5714285714285716
