status,intersection
Core,6.6115702479338845
Non-core,4.516129032258065
