status,intersection
Core,14.23076923076923
Non-core,10.962566844919786
