status,intersection
Core,1.0845986984815619
Non-core,0.9063444108761329
