status,intersection
Core,4.278074866310161
Non-core,3.787878787878788
