status,intersection
Core,4.504504504504505
Non-core,4.597701149425287
