status,intersection
Core,7.772020725388601
Non-core,5.622489959839357
