status,intersection
Core,0.2994011976047904
Non-core,0.4132231404958678
