status,intersection
Core,4.964539007092198
Non-core,4.854368932038835
