status,intersection
Core,7.627118644067797
Non-core,10.256410256410257
