status,intersection
Core,3.676470588235294
Non-core,3.8461538461538463
