status,intersection
Core,4.8076923076923075
Non-core,5.333333333333333
