status,intersection
Core,5.442176870748299
Non-core,5.660377358490566
