status,intersection
Core,1.9900497512437811
Non-core,1.4814814814814814
