status,intersection
Core,3.832752613240418
Non-core,2.4271844660194173
