status,intersection
Core,3.4602076124567476
Non-core,3.7837837837837838
