status,intersection
Core,3.4220532319391634
Non-core,4.519774011299435
