status,intersection
Core,5.47945205479452
Non-core,6.0606060606060606
