status,intersection
Core,0.7905138339920948
Non-core,0.5617977528089888
