status,intersection
Core,11.065573770491802
Non-core,9.6045197740113
