status,intersection
Core,1.075268817204301
Non-core,2.0833333333333335
