status,intersection
Core,3.8929440389294405
Non-core,4.014598540145985
