status,intersection
Core,3.0303030303030303
Non-core,3.1496062992125986
