status,intersection
Core,22.22222222222222
Non-core,17.142857142857142
