status,intersection
Core,14.851485148514852
Non-core,9.615384615384615
