status,intersection
Core,2.5531914893617023
Non-core,1.7647058823529411
