status,intersection
Core,4.054054054054054
Non-core,4.716981132075472
