status,intersection
Core,8.904109589041095
Non-core,4.3478260869565215
