status,intersection
Core,1.9900497512437811
Non-core,2.6666666666666665
