status,intersection
Core,4.587155963302752
Non-core,3.7037037037037037
