status,intersection
Core,1.0951979780960404
Non-core,0.7843137254901961
