status,intersection
Core,5.0359712230215825
Non-core,5.319148936170213
