status,intersection
Core,4.545454545454546
Non-core,1.7241379310344827
