status,intersection
Core,9.47867298578199
Non-core,7.26643598615917
