status,intersection
Core,2.1818181818181817
Non-core,2.0202020202020203
