status,intersection
Core,15.789473684210526
Non-core,22.580645161290324
