status,intersection
Core,10.266406757634828
Non-core,7.539353769676885
