status,intersection
Core,2.0172910662824206
Non-core,1.9607843137254901
