status,intersection
Core,1.7751479289940828
Non-core,2.7522935779816513
