status,intersection
Core,2.26890756302521
Non-core,1.8229166666666667
