status,intersection
Core,7.2727272727272725
Non-core,2.9411764705882355
