status,intersection
Core,4.046242774566474
Non-core,2.542372881355932
