status,intersection
Core,6.578947368421052
Non-core,5.660377358490566
