status,intersection
Core,5.617977528089888
Non-core,3.875968992248062
