status,intersection
Core,22.972972972972972
Non-core,20.43010752688172
