status,intersection
Core,5.641025641025641
Non-core,2.8776978417266186
