status,intersection
Core,6.6506410256410255
Non-core,4.993909866017052
