status,intersection
Core,0.6666666666666666
Non-core,1.0869565217391304
