status,intersection
Core,5.821917808219178
Non-core,3.409090909090909
