status,intersection
Core,3.10077519379845
Non-core,2.912621359223301
