status,intersection
Core,23.165137614678898
Non-core,18.688524590163933
