status,intersection
Core,13.411078717201166
Non-core,10.869565217391305
