status,intersection
Core,9.433962264150944
Non-core,11.764705882352942
