status,intersection
Core,4.850746268656716
Non-core,2.793296089385475
