status,intersection
Core,2.5477707006369426
Non-core,2.459016393442623
