status,intersection
Core,5.072463768115942
Non-core,2.0202020202020203
