status,intersection
Core,6.172839506172839
Non-core,5.172413793103448
