status,intersection
Core,7.207207207207207
Non-core,7.913669064748201
