status,intersection
Core,2.9585798816568047
Non-core,3.3333333333333335
