status,intersection
Core,5.2434456928838955
Non-core,4.242424242424242
