status,intersection
Core,2.231237322515213
Non-core,1.639344262295082
