status,intersection
Core,0.5420054200542005
Non-core,0.7299270072992701
