status,intersection
Core,13.87434554973822
Non-core,12.64367816091954
