status,intersection
Core,6.528189910979228
Non-core,5.893909626719057
