status,intersection
Core,2.1447721179624666
Non-core,1.7985611510791366
