status,intersection
Core,7.947019867549669
Non-core,5.1020408163265305
