status,intersection
Core,4.651162790697675
Non-core,5.2631578947368425
