status,intersection
Core,14.485981308411215
Non-core,8.51063829787234
