status,intersection
Core,5.079365079365079
Non-core,4.641350210970464
