status,intersection
Core,15.69767441860465
Non-core,11.475409836065573
