status,intersection
Core,19.587628865979383
Non-core,14.285714285714286
