status,intersection
Core,3.6809815950920246
Non-core,3.361344537815126
