status,intersection
Core,3.427172582619339
Non-core,2.593192868719611
