status,intersection
Core,14.197530864197532
Non-core,9.565217391304348
