status,intersection
Core,2.586206896551724
Non-core,2.2222222222222223
