status,intersection
Core,1.596638655462185
Non-core,0.9114583333333334
