status,intersection
Core,2.030456852791878
Non-core,2.112676056338028
