status,intersection
Core,10.989010989010989
Non-core,11.11111111111111
