status,intersection
Core,14.795008912655971
Non-core,12.030075187969924
