status,intersection
Core,5.128205128205129
Non-core,1.2987012987012987
