status,intersection
Core,8.705882352941176
Non-core,7.8431372549019605
