status,intersection
Core,5.405405405405405
Non-core,4.3478260869565215
