status,intersection
Core,7.857142857142857
Non-core,13.095238095238095
