status,intersection
Core,2.0202020202020203
Non-core,2.4390243902439024
