status,intersection
Core,9.649122807017545
Non-core,13.235294117647058
