status,intersection
Core,1.951219512195122
Non-core,2.027027027027027
