status,intersection
Core,2.030456852791878
Non-core,2.413793103448276
