status,intersection
Core,4.109589041095891
Non-core,1.098901098901099
