status,intersection
Core,6.764705882352941
Non-core,4.11522633744856
