status,intersection
Core,8.571428571428571
Non-core,11.290322580645162
