status,intersection
Core,6.626506024096385
Non-core,6.796116504854369
