status,intersection
Core,4.225352112676056
Non-core,3.1746031746031744
