status,intersection
Core,4.562268803945746
Non-core,3.6065573770491803
