status,intersection
Core,4.838709677419355
Non-core,3.3333333333333335
