status,intersection
Core,6.930693069306931
Non-core,6.666666666666667
