status,intersection
Core,4.545454545454546
Non-core,7.017543859649122
