status,intersection
Core,2.898550724637681
Non-core,2.9702970297029703
