status,intersection
Core,6.923076923076923
Non-core,5.818181818181818
