status,intersection
Core,3.7209302325581395
Non-core,5.555555555555555
