status,intersection
Core,2.3121387283236996
Non-core,3.252032520325203
