status,intersection
Core,4.273504273504273
Non-core,1.9736842105263157
