status,intersection
Core,7.547169811320755
Non-core,8.108108108108109
