status,intersection
Core,2.3178807947019866
Non-core,0.9009009009009009
