status,intersection
Core,7.831325301204819
Non-core,4.310344827586207
