status,intersection
Core,4.672897196261682
Non-core,4.3478260869565215
