status,intersection
Core,5.223880597014926
Non-core,5.2631578947368425
