status,intersection
Core,10.913140311804009
Non-core,9.966777408637874
