status,intersection
Core,18.315018315018314
Non-core,12.849162011173185
