status,intersection
Core,9.090909090909092
Non-core,6.0606060606060606
