status,intersection
Core,5.013927576601671
Non-core,4.980842911877395
