status,intersection
Core,1.6483516483516483
Non-core,1.639344262295082
