status,intersection
Core,4.123711340206185
Non-core,6.0606060606060606
