status,intersection
Core,2.964959568733154
Non-core,2.985074626865672
