status,intersection
Core,14.285714285714286
Non-core,13.492063492063492
