status,intersection
Core,8.646616541353383
Non-core,6.936416184971098
