status,intersection
Core,4.395604395604396
Non-core,3.7837837837837838
