status,intersection
Core,4.0358744394618835
Non-core,2.898550724637681
