status,intersection
Core,4.455445544554456
Non-core,3.821656050955414
