status,intersection
Core,10.126582278481013
Non-core,2.1052631578947367
