status,intersection
Core,4.411764705882353
Non-core,1.8867924528301887
