status,intersection
Core,7.094594594594595
Non-core,6.965174129353234
