status,intersection
Core,6.206896551724138
Non-core,6.741573033707865
