status,intersection
Core,3.4246575342465753
Non-core,3.6036036036036037
