status,intersection
Core,2.8735632183908044
Non-core,2.608695652173913
