status,intersection
Core,5.405405405405405
Non-core,2.9315960912052117
