status,intersection
Core,3.0864197530864197
Non-core,1.6129032258064515
