status,intersection
Core,4.451038575667655
Non-core,3.9840637450199203
