status,intersection
Core,6.6815144766147
Non-core,5.762711864406779
