status,intersection
Core,1.7167381974248928
Non-core,1.1904761904761905
