status,intersection
Core,10.300429184549357
Non-core,9.615384615384615
