status,intersection
Core,9.473684210526315
Non-core,6.976744186046512
