status,intersection
Core,5.8558558558558556
Non-core,6.461538461538462
