status,intersection
Core,6.451612903225806
Non-core,8.108108108108109
