status,intersection
Core,6.467661691542289
Non-core,4.054054054054054
