status,intersection
Core,3.9215686274509802
Non-core,3.7313432835820897
