status,intersection
Core,3.021978021978022
Non-core,2.973977695167286
