status,intersection
Core,5.194805194805195
Non-core,2.0408163265306123
