status,intersection
Core,12.105263157894736
Non-core,7.758620689655173
