status,intersection
Core,1.8987341772151898
Non-core,1.7857142857142858
