status,intersection
Core,2.9761904761904763
Non-core,0.9259259259259259
