status,intersection
Core,2.830188679245283
Non-core,1.4705882352941178
