status,intersection
Core,5.486284289276808
Non-core,5.0675675675675675
