status,intersection
Core,1.9230769230769231
Non-core,1.3888888888888888
