status,intersection
Core,5.504587155963303
Non-core,9.67741935483871
