status,intersection
Core,9.319899244332493
Non-core,8.239700374531836
