status,intersection
Core,4.958677685950414
Non-core,2.857142857142857
