status,intersection
Core,6.70391061452514
Non-core,6.306306306306307
