status,intersection
Core,10.861423220973784
Non-core,4.25531914893617
