status,intersection
Core,7.746478873239437
Non-core,3.225806451612903
