status,intersection
Core,8.80503144654088
Non-core,7.619047619047619
