status,intersection
Core,13.875598086124402
Non-core,9.774436090225564
