status,intersection
Core,9.00900900900901
Non-core,9.722222222222221
