status,intersection
Core,3.883495145631068
Non-core,4.3478260869565215
