status,intersection
Core,7.529411764705882
Non-core,4.761904761904762
