status,intersection
Core,17.67241379310345
Non-core,12.804878048780488
