status,intersection
Core,5.56745182012848
Non-core,3.5185185185185186
