status,intersection
Core,4.201680672268908
Non-core,6.557377049180328
