status,intersection
Core,6.071428571428571
Non-core,5.291005291005291
