status,intersection
Core,8.88888888888889
Non-core,4.3478260869565215
