status,intersection
Core,3.3057851239669422
Non-core,1.4492753623188406
