status,intersection
Core,2.0202020202020203
Non-core,2.3255813953488373
