status,intersection
Core,24.285714285714285
Non-core,18.51851851851852
