status,intersection
Core,27.972027972027973
Non-core,20.73170731707317
