status,intersection
Core,10.76923076923077
Non-core,6.2015503875969
