status,intersection
Core,4.034229828850855
Non-core,2.1487603305785123
