status,intersection
Core,4.098360655737705
Non-core,4.054054054054054
