status,intersection
Core,7.435897435897436
Non-core,6.024096385542169
