status,intersection
Core,2.0408163265306123
Non-core,3.7735849056603774
