status,intersection
Core,5.128205128205129
Non-core,4.615384615384615
