status,intersection
Core,2.727272727272727
Non-core,2.7210884353741496
