status,intersection
Core,16.8141592920354
Non-core,12.068965517241379
