status,intersection
Core,7.070707070707071
Non-core,8.16326530612245
