status,intersection
Core,16.037735849056602
Non-core,15.686274509803921
