status,intersection
Core,12.91139240506329
Non-core,9.266409266409266
