status,intersection
Core,3.4482758620689653
Non-core,3.870967741935484
