status,intersection
Core,7.333333333333333
Non-core,8.433734939759036
