status,intersection
Core,7.638888888888889
Non-core,8.860759493670885
