status,intersection
Core,12.878787878787879
Non-core,10.294117647058824
