status,intersection
Core,15.568862275449101
Non-core,11.494252873563218
