status,intersection
Core,3.3112582781456954
Non-core,2.2222222222222223
