status,intersection
Core,19.282511210762333
Non-core,14.782608695652174
