status,intersection
Core,1.0204081632653061
Non-core,2.0833333333333335
