status,intersection
Core,22.52747252747253
Non-core,15.929203539823009
