status,intersection
Core,3.5545023696682465
Non-core,2.5559105431309903
