status,intersection
Core,19.576719576719576
Non-core,17.142857142857142
