status,intersection
Core,11.397058823529411
Non-core,7.291666666666667
