status,intersection
Core,7.428571428571429
Non-core,8.24742268041237
