status,intersection
Core,5.930470347648262
Non-core,3.582089552238806
