status,intersection
Core,10.218978102189782
Non-core,8.571428571428571
