status,intersection
Core,5.46218487394958
Non-core,5.555555555555555
