status,intersection
Core,8.054711246200608
Non-core,4.545454545454546
