status,intersection
Core,4.666666666666667
Non-core,3.9215686274509802
