status,intersection
Core,6.5476190476190474
Non-core,7.070707070707071
