status,intersection
Core,4.3478260869565215
Non-core,3.1055900621118013
