status,intersection
Core,16.666666666666668
Non-core,10.091743119266056
