status,intersection
Core,3.6496350364963503
Non-core,2.4691358024691357
