status,intersection
Core,3.9603960396039604
Non-core,5.2631578947368425
