status,intersection
Core,19.26605504587156
Non-core,16.39344262295082
