status,intersection
Core,6.818181818181818
Non-core,7.4766355140186915
