status,intersection
Core,1.9801980198019802
Non-core,1.7543859649122806
