status,intersection
Core,13.872832369942197
Non-core,13.043478260869565
