status,intersection
Core,10.81081081081081
Non-core,10.909090909090908
