status,intersection
Core,10.526315789473685
Non-core,10.638297872340425
