status,intersection
Core,5.303030303030303
Non-core,7.6923076923076925
