status,intersection
Core,4.672897196261682
Non-core,7.547169811320755
