status,intersection
Core,18.548387096774192
Non-core,14.925373134328359
