status,intersection
Core,5.660377358490566
Non-core,4.166666666666667
