status,intersection
Core,1.0204081632653061
Non-core,1.8518518518518519
