status,intersection
Core,5.714285714285714
Non-core,7.594936708860759
