status,intersection
Core,5.594405594405594
Non-core,5.797101449275362
