status,intersection
Core,6.0344827586206895
Non-core,4.526748971193416
