status,intersection
Core,8.241758241758241
Non-core,6.0606060606060606
