status,intersection
Core,23.484848484848484
Non-core,15.189873417721518
