status,intersection
Core,5.0761421319796955
Non-core,3.9682539682539684
