status,intersection
Core,11.330049261083744
Non-core,9.243697478991596
