status,intersection
Core,27.564102564102566
Non-core,19.565217391304348
