status,intersection
Core,6.666666666666667
Non-core,6.779661016949152
