status,intersection
Core,3.883495145631068
Non-core,3.9215686274509802
