status,intersection
Core,1.0869565217391304
Non-core,2.0833333333333335
