status,intersection
Core,6.542056074766355
Non-core,3.6231884057971016
