status,intersection
Core,7.792207792207792
Non-core,8.955223880597014
