status,intersection
Core,5.645161290322581
Non-core,4.615384615384615
