status,intersection
Core,14.619883040935672
Non-core,11.538461538461538
