status,intersection
Core,5.208333333333333
Non-core,6.382978723404255
