status,intersection
Core,8.947368421052632
Non-core,8.256880733944953
