status,intersection
Core,8.143322475570033
Non-core,6.842105263157895
