status,intersection
Core,6.902086677367576
Non-core,4.3383947939262475
