status,intersection
Core,5.555555555555555
Non-core,3.7037037037037037
