status,intersection
Core,6.569343065693431
Non-core,8.450704225352112
