status,intersection
Core,4.7829286239882265
Non-core,2.76981852913085
