status,intersection
Core,4.216867469879518
Non-core,5.555555555555555
