status,intersection
Core,9.67741935483871
Non-core,8.51063829787234
