status,intersection
Core,9.06148867313916
Non-core,5.330490405117271
