status,intersection
Core,6.797853309481217
Non-core,3.350515463917526
