status,intersection
Core,5.627705627705628
Non-core,5.333333333333333
