status,intersection
Core,17.452830188679247
Non-core,14.285714285714286
