status,intersection
Core,6.657223796033994
Non-core,4.312114989733059
