status,intersection
Core,26.20689655172414
Non-core,18.181818181818183
