status,intersection
Core,2.92326431181486
Non-core,1.5511391177896268
