status,intersection
Core,4.66321243523316
Non-core,4.065040650406504
