status,intersection
Core,2.0833333333333335
Non-core,3.9215686274509802
