status,intersection
Core,8.426966292134832
Non-core,3.225806451612903
