status,intersection
Core,6.422018348623853
Non-core,9.25925925925926
