status,intersection
Core,5.383022774327122
Non-core,3.6363636363636362
