status,intersection
Core,2.0618556701030926
Non-core,4.25531914893617
