status,intersection
Core,4.237288135593221
Non-core,1.7543859649122806
