status,intersection
Core,13.194444444444445
Non-core,10.666666666666666
