status,intersection
Core,9.30232558139535
Non-core,11.11111111111111
