status,intersection
Core,4.833836858006042
Non-core,4.017857142857143
