status,intersection
Core,8.12720848056537
Non-core,5.128205128205129
