status,intersection
Core,1.8556701030927836
Non-core,0.8021390374331551
