status,intersection
Core,2.573529411764706
Non-core,1.5544041450777202
