status,intersection
Core,4.545454545454546
Non-core,4.761904761904762
