status,intersection
Core,5.8558558558558556
Non-core,2.4242424242424243
