status,intersection
Core,8.641975308641975
Non-core,4.878048780487805
