status,intersection
Core,2.711864406779661
Non-core,1.1061946902654867
