status,intersection
Core,5.347593582887701
Non-core,3.252032520325203
