status,intersection
Core,2.2900763358778624
Non-core,2.247191011235955
