status,intersection
Core,3.3472803347280333
Non-core,1.4005602240896358
