status,intersection
Core,3.0864197530864197
Non-core,1.9047619047619047
