status,intersection
Core,2.7548209366391183
Non-core,1.1111111111111112
