status,intersection
Core,7.017543859649122
Non-core,3.4482758620689653
