status,intersection
Core,9.615384615384615
Non-core,3.8461538461538463
