status,intersection
Core,1.4210919970082274
Non-core,0.5808325266214908
