status,intersection
Core,5.357142857142857
Non-core,2.5641025641025643
