status,intersection
Core,2.3097826086956523
Non-core,1.092896174863388
