status,intersection
Core,5.633802816901408
Non-core,7.407407407407407
