status,intersection
Core,2.7303754266211606
Non-core,0.9302325581395349
