status,intersection
Core,8.450704225352112
Non-core,7.894736842105263
