status,intersection
Core,3.4782608695652173
Non-core,4.225352112676056
