status,intersection
Core,3.5353535353535355
Non-core,2.459016393442623
