status,intersection
Core,11.688311688311689
Non-core,7.142857142857143
