status,intersection
Core,5.9405940594059405
Non-core,3.4482758620689653
