status,intersection
Core,2.1739130434782608
Non-core,1.5384615384615385
