status,intersection
Core,2.90519877675841
Non-core,1.6701461377870563
