status,intersection
Core,2.8735632183908044
Non-core,3.4482758620689653
