status,intersection
Core,6.944444444444445
Non-core,3.076923076923077
