status,intersection
Core,4.496124031007752
Non-core,3.0991735537190084
