status,intersection
Core,6.666666666666667
Non-core,5.194805194805195
