status,intersection
Core,1.9469026548672566
Non-core,1.8140589569160999
