status,intersection
Core,11.864406779661017
Non-core,12.121212121212121
