status,intersection
Core,6.056527590847914
Non-core,5.3406998158379375
