status,intersection
Core,0.5747126436781609
Non-core,0.41841004184100417
