status,intersection
Core,12.76595744680851
Non-core,14.736842105263158
