status,intersection
Core,9.210526315789474
Non-core,6.896551724137931
