status,intersection
Core,7.936507936507937
Non-core,6.504065040650406
