status,intersection
Core,7.757404795486601
Non-core,5.152671755725191
