status,intersection
Core,3.363914373088685
Non-core,2.9535864978902953
