status,intersection
Core,9.659090909090908
Non-core,6.722689075630252
