status,intersection
Core,2.5157232704402515
Non-core,3.6036036036036037
