status,intersection
Core,1.7123287671232876
Non-core,1.5075376884422111
