status,intersection
Core,10.638297872340425
Non-core,7.853403141361256
