status,intersection
Core,1.639344262295082
Non-core,0.4291845493562232
