status,intersection
Core,8.294930875576037
Non-core,7.299270072992701
