status,intersection
Core,7.428571428571429
Non-core,7.258064516129032
