status,intersection
Core,7.1082390953150245
Non-core,4.761904761904762
