status,intersection
Core,1.1538461538461537
Non-core,1.0810810810810811
