status,intersection
Core,5.764966740576496
Non-core,5.230769230769231
