status,intersection
Core,6.293706293706293
Non-core,7.368421052631579
