status,intersection
Core,1.0126582278481013
Non-core,0.9615384615384616
