status,intersection
Core,11.278195488721805
Non-core,4.761904761904762
