status,intersection
Core,9.322033898305085
Non-core,4.838709677419355
