status,intersection
Core,11.397058823529411
Non-core,8.235294117647058
