status,intersection
Core,14.018691588785046
Non-core,12.32876712328767
