status,intersection
Core,8.558558558558559
Non-core,4.480651731160896
