status,intersection
Core,3.4246575342465753
Non-core,2.9702970297029703
