status,intersection
Core,10.249307479224377
Non-core,9.426229508196721
