status,intersection
Core,6.181818181818182
Non-core,5.154639175257732
