status,intersection
Core,4.854368932038835
Non-core,4.040404040404041
