status,intersection
Core,12.359550561797754
Non-core,7.905138339920948
