status,intersection
Core,10.331384015594542
Non-core,7.894736842105263
