status,intersection
Core,1.7793594306049823
Non-core,2.6595744680851063
