status,intersection
Core,7.44336569579288
Non-core,5.945945945945946
