status,intersection
Core,0.17064846416382254
Non-core,0.2247191011235955
