status,intersection
Core,11.177644710578843
Non-core,9.27536231884058
