status,intersection
Core,1.9174041297935103
Non-core,0.6396588486140725
