status,intersection
Core,7.547169811320755
Non-core,10.169491525423728
