status,intersection
Core,2.2641509433962264
Non-core,1.5151515151515151
