status,intersection
Core,1.1152416356877324
Non-core,0.9685230024213075
