status,intersection
Core,3.1630170316301705
Non-core,3.389830508474576
