status,intersection
Core,3.5211267605633805
Non-core,4.395604395604396
