status,intersection
Core,4.872881355932203
Non-core,3.9274924471299095
