status,intersection
Core,2.1052631578947367
Non-core,3.3333333333333335
