status,intersection
Core,11.290322580645162
Non-core,4.651162790697675
