status,intersection
Core,7.518796992481203
Non-core,7.368421052631579
