status,intersection
Core,5.499276410998553
Non-core,4.545454545454546
