status,intersection
Core,6.824146981627297
Non-core,5.400372439478585
