status,intersection
Core,9.022556390977444
Non-core,8.241758241758241
