status,intersection
Core,1.557632398753894
Non-core,1.8867924528301887
