status,intersection
Core,3.3707865168539324
Non-core,2.9197080291970803
