status,intersection
Core,7.82122905027933
Non-core,2.272727272727273
