status,intersection
Core,14.933333333333334
Non-core,11.858407079646017
