status,intersection
Core,7.9056865464632455
Non-core,5.555555555555555
