status,intersection
Core,6.115702479338843
Non-core,4.081632653061225
