status,intersection
Core,9.705882352941176
Non-core,8.835341365461847
