status,intersection
Core,3.5060975609756095
Non-core,2.42914979757085
