status,intersection
Core,2.4752475247524752
Non-core,2.2388059701492535
