status,intersection
Core,5.02092050209205
Non-core,2.7586206896551726
