status,intersection
Core,15.079365079365079
Non-core,16.666666666666668
