status,intersection
Core,3.68271954674221
Non-core,2.6694045174537986
