status,intersection
Core,0.44709388971684055
Non-core,0.425531914893617
