status,intersection
Core,4.11663807890223
Non-core,3.1963470319634704
