status,intersection
Core,4.635761589403973
Non-core,1.5957446808510638
