status,intersection
Core,4.046242774566474
Non-core,4.237288135593221
