status,intersection
Core,5.69620253164557
Non-core,5.164319248826291
