status,intersection
Core,10.989010989010989
Non-core,10.714285714285714
