status,intersection
Core,7.428571428571429
Non-core,6.666666666666667
