status,intersection
Core,9.859154929577464
Non-core,9.30232558139535
