status,intersection
Core,11.34020618556701
Non-core,10.204081632653061
