status,intersection
Core,10.256410256410257
Non-core,9.090909090909092
