status,intersection
Core,6.752411575562701
Non-core,3.8095238095238093
