status,intersection
Core,10.780669144981413
Non-core,9.883720930232558
