status,intersection
Core,6.0344827586206895
Non-core,3.8461538461538463
