status,intersection
Core,1.597444089456869
Non-core,0.8620689655172413
