status,intersection
Core,8.950617283950617
Non-core,8.05084745762712
