status,intersection
Core,2.178649237472767
Non-core,2.4539877300613497
