status,intersection
Core,2.5396825396825395
Non-core,1.2875536480686696
