status,intersection
Core,10.218978102189782
Non-core,9.523809523809524
