status,intersection
Core,18.26923076923077
Non-core,8.771929824561404
