status,intersection
Core,11.428571428571429
Non-core,10.655737704918034
