status,intersection
Core,3.3112582781456954
Non-core,2.9702970297029703
