status,intersection
Core,8.21256038647343
Non-core,8.633093525179856
