status,intersection
Core,4.761904761904762
Non-core,5.2631578947368425
