status,intersection
Core,8.544303797468354
Non-core,6.046511627906977
