status,intersection
Core,2.9940119760479043
Non-core,1.7094017094017093
