status,intersection
Core,4.318936877076412
Non-core,2.4154589371980677
