status,intersection
Core,8.531468531468532
Non-core,5.622489959839357
