status,intersection
Core,1.4634146341463414
Non-core,0.6802721088435374
