status,intersection
Core,2.727272727272727
Non-core,1.8181818181818181
