status,intersection
Core,0.5119453924914675
Non-core,0.449438202247191
