status,intersection
Core,9.205020920502092
Non-core,9.58904109589041
