status,intersection
Core,1.4245014245014245
Non-core,1.7094017094017093
