status,intersection
Core,11.928934010152284
Non-core,9.58904109589041
