status,intersection
Core,8.307210031347962
Non-core,5.648535564853557
