status,intersection
Core,9.053497942386832
Non-core,7.7844311377245505
