status,intersection
Core,9.126984126984127
Non-core,7.49063670411985
