status,intersection
Core,6.602254428341385
Non-core,3.2467532467532467
