status,intersection
Core,6.153846153846154
Non-core,7.777777777777778
