status,intersection
Core,8.387096774193548
Non-core,6.6371681415929205
