status,intersection
Core,10.891089108910892
Non-core,6.451612903225806
