status,intersection
Core,5.172413793103448
Non-core,3.0927835051546393
