status,intersection
Core,5.829596412556054
Non-core,7.042253521126761
