status,intersection
Core,4.477611940298507
Non-core,4.25531914893617
