status,intersection
Core,0.6185567010309279
Non-core,0.7032348804500703
