status,intersection
Core,0.4444444444444444
Non-core,0.5813953488372093
