status,intersection
Core,2.1459227467811157
Non-core,2.2598870056497176
