status,intersection
Core,7.608695652173913
Non-core,7.377049180327869
