status,intersection
Core,6.884057971014493
Non-core,7.17948717948718
