status,intersection
Core,3.5353535353535355
Non-core,4.511278195488722
