status,intersection
Core,0.6681514476614699
Non-core,0.3058103975535168
