status,intersection
Core,1.4641288433382138
Non-core,1.6597510373443984
