status,intersection
Core,4.301075268817204
Non-core,0.847457627118644
