status,intersection
Core,8.571428571428571
Non-core,6.7073170731707314
