status,intersection
Core,0.7159904534606205
Non-core,0.6557377049180327
