status,intersection
Core,5.829596412556054
Non-core,3.8461538461538463
