status,intersection
Core,3.482587064676617
Non-core,2.272727272727273
