status,intersection
Core,10.176991150442477
Non-core,10.596026490066226
