status,intersection
Core,1.3793103448275863
Non-core,0.9009009009009009
