status,intersection
Core,4.411764705882353
Non-core,3.8043478260869565
