status,intersection
Core,12.67605633802817
Non-core,11.267605633802816
