status,intersection
Core,0.8968609865470852
Non-core,0.9259259259259259
