status,intersection
Core,1.9891500904159132
Non-core,1.6241299303944317
