status,intersection
Core,8.576998050682262
Non-core,5.585106382978723
