status,intersection
Core,0.33557046979865773
Non-core,0.20964360587002095
