status,intersection
Core,5.869565217391305
Non-core,4.361370716510903
