status,intersection
Core,1.9345238095238095
Non-core,1.0729613733905579
