status,intersection
Core,4.942339373970346
Non-core,4.439746300211416
