status,intersection
Core,1.3100436681222707
Non-core,1.2269938650306749
