status,intersection
Core,11.688311688311689
Non-core,12.037037037037036
