status,intersection
Core,6.70391061452514
Non-core,6.0606060606060606
