status,intersection
Core,9.55056179775281
Non-core,5.932203389830509
