status,intersection
Core,5.714285714285714
Non-core,4.237288135593221
