status,intersection
Core,4.743083003952569
Non-core,3.7735849056603774
