status,intersection
Core,3.61794500723589
Non-core,3.488372093023256
