status,intersection
Core,4.87012987012987
Non-core,3.755868544600939
