status,intersection
Core,6.796116504854369
Non-core,7.352941176470588
