status,intersection
Core,2.10016155088853
Non-core,1.8867924528301887
