status,intersection
Core,7.804878048780488
Non-core,5.970149253731344
