status,intersection
Core,3.741496598639456
Non-core,2.926829268292683
