status,intersection
Core,1.7482517482517483
Non-core,1.4851485148514851
