status,intersection
Core,4.2979942693409745
Non-core,2.7083333333333335
