status,intersection
Core,9.183673469387756
Non-core,9.433962264150944
