status,intersection
Core,4.054054054054054
Non-core,2.5641025641025643
