status,intersection
Core,12.716763005780347
Non-core,7.506702412868632
