status,intersection
Core,8.307210031347962
Non-core,6.410256410256411
