status,intersection
Core,9.126984126984127
Non-core,8.092485549132949
