status,intersection
Core,10.952380952380953
Non-core,6.2015503875969
