status,intersection
Core,18.0327868852459
Non-core,17.647058823529413
