status,intersection
Core,2.0964360587002098
Non-core,0.8379888268156425
