status,intersection
Core,0.9456264775413712
Non-core,1.2779552715654952
