status,intersection
Core,1.5202702702702702
Non-core,0.6818181818181818
