status,intersection
Core,13.580246913580247
Non-core,10.714285714285714
