status,intersection
Core,14.953271028037383
Non-core,10.94890510948905
