status,intersection
Core,0.3436426116838488
Non-core,0.49504950495049505
