status,intersection
Core,8.602150537634408
Non-core,5.660377358490566
