status,intersection
Core,4.721030042918455
Non-core,4.545454545454546
