status,intersection
Core,10.884353741496598
Non-core,10.126582278481013
