status,intersection
Core,0.6289308176100629
Non-core,0.635593220338983
