status,intersection
Core,2.5449101796407185
Non-core,2.2267206477732793
