status,intersection
Core,10.423452768729641
Non-core,8.415841584158416
