status,intersection
Core,13.88888888888889
Non-core,8.73015873015873
