status,intersection
Core,1.8148820326678765
Non-core,1.4218009478672986
