status,intersection
Core,2.9661016949152543
Non-core,2.73224043715847
