status,intersection
Core,6.808510638297872
Non-core,3.4482758620689653
