status,intersection
Core,1.6842105263157894
Non-core,1.7045454545454546
