status,intersection
Core,11.03896103896104
Non-core,9.523809523809524
