status,intersection
Core,10.628019323671497
Non-core,7.638888888888889
