status,intersection
Core,10.37037037037037
Non-core,7.042253521126761
