status,intersection
Core,4.0189125295508275
Non-core,2.6022304832713754
