status,intersection
Core,8.259587020648967
Non-core,5.2631578947368425
