status,intersection
Core,7.077625570776256
Non-core,5.862068965517241
