status,intersection
Core,14.228456913827655
Non-core,11.242603550295858
