status,intersection
Core,2.717391304347826
Non-core,2.2058823529411766
