status,intersection
Core,0.4728132387706856
Non-core,0.6389776357827476
