status,intersection
Core,2.8469750889679717
Non-core,2.4038461538461537
