status,intersection
Core,9.168081494057725
Non-core,8.254716981132075
