status,intersection
Core,4.745762711864407
Non-core,4.712041884816754
