status,intersection
Core,5.882352941176471
Non-core,5.747126436781609
