status,intersection
Core,13.711583924349881
Non-core,9.824561403508772
