status,intersection
Core,12.217795484727755
Non-core,7.364341085271318
