status,intersection
Core,2.388535031847134
Non-core,1.8556701030927836
