status,intersection
Core,0.8896797153024911
Non-core,0.477326968973747
