status,intersection
Core,7.086614173228346
Non-core,11.39240506329114
