status,intersection
Core,8.121827411167512
Non-core,7.633587786259542
