status,intersection
Core,7.594936708860759
Non-core,4.424778761061947
