status,intersection
Core,1.8835616438356164
Non-core,0.45558086560364464
