status,intersection
Core,3.5789473684210527
Non-core,2.985074626865672
