status,intersection
Core,5.779569892473118
Non-core,3.9697542533081287
