status,intersection
Core,1.9637462235649548
Non-core,1.4553014553014554
