status,intersection
Core,3.832752613240418
Non-core,1.8604651162790697
