status,intersection
Core,2.797202797202797
Non-core,1.015228426395939
