status,intersection
Core,5.899705014749262
Non-core,4.524886877828054
