status,intersection
Core,3.8135593220338984
Non-core,4.022988505747127
