status,intersection
Core,2.4305555555555554
Non-core,2.0408163265306123
