status,intersection
Core,11.640953716690042
Non-core,7.677543186180422
