status,intersection
Core,2.5167785234899327
Non-core,1.5555555555555556
