status,intersection
Core,4.618117229129663
Non-core,3.9906103286384975
