status,intersection
Core,5.4945054945054945
Non-core,3.9393939393939394
