status,intersection
Core,15.321252059308073
Non-core,10.940919037199125
