status,intersection
Core,1.0101010101010102
Non-core,0.7633587786259542
