status,intersection
Core,5.801104972375691
Non-core,4.1015625
