status,intersection
Core,8.536585365853659
Non-core,7.6923076923076925
