status,intersection
Core,2.527075812274368
Non-core,1.8779342723004695
