status,intersection
Core,4.724409448818897
Non-core,6.4935064935064934
