status,intersection
Core,12.962962962962964
Non-core,8.439897698209718
