status,intersection
Core,2.955665024630542
Non-core,2.7586206896551726
