status,intersection
Core,6.626506024096385
Non-core,5.982905982905983
