status,intersection
Core,1.3157894736842106
Non-core,2.0408163265306123
