status,intersection
Core,6.040268456375839
Non-core,6.0606060606060606
