status,intersection
Core,6.745362563237774
Non-core,5.605381165919282
