status,intersection
Core,9.45273631840796
Non-core,7.291666666666667
