status,intersection
Core,14.141414141414142
Non-core,15.873015873015873
