status,intersection
Core,0.37174721189591076
Non-core,0.47961630695443647
