status,intersection
Core,8.083140877598153
Non-core,6.0200668896321075
