status,intersection
Core,4.846938775510204
Non-core,3.409090909090909
