status,intersection
Core,2.8189910979228485
Non-core,2.964426877470356
