status,intersection
Core,7.6521739130434785
Non-core,5.623471882640587
