status,intersection
Core,4.485488126649076
Non-core,1.8181818181818181
