status,intersection
Core,1.9736842105263157
Non-core,0.970873786407767
