status,intersection
Core,0.1865671641791045
Non-core,0.24096385542168675
