status,intersection
Core,2.971768202080238
Non-core,3.1746031746031744
