status,intersection
Core,10.413694721825962
Non-core,7.738095238095238
