status,intersection
Core,9.01639344262295
Non-core,8.695652173913043
