status,intersection
Core,11.627906976744185
Non-core,9.655172413793103
