status,intersection
Core,12.359550561797754
Non-core,15.909090909090908
