status,intersection
Core,10.135135135135135
Non-core,11.578947368421053
