status,intersection
Core,4.516129032258065
Non-core,5.172413793103448
