status,intersection
Core,5.813953488372093
Non-core,5.882352941176471
