status,intersection
Core,0.7822685788787483
Non-core,0.5208333333333334
