status,intersection
Core,15.945611866501855
Non-core,11.147540983606557
