status,intersection
Core,12.195121951219512
Non-core,14.705882352941176
