status,intersection
Core,4.477611940298507
Non-core,3.3632286995515694
