status,intersection
Core,6.567164179104478
Non-core,6.140350877192983
