status,intersection
Core,10.476190476190476
Non-core,5.2631578947368425
