status,intersection
Core,1.838235294117647
Non-core,0.5102040816326531
