status,intersection
Core,5.390835579514825
Non-core,4.029304029304029
