status,intersection
Core,8.602150537634408
Non-core,5.932203389830509
