status,intersection
Core,5.458515283842795
Non-core,3.903903903903904
