status,intersection
Core,1.8083182640144666
Non-core,1.627906976744186
