status,intersection
Core,14.429223744292237
Non-core,10.761789600967353
