status,intersection
Core,8.383233532934131
Non-core,4.166666666666667
