status,intersection
Core,2.1775544388609713
Non-core,1.5384615384615385
