status,intersection
Core,0.684931506849315
Non-core,1.0309278350515463
