status,intersection
Core,2.086230876216968
Non-core,1.5655577299412915
