status,intersection
Core,8.21256038647343
Non-core,5.399568034557236
