status,intersection
Core,5.118110236220472
Non-core,4.7091412742382275
