status,intersection
Core,2.7522935779816513
Non-core,1.5151515151515151
