status,intersection
Core,8.256880733944953
Non-core,7.894736842105263
