status,intersection
Core,9.935205183585314
Non-core,5.405405405405405
