status,intersection
Core,2.5157232704402515
Non-core,1.8518518518518519
