status,intersection
Core,2.3605150214592276
Non-core,2.7522935779816513
