status,intersection
Core,4.483188044831881
Non-core,4.1459369817578775
