status,intersection
Core,1.7130620985010707
Non-core,1.1627906976744187
