status,intersection
Core,5.547652916073969
Non-core,3.6363636363636362
