status,intersection
Core,7.222222222222222
Non-core,6.153846153846154
