status,intersection
Core,11.016949152542374
Non-core,11.11111111111111
