status,intersection
Core,3.816793893129771
Non-core,2.5974025974025974
