status,intersection
Core,11.666666666666666
Non-core,13.513513513513514
