status,intersection
Core,7.8431372549019605
Non-core,8.602150537634408
