status,intersection
Core,6.024096385542169
Non-core,2.6315789473684212
