status,intersection
Core,1.694915254237288
Non-core,1.3157894736842106
