status,intersection
Core,12.98342541436464
Non-core,9.409594095940959
