status,intersection
Core,6.451612903225806
Non-core,5.970149253731344
