status,intersection
Core,10.891089108910892
Non-core,8.80281690140845
