status,intersection
Core,6.914893617021277
Non-core,4.273504273504273
