status,intersection
Core,16.8141592920354
Non-core,21.12676056338028
