status,intersection
Core,2.5641025641025643
Non-core,1.639344262295082
