status,intersection
Core,12.749003984063744
Non-core,11.538461538461538
