status,intersection
Core,11.353711790393014
Non-core,12.162162162162161
