status,intersection
Core,9.144542772861357
Non-core,7.048458149779735
