status,intersection
Core,4.55531453362256
Non-core,4.651162790697675
