status,intersection
Core,12.6953125
Non-core,11.494252873563218
