status,intersection
Core,6.226650062266501
Non-core,5.298013245033113
