status,intersection
Core,3.654970760233918
Non-core,2.3060796645702304
