status,intersection
Core,0.47095761381475665
Non-core,0.21008403361344538
