status,intersection
Core,0.5904059040590406
Non-core,0.5504587155963303
