status,intersection
Core,1.9390581717451523
Non-core,2.459016393442623
