status,intersection
Core,10.19108280254777
Non-core,7.619047619047619
