status,intersection
Core,8.520900321543408
Non-core,6.008583690987124
