status,intersection
Core,9.05511811023622
Non-core,6.179775280898877
