status,intersection
Core,4.477611940298507
Non-core,5.208333333333333
