status,intersection
Core,11.627906976744185
Non-core,8.860759493670885
