status,intersection
Core,7.228915662650603
Non-core,6.197183098591549
