status,intersection
Core,8.571428571428571
Non-core,6.4171122994652405
