status,intersection
Core,1.697792869269949
Non-core,1.1286681715575622
