status,intersection
Core,11.245173745173744
Non-core,8.703271028037383
