status,intersection
Core,0.9191176470588235
Non-core,0.9456264775413712
