status,intersection
Core,9.746588693957115
Non-core,7.672634271099744
