status,intersection
Core,2.4916943521594686
Non-core,2.575107296137339
