status,intersection
Core,2.232142857142857
Non-core,1.8633540372670807
