status,intersection
Core,13.87832699619772
Non-core,10.335917312661499
