status,intersection
Core,1.3843648208469055
Non-core,0.3889158969372873
