status,intersection
Core,8.389261744966444
Non-core,6.930693069306931
