status,intersection
Core,2.1645021645021645
Non-core,2.2857142857142856
