status,intersection
Core,16.52173913043478
Non-core,10.76923076923077
