status,intersection
Core,8.597285067873303
Non-core,5.960264900662252
