status,intersection
Core,5.681818181818182
Non-core,5.084745762711864
