status,intersection
Core,1.8957345971563981
Non-core,1.9543973941368078
