status,intersection
Core,12.213740458015268
Non-core,11.764705882352942
