status,intersection
Core,2.5477707006369426
Non-core,3.4782608695652173
