status,intersection
Core,1.8518518518518519
Non-core,2.6666666666666665
