status,intersection
Core,4.131054131054131
Non-core,3.252032520325203
