status,intersection
Core,6.7251461988304095
Non-core,5.514705882352941
