status,intersection
Core,6.294706723891273
Non-core,4.990403071017274
