status,intersection
Core,5.853658536585366
Non-core,5.109489051094891
