status,intersection
Core,10.891089108910892
Non-core,12.068965517241379
