status,intersection
Core,6.878306878306878
Non-core,5.283018867924528
