status,intersection
Core,3.0560271646859083
Non-core,2.1881838074398248
