status,intersection
Core,3.3653846153846154
Non-core,2.1321961620469083
