status,intersection
Core,5.307262569832402
Non-core,4.356435643564357
