status,intersection
Core,5.9523809523809526
Non-core,8.176100628930818
