status,intersection
Core,3.225806451612903
Non-core,3.1578947368421053
