status,intersection
Core,9.495548961424332
Non-core,6.299212598425197
