status,intersection
Core,8.7018544935806
Non-core,5.338809034907597
