status,intersection
Core,3.007518796992481
Non-core,1.1627906976744187
