status,intersection
Core,2.2315202231520224
Non-core,1.6161616161616161
