status,intersection
Core,5.010893246187364
Non-core,3.3434650455927053
