status,intersection
Core,13.307984790874524
Non-core,11.363636363636363
