status,intersection
Core,3.4739454094292803
Non-core,3.5335689045936394
