status,intersection
Core,7.509881422924901
Non-core,7.594936708860759
