status,intersection
Core,1.3186813186813187
Non-core,1.2012012012012012
