status,intersection
Core,0.9852216748768473
Non-core,0.6896551724137931
