status,intersection
Core,10.222222222222221
Non-core,8.275862068965518
