status,intersection
Core,4.464285714285714
Non-core,2.1604938271604937
