status,intersection
Core,1.1029411764705883
Non-core,0.48426150121065376
