status,intersection
Core,9.621993127147766
Non-core,6.435643564356436
