status,intersection
Core,8.849557522123893
Non-core,8.823529411764707
