status,intersection
Core,4.591836734693878
Non-core,3.4965034965034967
