status,intersection
Core,11.45374449339207
Non-core,11.920529801324504
