status,intersection
Core,9.042553191489361
Non-core,9.90990990990991
