status,intersection
Core,4.4609665427509295
Non-core,2.4390243902439024
