status,intersection
Core,1.2903225806451613
Non-core,0.9090909090909091
