status,intersection
Core,7.341269841269841
Non-core,6.043956043956044
