status,intersection
Core,12.835820895522389
Non-core,11.522633744855968
