status,intersection
Core,2.2388059701492535
Non-core,2.2222222222222223
