status,intersection
Core,11.153846153846153
Non-core,9.090909090909092
