status,intersection
Core,10.451306413301662
Non-core,9.40766550522648
