status,intersection
Core,6.951871657754011
Non-core,4.878048780487805
