status,intersection
Core,4.661016949152542
Non-core,3.420523138832998
