status,intersection
Core,6.142506142506143
Non-core,1.8604651162790697
