status,intersection
Core,9.057971014492754
Non-core,7.6502732240437155
