status,intersection
Core,2.6315789473684212
Non-core,0.8403361344537815
