status,intersection
Core,6.982543640897756
Non-core,6.545454545454546
