status,intersection
Core,8.542141230068337
Non-core,7.526881720430108
