status,intersection
Core,2.1634615384615383
Non-core,1.6501650165016502
