status,intersection
Core,3.3222591362126246
Non-core,2.955665024630542
