status,intersection
Core,8.755760368663594
Non-core,8.9171974522293
