status,intersection
Core,11.019283746556473
Non-core,6.746031746031746
