status,intersection
Core,0.23980815347721823
Non-core,0.3257328990228013
