status,intersection
Core,12.280701754385966
Non-core,7.792207792207792
