status,intersection
Core,10.549943883277217
Non-core,8.683068017366136
