status,intersection
Core,1.408450704225352
Non-core,0.6430868167202572
