status,intersection
Core,3.409090909090909
Non-core,3.4482758620689653
