status,intersection
Core,6.666666666666667
Non-core,8.620689655172415
