status,intersection
Core,4.697986577181208
Non-core,4.8076923076923075
