status,intersection
Core,3.949730700179533
Non-core,2.8503562945368173
