status,intersection
Core,1.7278617710583153
Non-core,1.1764705882352942
