status,intersection
Core,7.331378299120234
Non-core,4.545454545454546
