status,intersection
Core,5.010438413361169
Non-core,4.819277108433735
