status,intersection
Core,8.284023668639053
Non-core,3.0973451327433628
