status,intersection
Core,8.859060402684564
Non-core,6.390977443609023
