status,intersection
Core,6.622516556291391
Non-core,3.9634146341463414
