status,intersection
Core,1.4150943396226414
Non-core,0.6535947712418301
