status,intersection
Core,8.620689655172415
Non-core,6.074766355140187
