status,intersection
Core,2.684563758389262
Non-core,0.9900990099009901
