status,intersection
Core,2.1352313167259784
Non-core,1.941747572815534
