status,intersection
Core,1.2987012987012987
Non-core,1.4767932489451476
