status,intersection
Core,8.426270136307311
Non-core,5.617977528089888
