status,intersection
Core,1.2195121951219512
Non-core,1.7543859649122806
