status,intersection
Core,1.5410958904109588
Non-core,1.1363636363636365
