status,intersection
Core,2.6123301985370952
Non-core,1.8436109345200253
