status,intersection
Core,5.241935483870968
Non-core,4.878048780487805
