status,intersection
Core,12.67605633802817
Non-core,10.37037037037037
