status,intersection
Core,2.269503546099291
Non-core,1.6161616161616161
