status,intersection
Core,4.15335463258786
Non-core,3.883495145631068
