status,intersection
Core,10.375275938189846
Non-core,5.487804878048781
