status,intersection
Core,0.5943536404160475
Non-core,0.4291845493562232
