status,intersection
Core,11.004784688995215
Non-core,7.510729613733906
