status,intersection
Core,6.578947368421052
Non-core,7.8431372549019605
