status,intersection
Core,7.588075880758808
Non-core,6.7164179104477615
