status,intersection
Core,3.134796238244514
Non-core,1.7057569296375266
