status,intersection
Core,2.6737967914438503
Non-core,1.5267175572519085
