status,intersection
Core,9.577464788732394
Non-core,7.228915662650603
