status,intersection
Core,2.0161290322580645
Non-core,2.366863905325444
