status,intersection
Core,1.7006802721088434
Non-core,1.0416666666666667
