status,intersection
Core,2.985074626865672
Non-core,1.5544041450777202
