status,intersection
Core,9.47867298578199
Non-core,7.6923076923076925
