status,intersection
Core,3.041825095057034
Non-core,2.0100502512562812
