status,intersection
Core,0.6741573033707865
Non-core,0.6191950464396285
