status,intersection
Core,8.755760368663594
Non-core,8.571428571428571
