status,intersection
Core,10.28368794326241
Non-core,10.256410256410257
