status,intersection
Core,8.396946564885496
Non-core,8.333333333333334
