status,intersection
Core,10.416666666666666
Non-core,10.204081632653061
