status,intersection
Core,5.612244897959184
Non-core,4.511278195488722
