status,intersection
Core,3.225806451612903
Non-core,3.260869565217391
