status,intersection
Core,5.633802816901408
Non-core,3.7383177570093458
