status,intersection
Core,3.3500837520938025
Non-core,2.2271714922048997
