status,intersection
Core,18.346774193548388
Non-core,14.078947368421053
