status,intersection
Core,1.1608623548922057
Non-core,0.8849557522123894
