status,intersection
Core,8.614864864864865
Non-core,7.1258907363420425
