status,intersection
Core,10.126582278481013
Non-core,7.760532150776053
