status,intersection
Core,1.6194331983805668
Non-core,2.197802197802198
