status,intersection
Core,4.40251572327044
Non-core,4.065040650406504
