status,intersection
Core,3.435114503816794
Non-core,3.389830508474576
