status,intersection
Core,9.034267912772586
Non-core,7.547169811320755
