status,intersection
Core,5.737704918032787
Non-core,2.3255813953488373
