status,intersection
Core,16.56874265569918
Non-core,13.129770992366412
