status,intersection
Core,1.0452961672473868
Non-core,1.015228426395939
