status,intersection
Core,5.3097345132743365
Non-core,5.371900826446281
