status,intersection
Core,4.9079754601226995
Non-core,6.666666666666667
