status,intersection
Core,14.435695538057743
Non-core,11.895910780669144
