status,intersection
Core,4.595185995623632
Non-core,3.9274924471299095
