status,intersection
Core,11.052631578947368
Non-core,8.661417322834646
