status,intersection
Core,0.9569377990430622
Non-core,0.974025974025974
