status,intersection
Core,1.9138755980861244
Non-core,1.342281879194631
