status,intersection
Core,6.874189364461738
Non-core,5.052264808362369
