status,intersection
Core,5.865102639296188
Non-core,4.174950298210735
