status,intersection
Core,8.085808580858085
Non-core,6.1002178649237475
