status,intersection
Core,7.0754716981132075
Non-core,5.431309904153355
