status,intersection
Core,3.867403314917127
Non-core,4.424778761061947
