status,intersection
Core,12.88659793814433
Non-core,12.698412698412698
