status,intersection
Core,4.680851063829787
Non-core,2.9761904761904763
