status,intersection
Core,3.7606837606837606
Non-core,2.733485193621868
