status,intersection
Core,16.822429906542055
Non-core,13.895993179880648
