status,intersection
Core,14.071856287425149
Non-core,9.63302752293578
