status,intersection
Core,13.821138211382113
Non-core,13.513513513513514
