status,intersection
Core,6.086956521739131
Non-core,3.1746031746031744
