status,intersection
Core,3.468208092485549
Non-core,2.3622047244094486
