status,intersection
Core,11.39240506329114
Non-core,9.523809523809524
