status,intersection
Core,4.032258064516129
Non-core,4.545454545454546
