status,intersection
Core,11.656441717791411
Non-core,7.975460122699387
