status,intersection
Core,6.236559139784946
Non-core,4.105571847507331
