status,intersection
Core,7.993730407523511
Non-core,5.274261603375527
