status,intersection
Core,19.642857142857142
Non-core,22.666666666666668
