status,intersection
Core,11.958762886597938
Non-core,10.495626822157435
