status,intersection
Core,0.3067484662576687
Non-core,0.2699055330634278
