status,intersection
Core,2.4539877300613497
Non-core,1.694915254237288
