status,intersection
Core,2.0930232558139537
Non-core,2.20125786163522
