status,intersection
Core,11.03448275862069
Non-core,13.953488372093023
