status,intersection
Core,7.269155206286837
Non-core,5.54089709762533
