status,intersection
Core,12.32876712328767
Non-core,11.11111111111111
