status,intersection
Core,5.763688760806916
Non-core,4.8582995951417
