status,intersection
Core,8.504398826979472
Non-core,5.836575875486381
