status,intersection
Core,2.4922118380062304
Non-core,1.3513513513513513
