status,intersection
Core,0.5504587155963303
Non-core,0.4854368932038835
