status,intersection
Core,0.7668711656441718
Non-core,1.0183299389002036
