status,intersection
Core,21.05263157894737
Non-core,16.150081566068515
