status,intersection
Core,6.002554278416348
Non-core,4.553734061930784
