status,intersection
Core,2.0172910662824206
Non-core,1.7316017316017316
