status,intersection
Core,11.235955056179776
Non-core,11.11111111111111
