status,intersection
Core,6.512605042016807
Non-core,4.878048780487805
