status,intersection
Core,1.8957345971563981
Non-core,2.2058823529411766
