status,intersection
Core,7.964601769911504
Non-core,9.45945945945946
