status,intersection
Core,1.4519056261343013
Non-core,1.1904761904761905
