status,intersection
Core,1.721664275466284
Non-core,1.814516129032258
