status,intersection
Core,4.332129963898917
Non-core,3.715670436187399
