status,intersection
Core,8.552631578947368
Non-core,10.309278350515465
