status,intersection
Core,5.445544554455446
Non-core,4.713804713804714
