status,intersection
Core,9.448818897637794
Non-core,8.743169398907105
