status,intersection
Core,9.180327868852459
Non-core,7.608695652173913
