status,intersection
Core,5.790297339593114
Non-core,3.8135593220338984
