status,intersection
Core,5.984766050054407
Non-core,4.073033707865169
