status,intersection
Core,12.307692307692308
Non-core,11.976047904191617
