status,intersection
Core,3.6363636363636362
Non-core,5.504587155963303
