status,intersection
Core,4.103671706263499
Non-core,3.6363636363636362
