status,intersection
Core,5.56701030927835
Non-core,4.531722054380665
