status,intersection
Core,1.4492753623188406
Non-core,2.5641025641025643
