status,intersection
Core,7.453416149068323
Non-core,7.407407407407407
