status,intersection
Core,3.5190615835777126
Non-core,3.1380753138075312
