status,intersection
Core,3.896103896103896
Non-core,4.25531914893617
