status,intersection
Core,3.225806451612903
Non-core,2.6041666666666665
