status,intersection
Core,8.26771653543307
Non-core,6.790123456790123
