status,intersection
Core,3.669724770642202
Non-core,2.816901408450704
