status,intersection
Core,10.24390243902439
Non-core,7.586206896551724
