status,intersection
Core,3.8135593220338984
Non-core,3.2679738562091503
