status,intersection
Core,2.6490066225165565
Non-core,1.694915254237288
