status,intersection
Core,9.565217391304348
Non-core,7.2727272727272725
