status,intersection
Core,0.5607476635514018
Non-core,0.4878048780487805
