status,intersection
Core,9.49367088607595
Non-core,8.791208791208792
