status,intersection
Core,1.1627906976744187
Non-core,0.9009009009009009
