status,intersection
Core,6.704707560627675
Non-core,4.963235294117647
