status,intersection
Core,1.0676156583629892
Non-core,0.5154639175257731
