status,intersection
Core,3.8374717832957113
Non-core,2.727272727272727
