status,intersection
Core,7.922272047832586
Non-core,6.8686868686868685
