status,intersection
Core,7.831325301204819
Non-core,5.714285714285714
