status,intersection
Core,4.132231404958677
Non-core,3.9603960396039604
