status,intersection
Core,1.502145922746781
Non-core,1.1695906432748537
