status,intersection
Core,9.207161125319693
Non-core,6.909090909090909
