status,intersection
Core,6.6350710900473935
Non-core,5.755395683453237
