status,intersection
Core,6.926406926406926
Non-core,6.7073170731707314
