status,intersection
Core,2.1226415094339623
Non-core,1.3029315960912051
