status,intersection
Core,1.7647058823529411
Non-core,1.6129032258064515
