status,intersection
Core,11.278195488721805
Non-core,10.465116279069768
