status,intersection
Core,3.1545741324921135
Non-core,3.1055900621118013
