status,intersection
Core,5.121951219512195
Non-core,4.9504950495049505
