status,intersection
Core,11.34020618556701
Non-core,6.818181818181818
