status,intersection
Core,6.349206349206349
Non-core,5.434782608695652
