status,intersection
Core,5.839416058394161
Non-core,6.282722513089006
