status,intersection
Core,6.462585034013605
Non-core,4.796163069544365
