status,intersection
Core,6.764705882352941
Non-core,5.4325955734406435
