status,intersection
Core,7.657657657657658
Non-core,6.262626262626263
