status,intersection
Core,0.5607476635514018
Non-core,0.4830917874396135
