status,intersection
Core,0.24213075060532688
Non-core,0.33003300330033003
