status,intersection
Core,20.083932853717027
Non-core,14.263920671243326
