status,intersection
Core,11.504424778761061
Non-core,13.432835820895523
