status,intersection
Core,9.810126582278482
Non-core,9.82905982905983
