status,intersection
Core,3.215434083601286
Non-core,2.314814814814815
