status,intersection
Core,6.007067137809187
Non-core,6.043956043956044
