status,intersection
Core,4.301075268817204
Non-core,1.639344262295082
