status,intersection
Core,9.051724137931034
Non-core,9.523809523809524
