status,intersection
Core,4.109589041095891
Non-core,6.818181818181818
