status,intersection
Core,14.788732394366198
Non-core,13.333333333333334
