status,intersection
Core,2.26628895184136
Non-core,1.9920318725099602
