status,intersection
Core,3.6931818181818183
Non-core,3.278688524590164
