status,intersection
Core,9.523809523809524
Non-core,9.29203539823009
