status,intersection
Core,3.0434782608695654
Non-core,3.003003003003003
