status,intersection
Core,11.041009463722398
Non-core,9.47867298578199
