status,intersection
Core,4.477611940298507
Non-core,1.9230769230769231
