status,intersection
Core,7.934508816120907
Non-core,5.52584670231729
