status,intersection
Core,8.653846153846153
Non-core,4.724409448818897
