status,intersection
Core,6.71462829736211
Non-core,5.808477237048666
