status,intersection
Core,10.24390243902439
Non-core,8.88888888888889
