status,intersection
Core,3.4602076124567476
Non-core,3.6082474226804124
