status,intersection
Core,1.8324607329842932
Non-core,1.5325670498084292
