status,intersection
Core,10.461538461538462
Non-core,7.024793388429752
