status,intersection
Core,2.406417112299465
Non-core,1.893939393939394
