status,intersection
Core,4.7095761381475665
Non-core,2.748414376321353
