status,intersection
Core,3.4246575342465753
Non-core,3.8095238095238093
