status,intersection
Core,10.714285714285714
Non-core,9.090909090909092
