status,intersection
Core,6.821480406386066
Non-core,5.490196078431373
