status,intersection
Core,6.340057636887608
Non-core,6.854838709677419
