status,intersection
Core,1.9900497512437811
Non-core,1.5695067264573992
