status,intersection
Core,4.385964912280702
Non-core,4.294478527607362
