status,intersection
Core,0.5576208178438662
Non-core,0.47961630695443647
