status,intersection
Core,7.6502732240437155
Non-core,7.43801652892562
