status,intersection
Core,12.437810945273633
Non-core,11.194029850746269
