status,intersection
Core,10.410094637223974
Non-core,10.74766355140187
