status,intersection
Core,1.7605633802816902
Non-core,1.0309278350515463
