status,intersection
Core,0.4694835680751174
Non-core,0.6329113924050633
