status,intersection
Core,4.545454545454546
Non-core,2.824858757062147
