status,intersection
Core,5.0215208034433285
Non-core,4.11522633744856
