status,intersection
Core,6.741573033707865
Non-core,5.2631578947368425
