status,intersection
Core,3.5416666666666665
Non-core,1.7191977077363896
