status,intersection
Core,3.6253776435045317
Non-core,3.3057851239669422
