status,intersection
Core,16.60993873383254
Non-core,13.482056256062076
