status,intersection
Core,0.3367003367003367
Non-core,0.22075055187637968
