status,intersection
Core,4.66321243523316
Non-core,3.8461538461538463
