status,intersection
Core,3.4146341463414633
Non-core,4.477611940298507
