status,intersection
Core,0.7125890736342043
Non-core,0.9646302250803859
