status,intersection
Core,0.7736943907156673
Non-core,1.1111111111111112
