status,intersection
Core,0.2840909090909091
Non-core,0.411522633744856
