status,intersection
Core,4.072398190045249
Non-core,2.7874564459930316
