status,intersection
Core,7.027027027027027
Non-core,5.172413793103448
