status,intersection
Core,9.216589861751151
Non-core,7.482993197278912
