status,intersection
Core,6.467661691542289
Non-core,2.7777777777777777
