status,intersection
Core,4.918032786885246
Non-core,4.878048780487805
