status,intersection
Core,3.8095238095238093
Non-core,4.225352112676056
