status,intersection
Core,3.260869565217391
Non-core,4.395604395604396
