status,intersection
Core,8.873239436619718
Non-core,5.61122244488978
