status,intersection
Core,10.676156583629894
Non-core,5.851063829787234
