status,intersection
Core,10.355029585798816
Non-core,9.583333333333334
