status,intersection
Core,7.659574468085107
Non-core,6.134969325153374
