status,intersection
Core,12.098765432098766
Non-core,8.363636363636363
