status,intersection
Core,3.341288782816229
Non-core,2.622950819672131
