status,intersection
Core,4.201680672268908
Non-core,3.7037037037037037
