status,intersection
Core,3.673469387755102
Non-core,3.6211699164345403
