status,intersection
Core,12.29050279329609
Non-core,12.727272727272727
