status,intersection
Core,5.788423153692615
Non-core,3.641456582633053
