status,intersection
Core,12.25554106910039
Non-core,9.433962264150944
