status,intersection
Core,6.002728512960436
Non-core,5.166051660516605
