status,intersection
Core,2.9940119760479043
Non-core,0.8771929824561403
