status,intersection
Core,5.113636363636363
Non-core,1.6129032258064515
