status,intersection
Core,11.39240506329114
Non-core,10.062893081761006
