status,intersection
Core,4.010025062656641
Non-core,2.857142857142857
