status,intersection
Core,10.508474576271187
Non-core,6.8807339449541285
