status,intersection
Core,12.195121951219512
Non-core,10.526315789473685
