status,intersection
Core,4.191616766467066
Non-core,3.9682539682539684
