status,intersection
Core,1.7191977077363896
Non-core,1.6666666666666667
