status,intersection
Core,3.278688524590164
Non-core,1.4705882352941178
