status,intersection
Core,2.6016260162601625
Non-core,2.1739130434782608
