status,intersection
Core,1.3254786450662739
Non-core,1.0570824524312896
