status,intersection
Core,5.657708628005658
Non-core,4.048582995951417
