status,intersection
Core,7.462686567164179
Non-core,5.089820359281437
