status,intersection
Core,1.7057569296375266
Non-core,1.4450867052023122
