status,intersection
Core,1.0695187165775402
Non-core,0.683371298405467
