status,intersection
Core,5.01002004008016
Non-core,4.683195592286501
