status,intersection
Core,6.422018348623853
Non-core,5.333333333333333
