status,intersection
Core,13.648293963254593
Non-core,11.69811320754717
