status,intersection
Core,0.36101083032490977
Non-core,0.5263157894736842
