status,intersection
Core,4.633204633204633
Non-core,2.824858757062147
