status,intersection
Core,4.83005366726297
Non-core,2.102803738317757
