status,intersection
Core,8.823529411764707
Non-core,6.976744186046512
