status,intersection
Core,5.0675675675675675
Non-core,4.411764705882353
