status,intersection
Core,6.392045454545454
Non-core,4.6421663442940035
