status,intersection
Core,17.866161616161616
Non-core,14.444444444444445
