status,intersection
Core,3.3472803347280333
Non-core,2.1621621621621623
