status,intersection
Core,6.358381502890174
Non-core,3.9682539682539684
