status,intersection
Core,2.484472049689441
Non-core,0.7874015748031497
