status,intersection
Core,5.162241887905605
Non-core,3.7401574803149606
