status,intersection
Core,0.6644518272425249
Non-core,0.5076142131979695
