status,intersection
Core,5.405405405405405
Non-core,5.208333333333333
