status,intersection
Core,1.7738359201773837
Non-core,1.2232415902140672
