status,intersection
Core,4.040404040404041
Non-core,2.7777777777777777
