status,intersection
Core,8.527131782945736
Non-core,8.450704225352112
