status,intersection
Core,2.1686746987951806
Non-core,0.9836065573770492
