status,intersection
Core,1.8633540372670807
Non-core,2.608695652173913
