status,intersection
Core,5.960264900662252
Non-core,6.0344827586206895
