status,intersection
Core,6.666666666666667
Non-core,6.60377358490566
