status,intersection
Core,1.2962962962962963
Non-core,0.963855421686747
