status,intersection
Core,6.375838926174497
Non-core,3.9603960396039604
