status,intersection
Core,2.9197080291970803
Non-core,3.1578947368421053
