status,intersection
Core,5.426356589147287
Non-core,7.246376811594203
