status,intersection
Core,1.5945330296127562
Non-core,2.127659574468085
