status,intersection
Core,10.76923076923077
Non-core,8.484848484848484
