status,intersection
Core,4.9504950495049505
Non-core,6.153846153846154
