status,intersection
Core,3.883495145631068
Non-core,3.2467532467532467
