status,intersection
Core,3.711340206185567
Non-core,3.2171581769436997
