status,intersection
Core,5.084745762711864
Non-core,8.333333333333334
