status,intersection
Core,11.688311688311689
Non-core,11.627906976744185
