status,intersection
Core,13.761467889908257
Non-core,14.285714285714286
