status,intersection
Core,8.806818181818182
Non-core,8.016877637130802
