status,intersection
Core,13.492063492063492
Non-core,11.904761904761905
