status,intersection
Core,12.025316455696203
Non-core,10.743801652892563
