status,intersection
Core,0.9419152276295133
Non-core,0.6302521008403361
