status,intersection
Core,3.9473684210526314
Non-core,1.8867924528301887
