status,intersection
Core,1.1673151750972763
Non-core,0.5494505494505495
