status,intersection
Core,13.157894736842104
Non-core,13.414634146341463
