status,intersection
Core,12.929848693259972
Non-core,8.752327746741155
