status,intersection
Core,10.759493670886076
Non-core,10.7981220657277
