status,intersection
Core,9.929078014184396
Non-core,12.162162162162161
