status,intersection
Core,1.875901875901876
Non-core,1.4227642276422765
