status,intersection
Core,1.6587677725118484
Non-core,1.3029315960912051
