status,intersection
Core,1.046337817638266
Non-core,0.4291845493562232
