status,intersection
Core,17.91044776119403
Non-core,13.757396449704142
