status,intersection
Core,1.6034985422740524
Non-core,0.5469462169553327
