status,intersection
Core,0.5961251862891207
Non-core,0.6382978723404256
