status,intersection
Core,2.9411764705882355
Non-core,3.0303030303030303
