status,intersection
Core,16.292134831460675
Non-core,12.820512820512821
