status,intersection
Core,1.8518518518518519
Non-core,1.8633540372670807
