status,intersection
Core,13.675213675213675
Non-core,13.432835820895523
