status,intersection
Core,4.7272727272727275
Non-core,2.808988764044944
