status,intersection
Core,1.4423076923076923
Non-core,0.6756756756756757
