status,intersection
Core,4.49438202247191
Non-core,3.4334763948497855
