status,intersection
Core,8.785046728971963
Non-core,5.221932114882507
