status,intersection
Core,2.9925187032418954
Non-core,2.0168067226890756
