status,intersection
Core,11.357702349869452
Non-core,8.31889081455806
