status,intersection
Core,7.317073170731708
Non-core,8.219178082191782
