status,intersection
Core,2.9914529914529915
Non-core,2.7777777777777777
