status,intersection
Core,6.593406593406593
Non-core,6.349206349206349
