status,intersection
Core,10.303030303030303
Non-core,8.227848101265822
