status,intersection
Core,4.666666666666667
Non-core,2.803738317757009
