status,intersection
Core,3.816793893129771
Non-core,4.040404040404041
