status,intersection
Core,1.829268292682927
Non-core,2.2222222222222223
