status,intersection
Core,3.2432432432432434
Non-core,3.6496350364963503
