status,intersection
Core,7.194244604316546
Non-core,3.1746031746031744
