status,intersection
Core,10.1010101010101
Non-core,6.9730586370839935
