status,intersection
Core,1.6713091922005572
Non-core,1.8656716417910448
