status,intersection
Core,2.690582959641256
Non-core,2.395209580838323
