status,intersection
Core,5.343511450381679
Non-core,4.901960784313726
