status,intersection
Core,7.387862796833773
Non-core,5.363984674329502
