status,intersection
Core,4.229607250755287
Non-core,3.7924151696606785
