status,intersection
Core,4.658385093167702
Non-core,3.167420814479638
