status,intersection
Core,2.1638330757341575
Non-core,1.2526096033402923
