status,intersection
Core,7.0686070686070686
Non-core,7.430340557275541
