status,intersection
Core,1.5113350125944585
Non-core,0.684931506849315
