status,intersection
Core,3.678929765886288
Non-core,3.4146341463414633
