status,intersection
Core,3.170028818443804
Non-core,2.2587268993839835
