status,intersection
Core,2.6315789473684212
Non-core,0.8333333333333334
