status,intersection
Core,8.51528384279476
Non-core,5.438066465256798
