status,intersection
Core,0.8532423208191127
Non-core,0.898876404494382
