status,intersection
Core,5.1020408163265305
Non-core,6.896551724137931
