status,intersection
Core,1.6666666666666667
Non-core,0.9852216748768473
