status,intersection
Core,2.5518341307814993
Non-core,1.7204301075268817
