status,intersection
Core,3.651685393258427
Non-core,3.6053130929791273
