status,intersection
Core,5.729166666666667
Non-core,5.109489051094891
