status,intersection
Core,5.1020408163265305
Non-core,8.88888888888889
