status,intersection
Core,5.521472392638037
Non-core,3.2967032967032965
