status,intersection
Core,1.466275659824047
Non-core,2.2123893805309733
