status,intersection
Core,9.271523178807946
Non-core,7.766990291262136
