status,intersection
Core,4.373177842565598
Non-core,3.952569169960474
