status,intersection
Core,2.9411764705882355
Non-core,1.5228426395939085
