status,intersection
Core,5.232558139534884
Non-core,5.504587155963303
