status,intersection
Core,3.816793893129771
Non-core,4.301075268817204
