status,intersection
Core,2.192982456140351
Non-core,1.8987341772151898
