status,intersection
Core,6.965572457966373
Non-core,5.339805825242719
