status,intersection
Core,1.911764705882353
Non-core,1.4767932489451476
