status,intersection
Core,6.779661016949152
Non-core,4.761904761904762
