status,intersection
Core,8.124076809453472
Non-core,6.653620352250489
