status,intersection
Core,8.066581306017925
Non-core,5.017301038062284
