status,intersection
Core,13.66120218579235
Non-core,9.774436090225564
