status,intersection
Core,0.8645533141210374
Non-core,0.42016806722689076
