status,intersection
Core,4.176334106728539
Non-core,1.9047619047619047
