status,intersection
Core,10.033444816053512
Non-core,9.45945945945946
