status,intersection
Core,9.49367088607595
Non-core,7.098765432098766
