status,intersection
Core,4.761904761904762
Non-core,4.741379310344827
