status,intersection
Core,5.944055944055944
Non-core,6.282722513089006
