status,intersection
Core,5.607476635514018
Non-core,5.063291139240507
