status,intersection
Core,3.1372549019607843
Non-core,2.2099447513812156
