status,intersection
Core,26.183431952662723
Non-core,22.244094488188978
