status,intersection
Core,6.140350877192983
Non-core,3.6363636363636362
