status,intersection
Core,5.594405594405594
Non-core,6.930693069306931
