status,intersection
Core,10.034602076124568
Non-core,7.766990291262136
