status,intersection
Core,10.447761194029852
Non-core,9.073359073359073
