status,intersection
Core,9.170305676855895
Non-core,9.271523178807946
