status,intersection
Core,11.049723756906078
Non-core,9.090909090909092
