status,intersection
Core,11.029411764705882
Non-core,10.975609756097562
