status,intersection
Core,1.7167381974248928
Non-core,1.4619883040935673
