status,intersection
Core,1.643835616438356
Non-core,1.1764705882352942
