status,intersection
Core,6.914893617021277
Non-core,6.542056074766355
