status,intersection
Core,7.352941176470588
Non-core,8.791208791208792
