status,intersection
Core,10.674157303370787
Non-core,7.377049180327869
