status,intersection
Core,0.8547008547008547
Non-core,0.8298755186721992
