status,intersection
Core,9.930715935334874
Non-core,5.9880239520958085
