status,intersection
Core,10.95890410958904
Non-core,11.627906976744185
