status,intersection
Core,6.188925081433225
Non-core,5.9405940594059405
