status,intersection
Core,1.7341040462427746
Non-core,1.629327902240326
