status,intersection
Core,10.493827160493828
Non-core,5.714285714285714
