status,intersection
Core,8.189655172413794
Non-core,8.280254777070065
