status,intersection
Core,5.612244897959184
Non-core,3.676470588235294
