status,intersection
Core,2.0179372197309418
Non-core,1.5723270440251573
