status,intersection
Core,6.410256410256411
Non-core,11.11111111111111
