status,intersection
Core,0.6097560975609756
Non-core,0.8771929824561403
