status,intersection
Core,4.419889502762431
Non-core,5.223880597014926
