status,intersection
Core,8.264462809917354
Non-core,10.48951048951049
