status,intersection
Core,1.24804992199688
Non-core,0.8333333333333334
