status,intersection
Core,7.375643224699829
Non-core,5.617977528089888
