status,intersection
Core,11.186440677966102
Non-core,8.482142857142858
