status,intersection
Core,3.063457330415755
Non-core,2.43161094224924
