status,intersection
Core,6.738868832731649
Non-core,4.625199362041467
