status,intersection
Core,10.95890410958904
Non-core,8.910891089108912
