status,intersection
Core,16.292134831460675
Non-core,15.88785046728972
