status,intersection
Core,6.468531468531468
Non-core,6.367924528301887
