status,intersection
Core,0.7476635514018691
Non-core,0.7246376811594203
