status,intersection
Core,9.900990099009901
Non-core,8.333333333333334
