status,intersection
Core,0.3669724770642202
Non-core,0.2358490566037736
