status,intersection
Core,4.615384615384615
Non-core,2.3255813953488373
