status,intersection
Core,3.0701754385964914
Non-core,2.9239766081871346
