status,intersection
Core,14.930015552099533
Non-core,12.151394422310757
