status,intersection
Core,3.7711313394018204
Non-core,3.1578947368421053
