status,intersection
Core,18.181818181818183
Non-core,26.19047619047619
