status,intersection
Core,1.2738853503184713
Non-core,1.834862385321101
