status,intersection
Core,7.547169811320755
Non-core,6.474820143884892
