status,intersection
Core,6.451612903225806
Non-core,3.2710280373831777
