status,intersection
Core,4.967602591792657
Non-core,4.968944099378882
