status,intersection
Core,10.77414205905826
Non-core,7.788161993769471
