status,intersection
Core,8.391608391608392
Non-core,9.183673469387756
