status,intersection
Core,8.135593220338983
Non-core,8.374384236453203
