status,intersection
Core,8.333333333333334
Non-core,13.846153846153847
