status,intersection
Core,8.300395256916996
Non-core,9.45945945945946
