status,intersection
Core,9.420289855072463
Non-core,10.869565217391305
