status,intersection
Core,10.727969348659004
Non-core,8.967391304347826
