status,intersection
Core,11.942959001782532
Non-core,8.845208845208845
