status,intersection
Core,8.762886597938145
Non-core,10.084033613445378
