status,intersection
Core,11.851851851851851
Non-core,14.285714285714286
