status,intersection
Core,9.565217391304348
Non-core,5.970149253731344
