status,intersection
Core,6.806282722513089
Non-core,5.925925925925926
