status,intersection
Core,0.9242144177449169
Non-core,0.7246376811594203
