status,intersection
Core,5.38243626062323
Non-core,2.575107296137339
