status,intersection
Core,4.1076487252124645
Non-core,2.839756592292089
