status,intersection
Core,10.240963855421686
Non-core,8.695652173913043
