status,intersection
Core,4.666666666666667
Non-core,5.405405405405405
