status,intersection
Core,2.962962962962963
Non-core,3.1914893617021276
