status,intersection
Core,9.12863070539419
Non-core,7.909604519774011
