status,intersection
Core,2.18978102189781
Non-core,1.0101010101010102
