status,intersection
Core,5.762711864406779
Non-core,3.827751196172249
