status,intersection
Core,1.7770597738287561
Non-core,1.4675052410901468
