status,intersection
Core,5.555555555555555
Non-core,4.010695187165775
