status,intersection
Core,0.8888888888888888
Non-core,0.3105590062111801
