status,intersection
Core,9.385113268608414
Non-core,6.161137440758294
