status,intersection
Core,6.827309236947791
Non-core,6.521739130434782
