status,intersection
Core,3.5398230088495577
Non-core,3.7037037037037037
