status,intersection
Core,2.807017543859649
Non-core,1.9138755980861244
