status,intersection
Core,6.349206349206349
Non-core,4.864864864864865
