status,intersection
Core,5.641025641025641
Non-core,5.442176870748299
