status,intersection
Core,3.7383177570093458
Non-core,3.1746031746031744
