status,intersection
Core,1.1764705882352942
Non-core,1.2987012987012987
