status,intersection
Core,5.749486652977413
Non-core,3.951367781155015
