status,intersection
Core,1.545595054095827
Non-core,1.2371134020618557
