status,intersection
Core,0.5565862708719852
Non-core,0.4784688995215311
