status,intersection
Core,1.906158357771261
Non-core,1.6701461377870563
