status,intersection
Core,2.459016393442623
Non-core,2.380952380952381
