status,intersection
Core,8.293838862559241
Non-core,5.338078291814947
