status,intersection
Core,6.438631790744467
Non-core,6.41399416909621
