status,intersection
Core,2.6923076923076925
Non-core,2.1621621621621623
