status,intersection
Core,10.56910569105691
Non-core,10.32258064516129
