status,intersection
Core,0.8836524300441826
Non-core,1.0460251046025104
