status,intersection
Core,0.9685230024213075
Non-core,0.6600660066006601
