status,intersection
Core,4.509018036072145
Non-core,3.4346103038309117
