status,intersection
Core,4.273504273504273
Non-core,4.225352112676056
