status,intersection
Core,1.3953488372093024
Non-core,0.6622516556291391
