status,intersection
Core,2.18978102189781
Non-core,2.0833333333333335
