status,intersection
Core,9.57004160887656
Non-core,8.514492753623188
