status,intersection
Core,1.910828025477707
Non-core,0.9259259259259259
