status,intersection
Core,10.447761194029852
Non-core,7.853403141361256
