status,intersection
Core,3.0821917808219177
Non-core,1.0309278350515463
