status,intersection
Core,6.0324825986078885
Non-core,5.536332179930795
