status,intersection
Core,0.6711409395973155
Non-core,0.970873786407767
