status,intersection
Core,0.4424778761061947
Non-core,0.6060606060606061
