status,intersection
Core,13.25301204819277
Non-core,15.315315315315315
