status,intersection
Core,5.141843971631205
Non-core,4.166666666666667
