status,intersection
Core,4.123711340206185
Non-core,3.8062283737024223
