status,intersection
Core,6.3191153238546605
Non-core,5.3418803418803416
