status,intersection
Core,1.342281879194631
Non-core,1.345291479820628
