status,intersection
Core,7.847082494969819
Non-core,6.176470588235294
