status,intersection
Core,2.450980392156863
Non-core,3.3057851239669422
