status,intersection
Core,4.033613445378151
Non-core,1.3392857142857142
