status,intersection
Core,13.552631578947368
Non-core,9.328358208955224
