status,intersection
Core,0.89086859688196
Non-core,0.6116207951070336
