status,intersection
Core,12.88981288981289
Non-core,9.478021978021978
