status,intersection
Core,10.429447852760736
Non-core,11.764705882352942
