status,intersection
Core,3.5046728971962615
Non-core,2.4734982332155475
