status,intersection
Core,6.30048465266559
Non-core,5.660377358490566
