status,intersection
Core,1.858736059479554
Non-core,1.5463917525773196
