status,intersection
Core,2.121212121212121
Non-core,1.6632016632016633
