status,intersection
Core,6.458333333333333
Non-core,5.09915014164306
