status,intersection
Core,5.982905982905983
Non-core,3.7037037037037037
