status,intersection
Core,6.329113924050633
Non-core,4.3478260869565215
