status,intersection
Core,1.8302828618968385
Non-core,1.3157894736842106
