status,intersection
Core,10.112359550561798
Non-core,7.017543859649122
