status,intersection
Core,2.314814814814815
Non-core,1.8633540372670807
