status,intersection
Core,11.545293072824157
Non-core,9.927360774818402
