status,intersection
Core,3.5714285714285716
Non-core,1.7391304347826086
