status,intersection
Core,9.777777777777779
Non-core,8.16326530612245
