status,intersection
Core,8.695652173913043
Non-core,9.30232558139535
