status,intersection
Core,9.763313609467456
Non-core,8.296943231441048
