status,intersection
Core,12.162162162162161
Non-core,13.043478260869565
