status,intersection
Core,1.4184397163120568
Non-core,0.9803921568627451
