status,intersection
Core,17.172774869109947
Non-core,14.378238341968911
