status,intersection
Core,6.722689075630252
Non-core,5.617977528089888
