status,intersection
Core,10.555555555555555
Non-core,9.090909090909092
