status,intersection
Core,4.244031830238727
Non-core,4.545454545454546
