status,intersection
Core,0.36764705882352944
Non-core,0.2364066193853428
