status,intersection
Core,3.7800687285223367
Non-core,3.553299492385787
