status,intersection
Core,4.640371229698376
Non-core,3.5143769968051117
