status,intersection
Core,1.3986013986013985
Non-core,2.0833333333333335
