status,intersection
Core,0.8968609865470852
Non-core,1.2195121951219512
