status,intersection
Core,2.9100529100529102
Non-core,2.9962546816479403
