status,intersection
Core,5.428571428571429
Non-core,2.904564315352697
