status,intersection
Core,0.5597014925373134
Non-core,0.4819277108433735
