status,intersection
Core,7.7134986225895315
Non-core,8.032128514056225
