status,intersection
Core,5.921052631578948
Non-core,3.1578947368421053
