status,intersection
Core,6.575342465753424
Non-core,5.147058823529412
