status,intersection
Core,4.644412191582003
Non-core,2.9465930018416207
