status,intersection
Core,2.745995423340961
Non-core,1.8633540372670807
