status,intersection
Core,10.108303249097473
Non-core,7.6923076923076925
