status,intersection
Core,8.333333333333334
Non-core,5.446623093681917
