status,intersection
Core,4.251386321626617
Non-core,2.6699029126213594
