status,intersection
Core,13.66742596810934
Non-core,9.174311926605505
