status,intersection
Core,4.411764705882353
Non-core,6.0606060606060606
