status,intersection
Core,10.091743119266056
Non-core,9.859154929577464
