status,intersection
Core,8.258258258258259
Non-core,6.138613861386139
