status,intersection
Core,6.525573192239859
Non-core,5.555555555555555
