status,intersection
Core,6.63265306122449
Non-core,6.620209059233449
