status,intersection
Core,3.1746031746031744
Non-core,2.0833333333333335
