status,intersection
Core,9.16030534351145
Non-core,10.256410256410257
