status,intersection
Core,1.2987012987012987
Non-core,1.1764705882352942
