status,intersection
Core,1.6666666666666667
Non-core,3.3333333333333335
