status,intersection
Core,2.2058823529411766
Non-core,1.0416666666666667
