status,intersection
Core,11.11111111111111
Non-core,10.666666666666666
