status,intersection
Core,0.5565862708719852
Non-core,0.23923444976076555
