status,intersection
Core,14.821763602251407
Non-core,9.762532981530343
