status,intersection
Core,3.7837837837837838
Non-core,2.608695652173913
