status,intersection
Core,5.357142857142857
Non-core,9.523809523809524
