status,intersection
Core,11.03448275862069
Non-core,10.476190476190476
