status,intersection
Core,2.0044543429844097
Non-core,1.8461538461538463
