status,intersection
Core,8.180943214629451
Non-core,6.501950585175552
