status,intersection
Core,1.6470588235294117
Non-core,1.9047619047619047
