status,intersection
Core,1.6516516516516517
Non-core,1.075268817204301
