status,intersection
Core,4.011065006915629
Non-core,2.783300198807157
