status,intersection
Core,4.861111111111111
Non-core,4.081632653061225
