status,intersection
Core,1.9933554817275747
Non-core,2.6315789473684212
