status,intersection
Core,9.603340292275574
Non-core,6.8493150684931505
