status,intersection
Core,4.444444444444445
Non-core,4.878048780487805
