status,intersection
Core,3.6809815950920246
Non-core,3.3333333333333335
