status,intersection
Core,1.2345679012345678
Non-core,0.8547008547008547
