status,intersection
Core,8.071748878923767
Non-core,7.382550335570469
