status,intersection
Core,7.177033492822966
Non-core,7.792207792207792
