status,intersection
Core,8.09968847352025
Non-core,5.092592592592593
