status,intersection
Core,0.8968609865470852
Non-core,1.1904761904761905
