status,intersection
Core,12.669683257918551
Non-core,9.154929577464788
