status,intersection
Core,11.538461538461538
Non-core,13.235294117647058
