status,intersection
Core,4.7368421052631575
Non-core,3.7313432835820897
