status,intersection
Core,8.928571428571429
Non-core,9.166666666666666
