status,intersection
Core,1.694915254237288
Non-core,2.2222222222222223
