status,intersection
Core,12.39193083573487
Non-core,7.894736842105263
