status,intersection
Core,5.0359712230215825
Non-core,4.712041884816754
