status,intersection
Core,7.8341013824884795
Non-core,7.2368421052631575
