status,intersection
Core,4.069767441860465
Non-core,1.2195121951219512
