status,intersection
Core,13.904761904761905
Non-core,11.294765840220386
