status,intersection
Core,9.764309764309765
Non-core,5.853658536585366
