status,intersection
Core,8.450704225352112
Non-core,10.256410256410257
