status,intersection
Core,3.7735849056603774
Non-core,2.272727272727273
