status,intersection
Core,8.599167822468793
Non-core,6.024096385542169
