status,intersection
Core,3.067484662576687
Non-core,1.293103448275862
