status,intersection
Core,0.8333333333333334
Non-core,0.8403361344537815
