status,intersection
Core,2.2288261515601784
Non-core,1.7647058823529411
