status,intersection
Core,11.682242990654206
Non-core,9.803921568627452
