status,intersection
Core,6.007067137809187
Non-core,3.2710280373831777
