status,intersection
Core,7.26643598615917
Non-core,5.41871921182266
