status,intersection
Core,3.1138335885655946
Non-core,2.543424317617866
