status,intersection
Core,4.225352112676056
Non-core,8.571428571428571
