status,intersection
Core,0.7339449541284404
Non-core,0.24271844660194175
