status,intersection
Core,0.3412969283276451
Non-core,0.4878048780487805
