status,intersection
Core,9.826589595375722
Non-core,7.017543859649122
