status,intersection
Core,6.078147612156295
Non-core,4.3893129770992365
