status,intersection
Core,7.086614173228346
Non-core,5.2631578947368425
