status,intersection
Core,12.871287128712872
Non-core,13.043478260869565
