status,intersection
Core,8.020050125313283
Non-core,7.857142857142857
