status,intersection
Core,6.633499170812604
Non-core,4.20353982300885
