status,intersection
Core,12.171837708830548
Non-core,9.579831932773109
