status,intersection
Core,0.14836795252225518
Non-core,0.21141649048625794
