status,intersection
Core,5.785123966942149
Non-core,4.572564612326044
