status,intersection
Core,2.9661016949152543
Non-core,3.468208092485549
