status,intersection
Core,1.2345679012345678
Non-core,2.0833333333333335
