status,intersection
Core,5.5464926590538335
Non-core,4.8936170212765955
