status,intersection
Core,9.036144578313253
Non-core,6.4935064935064934
