status,intersection
Core,9.251101321585903
Non-core,10.144927536231885
