status,intersection
Core,5.6716417910447765
Non-core,4.109589041095891
