status,intersection
Core,3.007518796992481
Non-core,2.898550724637681
