status,intersection
Core,3.6809815950920246
Non-core,4.395604395604396
