status,intersection
Core,13.333333333333334
Non-core,28.571428571428573
