status,intersection
Core,2.729528535980149
Non-core,2.6755852842809364
