status,intersection
Core,4.195804195804196
Non-core,5.154639175257732
