status,intersection
Core,4.065040650406504
Non-core,4.938271604938271
