status,intersection
Core,5.882352941176471
Non-core,4.464285714285714
