status,intersection
Core,12.865497076023392
Non-core,8.88888888888889
