status,intersection
Core,9.953161592505856
Non-core,6.995230524642289
