status,intersection
Core,2.0833333333333335
Non-core,0.9090909090909091
