status,intersection
Core,0.9208103130755064
Non-core,0.7109004739336493
