status,intersection
Core,2.8391167192429023
Non-core,2.192982456140351
