status,intersection
Core,10.369487485101311
Non-core,8.264462809917354
