status,intersection
Core,6.748466257668712
Non-core,5.645161290322581
