status,intersection
Core,8.071748878923767
Non-core,9.395973154362416
