status,intersection
Core,6.005586592178771
Non-core,4.243542435424354
