status,intersection
Core,2.952029520295203
Non-core,2.5641025641025643
