status,intersection
Core,11.885245901639344
Non-core,10.857142857142858
