status,intersection
Core,1.3559322033898304
Non-core,0.9615384615384616
