status,intersection
Core,19.43711521547933
Non-core,16.05504587155963
