status,intersection
Core,6.8493150684931505
Non-core,9.090909090909092
