status,intersection
Core,3.1446540880503147
Non-core,3.6036036036036037
