status,intersection
Core,5.212620027434842
Non-core,3.8251366120218577
