status,intersection
Core,13.893129770992367
Non-core,10.671936758893281
