status,intersection
Core,10.303030303030303
Non-core,6.285714285714286
