status,intersection
Core,2.914110429447853
Non-core,2.6639344262295084
