status,intersection
Core,2.8023598820059
Non-core,1.8987341772151898
