status,intersection
Core,8.585858585858587
Non-core,6.367041198501872
