status,intersection
Core,3.3402922755741127
Non-core,2.8901734104046244
