status,intersection
Core,1.8416206261510129
Non-core,1.1961722488038278
