status,intersection
Core,1.2987012987012987
Non-core,1.1695906432748537
