status,intersection
Core,7.563025210084033
Non-core,11.290322580645162
