status,intersection
Core,3.0150753768844223
Non-core,1.3392857142857142
