status,intersection
Core,3.8812785388127855
Non-core,1.607717041800643
