status,intersection
Core,1.4388489208633093
Non-core,1.1111111111111112
