status,intersection
Core,1.566579634464752
Non-core,1.1538461538461537
