status,intersection
Core,5.985915492957746
Non-core,5.853658536585366
