status,intersection
Core,4.57516339869281
Non-core,2.1691973969631237
