status,intersection
Core,1.9011406844106464
Non-core,1.0695187165775402
