status,intersection
Core,5.833333333333333
Non-core,4.705882352941177
