status,intersection
Core,2.380952380952381
Non-core,4.3478260869565215
