status,intersection
Core,3.007518796992481
Non-core,2.0202020202020203
