status,intersection
Core,4.016064257028113
Non-core,3.58974358974359
