status,intersection
Core,2.4630541871921183
Non-core,3.5211267605633805
