status,intersection
Core,10.655737704918034
Non-core,11.688311688311689
