status,intersection
Core,14.201183431952662
Non-core,11.711711711711711
