status,intersection
Core,0.46801872074882994
Non-core,0.4175365344467641
