status,intersection
Core,10.526315789473685
Non-core,9.025270758122744
