status,intersection
Core,4.363636363636363
Non-core,2.9761904761904763
