status,intersection
Core,2.9940119760479043
Non-core,3.3333333333333335
