status,intersection
Core,4.815409309791332
Non-core,3.6324786324786325
