status,intersection
Core,11.143695014662757
Non-core,6.4646464646464645
