status,intersection
Core,3.1818181818181817
Non-core,1.9047619047619047
