status,intersection
Core,5.158069883527454
Non-core,4.148471615720524
