status,intersection
Core,1.8433179723502304
Non-core,1.8518518518518519
