status,intersection
Core,7.5546719681908545
Non-core,6.702412868632708
