status,intersection
Core,7.865168539325842
Non-core,7.352941176470588
