status,intersection
Core,8.764940239043824
Non-core,7.6923076923076925
