status,intersection
Core,1.1532125205930808
Non-core,0.22371364653243847
