status,intersection
Core,4.128440366972477
Non-core,3.194888178913738
