status,intersection
Core,16.010498687664043
Non-core,11.808118081180812
