status,intersection
Core,16.112266112266113
Non-core,12.860892388451443
