status,intersection
Core,1.4981273408239701
Non-core,1.466992665036675
