status,intersection
Core,7.4324324324324325
Non-core,3.8202247191011236
