status,intersection
Core,3.6885245901639343
Non-core,3.1578947368421053
