status,intersection
Core,6.839622641509434
Non-core,6.484641638225256
