status,intersection
Core,7.35062893081761
Non-core,5.396527451900516
