status,intersection
Core,7.407407407407407
Non-core,5.454545454545454
