status,intersection
Core,1.0309278350515463
Non-core,0.8368200836820083
