status,intersection
Core,6.136363636363637
Non-core,5.847953216374269
