status,intersection
Core,3.1055900621118013
Non-core,4.545454545454546
