status,intersection
Core,2.4691358024691357
Non-core,4.25531914893617
