status,intersection
Core,1.744186046511628
Non-core,1.5748031496062993
