status,intersection
Core,1.1019283746556474
Non-core,1.1904761904761905
