status,intersection
Core,11.176470588235293
Non-core,11.11111111111111
