status,intersection
Core,3.56347438752784
Non-core,3.076923076923077
