status,intersection
Core,13.47517730496454
Non-core,14.634146341463415
