status,intersection
Core,1.644736842105263
Non-core,0.9302325581395349
