status,intersection
Core,3.3093525179856114
Non-core,1.8633540372670807
