status,intersection
Core,6.6339066339066335
Non-core,6.810035842293907
