status,intersection
Core,7.523510971786834
Non-core,5.164319248826291
