status,intersection
Core,1.9337016574585635
Non-core,1.593625498007968
