status,intersection
Core,10.19108280254777
Non-core,9.734513274336283
