status,intersection
Core,1.7421602787456445
Non-core,0.5128205128205128
