status,intersection
Core,4.70756062767475
Non-core,2.73972602739726
