status,intersection
Core,3.9014373716632442
Non-core,3.216374269005848
