status,intersection
Core,4.595185995623632
Non-core,2.9761904761904763
