status,intersection
Core,6.8493150684931505
Non-core,6.382978723404255
