status,intersection
Core,0.963855421686747
Non-core,1.3114754098360655
