status,intersection
Core,2.834008097165992
Non-core,2.247191011235955
