status,intersection
Core,3.025936599423631
Non-core,2.5157232704402515
