status,intersection
Core,2.840909090909091
Non-core,1.7241379310344827
