status,intersection
Core,12.753036437246964
Non-core,7.627118644067797
