status,intersection
Core,10.273972602739725
Non-core,6.796116504854369
