status,intersection
Core,9.477124183006536
Non-core,6.796116504854369
