status,intersection
Core,0.44642857142857145
Non-core,0.21505376344086022
