status,intersection
Core,13.375796178343949
Non-core,13.636363636363637
