status,intersection
Core,3.0927835051546393
Non-core,2.549019607843137
