status,intersection
Core,0.45662100456621
Non-core,0.6097560975609756
