status,intersection
Core,8.571428571428571
Non-core,7.8431372549019605
