status,intersection
Core,2.26628895184136
Non-core,1.1857707509881423
