status,intersection
Core,4.545454545454546
Non-core,5.319148936170213
