status,intersection
Core,0.8658008658008658
Non-core,0.5617977528089888
