status,intersection
Core,8.225806451612904
Non-core,5.818965517241379
