status,intersection
Core,12.068965517241379
Non-core,12.987012987012987
