status,intersection
Core,7.18562874251497
Non-core,6.837606837606837
