status,intersection
Core,13.942307692307692
Non-core,14.685314685314685
