status,intersection
Core,11.061946902654867
Non-core,8.783783783783784
