status,intersection
Core,1.9784172661870503
Non-core,0.7092198581560284
