status,intersection
Core,7.2642967542503865
Non-core,3.7656903765690375
