status,intersection
Core,7.718120805369128
Non-core,4.245283018867925
