status,intersection
Core,17.894736842105264
Non-core,15.151515151515152
