status,intersection
Core,0.9493670886075949
Non-core,1.1583011583011582
