status,intersection
Core,0.22371364653243847
Non-core,0.3076923076923077
