status,intersection
Core,10.038610038610038
Non-core,9.03954802259887
