status,intersection
Core,10.062893081761006
Non-core,7.216494845360825
