status,intersection
Core,2.204724409448819
Non-core,1.829268292682927
