status,intersection
Core,1.0845986984815619
Non-core,1.1627906976744187
