status,intersection
Core,2.6315789473684212
Non-core,1.3888888888888888
