status,intersection
Core,3.160919540229885
Non-core,1.3100436681222707
