status,intersection
Core,6.6371681415929205
Non-core,5.882352941176471
