status,intersection
Core,2.397399431125559
Non-core,1.5996122152205525
