status,intersection
Core,6.481481481481482
Non-core,5.405405405405405
