status,intersection
Core,5.109489051094891
Non-core,2.7777777777777777
