status,intersection
Core,0.9216589861751152
Non-core,1.2345679012345678
