status,intersection
Core,4.755043227665706
Non-core,3.747534516765286
