status,intersection
Core,7.563025210084033
Non-core,4.545454545454546
