status,intersection
Core,7.777777777777778
Non-core,9.433962264150944
