status,intersection
Core,0.5291005291005291
Non-core,0.7936507936507936
