status,intersection
Core,0.4444444444444444
Non-core,0.6116207951070336
