status,intersection
Core,17.870722433460077
Non-core,13.492063492063492
