status,intersection
Core,8.366533864541832
Non-core,5.626598465473146
