status,intersection
Core,1.1782032400589102
Non-core,1.2552301255230125
