status,intersection
Core,5.254515599343185
Non-core,3.485838779956427
