status,intersection
Core,19.047619047619047
Non-core,20.833333333333332
