status,intersection
Core,2.1306818181818183
Non-core,1.9880715705765408
