status,intersection
Core,3.880070546737213
Non-core,3.218390804597701
