status,intersection
Core,4.513888888888889
Non-core,4.587155963302752
