status,intersection
Core,5.785123966942149
Non-core,6.832298136645963
