status,intersection
Core,1.951219512195122
Non-core,1.3793103448275863
