status,intersection
Core,8.130081300813009
Non-core,6.267029972752043
