status,intersection
Core,3.7914691943127963
Non-core,1.948051948051948
