status,intersection
Core,0.29282576866764276
Non-core,0.4149377593360996
