status,intersection
Core,2.9213483146067416
Non-core,1.557632398753894
