status,intersection
Core,8.88888888888889
Non-core,11.428571428571429
