status,intersection
Core,1.0416666666666667
Non-core,1.7543859649122806
