status,intersection
Core,10.185185185185185
Non-core,8.450704225352112
