status,intersection
Core,0.8379888268156425
Non-core,1.0676156583629892
