status,intersection
Core,1.9002375296912113
Non-core,0.32786885245901637
