status,intersection
Core,4.702970297029703
Non-core,3.7037037037037037
