status,intersection
Core,5.05050505050505
Non-core,2.3255813953488373
