status,intersection
Core,6.161971830985915
Non-core,4.719101123595506
