status,intersection
Core,2.8368794326241136
Non-core,0.9174311926605505
