status,intersection
Core,8.762886597938145
Non-core,8.333333333333334
