status,intersection
Core,2.3076923076923075
Non-core,1.0869565217391304
