status,intersection
Core,5.905511811023622
Non-core,5.405405405405405
