status,intersection
Core,17.126436781609197
Non-core,14.545454545454545
