status,intersection
Core,12.955465587044534
Non-core,8.875739644970414
