status,intersection
Core,4.504504504504505
Non-core,5.194805194805195
