status,intersection
Core,4.954367666232073
Non-core,3.6713286713286712
