status,intersection
Core,3.869047619047619
Non-core,3.278688524590164
