status,intersection
Core,13.866666666666667
Non-core,8.032128514056225
