status,intersection
Core,0.28653295128939826
Non-core,0.4166666666666667
