status,intersection
Core,12.76595744680851
Non-core,11.475409836065573
