status,intersection
Core,0.819672131147541
Non-core,1.1111111111111112
