status,intersection
Core,18.01801801801802
Non-core,15.492957746478874
