status,intersection
Core,3.080082135523614
Non-core,2.0648967551622417
