status,intersection
Core,6.7924528301886795
Non-core,6.315789473684211
