status,intersection
Core,8.150470219435737
Non-core,5.116279069767442
