status,intersection
Core,1.3793103448275863
Non-core,1.5228426395939085
