status,intersection
Core,7.048458149779735
Non-core,4.878048780487805
