status,intersection
Core,5.9071729957805905
Non-core,5.732484076433121
