status,intersection
Core,16.778523489932887
Non-core,14.772727272727273
