status,intersection
Core,6.572769953051643
Non-core,4.72972972972973
