status,intersection
Core,0.8379888268156425
Non-core,0.8064516129032258
