status,intersection
Core,6.654343807763401
Non-core,4.8346055979643765
