status,intersection
Core,4.924242424242424
Non-core,3.821656050955414
