status,intersection
Core,6.557377049180328
Non-core,6.756756756756757
