status,intersection
Core,0.8902077151335311
Non-core,0.36496350364963503
