status,intersection
Core,1.9774011299435028
Non-core,2.0408163265306123
