status,intersection
Core,8.49673202614379
Non-core,8.235294117647058
