status,intersection
Core,9.037037037037036
Non-core,5.36779324055666
