status,intersection
Core,8.38150289017341
Non-core,5.333333333333333
