status,intersection
Core,1.0362694300518134
Non-core,0.819672131147541
