status,intersection
Core,14.473684210526315
Non-core,14.583333333333334
