status,intersection
Core,0.5952380952380952
Non-core,0.6369426751592356
