status,intersection
Core,14.906832298136646
Non-core,12.173913043478262
