status,intersection
Core,8.181818181818182
Non-core,4.3478260869565215
