status,intersection
Core,9.345794392523365
Non-core,7.359307359307359
