status,intersection
Core,5.39629005059022
Non-core,3.9130434782608696
