status,intersection
Core,12.62135922330097
Non-core,13.333333333333334
