status,intersection
Core,12.577639751552795
Non-core,8.61344537815126
