status,intersection
Core,2.2900763358778624
Non-core,1.4522821576763485
