status,intersection
Core,0.31695721077654515
Non-core,0.4291845493562232
