status,intersection
Core,17.51824817518248
Non-core,16.438356164383563
