status,intersection
Core,2.7586206896551726
Non-core,1.8691588785046729
