status,intersection
Core,4.285714285714286
Non-core,7.317073170731708
