status,intersection
Core,5.956112852664577
Non-core,3.061224489795918
