status,intersection
Core,6.289308176100629
Non-core,3.9215686274509802
