status,intersection
Core,6.008583690987124
Non-core,4.761904761904762
