status,intersection
Core,1.5544041450777202
Non-core,2.586206896551724
