status,intersection
Core,7.9178885630498534
Non-core,6.4655172413793105
