status,intersection
Core,3.1645569620253164
Non-core,3.1884057971014492
