status,intersection
Core,4.049844236760125
Non-core,2.7027027027027026
