status,intersection
Core,1.1142061281337048
Non-core,1.2048192771084338
