status,intersection
Core,0.8771929824561403
Non-core,0.5714285714285714
