status,intersection
Core,3.7383177570093458
Non-core,4.3478260869565215
