status,intersection
Core,6.862745098039215
Non-core,4.37956204379562
