status,intersection
Core,5.333333333333333
Non-core,7.894736842105263
