status,intersection
Core,7.874015748031496
Non-core,7.594936708860759
