status,intersection
Core,8.263069139966273
Non-core,5.3097345132743365
