status,intersection
Core,0.9456264775413712
Non-core,0.974025974025974
