status,intersection
Core,11.320754716981131
Non-core,9.67741935483871
