status,intersection
Core,2.6217228464419478
Non-core,1.4598540145985401
