status,intersection
Core,8.51063829787234
Non-core,7.446808510638298
