status,intersection
Core,10.687022900763358
Non-core,8.536585365853659
