status,intersection
Core,4.103671706263499
Non-core,1.5337423312883436
