status,intersection
Core,3.7593984962406015
Non-core,1.643835616438356
