status,intersection
Core,3.6231884057971016
Non-core,2.912621359223301
