status,intersection
Core,10.492227979274611
Non-core,6.944444444444445
