status,intersection
Core,7.8817733990147785
Non-core,7.638888888888889
