status,intersection
Core,3.72168284789644
Non-core,2.643171806167401
