status,intersection
Core,0.9244992295839753
Non-core,0.6276150627615062
