status,intersection
Core,6.666666666666667
Non-core,4.945054945054945
