status,intersection
Core,5.6426332288401255
Non-core,5.957446808510638
