status,intersection
Core,2.118003025718608
Non-core,2.0242914979757085
