status,intersection
Core,3.1645569620253164
Non-core,1.6260162601626016
