status,intersection
Core,16.798418972332016
Non-core,10.335195530726256
