status,intersection
Core,1.8181818181818181
Non-core,3.0303030303030303
