status,intersection
Core,8.96551724137931
Non-core,6.896551724137931
