status,intersection
Core,7.385229540918163
Non-core,5.54016620498615
