status,intersection
Core,2.834008097165992
Non-core,2.6041666666666665
