status,intersection
Core,8.333333333333334
Non-core,8.771929824561404
