status,intersection
Core,12.758310871518418
Non-core,9.250585480093676
