status,intersection
Core,7.142857142857143
Non-core,7.006369426751593
