status,intersection
Core,6.698564593301436
Non-core,6.521739130434782
