status,intersection
Core,4.793388429752066
Non-core,3.303964757709251
