status,intersection
Core,1.0273972602739727
Non-core,0.975609756097561
