status,intersection
Core,1.4326647564469914
Non-core,1.6359918200408998
