status,intersection
Core,4.814004376367615
Non-core,3.9274924471299095
