status,intersection
Core,0.3424657534246575
Non-core,0.49261083743842365
