status,intersection
Core,4.262295081967213
Non-core,4.545454545454546
