status,intersection
Core,13.063063063063064
Non-core,11.258278145695364
