status,intersection
Core,12.037037037037036
Non-core,15.254237288135593
