status,intersection
Core,12.962962962962964
Non-core,7.766990291262136
