status,intersection
Core,14.814814814814815
Non-core,8.771929824561404
