status,intersection
Core,11.652542372881356
Non-core,7.246376811594203
