status,intersection
Core,3.1088082901554404
Non-core,1.4492753623188406
