status,intersection
Core,3.9215686274509802
Non-core,7.142857142857143
