status,intersection
Core,6.206896551724138
Non-core,5.405405405405405
