status,intersection
Core,1.597444089456869
Non-core,1.0775862068965518
