status,intersection
Core,9.278350515463918
Non-core,11.11111111111111
