status,intersection
Core,4.936305732484076
Non-core,3.4979423868312756
