status,intersection
Core,6.923076923076923
Non-core,4.3478260869565215
