status,intersection
Core,3.4693877551020407
Non-core,1.9021739130434783
