status,intersection
Core,2.9357798165137616
Non-core,1.6867469879518073
