status,intersection
Core,1.4705882352941178
Non-core,1.9607843137254901
