status,intersection
Core,2.9165001997602875
Non-core,2.384358607534573
