status,intersection
Core,6.133333333333334
Non-core,6.083650190114068
