status,intersection
Core,2.7142857142857144
Non-core,1.606425702811245
