status,intersection
Core,7.87716955941255
Non-core,5.964912280701754
