status,intersection
Core,4.498269896193771
Non-core,2.4630541871921183
