status,intersection
Core,2.037351443123939
Non-core,1.3605442176870748
