status,intersection
Core,1.7341040462427746
Non-core,1.7241379310344827
