status,intersection
Core,9.456264775413711
Non-core,9.121621621621621
