status,intersection
Core,6.22568093385214
Non-core,7.361963190184049
