status,intersection
Core,8.16326530612245
Non-core,4.545454545454546
