status,intersection
Core,8.171206225680933
Non-core,8.695652173913043
