status,intersection
Core,5.056179775280899
Non-core,3.0690537084398977
