status,intersection
Core,7.981220657276995
Non-core,6.122448979591836
