status,intersection
Core,10.377358490566039
Non-core,9.859154929577464
