status,intersection
Core,9.933774834437086
Non-core,8.296943231441048
