status,intersection
Core,4.580152671755725
Non-core,2.2988505747126435
