status,intersection
Core,2.586206896551724
Non-core,1.1363636363636365
