status,intersection
Core,8.661417322834646
Non-core,7.222222222222222
