status,intersection
Core,9.735744089012517
Non-core,7.80399274047187
