status,intersection
Core,6.490872210953347
Non-core,6.46900269541779
