status,intersection
Core,2.7237354085603114
Non-core,2.127659574468085
