status,intersection
Core,0.87527352297593
Non-core,0.3021148036253776
