status,intersection
Core,6.947368421052632
Non-core,5.059523809523809
