status,intersection
Core,1.3888888888888888
Non-core,0.9009009009009009
