status,intersection
Core,16.049382716049383
Non-core,11.458333333333334
