status,intersection
Core,0.352112676056338
Non-core,0.5076142131979695
