status,intersection
Core,4.3557168784029034
Non-core,2.375296912114014
