status,intersection
Core,2.8273809523809526
Non-core,2.0366598778004072
