status,intersection
Core,6.586826347305389
Non-core,7.894736842105263
