status,intersection
Core,5.521472392638037
Non-core,4.259634888438134
