status,intersection
Core,2.9106029106029108
Non-core,1.7045454545454546
