status,intersection
Core,2.1459227467811157
Non-core,2.208835341365462
