status,intersection
Core,2.358887952822241
Non-core,2.094240837696335
