status,intersection
Core,5.392156862745098
Non-core,4.25531914893617
