status,intersection
Core,3.4188034188034186
Non-core,3.5714285714285716
