status,intersection
Core,4.697986577181208
Non-core,3.4482758620689653
