status,intersection
Core,3.598200899550225
Non-core,2.729044834307992
