status,intersection
Core,8.036890645586297
Non-core,7.289719626168225
