status,intersection
Core,12.99638989169675
Non-core,10.361067503924646
