status,intersection
Core,3.812316715542522
Non-core,2.736842105263158
