status,intersection
Core,6.006006006006006
Non-core,5.47945205479452
