status,intersection
Core,3.1690140845070425
Non-core,3.827751196172249
