status,intersection
Core,2.1052631578947367
Non-core,0.9569377990430622
