status,intersection
Core,0.8875739644970414
Non-core,0.44642857142857145
