status,intersection
Core,4.66321243523316
Non-core,3.597122302158273
