status,intersection
Core,7.954545454545454
Non-core,6.90537084398977
