status,intersection
Core,7.209302325581396
Non-core,6.837606837606837
