status,intersection
Core,8.372093023255815
Non-core,10.317460317460318
