status,intersection
Core,10.19108280254777
Non-core,10.416666666666666
