status,intersection
Core,0.7824726134585289
Non-core,0.41841004184100417
