status,intersection
Core,2.4324324324324325
Non-core,3.076923076923077
