status,intersection
Core,7.118055555555555
Non-core,4.62962962962963
