status,intersection
Core,4.4692737430167595
Non-core,4.761904761904762
