status,intersection
Core,1.340033500837521
Non-core,1.1185682326621924
