status,intersection
Core,8.904109589041095
Non-core,8.24742268041237
