status,intersection
Core,11.251435132032148
Non-core,8.04248861911988
