status,intersection
Core,1.256544502617801
Non-core,0.4475703324808184
