status,intersection
Core,10.07423117709438
Non-core,8.238636363636363
