status,intersection
Core,2.5728987993138936
Non-core,1.1389521640091116
