status,intersection
Core,2.482269503546099
Non-core,0.9259259259259259
