status,intersection
Core,3.6923076923076925
Non-core,3.1185031185031185
