status,intersection
Core,1.2422360248447204
Non-core,0.8620689655172413
