status,intersection
Core,0.8620689655172413
Non-core,1.2987012987012987
