status,intersection
Core,3.641456582633053
Non-core,4.780876494023905
