status,intersection
Core,3.2490974729241877
Non-core,2.3640661938534278
