status,intersection
Core,5.152671755725191
Non-core,5.333333333333333
