status,intersection
Core,9.70873786407767
Non-core,7.246376811594203
