status,intersection
Core,9.82367758186398
Non-core,8.108108108108109
