status,intersection
Core,1.2820512820512822
Non-core,0.9090909090909091
