status,intersection
Core,5.396825396825397
Non-core,4.109589041095891
