status,intersection
Core,2.9411764705882355
Non-core,1.9067796610169492
