status,intersection
Core,8.37696335078534
Non-core,8.181818181818182
