status,intersection
Core,5.037783375314861
Non-core,3.6923076923076925
