status,intersection
Core,4.801670146137787
Non-core,3.498542274052478
