status,intersection
Core,13.647642679900745
Non-core,9.271523178807946
