status,intersection
Core,9.405940594059405
Non-core,7.352941176470588
