status,intersection
Core,6.70826833073323
Non-core,5.284552845528455
