status,intersection
Core,0.4819277108433735
Non-core,0.6557377049180327
