status,intersection
Core,5.214723926380368
Non-core,3.0701754385964914
