status,intersection
Core,2.4390243902439024
Non-core,0.9900990099009901
