status,intersection
Core,7.462686567164179
Non-core,5.612244897959184
