status,intersection
Core,1.8867924528301887
Non-core,4.166666666666667
