status,intersection
Core,9.473684210526315
Non-core,4.651162790697675
