status,intersection
Core,1.4705882352941178
Non-core,0.7211538461538461
