status,intersection
Core,1.0273972602739727
Non-core,0.6928406466512702
