status,intersection
Core,9.652509652509652
Non-core,8.547008547008547
