status,intersection
Core,2.5089605734767026
Non-core,2.1164021164021163
