status,intersection
Core,5.363984674329502
Non-core,4.838709677419355
