status,intersection
Core,9.179415855354659
Non-core,6.578947368421052
