status,intersection
Core,9.67741935483871
Non-core,9.090909090909092
