status,intersection
Core,8.78048780487805
Non-core,5.756929637526652
