status,intersection
Core,9.364548494983278
Non-core,8.854166666666666
