status,intersection
Core,10.526315789473685
Non-core,6.103286384976526
