status,intersection
Core,1.0101010101010102
Non-core,0.7692307692307693
