status,intersection
Core,3.4170854271356785
Non-core,2.7434842249657065
