status,intersection
Core,1.6274864376130198
Non-core,1.6203703703703705
