status,intersection
Core,9.144542772861357
Non-core,5.1063829787234045
