status,intersection
Core,9.663865546218487
Non-core,8.227848101265822
