status,intersection
Core,2.793296089385475
Non-core,2.459016393442623
