status,intersection
Core,11.656441717791411
Non-core,10.878661087866108
