status,intersection
Core,1.8099547511312217
Non-core,1.2048192771084338
