status,intersection
Core,7.18562874251497
Non-core,5.9405940594059405
