status,intersection
Core,1.639344262295082
Non-core,2.73972602739726
