status,intersection
Core,2.5885558583106265
Non-core,2.495201535508637
