status,intersection
Core,1.5283842794759825
Non-core,1.1940298507462686
