status,intersection
Core,7.511737089201878
Non-core,5.714285714285714
