status,intersection
Core,9.390862944162437
Non-core,6.563039723661485
