status,intersection
Core,3.257328990228013
Non-core,3.1963470319634704
