status,intersection
Core,5.645161290322581
Non-core,2.5641025641025643
