status,intersection
Core,3.787878787878788
Non-core,4.395604395604396
