status,intersection
Core,12.080536912751677
Non-core,16.666666666666668
