status,intersection
Core,1.329394387001477
Non-core,0.6382978723404256
