status,intersection
Core,11.191335740072201
Non-core,9.090909090909092
