status,intersection
Core,4.387990762124711
Non-core,4.166666666666667
