status,intersection
Core,1.7647058823529411
Non-core,3.061224489795918
