status,intersection
Core,3.97196261682243
Non-core,2.2222222222222223
