status,intersection
Core,2.242152466367713
Non-core,1.3157894736842106
