status,intersection
Core,6.680584551148225
Non-core,4.624277456647399
