status,intersection
Core,3.1982942430703623
Non-core,2.694610778443114
