status,intersection
Core,0.6864988558352403
Non-core,0.3257328990228013
