status,intersection
Core,1.1570247933884297
Non-core,0.8658008658008658
