status,intersection
Core,6.451612903225806
Non-core,7.368421052631579
