status,intersection
Core,8.743169398907105
Non-core,9.090909090909092
