status,intersection
Core,3.6144578313253013
Non-core,2.5210084033613445
