status,intersection
Core,5.41871921182266
Non-core,2.7777777777777777
