status,intersection
Core,3.8051750380517504
Non-core,2.2448979591836733
