status,intersection
Core,1.6091954022988506
Non-core,1.8518518518518519
