status,intersection
Core,6.486486486486487
Non-core,4.651162790697675
