status,intersection
Core,9.487179487179487
Non-core,7.6923076923076925
