status,intersection
Core,7.169811320754717
Non-core,4.395604395604396
