status,intersection
Core,1.4563106796116505
Non-core,0.7352941176470589
