status,intersection
Core,11.28048780487805
Non-core,7.515657620041754
