status,intersection
Core,3.0303030303030303
Non-core,3.488372093023256
