status,intersection
Core,0.5067567567567568
Non-core,0.22172949002217296
