status,intersection
Core,4.871794871794871
Non-core,4.7272727272727275
