status,intersection
Core,2.3411371237458196
Non-core,1.4851485148514851
