status,intersection
Core,5.112474437627812
Non-core,3.021978021978022
