status,intersection
Core,16.790648246546226
Non-core,12.809917355371901
