status,intersection
Core,9.37950937950938
Non-core,6.358381502890174
