status,intersection
Core,2.232142857142857
Non-core,2.6706231454005933
