status,intersection
Core,3.8251366120218577
Non-core,3.875968992248062
