status,intersection
Core,10.377358490566039
Non-core,8.653846153846153
