status,intersection
Core,8.092485549132949
Non-core,8.403361344537815
