status,intersection
Core,10.447761194029852
Non-core,8.695652173913043
