status,intersection
Core,0.9925558312655087
Non-core,0.37593984962406013
