status,intersection
Core,13.924050632911392
Non-core,11.428571428571429
