status,intersection
Core,4.282115869017632
Non-core,3.2467532467532467
