status,intersection
Core,5.295315682281059
Non-core,3.7142857142857144
