status,intersection
Core,4.2105263157894735
Non-core,1.7241379310344827
