status,intersection
Core,4.355400696864112
Non-core,3.854875283446712
