status,intersection
Core,3.2967032967032965
Non-core,3.6363636363636362
