status,intersection
Core,3.7313432835820897
Non-core,4.2105263157894735
