status,intersection
Core,11.218836565096954
Non-core,6.485355648535565
