status,intersection
Core,5.188679245283019
Non-core,3.1746031746031744
