status,intersection
Core,7.553956834532374
Non-core,6.63265306122449
