status,intersection
Core,10.919540229885058
Non-core,10.56910569105691
