status,intersection
Core,5.034324942791762
Non-core,4.057971014492754
