status,intersection
Core,6.024096385542169
Non-core,3.7735849056603774
