status,intersection
Core,6.598984771573604
Non-core,3.7037037037037037
