status,intersection
Core,0.7312614259597806
Non-core,0.704225352112676
