status,intersection
Core,13.559322033898304
Non-core,17.91044776119403
