status,intersection
Core,10.74766355140187
Non-core,8.445945945945946
