status,intersection
Core,8.733624454148472
Non-core,9.352517985611511
