status,intersection
Core,6.4655172413793105
Non-core,7.534246575342466
