status,intersection
Core,3.225806451612903
Non-core,5.2631578947368425
