status,intersection
Core,0.43956043956043955
Non-core,0.3003003003003003
