status,intersection
Core,7.633587786259542
Non-core,5.4945054945054945
