status,intersection
Core,9.836065573770492
Non-core,10.256410256410257
