status,intersection
Core,3.3101045296167246
Non-core,2.112676056338028
