status,intersection
Core,6.6371681415929205
Non-core,4.5592705167173255
