status,intersection
Core,13.747228381374724
Non-core,11.400651465798045
