status,intersection
Core,2.5522041763341066
Non-core,2.2435897435897436
