status,intersection
Core,8.403361344537815
Non-core,11.267605633802816
