status,intersection
Core,2.882483370288248
Non-core,2.9411764705882355
