status,intersection
Core,5.8441558441558445
Non-core,5.128205128205129
