status,intersection
Core,9.84251968503937
Non-core,8.720930232558139
