status,intersection
Core,6.6024759284731775
Non-core,5.202312138728324
