status,intersection
Core,3.5940803382663846
Non-core,2.985074626865672
