status,intersection
Core,7.976071784646062
Non-core,5.693519079345851
