status,intersection
Core,3.197674418604651
Non-core,2.9411764705882355
