status,intersection
Core,2.364864864864865
Non-core,2.0100502512562812
