status,intersection
Core,0.24154589371980675
Non-core,0.32894736842105265
