status,intersection
Core,8.715596330275229
Non-core,9.352517985611511
