status,intersection
Core,7.638888888888889
Non-core,7.608695652173913
