status,intersection
Core,1.7828200972447326
Non-core,1.9271948608137044
