status,intersection
Core,2.262443438914027
Non-core,3.4965034965034967
