status,intersection
Core,2.4242424242424243
Non-core,1.7391304347826086
