status,intersection
Core,6.995884773662551
Non-core,5.194805194805195
