status,intersection
Core,6.299212598425197
Non-core,6.382978723404255
