status,intersection
Core,6.097560975609756
Non-core,7.8431372549019605
