status,intersection
Core,3.8128249566724435
Non-core,2.7649769585253456
