status,intersection
Core,6.695778748180495
Non-core,5.242718446601942
