status,intersection
Core,2.237136465324385
Non-core,1.8633540372670807
