status,intersection
Core,6.153846153846154
Non-core,6.741573033707865
