status,intersection
Core,8.846761453396525
Non-core,5.531914893617022
