status,intersection
Core,0.33500837520938026
Non-core,0.21978021978021978
