status,intersection
Core,0.23923444976076555
Non-core,0.3246753246753247
