status,intersection
Core,6.772009029345372
Non-core,5.357142857142857
