status,intersection
Core,6.866952789699571
Non-core,4.294478527607362
