status,intersection
Core,9.243697478991596
Non-core,7.428571428571429
