status,intersection
Core,1.8148820326678765
Non-core,0.9615384615384616
