status,intersection
Core,3.409090909090909
Non-core,4.081632653061225
