status,intersection
Core,12.068965517241379
Non-core,11.016949152542374
