status,intersection
Core,2.9411764705882355
Non-core,2.3605150214592276
