status,intersection
Core,6.7669172932330826
Non-core,5.2631578947368425
