status,intersection
Core,8.584686774941995
Non-core,6.291390728476821
