status,intersection
Core,3.0364372469635628
Non-core,2.8011204481792715
