status,intersection
Core,3.5410764872521248
Non-core,1.9157088122605364
