status,intersection
Core,6.046511627906977
Non-core,7.407407407407407
