status,intersection
Core,0.8791208791208791
Non-core,1.1904761904761905
