status,intersection
Core,8.463949843260188
Non-core,6.382978723404255
