status,intersection
Core,3.5714285714285716
Non-core,0.7874015748031497
