status,intersection
Core,2.4038461538461537
Non-core,3.3333333333333335
