status,intersection
Core,2.4896265560165975
Non-core,2.3391812865497075
