status,intersection
Core,5.089820359281437
Non-core,4.366812227074236
