status,intersection
Core,2.936630602782071
Non-core,2.0964360587002098
