status,intersection
Core,14.814814814814815
Non-core,13.793103448275861
