status,intersection
Core,4.651162790697675
Non-core,6.0606060606060606
