status,intersection
Core,3.3755274261603376
Non-core,3.468208092485549
