status,intersection
Core,5.155642023346304
Non-core,3.929024081115336
