status,intersection
Core,10.51051051051051
Non-core,10.36036036036036
