status,intersection
Core,12.365591397849462
Non-core,11.764705882352942
