status,intersection
Core,5.613305613305613
Non-core,3.910614525139665
