status,intersection
Core,10.891089108910892
Non-core,11.594202898550725
