status,intersection
Core,11.046511627906977
Non-core,11.764705882352942
