status,intersection
Core,0.8968609865470852
Non-core,0.6024096385542169
