status,intersection
Core,6.818181818181818
Non-core,6.956521739130435
