status,intersection
Core,4.216867469879518
Non-core,3.4782608695652173
