status,intersection
Core,1.431980906921241
Non-core,1.3114754098360655
