status,intersection
Core,3.076923076923077
Non-core,2.5641025641025643
