status,intersection
Core,7.333333333333333
Non-core,7.317073170731708
