status,intersection
Core,9.266409266409266
Non-core,9.580838323353293
