status,intersection
Core,9.681372549019608
Non-core,7.142857142857143
