status,intersection
Core,1.7467248908296944
Non-core,1.183431952662722
