status,intersection
Core,1.1986301369863013
Non-core,1.1389521640091116
