status,intersection
Core,12.335958005249344
Non-core,11.267605633802816
