status,intersection
Core,2.708803611738149
Non-core,2.4464831804281344
