status,intersection
Core,1.7518248175182483
Non-core,1.0460251046025104
