status,intersection
Core,8.296296296296296
Non-core,5.316973415132924
