status,intersection
Core,3.6020583190394513
Non-core,3.3783783783783785
