status,intersection
Core,6.7114093959731544
Non-core,3.061224489795918
