status,intersection
Core,2.192982456140351
Non-core,2.2857142857142856
