status,intersection
Core,11.848341232227488
Non-core,8.12720848056537
