status,intersection
Core,2.484472049689441
Non-core,2.6785714285714284
