status,intersection
Core,0.3448275862068966
Non-core,0.4975124378109453
