status,intersection
Core,3.0120481927710845
Non-core,3.3057851239669422
