status,intersection
Core,4.805491990846682
Non-core,3.1746031746031744
