status,intersection
Core,10.412147505422993
Non-core,6.845238095238095
