status,intersection
Core,8.49056603773585
Non-core,5.803571428571429
