status,intersection
Core,12.82798833819242
Non-core,9.012875536480687
