status,intersection
Core,1.431980906921241
Non-core,0.9803921568627451
