status,intersection
Core,1.4492753623188406
Non-core,0.9523809523809523
