status,intersection
Core,3.5256410256410255
Non-core,2.4271844660194173
