status,intersection
Core,4.464285714285714
Non-core,3.7037037037037037
