status,intersection
Core,6.86427457098284
Non-core,6.004140786749482
