status,intersection
Core,11.029411764705882
Non-core,9.473684210526315
