status,intersection
Core,5.847953216374269
Non-core,7.070707070707071
