status,intersection
Core,3.8095238095238093
Non-core,1.3157894736842106
