status,intersection
Core,9.025270758122744
Non-core,6.965174129353234
