status,intersection
Core,13.223140495867769
Non-core,10.714285714285714
