status,intersection
Core,4.076433121019108
Non-core,3.270223752151463
