status,intersection
Core,10.38961038961039
Non-core,8.620689655172415
