status,intersection
Core,5.379746835443038
Non-core,4.739336492890995
