status,intersection
Core,7.734806629834254
Non-core,5.769230769230769
