status,intersection
Core,7.894736842105263
Non-core,11.320754716981131
