status,intersection
Core,7.887323943661972
Non-core,6.854838709677419
