status,intersection
Core,13.885778275475923
Non-core,9.587020648967552
