status,intersection
Core,3.404255319148936
Non-core,2.077151335311573
