status,intersection
Core,6.329113924050633
Non-core,7.407407407407407
