status,intersection
Core,4.959785522788204
Non-core,4.770992366412214
