status,intersection
Core,3.1809145129224654
Non-core,3.2432432432432434
