status,intersection
Core,1.520912547528517
Non-core,0.9900990099009901
