status,intersection
Core,0.7142857142857143
Non-core,1.0362694300518134
