status,intersection
Core,4.137931034482759
Non-core,4.716981132075472
