status,intersection
Core,5.381165919282512
Non-core,4.643962848297214
