status,intersection
Core,1.8404907975460123
Non-core,1.4285714285714286
