status,intersection
Core,0.5865102639296188
Non-core,0.4158004158004158
