status,intersection
Core,8.64864864864865
Non-core,10.236220472440944
