status,intersection
Core,7.531380753138075
Non-core,4.891304347826087
