status,intersection
Core,8.831168831168831
Non-core,5.7251908396946565
