status,intersection
Core,8.419497784342688
Non-core,6.570841889117043
