status,intersection
Core,1.3333333333333333
Non-core,1.7647058823529411
