status,intersection
Core,3.6072144288577155
Non-core,1.6528925619834711
