status,intersection
Core,3.8922155688622753
Non-core,2.880658436213992
