status,intersection
Core,6.796116504854369
Non-core,3.3653846153846154
