status,intersection
Core,3.7815126050420167
Non-core,3.2967032967032965
