status,intersection
Core,8.493150684931507
Non-core,7.8838174273858925
