status,intersection
Core,2.7777777777777777
Non-core,3.045685279187817
