status,intersection
Core,0.22573363431151242
Non-core,0.3115264797507788
