status,intersection
Core,5.526315789473684
Non-core,4.980842911877395
