status,intersection
Core,6.609195402298851
Non-core,5.241935483870968
