status,intersection
Core,6.990881458966565
Non-core,6.410256410256411
