status,intersection
Core,2.857142857142857
Non-core,1.8691588785046729
