status,intersection
Core,9.134615384615385
Non-core,8.270676691729323
