status,intersection
Core,0.7923930269413629
Non-core,0.851063829787234
