status,intersection
Core,7.920792079207921
Non-core,7.575757575757576
