status,intersection
Core,26.51605231866825
Non-core,22.60596546310832
