status,intersection
Core,7.161803713527852
Non-core,7.287449392712551
