status,intersection
Core,2.487562189054726
Non-core,2.7027027027027026
