status,intersection
Core,3.468208092485549
Non-core,3.4188034188034186
