status,intersection
Core,13.358070500927644
Non-core,9.32642487046632
