status,intersection
Core,3.048780487804878
Non-core,1.8181818181818181
