status,intersection
Core,15.672913117546848
Non-core,12.085308056872037
