status,intersection
Core,12.418300653594772
Non-core,11.557788944723619
