status,intersection
Core,3.626943005181347
Non-core,0.8333333333333334
