status,intersection
Core,0.4497751124437781
Non-core,0.2145922746781116
