status,intersection
Core,0.4431314623338257
Non-core,0.42016806722689076
