status,intersection
Core,14.012738853503185
Non-core,12.941176470588236
