status,intersection
Core,3.2051282051282053
Non-core,1.1363636363636365
