status,intersection
Core,3.5353535353535355
Non-core,2.73972602739726
