status,intersection
Core,13.80323054331865
Non-core,8.433734939759036
