status,intersection
Core,4.054054054054054
Non-core,2.2222222222222223
