status,intersection
Core,1.7721518987341771
Non-core,1.4545454545454546
