status,intersection
Core,6.862745098039215
Non-core,6.8493150684931505
