status,intersection
Core,2.037845705967977
Non-core,1.8518518518518519
