status,intersection
Core,4.37956204379562
Non-core,1.3513513513513513
