status,intersection
Core,4.1214750542299345
Non-core,2.9761904761904763
