status,intersection
Core,5.626598465473146
Non-core,4.2105263157894735
