status,intersection
Core,6.844106463878327
Non-core,5.434782608695652
