status,intersection
Core,2.416918429003021
Non-core,2.074688796680498
