status,intersection
Core,1.910828025477707
Non-core,0.8064516129032258
