status,intersection
Core,8.726415094339623
Non-core,6.129032258064516
