status,intersection
Core,4.504504504504505
Non-core,1.6666666666666667
