status,intersection
Core,4.9853372434017595
Non-core,3.4782608695652173
