status,intersection
Core,7.2368421052631575
Non-core,9.183673469387756
