status,intersection
Core,10.169491525423728
Non-core,6.722689075630252
