status,intersection
Core,0.944386149003148
Non-core,0.5098789037603569
