status,intersection
Core,9.6045197740113
Non-core,10.204081632653061
