status,intersection
Core,7.906976744186046
Non-core,7.092198581560283
