status,intersection
Core,0.672645739910314
Non-core,0.6172839506172839
