status,intersection
Core,10.218978102189782
Non-core,5.617977528089888
