status,intersection
Core,2.525252525252525
Non-core,2.6490066225165565
