status,intersection
Core,14.108910891089108
Non-core,11.307420494699647
