status,intersection
Core,4.856512141280353
Non-core,4.026845637583893
