status,intersection
Core,11.382113821138212
Non-core,12.195121951219512
