status,intersection
Core,1.650943396226415
Non-core,1.5923566878980893
