status,intersection
Core,5.714285714285714
Non-core,4.109589041095891
