status,intersection
Core,5.393258426966292
Non-core,2.1604938271604937
