status,intersection
Core,0.4418262150220913
Non-core,0.4192872117400419
