status,intersection
Core,10.116731517509727
Non-core,8.556149732620321
