status,intersection
Core,4.83005366726297
Non-core,1.6470588235294117
