status,intersection
Core,6.818181818181818
Non-core,6.4935064935064934
