status,intersection
Core,6.079664570230608
Non-core,3.7900874635568513
