status,intersection
Core,13.25478645066274
Non-core,9.090909090909092
