status,intersection
Core,10.638297872340425
Non-core,10.666666666666666
