status,intersection
Core,6.793478260869565
Non-core,6.995884773662551
