status,intersection
Core,1.9400352733686066
Non-core,1.797752808988764
