status,intersection
Core,2.7874564459930316
Non-core,1.8957345971563981
