status,intersection
Core,9.31174089068826
Non-core,7.142857142857143
