status,intersection
Core,7.82122905027933
Non-core,6.796116504854369
