status,intersection
Core,2.155887230514096
Non-core,1.9955654101995566
