status,intersection
Core,5.081967213114754
Non-core,2.78372591006424
