status,intersection
Core,9.876543209876543
Non-core,10.638297872340425
