status,intersection
Core,2.5056947608200457
Non-core,2.4390243902439024
