status,intersection
Core,9.482758620689655
Non-core,8.955223880597014
