status,intersection
Core,2.6402640264026402
Non-core,3.0150753768844223
