status,intersection
Core,6.730769230769231
Non-core,8.547008547008547
