status,intersection
Core,1.2658227848101267
Non-core,1.6129032258064515
