status,intersection
Core,3.658536585365854
Non-core,1.408450704225352
