status,intersection
Core,1.6826923076923077
Non-core,0.9900990099009901
