status,intersection
Core,6.6371681415929205
Non-core,6.206896551724138
