status,intersection
Core,4.929577464788732
Non-core,5.681818181818182
