status,intersection
Core,6.091370558375634
Non-core,3.1746031746031744
