status,intersection
Core,10.394265232974911
Non-core,9.32642487046632
