status,intersection
Core,4.237288135593221
Non-core,3.888888888888889
