status,intersection
Core,5.5762081784386615
Non-core,1.694915254237288
