status,intersection
Core,10.687022900763358
Non-core,9.420289855072463
