status,intersection
Core,10.337078651685394
Non-core,8.630952380952381
