status,intersection
Core,5.070422535211268
Non-core,3.658536585365854
