status,intersection
Core,4.089219330855019
Non-core,3.3078880407124682
