status,intersection
Core,9.574468085106384
Non-core,9.615384615384615
