status,intersection
Core,8.653846153846153
Non-core,8.620689655172415
