status,intersection
Core,8.25242718446602
Non-core,7.194244604316546
