status,intersection
Core,13.917525773195877
Non-core,11.278195488721805
