status,intersection
Core,0.17035775127768313
Non-core,0.2242152466367713
