status,intersection
Core,5.4989816700611
Non-core,4.878048780487805
