status,intersection
Core,7.142857142857143
Non-core,5.4945054945054945
