status,intersection
Core,5.132743362831858
Non-core,2.803738317757009
