status,intersection
Core,7.235142118863049
Non-core,6.296296296296297
