status,intersection
Core,17.708333333333332
Non-core,15.517241379310345
