status,intersection
Core,5.948553054662379
Non-core,5.61122244488978
