status,intersection
Core,8.982035928143713
Non-core,6.481481481481482
