status,intersection
Core,6.470588235294118
Non-core,5.2631578947368425
