status,intersection
Core,1.179245283018868
Non-core,0.9803921568627451
