status,intersection
Core,1.9938650306748467
Non-core,1.0309278350515463
