status,intersection
Core,1.757469244288225
Non-core,1.5695067264573992
