status,intersection
Core,5.909090909090909
Non-core,6.578947368421052
