status,intersection
Core,6.0728744939271255
Non-core,4.53257790368272
