status,intersection
Core,5.921052631578948
Non-core,5.9405940594059405
