status,intersection
Core,0.47961630695443647
Non-core,0.6514657980456026
