status,intersection
Core,3.314917127071823
Non-core,3.7037037037037037
