status,intersection
Core,5.691056910569106
Non-core,3.3333333333333335
