status,intersection
Core,9.58904109589041
Non-core,10.576923076923077
