status,intersection
Core,1.6722408026755853
Non-core,1.4285714285714286
