status,intersection
Core,5.69620253164557
Non-core,4.081632653061225
