status,intersection
Core,8.602150537634408
Non-core,3.278688524590164
