status,intersection
Core,15.976331360946746
Non-core,12.711864406779661
