status,intersection
Core,8.552631578947368
Non-core,7.608695652173913
