status,intersection
Core,6.769230769230769
Non-core,4.932735426008969
