status,intersection
Core,16.73101673101673
Non-core,13.080895008605852
