status,intersection
Core,5.607476635514018
Non-core,6.666666666666667
