status,intersection
Core,8.089887640449438
Non-core,6.746626686656672
