status,intersection
Core,6.190476190476191
Non-core,6.106870229007634
