status,intersection
Core,11.21951219512195
Non-core,12.23021582733813
