status,intersection
Core,1.1013215859030836
Non-core,0.9036144578313253
