status,intersection
Core,5.128205128205129
Non-core,4.2042042042042045
