status,intersection
Core,14.953271028037383
Non-core,14.285714285714286
