status,intersection
Core,9.23076923076923
Non-core,8.955223880597014
