status,intersection
Core,3.8876889848812093
Non-core,3.6923076923076925
