status,intersection
Core,0.7504690431519699
Non-core,0.24390243902439024
