status,intersection
Core,7.954545454545454
Non-core,9.615384615384615
