status,intersection
Core,7.738095238095238
Non-core,9.345794392523365
