status,intersection
Core,8.797327394209354
Non-core,6.05143721633888
