status,intersection
Core,7.624633431085044
Non-core,6.140350877192983
