status,intersection
Core,13.16793893129771
Non-core,8.093994778067884
