status,intersection
Core,9.306569343065693
Non-core,7.7844311377245505
