status,intersection
Core,10.573248407643312
Non-core,7.8595317725752505
