status,intersection
Core,10.526315789473685
Non-core,7.936507936507937
