status,intersection
Core,2.183406113537118
Non-core,2.4242424242424243
