status,intersection
Core,14.912280701754385
Non-core,17.24137931034483
