status,intersection
Core,6.015037593984962
Non-core,3.0927835051546393
