status,intersection
Core,8.438818565400844
Non-core,5.58659217877095
