status,intersection
Core,1.0324483775811208
Non-core,0.8385744234800838
