status,intersection
Core,2.18978102189781
Non-core,0.9615384615384616
