status,intersection
Core,2.990033222591362
Non-core,1.4705882352941178
