status,intersection
Core,9.826589595375722
Non-core,7.659574468085107
