status,intersection
Core,6.024096385542169
Non-core,6.0606060606060606
