status,intersection
Core,9.323583180987203
Non-core,5.729166666666667
