status,intersection
Core,6.6115702479338845
Non-core,8.219178082191782
