status,intersection
Core,10.32258064516129
Non-core,9.523809523809524
