status,intersection
Core,3.374777975133215
Non-core,2.576112412177986
