status,intersection
Core,7.202216066481994
Non-core,5.2631578947368425
