status,intersection
Core,1.618705035971223
Non-core,1.3856812933025404
