status,intersection
Core,3.6496350364963503
Non-core,3.9215686274509802
