status,intersection
Core,10.759493670886076
Non-core,8.256880733944953
