status,intersection
Core,7.19656283566058
Non-core,4.85021398002853
