status,intersection
Core,10.687022900763358
Non-core,5.319148936170213
