status,intersection
Core,1.348314606741573
Non-core,1.567398119122257
