status,intersection
Core,9.183673469387756
Non-core,3.8461538461538463
