status,intersection
Core,3.4313725490196076
Non-core,3.9473684210526314
