status,intersection
Core,9.664948453608247
Non-core,7.037037037037037
