status,intersection
Core,13.008130081300813
Non-core,13.953488372093023
