status,intersection
Core,4.87012987012987
Non-core,4.596273291925466
