status,intersection
Core,10.273972602739725
Non-core,10.784313725490197
