status,intersection
Core,2.803738317757009
Non-core,1.4285714285714286
