status,intersection
Core,17.97752808988764
Non-core,21.27659574468085
