status,intersection
Core,5.4493984430290165
Non-core,3.919781221513218
