status,intersection
Core,0.7259528130671506
Non-core,0.47058823529411764
