status,intersection
Core,9.494640122511486
Non-core,6.693711967545639
