status,intersection
Core,2.6490066225165565
Non-core,3.8461538461538463
