status,intersection
Core,1.308411214953271
Non-core,0.7281553398058253
