status,intersection
Core,2.4630541871921183
Non-core,1.6666666666666667
