status,intersection
Core,1.345291479820628
Non-core,1.567398119122257
