status,intersection
Core,1.951219512195122
Non-core,2.0408163265306123
