status,intersection
Core,9.315068493150685
Non-core,8.46774193548387
