status,intersection
Core,5.970149253731344
Non-core,2.8776978417266186
