status,intersection
Core,10.596026490066226
Non-core,9.70873786407767
