status,intersection
Core,4.923076923076923
Non-core,3.6199095022624435
