status,intersection
Core,8.620689655172415
Non-core,7.317073170731708
