status,intersection
Core,6.687898089171974
Non-core,4.694835680751174
