status,intersection
Core,1.741654571843251
Non-core,1.4344262295081966
