status,intersection
Core,7.514450867052023
Non-core,6.722689075630252
