status,intersection
Core,13.651877133105803
Non-core,8.52017937219731
