status,intersection
Core,3.7783375314861463
Non-core,2.6490066225165565
