status,intersection
Core,2.142857142857143
Non-core,1.1764705882352942
