status,intersection
Core,12.79826464208243
Non-core,8.948863636363637
