status,intersection
Core,8.836206896551724
Non-core,5.698005698005698
