status,intersection
Core,2.0558002936857562
Non-core,1.6913319238900635
