status,intersection
Core,0.18691588785046728
Non-core,0.24154589371980675
