status,intersection
Core,3.9215686274509802
Non-core,5.970149253731344
