status,intersection
Core,6.629834254143646
Non-core,5.737704918032787
