status,intersection
Core,10.344827586206897
Non-core,6.918238993710692
