status,intersection
Core,2.2598870056497176
Non-core,1.492537313432836
