status,intersection
Core,1.238390092879257
Non-core,1.2552301255230125
