status,intersection
Core,1.187648456057007
Non-core,0.6514657980456026
