status,intersection
Core,6.621392190152801
Non-core,5.617977528089888
