status,intersection
Core,5.621301775147929
Non-core,3.8297872340425534
