status,intersection
Core,10.0418410041841
Non-core,9.574468085106384
