status,intersection
Core,1.7605633802816902
Non-core,2.030456852791878
