status,intersection
Core,13.65079365079365
Non-core,13.274336283185841
