status,intersection
Core,6.934306569343065
Non-core,7.734806629834254
