status,intersection
Core,3.58974358974359
Non-core,2.684563758389262
