status,intersection
Core,5.911330049261084
Non-core,4.861111111111111
