status,intersection
Core,8.843537414965986
Non-core,5.633802816901408
