status,intersection
Core,2.6865671641791047
Non-core,1.859504132231405
