status,intersection
Core,1.48975791433892
Non-core,0.7263922518159807
