status,intersection
Core,6.091370558375634
Non-core,5.168539325842697
