status,intersection
Core,10.714285714285714
Non-core,11.176470588235293
