status,intersection
Core,6.206896551724138
Non-core,6.7357512953367875
