status,intersection
Core,6.220095693779904
Non-core,6.299212598425197
