status,intersection
Core,4.054054054054054
Non-core,7.894736842105263
