status,intersection
Core,6.303724928366762
Non-core,5.785123966942149
