status,intersection
Core,4.904051172707889
Non-core,4.477611940298507
