status,intersection
Core,9.508196721311476
Non-core,7.407407407407407
