status,intersection
Core,7.853403141361256
Non-core,5.75139146567718
