status,intersection
Core,2.937062937062937
Non-core,2.7237354085603114
