status,intersection
Core,7.462686567164179
Non-core,6.527415143603133
