status,intersection
Core,9.62566844919786
Non-core,7.003891050583658
