status,intersection
Core,2.7586206896551726
Non-core,0.9900990099009901
