status,intersection
Core,10.416666666666666
Non-core,7.368421052631579
