status,intersection
Core,3.6016949152542375
Non-core,2.395209580838323
