status,intersection
Core,5.633802816901408
Non-core,9.75609756097561
