status,intersection
Core,6.363636363636363
Non-core,2.9411764705882355
