status,intersection
Core,4.83619344773791
Non-core,3.3472803347280333
