status,intersection
Core,7.216494845360825
Non-core,5.128205128205129
