status,intersection
Core,3.821656050955414
Non-core,4.854368932038835
