status,intersection
Core,3.2989690721649483
Non-core,2.5641025641025643
