status,intersection
Core,4.096045197740113
Non-core,3.2319391634980987
