status,intersection
Core,0.3372681281618887
Non-core,0.22123893805309736
