status,intersection
Core,4.026845637583893
Non-core,3.508771929824561
