status,intersection
Core,3.292181069958848
Non-core,2.2598870056497176
