status,intersection
Core,2.6548672566371683
Non-core,1.8181818181818181
