status,intersection
Core,2.06794682422452
Non-core,1.4830508474576272
