status,intersection
Core,0.29850746268656714
Non-core,0.21321961620469082
