status,intersection
Core,7.264957264957265
Non-core,6.790123456790123
