status,intersection
Core,6.746031746031746
Non-core,5.9880239520958085
