status,intersection
Core,6.133333333333334
Non-core,7.317073170731708
