status,intersection
Core,12.994350282485875
Non-core,8.898305084745763
