status,intersection
Core,11.52694610778443
Non-core,8.488612836438923
