status,intersection
Core,5.0359712230215825
Non-core,4.040404040404041
