status,intersection
Core,5.431309904153355
Non-core,3.9130434782608696
