status,intersection
Core,2.380952380952381
Non-core,3.488372093023256
