status,intersection
Core,1.098901098901099
Non-core,0.7159904534606205
