status,intersection
Core,6.8493150684931505
Non-core,6.976744186046512
