status,intersection
Core,0.6359300476947536
Non-core,0.6410256410256411
