status,intersection
Core,3.096539162112933
Non-core,2.4154589371980677
