status,intersection
Core,10.64102564102564
Non-core,8.183306055646481
