status,intersection
Core,8.239700374531836
Non-core,6.145251396648045
