status,intersection
Core,5.7591623036649215
Non-core,5.185185185185185
