status,intersection
Core,1.680672268907563
Non-core,2.6315789473684212
