status,intersection
Core,8.904109589041095
Non-core,7.865168539325842
