status,intersection
Core,1.3100436681222707
Non-core,0.5681818181818182
