status,intersection
Core,6.857142857142857
Non-core,4.273504273504273
