status,intersection
Core,2.816901408450704
Non-core,2.150537634408602
