status,intersection
Core,3.007518796992481
Non-core,2.272727272727273
