status,intersection
Core,6.0200668896321075
Non-core,6.806282722513089
