status,intersection
Core,0.6024096385542169
Non-core,0.8620689655172413
