status,intersection
Core,1.511879049676026
Non-core,1.4705882352941178
