status,intersection
Core,15.315315315315315
Non-core,15.873015873015873
