status,intersection
Core,5.3452115812917596
Non-core,3.058103975535168
