status,intersection
Core,2.192982456140351
Non-core,1.2048192771084338
