status,intersection
Core,10.104011887072808
Non-core,5.566600397614314
