status,intersection
Core,12.931034482758621
Non-core,14.925373134328359
