status,intersection
Core,9.789156626506024
Non-core,8.1799591002045
