status,intersection
Core,13.71951219512195
Non-core,10.424710424710424
