status,intersection
Core,7.282415630550622
Non-core,5.896805896805897
