status,intersection
Core,0.7339449541284404
Non-core,0.7092198581560284
