status,intersection
Core,14.882943143812708
Non-core,10.574712643678161
