status,intersection
Core,7.473309608540926
Non-core,6.666666666666667
