status,intersection
Core,9.72972972972973
Non-core,8.620689655172415
