status,intersection
Core,2.946273830155979
Non-core,1.8561484918793503
