status,intersection
Core,3.252032520325203
Non-core,3.225806451612903
