status,intersection
Core,4.731182795698925
Non-core,3.6144578313253013
