status,intersection
Core,6.796116504854369
Non-core,6.349206349206349
