status,intersection
Core,1.0432190760059612
Non-core,1.0729613733905579
