status,intersection
Core,8.012820512820513
Non-core,6.451612903225806
