status,intersection
Core,3.5114503816793894
Non-core,2.0533880903490758
