status,intersection
Core,2.4193548387096775
Non-core,2.150537634408602
