status,intersection
Core,12.878787878787879
Non-core,14.117647058823529
