status,intersection
Core,0.7915567282321899
Non-core,0.33783783783783783
