status,intersection
Core,0.47468354430379744
Non-core,0.21505376344086022
