status,intersection
Core,8.070866141732283
Non-core,4.891304347826087
