status,intersection
Core,0.32930845225027444
Non-core,0.3255208333333333
