status,intersection
Core,10.638297872340425
Non-core,9.433962264150944
