status,intersection
Core,11.347517730496454
Non-core,13.580246913580247
