status,intersection
Core,4.787234042553192
Non-core,4.225352112676056
