status,intersection
Core,7.317073170731708
Non-core,12.195121951219512
