status,intersection
Core,5.730659025787966
Non-core,5.447470817120623
