status,intersection
Core,4.868913857677903
Non-core,3.7914691943127963
