status,intersection
Core,2.1671826625387
Non-core,1.8480492813141685
