status,intersection
Core,12.956810631229235
Non-core,10.407239819004525
