status,intersection
Core,11.89873417721519
Non-core,9.208400646203554
