status,intersection
Core,3.663793103448276
Non-core,3.067484662576687
