status,intersection
Core,3.468208092485549
Non-core,2.586206896551724
