status,intersection
Core,12.215909090909092
Non-core,7.851239669421488
