status,intersection
Core,12.723214285714286
Non-core,9.584664536741213
