status,intersection
Core,7.0559610705596105
Non-core,5.944055944055944
