status,intersection
Core,6.441717791411043
Non-core,5.164319248826291
