status,intersection
Core,8.310249307479225
Non-core,4.554079696394687
