status,intersection
Core,1.9801980198019802
Non-core,3.3333333333333335
