status,intersection
Core,8.231707317073171
Non-core,7.6923076923076925
