status,intersection
Core,5.755395683453237
Non-core,3.9603960396039604
