status,intersection
Core,10.662824207492795
Non-core,6.324110671936759
