status,intersection
Core,6.806282722513089
Non-core,2.912621359223301
