status,intersection
Core,4.556354916067146
Non-core,3.6496350364963503
