status,intersection
Core,23.305588585017837
Non-core,19.50078003120125
