status,intersection
Core,11.650485436893204
Non-core,12.698412698412698
