status,intersection
Core,0.7267441860465116
Non-core,0.6160164271047228
