status,intersection
Core,3.2467532467532467
Non-core,2.586206896551724
