status,intersection
Core,7.9178885630498534
Non-core,8.878504672897197
