status,intersection
Core,7.407407407407407
Non-core,4.838709677419355
