status,intersection
Core,2.56797583081571
Non-core,2.028397565922921
