status,intersection
Core,6.6115702479338845
Non-core,3.910614525139665
