status,intersection
Core,2.4285714285714284
Non-core,2.6052104208416833
