status,intersection
Core,5.48172757475083
Non-core,3.7117903930131004
