status,intersection
Core,10.795454545454545
Non-core,7.43801652892562
