status,intersection
Core,8.728179551122194
Non-core,6.617647058823529
