status,intersection
Core,1.4388489208633093
Non-core,1.6286644951140066
