status,intersection
Core,12.943262411347519
Non-core,10.287081339712918
