status,intersection
Core,17.171717171717173
Non-core,13.211845102505695
