status,intersection
Core,7.746478873239437
Non-core,5.797101449275362
