status,intersection
Core,0.7130124777183601
Non-core,0.23923444976076555
