status,intersection
Core,3.488372093023256
Non-core,3.3464566929133857
