status,intersection
Core,5.866666666666666
Non-core,3.2846715328467155
