status,intersection
Core,14.847942754919499
Non-core,9.595959595959595
