status,intersection
Core,7.142857142857143
Non-core,8.16326530612245
