status,intersection
Core,10.526315789473685
Non-core,10.95890410958904
