status,intersection
Core,18.69918699186992
Non-core,22.666666666666668
