status,intersection
Core,2.971768202080238
Non-core,2.6422764227642275
