status,intersection
Core,10.133333333333333
Non-core,7.228915662650603
