status,intersection
Core,8.394160583941606
Non-core,7.216494845360825
