status,intersection
Core,10.42654028436019
Non-core,11.428571428571429
