status,intersection
Core,7.382550335570469
Non-core,6.451612903225806
