status,intersection
Core,11.33428981348637
Non-core,7.707129094412331
