status,intersection
Core,4.974271012006861
Non-core,4.524886877828054
