status,intersection
Core,4.511278195488722
Non-core,6.024096385542169
