status,intersection
Core,7.228915662650603
Non-core,8.333333333333334
