status,intersection
Core,3.418181818181818
Non-core,2.972972972972973
