status,intersection
Core,2.735562310030395
Non-core,2.510460251046025
