status,intersection
Core,13.235294117647058
Non-core,7.792207792207792
