status,intersection
Core,3.076923076923077
Non-core,3.409090909090909
