status,intersection
Core,11.166253101736972
Non-core,8.243727598566307
