status,intersection
Core,8.80503144654088
Non-core,4.385964912280702
