status,intersection
Core,15.277777777777779
Non-core,15.151515151515152
