status,intersection
Core,12.371134020618557
Non-core,8.771929824561404
