status,intersection
Core,5.01002004008016
Non-core,3.0303030303030303
