status,intersection
Core,4.046242774566474
Non-core,0.8403361344537815
