status,intersection
Core,7.659574468085107
Non-core,5.1020408163265305
