status,intersection
Core,2.6252983293556085
Non-core,1.948051948051948
