status,intersection
Core,5.203252032520325
Non-core,2.8077753779697625
