status,intersection
Core,2.8735632183908044
Non-core,1.4388489208633093
