status,intersection
Core,7.515657620041754
Non-core,6.122448979591836
