status,intersection
Core,9.317585301837271
Non-core,7.118055555555555
