status,intersection
Core,4.651162790697675
Non-core,5.555555555555555
