status,intersection
Core,8.264462809917354
Non-core,11.428571428571429
