status,intersection
Core,0.7692307692307693
Non-core,1.0309278350515463
