status,intersection
Core,13.559322033898304
Non-core,14.864864864864865
