status,intersection
Core,4.827586206896552
Non-core,3.6363636363636362
