status,intersection
Core,1.1037527593818985
Non-core,0.9063444108761329
