status,intersection
Core,10.576923076923077
Non-core,7.407407407407407
