status,intersection
Core,6.5543071161048685
Non-core,6.075949367088608
