status,intersection
Core,7.285546415981199
Non-core,4.739336492890995
