status,intersection
Core,10.849056603773585
Non-core,11.267605633802816
