status,intersection
Core,2.9357798165137616
Non-core,2.4096385542168677
