status,intersection
Core,5.8171745152354575
Non-core,5.833333333333333
