status,intersection
Core,2.0249221183800623
Non-core,1.6701461377870563
