status,intersection
Core,6.643356643356643
Non-core,4.49438202247191
