status,intersection
Core,1.4598540145985401
Non-core,1.17096018735363
