status,intersection
Core,11.411411411411411
Non-core,7.860262008733624
