status,intersection
Core,3.2967032967032965
Non-core,1.8181818181818181
