status,intersection
Core,13.609467455621301
Non-core,8.556149732620321
