status,intersection
Core,0.5597014925373134
Non-core,0.7299270072992701
