status,intersection
Core,7.335907335907336
Non-core,6.70391061452514
