status,intersection
Core,19.587628865979383
Non-core,19.642857142857142
