status,intersection
Core,5.144440047487139
Non-core,4.056603773584905
