status,intersection
Core,9.72972972972973
Non-core,5.555555555555555
