status,intersection
Core,3.869969040247678
Non-core,3.6437246963562755
