status,intersection
Core,7.207207207207207
Non-core,2.898550724637681
