status,intersection
Core,2.413793103448276
Non-core,2.030456852791878
