status,intersection
Core,6.847545219638243
Non-core,5.30035335689046
