status,intersection
Core,3.8031319910514543
Non-core,2.7439024390243905
