status,intersection
Core,10.227272727272727
Non-core,6.936416184971098
