status,intersection
Core,6.694560669456067
Non-core,6.369426751592357
