status,intersection
Core,6.790123456790123
Non-core,7.766990291262136
