status,intersection
Core,5.513307984790875
Non-core,3.7433155080213902
