status,intersection
Core,3.022670025188917
Non-core,2.482269503546099
