status,intersection
Core,4.848484848484849
Non-core,3.4188034188034186
