status,intersection
Core,9.071504802561366
Non-core,5.523255813953488
