status,intersection
Core,0.8130081300813008
Non-core,1.1764705882352942
