status,intersection
Core,9.689922480620154
Non-core,9.23913043478261
