status,intersection
Core,1.408450704225352
Non-core,2.127659574468085
