status,intersection
Core,11.290322580645162
Non-core,12.658227848101266
