status,intersection
Core,4.962406015037594
Non-core,3.9603960396039604
