status,intersection
Core,9.117647058823529
Non-core,7.657657657657658
