status,intersection
Core,5.677867902665121
Non-core,4.427480916030534
