status,intersection
Core,2.2099447513812156
Non-core,1.5037593984962405
