status,intersection
Core,11.04417670682731
Non-core,10.571428571428571
