status,intersection
Core,14.615384615384615
Non-core,14.130434782608695
