status,intersection
Core,8.458390177353342
Non-core,4.288499025341131
