status,intersection
Core,1.8912529550827424
Non-core,1.4134275618374559
