status,intersection
Core,3.601108033240997
Non-core,2.4475524475524475
