status,intersection
Core,5.411255411255412
Non-core,4.166666666666667
