status,intersection
Core,5.378973105134475
Non-core,4.376012965964343
