status,intersection
Core,7.911001236093943
Non-core,6.040268456375839
