status,intersection
Core,2.4806201550387597
Non-core,1.694915254237288
