status,intersection
Core,5.533596837944664
Non-core,5.681818181818182
