status,intersection
Core,4.368174726989079
Non-core,2.536997885835095
