status,intersection
Core,12.017167381974248
Non-core,12.422360248447205
