status,intersection
Core,5.993690851735016
Non-core,3.7914691943127963
