status,intersection
Core,1.187648456057007
Non-core,1.2861736334405145
