status,intersection
Core,2.6706231454005933
Non-core,2.376237623762376
