status,intersection
Core,0.8915304606240714
Non-core,0.847457627118644
