status,intersection
Core,1.6793893129770991
Non-core,1.6427104722792607
