status,intersection
Core,8.157524613220815
Non-core,5.916030534351145
