status,intersection
Core,2.0547945205479454
Non-core,1.7699115044247788
