status,intersection
Core,8.620689655172415
Non-core,8.450704225352112
