status,intersection
Core,3.937007874015748
Non-core,2.7777777777777777
