status,intersection
Core,12.618296529968454
Non-core,11.009174311926605
