status,intersection
Core,3.9800995024875623
Non-core,3.2467532467532467
