status,intersection
Core,3.6514522821576763
Non-core,2.4390243902439024
