status,intersection
Core,8.144796380090497
Non-core,5.338809034907597
