status,intersection
Core,7.973421926910299
Non-core,6.930693069306931
