status,intersection
Core,10.81081081081081
Non-core,6.748466257668712
