status,intersection
Core,9.58904109589041
Non-core,7.446808510638298
