status,intersection
Core,1.1730205278592376
Non-core,0.8849557522123894
