status,intersection
Core,7.763975155279503
Non-core,7.373271889400922
