status,intersection
Core,12.077294685990339
Non-core,13.043478260869565
