status,intersection
Core,7.171314741035856
Non-core,9.090909090909092
