status,intersection
Core,11.016949152542374
Non-core,9.30232558139535
