status,intersection
Core,8.40064620355412
Non-core,7.673267326732673
