status,intersection
Core,9.489051094890511
Non-core,7.772020725388601
