status,intersection
Core,1.658374792703151
Non-core,1.3015184381778742
