status,intersection
Core,1.405152224824356
Non-core,1.6666666666666667
