status,intersection
Core,9.342560553633218
Non-core,7.987220447284345
