status,intersection
Core,8.901515151515152
Non-core,6.282722513089006
