status,intersection
Core,4.695652173913044
Non-core,3.8990825688073394
