status,intersection
Core,9.662576687116564
Non-core,6.967213114754099
