status,intersection
Core,2.6936026936026938
Non-core,1.0204081632653061
