status,intersection
Core,1.6722408026755853
Non-core,1.5659955257270695
