status,intersection
Core,11.27450980392157
Non-core,8.034188034188034
