status,intersection
Core,7.8817733990147785
Non-core,5.147058823529412
