status,intersection
Core,3.468208092485549
Non-core,4.237288135593221
