status,intersection
Core,13.930348258706468
Non-core,9.859154929577464
