status,intersection
Core,6.8493150684931505
Non-core,7.849829351535837
