status,intersection
Core,5.325443786982248
Non-core,5.286343612334802
