status,intersection
Core,5.179282868525896
Non-core,4.864864864864865
