status,intersection
Core,8.01317233809001
Non-core,6.2773722627737225
