status,intersection
Core,10.921501706484642
Non-core,7.017543859649122
