status,intersection
Core,11.056511056511056
Non-core,8.727272727272727
