status,intersection
Core,1.7467248908296944
Non-core,0.30303030303030304
