status,intersection
Core,12.372188139059304
Non-core,10.463576158940397
