status,intersection
Core,5.47945205479452
Non-core,7.638888888888889
