status,intersection
Core,6.993006993006993
Non-core,7.526881720430108
