status,intersection
Core,13.017751479289942
Non-core,13.559322033898304
