status,intersection
Core,3.3628318584070795
Non-core,1.839080459770115
