status,intersection
Core,0.15625
Non-core,0.20876826722338204
