status,intersection
Core,10.091743119266056
Non-core,4.054054054054054
