status,intersection
Core,10.92436974789916
Non-core,10.294117647058824
