status,intersection
Core,1.949025487256372
Non-core,1.7786561264822134
