status,intersection
Core,9.815950920245399
Non-core,10.416666666666666
