status,intersection
Core,1.0344827586206897
Non-core,0.4975124378109453
