status,intersection
Core,1.0526315789473684
Non-core,1.4285714285714286
