status,intersection
Core,9.205020920502092
Non-core,8.588957055214724
