status,intersection
Core,5.128205128205129
Non-core,5.9405940594059405
