status,intersection
Core,7.488986784140969
Non-core,6.461538461538462
