status,intersection
Core,5.297157622739018
Non-core,5.181347150259067
