status,intersection
Core,3.9735099337748343
Non-core,3.3057851239669422
