status,intersection
Core,3.692762186115214
Non-core,1.9067796610169492
