status,intersection
Core,6.358381502890174
Non-core,3.1746031746031744
