status,intersection
Core,3.835978835978836
Non-core,2.831858407079646
