status,intersection
Core,4.946996466431095
Non-core,4.854368932038835
