status,intersection
Core,8.080808080808081
Non-core,8.333333333333334
