status,intersection
Core,3.5211267605633805
Non-core,6.172839506172839
