status,intersection
Core,8.018867924528301
Non-core,8.823529411764707
