status,intersection
Core,4.979811574697174
Non-core,2.372262773722628
