status,intersection
Core,5.454545454545454
Non-core,4.569420035149385
