status,intersection
Core,0.9456264775413712
Non-core,0.6493506493506493
