status,intersection
Core,7.339449541284404
Non-core,7.246376811594203
