status,intersection
Core,12.037037037037036
Non-core,13.846153846153847
