status,intersection
Core,0.2375296912114014
Non-core,0.3215434083601286
