status,intersection
Core,7.339449541284404
Non-core,2.5316455696202533
