status,intersection
Core,2.8508771929824563
Non-core,2.719033232628399
