status,intersection
Core,6.70611439842209
Non-core,4.683195592286501
