status,intersection
Core,11.62079510703364
Non-core,11.26126126126126
