status,intersection
Core,1.288244766505636
Non-core,0.21691973969631237
