status,intersection
Core,5.206073752711497
Non-core,5.151515151515151
