status,intersection
Core,10.434782608695652
Non-core,8.15450643776824
