status,intersection
Core,9.770114942528735
Non-core,8.910891089108912
