status,intersection
Core,4.98960498960499
Non-core,3.160919540229885
