status,intersection
Core,5.384615384615385
Non-core,5.208333333333333
