status,intersection
Core,1.436265709156194
Non-core,1.152073732718894
