status,intersection
Core,7.083333333333333
Non-core,5.031446540880503
