status,intersection
Core,9.195402298850574
Non-core,7.407407407407407
