status,intersection
Core,7.239819004524887
Non-core,5.660377358490566
