status,intersection
Core,7.526881720430108
Non-core,8.333333333333334
