status,intersection
Core,11.627906976744185
Non-core,10.588235294117647
