status,intersection
Core,2.2801302931596092
Non-core,1.3157894736842106
