status,intersection
Core,13.905930470347649
Non-core,11.078717201166182
