status,intersection
Core,3.5919540229885056
Non-core,2.549019607843137
