status,intersection
Core,11.724137931034482
Non-core,4.761904761904762
