status,intersection
Core,6.086956521739131
Non-core,8.108108108108109
