status,intersection
Core,11.475409836065573
Non-core,11.594202898550725
