status,intersection
Core,1.7123287671232876
Non-core,1.4705882352941178
