status,intersection
Core,4.310344827586207
Non-core,3.8461538461538463
