status,intersection
Core,5.891472868217054
Non-core,5.3061224489795915
