status,intersection
Core,10.2880658436214
Non-core,11.688311688311689
