status,intersection
Core,1.7080745341614907
Non-core,1.6913319238900635
