status,intersection
Core,6.629834254143646
Non-core,6.2015503875969
