status,intersection
Core,9.44206008583691
Non-core,7.103218645948946
