status,intersection
Core,2.247191011235955
Non-core,1.7543859649122806
