status,intersection
Core,1.8072289156626506
Non-core,1.6666666666666667
