status,intersection
Core,2.366863905325444
Non-core,1.7391304347826086
