status,intersection
Core,2.4282560706401766
Non-core,1.8404907975460123
