status,intersection
Core,0.8333333333333334
Non-core,1.0869565217391304
