status,intersection
Core,4.166666666666667
Non-core,1.7543859649122806
