status,intersection
Core,2.0120724346076457
Non-core,0.6693440428380187
