status,intersection
Core,1.286764705882353
Non-core,1.1820330969267139
