status,intersection
Core,1.8433179723502304
Non-core,2.5316455696202533
