status,intersection
Core,3.8202247191011236
Non-core,2.7439024390243905
