status,intersection
Core,3.5110533159947983
Non-core,1.7513134851138354
