status,intersection
Core,15.555555555555555
Non-core,14.754098360655737
