status,intersection
Core,6.3191153238546605
Non-core,4.666666666666667
