status,intersection
Core,2.2847100175746924
Non-core,2.237136465324385
