status,intersection
Core,8.02919708029197
Non-core,8.433734939759036
