status,intersection
Core,7.491289198606272
Non-core,4.7727272727272725
