status,intersection
Core,6.63265306122449
Non-core,8.130081300813009
