status,intersection
Core,8.298755186721992
Non-core,3.5502958579881656
