status,intersection
Core,4.2682926829268295
Non-core,3.6036036036036037
