status,intersection
Core,15.116279069767442
Non-core,15.517241379310345
