status,intersection
Core,5.444887118193891
Non-core,5.2631578947368425
