status,intersection
Core,10.784313725490197
Non-core,10.869565217391305
