status,intersection
Core,9.352517985611511
Non-core,8.695652173913043
