status,intersection
Core,7.196969696969697
Non-core,5.405405405405405
