status,intersection
Core,1.8306636155606408
Non-core,1.834862385321101
