status,intersection
Core,4.026845637583893
Non-core,3.7037037037037037
