status,intersection
Core,5.806451612903226
Non-core,4.62962962962963
