status,intersection
Core,11.13892365456821
Non-core,8.88529886914378
