status,intersection
Core,9.523809523809524
Non-core,8.661417322834646
