status,intersection
Core,2.508361204013378
Non-core,1.5659955257270695
