status,intersection
Core,15.606936416184972
Non-core,16.19047619047619
