status,intersection
Core,3.7953795379537953
Non-core,3.5164835164835164
