status,intersection
Core,15.338645418326694
Non-core,11.014492753623188
