status,intersection
Core,1.6166281755196306
Non-core,1.8633540372670807
