status,intersection
Core,13.211009174311927
Non-core,9.973753280839896
