status,intersection
Core,5.58659217877095
Non-core,3.4482758620689653
