status,intersection
Core,8.421052631578947
Non-core,10.169491525423728
