status,intersection
Core,3.7313432835820897
Non-core,2.9702970297029703
