status,intersection
Core,11.544461778471138
Non-core,7.422680412371134
