status,intersection
Core,5.392156862745098
Non-core,6.354515050167224
