status,intersection
Core,11.344537815126051
Non-core,7.017543859649122
