status,intersection
Core,3.003003003003003
Non-core,2.2916666666666665
