status,intersection
Core,5.555555555555555
Non-core,6.976744186046512
