status,intersection
Core,14.065510597302504
Non-core,9.192200557103064
