status,intersection
Core,9.50413223140496
Non-core,11.03448275862069
