status,intersection
Core,13.157894736842104
Non-core,8.94308943089431
