status,intersection
Core,6.299212598425197
Non-core,7.352941176470588
