status,intersection
Core,11.267605633802816
Non-core,12.244897959183673
