status,intersection
Core,11.521739130434783
Non-core,8.985507246376812
