status,intersection
Core,0.35650623885918004
Non-core,0.45454545454545453
