status,intersection
Core,10.672853828306264
Non-core,9.965635738831615
