status,intersection
Core,3.9682539682539684
Non-core,2.6315789473684212
