status,intersection
Core,4.696273608984176
Non-core,3.2837670384138784
