status,intersection
Core,12.033195020746888
Non-core,10.38961038961039
