status,intersection
Core,1.6103059581320451
Non-core,1.4613778705636744
