status,intersection
Core,12.37458193979933
Non-core,11.11111111111111
