status,intersection
Core,6.821480406386066
Non-core,3.9665970772442587
