status,intersection
Core,2.134646962233169
Non-core,2.1413276231263385
