status,intersection
Core,3.6231884057971016
Non-core,3.061224489795918
