status,intersection
Core,5.870445344129554
Non-core,3.611111111111111
