status,intersection
Core,5.779334500875657
Non-core,4.288939051918736
