status,intersection
Core,9.068627450980392
Non-core,6.761565836298932
