status,intersection
Core,7.107231920199501
Non-core,6.42504118616145
