status,intersection
Core,3.3205619412515963
Non-core,2.5817555938037864
