status,intersection
Core,1.098901098901099
Non-core,1.8518518518518519
