status,intersection
Core,3.3259423503325944
Non-core,2.380952380952381
