status,intersection
Core,6.115107913669065
Non-core,7.222222222222222
