status,intersection
Core,9.213250517598343
Non-core,6.232686980609419
