status,intersection
Core,5.994550408719346
Non-core,5.836575875486381
