status,intersection
Core,4.37956204379562
Non-core,3.883495145631068
