status,intersection
Core,2.395209580838323
Non-core,0.9009009009009009
