status,intersection
Core,6.7357512953367875
Non-core,3.9711191335740073
