status,intersection
Core,7.334963325183374
Non-core,6.985294117647059
