status,intersection
Core,10.060975609756097
Non-core,7.174887892376682
