status,intersection
Core,5.972222222222222
Non-core,4.0241448692152915
