status,intersection
Core,7.711757269279393
Non-core,6.375227686703097
