status,intersection
Core,11.847389558232932
Non-core,6.47887323943662
