status,intersection
Core,8.52017937219731
Non-core,9.420289855072463
