status,intersection
Core,2.459016393442623
Non-core,1.0638297872340425
