status,intersection
Core,4.475524475524476
Non-core,3.006012024048096
