status,intersection
Core,16.374269005847953
Non-core,15.09433962264151
