status,intersection
Core,8.672566371681416
Non-core,7.1258907363420425
