status,intersection
Core,2.8328611898016995
Non-core,1.606425702811245
