status,intersection
Core,4.411764705882353
Non-core,1.7543859649122806
