status,intersection
Core,9.583858764186633
Non-core,7.360861759425494
