status,intersection
Core,5.718085106382978
Non-core,4.681647940074907
