status,intersection
Core,3.5269709543568464
Non-core,2.0114942528735633
