status,intersection
Core,4.567699836867863
Non-core,3.624733475479744
