status,intersection
Core,3.421461897356143
Non-core,2.1231422505307855
