status,intersection
Core,2.386117136659436
Non-core,1.527403414195867
