status,intersection
Core,15.602836879432624
Non-core,10.945945945945946
