status,intersection
Core,7.868020304568528
Non-core,6.506849315068493
