status,intersection
Core,5.314009661835748
Non-core,4.615384615384615
