status,intersection
Core,5.476673427991886
Non-core,4.864864864864865
