status,intersection
Core,2.4232633279483036
Non-core,1.9189765458422174
