status,intersection
Core,10.476190476190476
Non-core,12.903225806451612
