status,intersection
Core,1.431980906921241
Non-core,0.32786885245901637
