status,intersection
Core,8.76979293544458
Non-core,5.958132045088567
