status,intersection
Core,12.280701754385966
Non-core,14.285714285714286
