status,intersection
Core,8.724832214765101
Non-core,7.594936708860759
