status,intersection
Core,6.686478454680535
Non-core,5.458089668615984
