status,intersection
Core,11.842105263157896
Non-core,9.411764705882353
