status,intersection
Core,3.4129692832764507
Non-core,3.6649214659685865
