status,intersection
Core,10.597826086956522
Non-core,8.614232209737828
