status,intersection
Core,0.31201248049922
Non-core,0.4166666666666667
