status,intersection
Core,7.352941176470588
Non-core,2.6315789473684212
