status,intersection
Core,7.563025210084033
Non-core,7.462686567164179
