status,intersection
Core,1.4218009478672986
Non-core,0.6756756756756757
