status,intersection
Core,1.5151515151515151
Non-core,0.7142857142857143
