status,intersection
Core,9.552238805970148
Non-core,7.563025210084033
