status,intersection
Core,7.368421052631579
Non-core,10.714285714285714
