status,intersection
Core,13.620071684587813
Non-core,13.197969543147208
