status,intersection
Core,1.1194029850746268
Non-core,1.0309278350515463
