status,intersection
Core,11.39240506329114
Non-core,11.11111111111111
