status,intersection
Core,6.263048016701461
Non-core,4.642857142857143
