status,intersection
Core,11.45881270133456
Non-core,8.975069252077562
