status,intersection
Core,3.0448717948717947
Non-core,1.7391304347826086
