status,intersection
Core,14.183327046397586
Non-core,11.459265890778871
