status,intersection
Core,3.104575163398693
Non-core,2.4229074889867843
