status,intersection
Core,4.784688995215311
Non-core,4.316546762589928
