status,intersection
Core,9.67741935483871
Non-core,12.048192771084338
