status,intersection
Core,6.909090909090909
Non-core,6.153846153846154
