status,intersection
Core,16.483516483516482
Non-core,21.568627450980394
