status,intersection
Core,1.580135440180587
Non-core,0.9433962264150944
