status,intersection
Core,11.27659574468085
Non-core,7.374631268436578
