status,intersection
Core,1.0273972602739727
Non-core,0.49261083743842365
