status,intersection
Core,13.392857142857142
Non-core,17.333333333333332
