status,intersection
Core,0.3184713375796178
Non-core,0.4282655246252677
