status,intersection
Core,4.957507082152975
Non-core,4.588910133843212
