status,intersection
Core,7.258064516129032
Non-core,9.23076923076923
