status,intersection
Core,3.8031319910514543
Non-core,3.9274924471299095
