status,intersection
Core,1.8633540372670807
Non-core,1.7241379310344827
