status,intersection
Core,3.873744619799139
Non-core,2.459016393442623
