status,intersection
Core,5.777777777777778
Non-core,5.095541401273885
