status,intersection
Core,4.134366925064599
Non-core,2.888086642599278
