status,intersection
Core,7.076923076923077
Non-core,6.578947368421052
