status,intersection
Core,1.8691588785046729
Non-core,1.5873015873015872
