status,intersection
Core,4.166666666666667
Non-core,16.666666666666668
