status,intersection
Core,6.418219461697722
Non-core,3.3994334277620397
