status,intersection
Core,4.929577464788732
Non-core,4.545454545454546
