status,intersection
Core,6.066536203522505
Non-core,3.926701570680628
