status,intersection
Core,3.865546218487395
Non-core,3.7444933920704844
