status,intersection
Core,5.327868852459017
Non-core,3.7974683544303796
