status,intersection
Core,4.032258064516129
Non-core,3.6649214659685865
