status,intersection
Core,13.432835820895523
Non-core,10.1010101010101
