status,intersection
Core,2.0881670533642693
Non-core,2.1806853582554515
