status,intersection
Core,8.70870870870871
Non-core,6.097560975609756
