status,intersection
Core,2.9082774049217
Non-core,2.1806853582554515
