status,intersection
Core,2.8925619834710745
Non-core,1.7509727626459144
