status,intersection
Core,8.351648351648352
Non-core,7.467532467532467
