status,intersection
Core,10.32258064516129
Non-core,9.734513274336283
