status,intersection
Core,11.123110151187905
Non-core,8.344733242134064
