status,intersection
Core,3.7313432835820897
Non-core,1.2987012987012987
