status,intersection
Core,8.181818181818182
Non-core,8.51063829787234
