status,intersection
Core,1.7804154302670623
Non-core,0.8810572687224669
