status,intersection
Core,1.8181818181818181
Non-core,1.680672268907563
