status,intersection
Core,10.077519379844961
Non-core,13.432835820895523
