status,intersection
Core,11.450381679389313
Non-core,13.414634146341463
