status,intersection
Core,0.4437869822485207
Non-core,0.42105263157894735
