status,intersection
Core,10.486891385767791
Non-core,9.248554913294798
