status,intersection
Core,7.719928186714542
Non-core,5.147058823529412
