status,intersection
Core,6.734006734006734
Non-core,5.0761421319796955
