status,intersection
Core,4.597701149425287
Non-core,4.132231404958677
