status,intersection
Core,4.324324324324325
Non-core,2.985074626865672
