status,intersection
Core,7.964601769911504
Non-core,8.396946564885496
