status,intersection
Core,4.174950298210735
Non-core,3.2019704433497536
