status,intersection
Core,9.298245614035087
Non-core,8.254716981132075
