status,intersection
Core,8.928571428571429
Non-core,8.333333333333334
