status,intersection
Core,2.140672782874618
Non-core,2.6200873362445414
