status,intersection
Core,1.7991004497751124
Non-core,1.5841584158415842
