status,intersection
Core,5.8441558441558445
Non-core,6.103286384976526
