status,intersection
Core,13.5678391959799
Non-core,9.090909090909092
