status,intersection
Core,10.204081632653061
Non-core,14.814814814814815
