status,intersection
Core,3.482587064676617
Non-core,4.37956204379562
