status,intersection
Core,7.578253706754531
Non-core,3.6956521739130435
