status,intersection
Core,8.829568788501026
Non-core,7.871720116618076
