status,intersection
Core,1.8214936247723132
Non-core,1.8912529550827424
