status,intersection
Core,13.14878892733564
Non-core,11.483253588516746
