status,intersection
Core,10.377358490566039
Non-core,13.559322033898304
