status,intersection
Core,2.5974025974025974
Non-core,1.8691588785046729
