status,intersection
Core,6.428571428571429
Non-core,5.504587155963303
