status,intersection
Core,2.770083102493075
Non-core,2.7888446215139444
