status,intersection
Core,2.395209580838323
Non-core,3.6036036036036037
