status,intersection
Core,4.45859872611465
Non-core,3.7383177570093458
