status,intersection
Core,10.230179028132993
Non-core,8.455882352941176
