status,intersection
Core,4.099378881987578
Non-core,3.260869565217391
