status,intersection
Core,1.1510791366906474
Non-core,0.8097165991902834
