status,intersection
Core,6.569343065693431
Non-core,6.185567010309279
