status,intersection
Core,4.032258064516129
Non-core,4.395604395604396
