status,intersection
Core,2.684563758389262
Non-core,2.0202020202020203
