status,intersection
Core,11.180124223602485
Non-core,5.555555555555555
