status,intersection
Core,12.775330396475772
Non-core,12.582781456953642
