status,intersection
Core,4.571428571428571
Non-core,3.875968992248062
