status,intersection
Core,2.7576197387518144
Non-core,2.301255230125523
