status,intersection
Core,6.617647058823529
Non-core,4.9504950495049505
