status,intersection
Core,6.077348066298343
Non-core,6.299212598425197
