status,intersection
Core,5.279503105590062
Non-core,1.8779342723004695
