status,intersection
Core,5.034013605442177
Non-core,4.251386321626617
