status,intersection
Core,9.67741935483871
Non-core,5.089820359281437
