status,intersection
Core,7.070707070707071
Non-core,5.240174672489083
