status,intersection
Core,16.62162162162162
Non-core,12.979890310786105
