status,intersection
Core,9.684684684684685
Non-core,7.440476190476191
