status,intersection
Core,9.248554913294798
Non-core,7.2727272727272725
