status,intersection
Core,8.01526717557252
Non-core,8.064516129032258
