status,intersection
Core,2.2598870056497176
Non-core,2.5210084033613445
