status,intersection
Core,2.0833333333333335
Non-core,5.2631578947368425
