status,intersection
Core,5.573770491803279
Non-core,5.365853658536586
