status,intersection
Core,5.369127516778524
Non-core,6.086956521739131
