status,intersection
Core,20.98976109215017
Non-core,16.037735849056602
