status,intersection
Core,3.7974683544303796
Non-core,5.2631578947368425
