status,intersection
Core,6.017191977077364
Non-core,5.439330543933054
