status,intersection
Core,8.444444444444445
Non-core,9.929078014184396
