status,intersection
Core,0.5586592178770949
Non-core,0.2403846153846154
