status,intersection
Core,2.1186440677966103
Non-core,1.639344262295082
