status,intersection
Core,0.8888888888888888
Non-core,1.1627906976744187
