status,intersection
Core,9.701492537313433
Non-core,10.344827586206897
