status,intersection
Core,1.1824324324324325
Non-core,0.45045045045045046
