status,intersection
Core,6.508875739644971
Non-core,5.936073059360731
