status,intersection
Core,9.271523178807946
Non-core,9.89010989010989
