status,intersection
Core,4.301075268817204
Non-core,2.7842227378190256
