status,intersection
Core,4.47427293064877
Non-core,3.058103975535168
