status,intersection
Core,4.566210045662101
Non-core,5.172413793103448
