status,intersection
Core,5.555555555555555
Non-core,5.223880597014926
