status,intersection
Core,2.707275803722504
Non-core,1.348314606741573
