status,intersection
Core,2.978723404255319
Non-core,2.7777777777777777
