status,intersection
Core,4.139433551198257
Non-core,3.3240997229916895
