status,intersection
Core,5.373525557011796
Non-core,4.878048780487805
