status,intersection
Core,5.58659217877095
Non-core,2.586206896551724
