status,intersection
Core,1.1363636363636365
Non-core,0.5291005291005291
