status,intersection
Core,5.416666666666667
Non-core,3.728362183754993
