status,intersection
Core,12.94485725459523
Non-core,10.592627158189455
