status,intersection
Core,6.842105263157895
Non-core,6.22568093385214
