status,intersection
Core,18.809980806142036
Non-core,12.121212121212121
