status,intersection
Core,4.666666666666667
Non-core,4.368932038834951
