status,intersection
Core,3.278688524590164
Non-core,5.714285714285714
