status,intersection
Core,0.2932551319648094
Non-core,0.43103448275862066
