status,intersection
Core,6.770833333333333
Non-core,5.555555555555555
