status,intersection
Core,3.592814371257485
Non-core,3.3333333333333335
