status,intersection
Core,8.914728682170542
Non-core,7.344632768361582
