status,intersection
Core,4.946996466431095
Non-core,2.9702970297029703
