status,intersection
Core,4.01854714064915
Non-core,2.898550724637681
