status,intersection
Core,10.676156583629894
Non-core,9.803921568627452
