status,intersection
Core,0.22172949002217296
Non-core,0.303951367781155
