status,intersection
Core,4.040404040404041
Non-core,3.4188034188034186
