status,intersection
Core,2.4205748865355523
Non-core,1.6129032258064515
