status,intersection
Core,9.937888198757763
Non-core,8.661417322834646
