status,intersection
Core,15.460122699386503
Non-core,12.453113278319579
