status,intersection
Core,6.763285024154589
Non-core,6.2015503875969
