status,intersection
Core,8.637873754152825
Non-core,7.30593607305936
