status,intersection
Core,6.5359477124183005
Non-core,5.357142857142857
