status,intersection
Core,2.8268551236749118
Non-core,2.293577981651376
