status,intersection
Core,1.9801980198019802
Non-core,1.4018691588785046
