status,intersection
Core,10.596026490066226
Non-core,7.916666666666667
