status,intersection
Core,4.705882352941177
Non-core,4.411764705882353
