status,intersection
Core,2.374301675977654
Non-core,2.2540983606557377
