status,intersection
Core,5.865102639296188
Non-core,6.0606060606060606
