status,intersection
Core,13.136729222520108
Non-core,9.163346613545817
