status,intersection
Core,8.29103214890017
Non-core,5.381165919282512
