status,intersection
Core,3.932584269662921
Non-core,3.787878787878788
