status,intersection
Core,11.071428571428571
Non-core,8.037825059101655
