status,intersection
Core,9.289617486338798
Non-core,9.482758620689655
