status,intersection
Core,6.229508196721311
Non-core,3.4146341463414633
