status,intersection
Core,10.559006211180124
Non-core,11.206896551724139
