status,intersection
Core,15.88785046728972
Non-core,12.828947368421053
