status,intersection
Core,10.92436974789916
Non-core,10.204081632653061
