status,intersection
Core,4.748201438848921
Non-core,3.3596837944664033
