status,intersection
Core,4.522613065326633
Non-core,6.140350877192983
