status,intersection
Core,1.497504159733777
Non-core,1.0893246187363834
