status,intersection
Core,8.70870870870871
Non-core,7.142857142857143
