status,intersection
Core,1.6632016632016633
Non-core,1.4005602240896358
