status,intersection
Core,12.781954887218046
Non-core,11.046511627906977
