status,intersection
Core,10.714285714285714
Non-core,14.705882352941176
