status,intersection
Core,2.6178010471204187
Non-core,2.797202797202797
