status,intersection
Core,6.097560975609756
Non-core,6.153846153846154
