status,intersection
Core,5.439330543933054
Non-core,5.555555555555555
