status,intersection
Core,8.715596330275229
Non-core,4.310344827586207
