status,intersection
Core,14.927536231884059
Non-core,11.066398390342052
