status,intersection
Core,5.6047197640118
Non-core,6.392694063926941
