status,intersection
Core,7.282913165266106
Non-core,6.938775510204081
