status,intersection
Core,7.228915662650603
Non-core,4.444444444444445
