status,intersection
Core,8.181818181818182
Non-core,6.122448979591836
