status,intersection
Core,9.549071618037136
Non-core,8.300395256916996
