status,intersection
Core,7.0754716981132075
Non-core,4.225352112676056
