status,intersection
Core,8.71508379888268
Non-core,7.205882352941177
