status,intersection
Core,9.433962264150944
Non-core,7.9787234042553195
