status,intersection
Core,11.785714285714286
Non-core,10.1010101010101
