status,intersection
Core,2.3706896551724137
Non-core,2.416918429003021
