status,intersection
Core,6.790123456790123
Non-core,7.407407407407407
