status,intersection
Core,8.04953560371517
Non-core,7.174887892376682
