status,intersection
Core,0.7211538461538461
Non-core,0.6535947712418301
