status,intersection
Core,2.8380634390651087
Non-core,2.2172949002217295
