status,intersection
Core,0.6211180124223602
Non-core,0.8620689655172413
