status,intersection
Core,7.291666666666667
Non-core,7.299270072992701
