status,intersection
Core,4.9800796812749
Non-core,5.177111716621253
