status,intersection
Core,4.831625183016105
Non-core,3.732809430255403
