status,intersection
Core,3.8917089678510997
Non-core,2.4038461538461537
