status,intersection
Core,2.727272727272727
Non-core,4.444444444444445
