status,intersection
Core,2.10867802108678
Non-core,1.937046004842615
