status,intersection
Core,4.395604395604396
Non-core,7.547169811320755
