status,intersection
Core,14.678899082568808
Non-core,14.084507042253522
