status,intersection
Core,1.6317016317016317
Non-core,0.6410256410256411
