status,intersection
Core,10.309278350515465
Non-core,10.714285714285714
