status,intersection
Core,9.965870307167236
Non-core,7.394366197183099
