status,intersection
Core,3.8535645472061657
Non-core,3.7974683544303796
