status,intersection
Core,6.287425149700598
Non-core,5.454545454545454
