status,intersection
Core,5.673758865248227
Non-core,4.854368932038835
