status,intersection
Core,1.9578313253012047
Non-core,1.792828685258964
