status,intersection
Core,8.13953488372093
Non-core,6.837606837606837
