status,intersection
Core,0.4032258064516129
Non-core,0.5780346820809249
