status,intersection
Core,5.376344086021505
Non-core,4.838709677419355
