status,intersection
Core,1.680672268907563
Non-core,1.4285714285714286
