status,intersection
Core,5.957446808510638
Non-core,4.597701149425287
