status,intersection
Core,8.49802371541502
Non-core,6.830601092896175
