status,intersection
Core,1.6207455429497568
Non-core,1.0869565217391304
