status,intersection
Core,0.31347962382445144
Non-core,0.21008403361344538
