status,intersection
Core,2.4096385542168677
Non-core,2.542372881355932
