status,intersection
Core,5.691056910569106
Non-core,3.7837837837837838
