status,intersection
Core,3.652173913043478
Non-core,3.2110091743119265
