status,intersection
Core,2.831594634873323
Non-core,2.4691358024691357
