status,intersection
Core,2.6525198938992043
Non-core,2.3076923076923075
