status,intersection
Core,12.167300380228136
Non-core,10.05586592178771
