status,intersection
Core,5.555555555555555
Non-core,5.714285714285714
