status,intersection
Core,0.18248175182481752
Non-core,0.234192037470726
