status,intersection
Core,5.839416058394161
Non-core,4.761904761904762
