status,intersection
Core,2.2140221402214024
Non-core,2.4752475247524752
