status,intersection
Core,6.504065040650406
Non-core,4.7091412742382275
