status,intersection
Core,2.681992337164751
Non-core,2.150537634408602
