status,intersection
Core,2.0648967551622417
Non-core,2.6666666666666665
