status,intersection
Core,1.1435832274459974
Non-core,0.6779661016949152
