status,intersection
Core,2.869757174392936
Non-core,2.4691358024691357
