status,intersection
Core,0.9216589861751152
Non-core,0.8179959100204499
