status,intersection
Core,4.724409448818897
Non-core,5.194805194805195
