status,intersection
Core,0.42735042735042733
Non-core,0.5524861878453039
