status,intersection
Core,11.695906432748538
Non-core,12.745098039215685
