status,intersection
Core,2.8112449799196786
Non-core,1.5706806282722514
