status,intersection
Core,3.074433656957929
Non-core,2.760084925690021
