status,intersection
Core,7.368421052631579
Non-core,6.818181818181818
