status,intersection
Core,0.35714285714285715
Non-core,0.5181347150259067
