status,intersection
Core,8.024691358024691
Non-core,8.823529411764707
