status,intersection
Core,0.746268656716418
Non-core,0.7228915662650602
