status,intersection
Core,1.530612244897959
Non-core,1.408450704225352
