status,intersection
Core,12.440191387559809
Non-core,7.971014492753623
