status,intersection
Core,4.624277456647399
Non-core,4.8076923076923075
