status,intersection
Core,1.4388489208633093
Non-core,0.9433962264150944
