status,intersection
Core,4.661016949152542
Non-core,3.225806451612903
