status,intersection
Core,0.45045045045045046
Non-core,0.591715976331361
