status,intersection
Core,16.455696202531644
Non-core,16.3265306122449
