status,intersection
Core,0.8547008547008547
Non-core,0.5780346820809249
