status,intersection
Core,9.411764705882353
Non-core,8.928571428571429
