status,intersection
Core,5.955678670360111
Non-core,5.037313432835821
