status,intersection
Core,3.6879432624113475
Non-core,2.636916835699797
