status,intersection
Core,8.977035490605427
Non-core,6.515580736543909
