status,intersection
Core,11.83206106870229
Non-core,9.497206703910615
