status,intersection
Core,4.416403785488959
Non-core,4.716981132075472
