status,intersection
Core,3.0821917808219177
Non-core,3.045685279187817
