status,intersection
Core,1.8691588785046729
Non-core,1.8867924528301887
