status,intersection
Core,6.890459363957597
Non-core,4.827586206896552
