status,intersection
Core,8.96551724137931
Non-core,8.51063829787234
