status,intersection
Core,17.344961240310077
Non-core,14.536340852130326
