status,intersection
Core,10.849056603773585
Non-core,11.805555555555555
