status,intersection
Core,10.396039603960396
Non-core,9.774436090225564
