status,intersection
Core,12.664907651715039
Non-core,10.526315789473685
