status,intersection
Core,4.1420118343195265
Non-core,4.385964912280702
