status,intersection
Core,11.96911196911197
Non-core,11.35135135135135
