status,intersection
Core,5.298013245033113
Non-core,4.25531914893617
