status,intersection
Core,9.012875536480687
Non-core,5.590062111801243
