status,intersection
Core,11.486486486486486
Non-core,14.457831325301205
