status,intersection
Core,1.2903225806451613
Non-core,0.9615384615384616
