status,intersection
Core,8.633093525179856
Non-core,10.344827586206897
