status,intersection
Core,4.132231404958677
Non-core,4.597701149425287
