status,intersection
Core,2.9761904761904763
Non-core,3.508771929824561
