status,intersection
Core,1.5873015873015872
Non-core,0.4424778761061947
