status,intersection
Core,5.699481865284974
Non-core,3.8461538461538463
