status,intersection
Core,3.4965034965034967
Non-core,2.0833333333333335
