status,intersection
Core,1.5649452269170578
Non-core,1.4893617021276595
