status,intersection
Core,1.7123287671232876
Non-core,0.5154639175257731
