status,intersection
Core,7.831325301204819
Non-core,8.771929824561404
