status,intersection
Core,0.5119453924914675
Non-core,0.2247191011235955
