status,intersection
Core,2.7777777777777777
Non-core,1.941747572815534
