status,intersection
Core,0.2222222222222222
Non-core,0.3048780487804878
