status,intersection
Core,19.67479674796748
Non-core,14.18918918918919
