status,intersection
Core,8.953341740226985
Non-core,6.913996627318719
