status,intersection
Core,3.576982892690513
Non-core,2.5316455696202533
