status,intersection
Core,14.285714285714286
Non-core,17.56756756756757
