status,intersection
Core,14.193548387096774
Non-core,12.790697674418604
