status,intersection
Core,5.357142857142857
Non-core,5.8201058201058204
