status,intersection
Core,7.753479125248509
Non-core,7.977207977207978
