status,intersection
Core,2.0161290322580645
Non-core,1.0309278350515463
