status,intersection
Core,3.4181240063593004
Non-core,2.660332541567696
