status,intersection
Core,4.72972972972973
Non-core,6.122448979591836
