status,intersection
Core,3.056768558951965
Non-core,1.7647058823529411
