status,intersection
Core,6.690140845070423
Non-core,4.576659038901602
