status,intersection
Core,1.6666666666666667
Non-core,1.2345679012345678
