status,intersection
Core,4.705882352941177
Non-core,3.4482758620689653
