status,intersection
Core,4.854368932038835
Non-core,1.8867924528301887
