status,intersection
Core,4.438642297650131
Non-core,4.013377926421405
