status,intersection
Core,5.424954792043399
Non-core,5.301204819277109
