status,intersection
Core,4.149377593360996
Non-core,3.2051282051282053
