status,intersection
Core,8.038585209003216
Non-core,7.142857142857143
