status,intersection
Core,4.028776978417266
Non-core,3.0527289546716005
