status,intersection
Core,3.6231884057971016
Non-core,1.4423076923076923
