status,intersection
Core,7.575757575757576
Non-core,6.0606060606060606
