status,intersection
Core,4.927536231884058
Non-core,5.063291139240507
