status,intersection
Core,1.1049723756906078
Non-core,0.9523809523809523
