status,intersection
Core,10.909090909090908
Non-core,8.108108108108109
