status,intersection
Core,6.622516556291391
Non-core,6.976744186046512
