status,intersection
Core,0.8639308855291576
Non-core,0.5865102639296188
