status,intersection
Core,0.44742729306487694
Non-core,0.3076923076923077
