status,intersection
Core,2.3593466424682394
Non-core,1.2106537530266344
