status,intersection
Core,5.555555555555555
Non-core,5.9523809523809526
