status,intersection
Core,1.5748031496062993
Non-core,1.0526315789473684
