status,intersection
Core,7.790549169859514
Non-core,4.642857142857143
