status,intersection
Core,6.035087719298246
Non-core,4.533565823888405
