status,intersection
Core,6.930693069306931
Non-core,6.569343065693431
