status,intersection
Core,2.816901408450704
Non-core,1.7857142857142858
