status,intersection
Core,1.0600706713780919
Non-core,0.5102040816326531
