status,intersection
Core,4.705882352941177
Non-core,2.6785714285714284
