status,intersection
Core,2.493765586034913
Non-core,1.925545571245186
