status,intersection
Core,11.21951219512195
Non-core,9.090909090909092
