status,intersection
Core,10.169491525423728
Non-core,10.526315789473685
