status,intersection
Core,5.284552845528455
Non-core,5.357142857142857
