status,intersection
Core,4.861111111111111
Non-core,3.9215686274509802
