status,intersection
Core,2.049780380673499
Non-core,1.6632016632016633
