status,intersection
Core,4.975124378109452
Non-core,3.875968992248062
