status,intersection
Core,6.4171122994652405
Non-core,5.797101449275362
