status,intersection
Core,7.242339832869081
Non-core,5.018587360594796
