status,intersection
Core,1.593625498007968
Non-core,1.5957446808510638
