status,intersection
Core,10.606060606060606
Non-core,9.16030534351145
