status,intersection
Core,4.032258064516129
Non-core,4.278074866310161
