status,intersection
Core,0.29673590504451036
Non-core,0.43859649122807015
