status,intersection
Core,5.027932960893855
Non-core,4.938271604938271
