status,intersection
Core,3.3783783783783785
Non-core,4.123711340206185
