status,intersection
Core,1.6528925619834711
Non-core,1.075268817204301
