status,intersection
Core,9.571788413098236
Non-core,7.308970099667774
