status,intersection
Core,3.6912751677852347
Non-core,3.0150753768844223
