status,intersection
Core,7.511737089201878
Non-core,8.16326530612245
