status,intersection
Core,8.080808080808081
Non-core,10.294117647058824
