status,intersection
Core,9.352517985611511
Non-core,10.588235294117647
