status,intersection
Core,7.169344870210136
Non-core,6.228956228956229
