status,intersection
Core,3.2467532467532467
Non-core,1.680672268907563
