status,intersection
Core,16.836734693877553
Non-core,17.391304347826086
