status,intersection
Core,1.9748653500897666
Non-core,1.839080459770115
