status,intersection
Core,1.7621145374449338
Non-core,1.2232415902140672
