status,intersection
Core,8.24742268041237
Non-core,7.792207792207792
