status,intersection
Core,12.794117647058824
Non-core,10.465116279069768
