status,intersection
Core,1.914580265095729
Non-core,1.0548523206751055
