status,intersection
Core,2.717391304347826
Non-core,1.8912529550827424
