status,intersection
Core,6.818181818181818
Non-core,10.526315789473685
