status,intersection
Core,10.551181102362206
Non-core,6.289308176100629
