status,intersection
Core,6.8690095846645365
Non-core,5.601659751037344
