status,intersection
Core,9.813084112149532
Non-core,10.869565217391305
