status,intersection
Core,3.708133971291866
Non-core,2.7156549520766773
