status,intersection
Core,15.151515151515152
Non-core,11.827956989247312
