status,intersection
Core,4.048295454545454
Non-core,3.2967032967032965
