status,intersection
Core,7.599309153713299
Non-core,5.034324942791762
