status,intersection
Core,9.420289855072463
Non-core,7.894736842105263
