status,intersection
Core,8.585858585858587
Non-core,9.433962264150944
