status,intersection
Core,13.861386138613861
Non-core,11.940298507462687
