status,intersection
Core,2.9069767441860463
Non-core,1.4598540145985401
