status,intersection
Core,8.653846153846153
Non-core,6.106870229007634
