status,intersection
Core,5.18018018018018
Non-core,3.9755351681957185
