status,intersection
Core,1.5873015873015872
Non-core,2.2831050228310503
