status,intersection
Core,6.333333333333333
Non-core,5.213270142180095
