status,intersection
Core,0.8119079837618404
Non-core,0.7259528130671506
