status,intersection
Core,8.441558441558442
Non-core,10.526315789473685
