status,intersection
Core,11.271676300578035
Non-core,8.51063829787234
