status,intersection
Core,13.46633416458853
Non-core,9.363295880149813
