status,intersection
Core,1.633393829401089
Non-core,1.3953488372093024
