status,intersection
Core,10.294117647058824
Non-core,9.157509157509157
