status,intersection
Core,3.673469387755102
Non-core,4.232804232804233
