status,intersection
Core,13.250517598343686
Non-core,7.954545454545454
