status,intersection
Core,6.140350877192983
Non-core,5.2631578947368425
