status,intersection
Core,4.901960784313726
Non-core,4.411764705882353
