status,intersection
Core,12.623762376237623
Non-core,9.96309963099631
