status,intersection
Core,3.3482142857142856
Non-core,2.4922118380062304
