status,intersection
Core,8.955223880597014
Non-core,8.045977011494253
