status,intersection
Core,10.169491525423728
Non-core,11.881188118811881
