status,intersection
Core,0.5093378607809848
Non-core,0.44642857142857145
