status,intersection
Core,13.986013986013987
Non-core,8.737864077669903
