status,intersection
Core,4.355108877721943
Non-core,2.89532293986637
