status,intersection
Core,9.35960591133005
Non-core,7.042253521126761
