status,intersection
Core,5.291005291005291
Non-core,3.7037037037037037
