status,intersection
Core,0.15772870662460567
Non-core,0.21141649048625794
