status,intersection
Core,6.962025316455696
Non-core,6.60377358490566
