status,intersection
Core,8.239700374531836
Non-core,8.670520231213873
