status,intersection
Core,3.988603988603989
Non-core,4.291845493562231
