status,intersection
Core,10.382513661202186
Non-core,10.077519379844961
