status,intersection
Core,0.8995502248875562
Non-core,0.43010752688172044
