status,intersection
Core,3.7037037037037037
Non-core,3.2467532467532467
