status,intersection
Core,0.2183406113537118
Non-core,0.2976190476190476
