status,intersection
Core,4.400606980273142
Non-core,3.9337474120082816
