status,intersection
Core,4.564315352697095
Non-core,3.264094955489614
