status,intersection
Core,1.4446227929373996
Non-core,0.6479481641468683
