status,intersection
Core,1.1061946902654867
Non-core,1.2121212121212122
