status,intersection
Core,4.697986577181208
Non-core,4.62962962962963
