status,intersection
Core,2.861952861952862
Non-core,2.412280701754386
