status,intersection
Core,6.2154696132596685
Non-core,4.1420118343195265
