status,intersection
Core,5.749486652977413
Non-core,4.80225988700565
