status,intersection
Core,3.194888178913738
Non-core,0.9389671361502347
