status,intersection
Core,0.29069767441860467
Non-core,0.425531914893617
