status,intersection
Core,4.777070063694268
Non-core,3.7735849056603774
