status,intersection
Core,0.8982035928143712
Non-core,0.205761316872428
