status,intersection
Core,4.672897196261682
Non-core,4.054054054054054
