status,intersection
Core,9.422110552763819
Non-core,6.143344709897611
