status,intersection
Core,4.338842975206612
Non-core,3.68271954674221
