status,intersection
Core,4.953560371517028
Non-core,3.6036036036036037
