status,intersection
Core,7.086614173228346
Non-core,6.593406593406593
