status,intersection
Core,3.4378159757330637
Non-core,2.4585125998770745
