status,intersection
Core,1.4563106796116505
Non-core,0.6944444444444444
