status,intersection
Core,3.2376747608535688
Non-core,2.001906577693041
