status,intersection
Core,6.239168110918544
Non-core,2.517162471395881
