status,intersection
Core,3.278688524590164
Non-core,2.6666666666666665
