status,intersection
Core,4.18848167539267
Non-core,1.5873015873015872
