status,intersection
Core,11.434511434511435
Non-core,6.705539358600583
