status,intersection
Core,3.7694013303769403
Non-core,3.3333333333333335
