status,intersection
Core,13.480885311871228
Non-core,7.344632768361582
