status,intersection
Core,1.8018018018018018
Non-core,1.3888888888888888
