status,intersection
Core,6.6115702479338845
Non-core,6.153846153846154
