status,intersection
Core,3.9473684210526314
Non-core,3.1683168316831685
