status,intersection
Core,4.938271604938271
Non-core,6.122448979591836
