status,intersection
Core,17.763157894736842
Non-core,17.02127659574468
