status,intersection
Core,1.0810810810810811
Non-core,0.7075471698113207
