status,intersection
Core,11.640211640211641
Non-core,3.225806451612903
