status,intersection
Core,5.656565656565657
Non-core,2.816901408450704
