status,intersection
Core,13.821138211382113
Non-core,12.820512820512821
