status,intersection
Core,2.1844660194174756
Non-core,2.4390243902439024
