status,intersection
Core,0.6993006993006993
Non-core,0.5347593582887701
