status,intersection
Core,8.038585209003216
Non-core,5.527638190954774
