status,intersection
Core,2.177293934681182
Non-core,1.4583333333333333
