status,intersection
Core,9.025270758122744
Non-core,7.8341013824884795
