status,intersection
Core,4.234527687296417
Non-core,1.9607843137254901
