status,intersection
Core,9.722222222222221
Non-core,6.585365853658536
