status,intersection
Core,10.638297872340425
Non-core,14.285714285714286
