status,intersection
Core,9.448818897637794
Non-core,7.413793103448276
