status,intersection
Core,7.191780821917808
Non-core,7.804878048780488
