status,intersection
Core,4.45859872611465
Non-core,3.4782608695652173
