status,intersection
Core,0.684931506849315
Non-core,0.49261083743842365
