status,intersection
Core,7.5734157650695515
Non-core,6.148491879350348
