status,intersection
Core,13.814955640050696
Non-core,10.732538330494037
