status,intersection
Core,6.4935064935064934
Non-core,9.090909090909092
