status,intersection
Core,12.618296529968454
Non-core,8.836206896551724
