status,intersection
Core,7.11864406779661
Non-core,5.8558558558558556
