status,intersection
Core,3.289473684210526
Non-core,3.225806451612903
