status,intersection
Core,5.365853658536586
Non-core,3.2142857142857144
