status,intersection
Core,5.504587155963303
Non-core,4.635761589403973
