status,intersection
Core,3.932584269662921
Non-core,2.491103202846975
