status,intersection
Core,7.43801652892562
Non-core,8.045977011494253
