status,intersection
Core,4.662379421221865
Non-core,3.7815126050420167
