status,intersection
Core,6.288032454361055
Non-core,4.597701149425287
