status,intersection
Core,4.417670682730924
Non-core,4.166666666666667
