status,intersection
Core,6.57439446366782
Non-core,3.0303030303030303
