status,intersection
Core,6.802721088435374
Non-core,4.651162790697675
