status,intersection
Core,2.5817555938037864
Non-core,2.0689655172413794
