status,intersection
Core,8.542713567839195
Non-core,6.923076923076923
