status,intersection
Core,7.299270072992701
Non-core,4.166666666666667
