status,intersection
Core,8.644859813084112
Non-core,7.876712328767123
