status,intersection
Core,7.524752475247524
Non-core,7.262569832402234
