status,intersection
Core,5.198776758409786
Non-core,5.092592592592593
