status,intersection
Core,6.666666666666667
Non-core,7.070707070707071
