status,intersection
Core,6.3938618925831205
Non-core,4.273504273504273
