status,intersection
Core,8.602150537634408
Non-core,9.433962264150944
