status,intersection
Core,3.382838283828383
Non-core,3.694267515923567
