status,intersection
Core,6.818181818181818
Non-core,5.614035087719298
