status,intersection
Core,1.1961722488038278
Non-core,0.974025974025974
