status,intersection
Core,17.37120211360634
Non-core,14.201183431952662
