status,intersection
Core,13.188976377952756
Non-core,8.791208791208792
