status,intersection
Core,7.49063670411985
Non-core,4.66321243523316
