status,intersection
Core,2.1553477023180156
Non-core,1.454898157129001
