status,intersection
Core,2.864450127877238
Non-core,2.1104903786468032
