status,intersection
Core,6.73758865248227
Non-core,8.98876404494382
