status,intersection
Core,5.06993006993007
Non-core,4.556354916067146
