status,intersection
Core,6.197183098591549
Non-core,4.602510460251046
