status,intersection
Core,4.814004376367615
Non-core,4.1420118343195265
