status,intersection
Core,1.7699115044247788
Non-core,2.7027027027027026
