status,intersection
Core,9.766454352441613
Non-core,9.23076923076923
