status,intersection
Core,8.24742268041237
Non-core,11.428571428571429
