status,intersection
Core,2.0648967551622417
Non-core,1.7621145374449338
