status,intersection
Core,3.1358885017421603
Non-core,3.7209302325581395
