status,intersection
Core,12.67605633802817
Non-core,9.876543209876543
