status,intersection
Core,13.399153737658674
Non-core,9.514925373134329
