status,intersection
Core,10.854816824966079
Non-core,6.4833005893909625
