status,intersection
Core,6.4935064935064934
Non-core,7.6923076923076925
