status,intersection
Core,3.67170626349892
Non-core,3.374233128834356
