status,intersection
Core,1.1705685618729098
Non-core,1.098901098901099
