status,intersection
Core,9.262435677530018
Non-core,6.081081081081081
