status,intersection
Core,7.386363636363637
Non-core,3.476482617586912
