status,intersection
Core,0.16750418760469013
Non-core,0.21929824561403508
