status,intersection
Core,3.8461538461538463
Non-core,7.6923076923076925
