status,intersection
Core,7.3232323232323235
Non-core,5.681818181818182
