status,intersection
Core,2.152080344332855
Non-core,2.0202020202020203
