status,intersection
Core,10.714285714285714
Non-core,8.771929824561404
