status,intersection
Core,18.01801801801802
Non-core,16.417910447761194
