status,intersection
Core,7.070707070707071
Non-core,1.8181818181818181
