status,intersection
Core,3.4188034188034186
Non-core,3.076923076923077
