status,intersection
Core,0.9868421052631579
Non-core,0.9302325581395349
