status,intersection
Core,9.392265193370166
Non-core,7.246376811594203
