status,intersection
Core,7.253886010362694
Non-core,6.405693950177936
