status,intersection
Core,5.4927302100161555
Non-core,4.2682926829268295
