status,intersection
Core,3.5555555555555554
Non-core,1.9230769230769231
