status,intersection
Core,10.185185185185185
Non-core,10.126582278481013
