status,intersection
Core,7.894736842105263
Non-core,5.785123966942149
