status,intersection
Core,9.703504043126685
Non-core,9.96168582375479
