status,intersection
Core,12.295081967213115
Non-core,13.333333333333334
