status,intersection
Core,4.411764705882353
Non-core,2.4390243902439024
