status,intersection
Core,0.9174311926605505
Non-core,1.2269938650306749
