status,intersection
Core,2.3411371237458196
Non-core,1.9047619047619047
