status,intersection
Core,9.316770186335404
Non-core,11.458333333333334
