status,intersection
Core,5.232558139534884
Non-core,5.084745762711864
