status,intersection
Core,5.932203389830509
Non-core,3.5242290748898677
