status,intersection
Core,2.1337126600284493
Non-core,2.191235059760956
