status,intersection
Core,2.880658436213992
Non-core,2.1739130434782608
