status,intersection
Core,2.3622047244094486
Non-core,3.3707865168539324
