status,intersection
Core,2.185792349726776
Non-core,1.968503937007874
