status,intersection
Core,12.096774193548388
Non-core,10.112359550561798
