status,intersection
Core,5.6716417910447765
Non-core,6.4655172413793105
