status,intersection
Core,4.62962962962963
Non-core,3.9473684210526314
