status,intersection
Core,3.583061889250814
Non-core,3.061224489795918
