status,intersection
Core,0.6211180124223602
Non-core,0.8695652173913043
