status,intersection
Core,0.9404388714733543
Non-core,0.6410256410256411
