status,intersection
Core,0.6734006734006734
Non-core,0.6637168141592921
