status,intersection
Core,5.698005698005698
Non-core,6.410256410256411
