status,intersection
Core,2.736318407960199
Non-core,2.2222222222222223
