status,intersection
Core,3.1380753138075312
Non-core,1.466275659824047
