status,intersection
Core,10.566037735849056
Non-core,7.526881720430108
