status,intersection
Core,11.477761836441895
Non-core,7.528957528957529
