status,intersection
Core,0.44543429844098
Non-core,0.6116207951070336
