status,intersection
Core,5.813953488372093
Non-core,1.9607843137254901
