status,intersection
Core,9.876543209876543
Non-core,7.051282051282051
