status,intersection
Core,8.411214953271028
Non-core,6.896551724137931
