status,intersection
Core,10.264900662251655
Non-core,8.457711442786069
