status,intersection
Core,5.343511450381679
Non-core,5.882352941176471
