status,intersection
Core,5.454545454545454
Non-core,4.49438202247191
