status,intersection
Core,10.703363914373089
Non-core,7.589285714285714
