status,intersection
Core,6.557377049180328
Non-core,5.027932960893855
