status,intersection
Core,6.050420168067227
Non-core,3.9735099337748343
