status,intersection
Core,5.225225225225225
Non-core,3.7209302325581395
