status,intersection
Core,5.851063829787234
Non-core,5.158730158730159
