status,intersection
Core,0.2936857562408223
Non-core,0.4166666666666667
