status,intersection
Core,13.978494623655914
Non-core,14.545454545454545
