status,intersection
Core,3.5714285714285716
Non-core,4.3478260869565215
