status,intersection
Core,4.967948717948718
Non-core,3.0172413793103448
