status,intersection
Core,5.245901639344262
Non-core,4.793028322440088
