status,intersection
Core,3.6407766990291264
Non-core,3.3132530120481927
