status,intersection
Core,10.69767441860465
Non-core,9.523809523809524
