status,intersection
Core,6.825938566552901
Non-core,5.41871921182266
