status,intersection
Core,9.900990099009901
Non-core,7.352941176470588
