status,intersection
Core,2.962962962962963
Non-core,2.6737967914438503
