status,intersection
Core,14.066496163682864
Non-core,8.778625954198473
