status,intersection
Core,0.6711409395973155
Non-core,0.6153846153846154
