status,intersection
Core,11.206896551724139
Non-core,6.948640483383686
