status,intersection
Core,9.51188986232791
Non-core,6.357388316151202
