status,intersection
Core,7.2202166064981945
Non-core,5.225653206650831
