status,intersection
Core,5.349794238683128
Non-core,5.882352941176471
