status,intersection
Core,6.299212598425197
Non-core,6.521739130434782
