status,intersection
Core,9.782608695652174
Non-core,8.450704225352112
