status,intersection
Core,7.246376811594203
Non-core,6.4935064935064934
