status,intersection
Core,7.558139534883721
Non-core,5.982905982905983
