status,intersection
Core,9.295774647887324
Non-core,5.6521739130434785
