status,intersection
Core,1.6260162601626016
Non-core,2.4096385542168677
