status,intersection
Core,11.046511627906977
Non-core,12.096774193548388
