status,intersection
Core,3.669724770642202
Non-core,6.349206349206349
