status,intersection
Core,15.8004158004158
Non-core,9.734513274336283
