status,intersection
Core,4.888888888888889
Non-core,4.938271604938271
