status,intersection
Core,4.918032786885246
Non-core,4.477611940298507
