status,intersection
Core,11.419068736141908
Non-core,9.243697478991596
