status,intersection
Core,12.32876712328767
Non-core,11.494252873563218
