status,intersection
Core,6.451612903225806
Non-core,13.793103448275861
