status,intersection
Core,14.739884393063583
Non-core,11.428571428571429
