status,intersection
Core,8.712121212121213
Non-core,6.701030927835052
