status,intersection
Core,3.5426731078904994
Non-core,2.795698924731183
