status,intersection
Core,1.9230769230769231
Non-core,0.9345794392523364
