status,intersection
Core,3.896103896103896
Non-core,3.3333333333333335
