status,intersection
Core,6.796116504854369
Non-core,6.153846153846154
