status,intersection
Core,12.137203166226913
Non-core,7.8231292517006805
