status,intersection
Core,4.508856682769726
Non-core,4.690831556503198
