status,intersection
Core,8.900523560209423
Non-core,6.481481481481482
