status,intersection
Core,3.278688524590164
Non-core,2.962962962962963
