status,intersection
Core,4.814004376367615
Non-core,3.3434650455927053
