status,intersection
Core,1.7628205128205128
Non-core,1.079913606911447
