status,intersection
Core,1.834862385321101
Non-core,2.9411764705882355
