status,intersection
Core,4.716981132075472
Non-core,2.73972602739726
