status,intersection
Core,4.694835680751174
Non-core,5.063291139240507
