status,intersection
Core,5.208333333333333
Non-core,9.30232558139535
