status,intersection
Core,1.8672199170124482
Non-core,1.6713091922005572
