status,intersection
Core,11.504424778761061
Non-core,8.108108108108109
