status,intersection
Core,5.3164556962025316
Non-core,4.270462633451957
