status,intersection
Core,13.88888888888889
Non-core,15.492957746478874
