status,intersection
Core,1.7341040462427746
Non-core,2.109704641350211
