status,intersection
Core,7.801418439716312
Non-core,4.166666666666667
