status,intersection
Core,4.18848167539267
Non-core,3.4965034965034967
