status,intersection
Core,7.792207792207792
Non-core,8.396946564885496
