status,intersection
Core,12.423625254582484
Non-core,7.5418994413407825
