status,intersection
Core,8.689248895434462
Non-core,6.8359375
