status,intersection
Core,10.670731707317072
Non-core,10.504201680672269
