status,intersection
Core,9.685230024213075
Non-core,8.992805755395683
