status,intersection
Core,6.043956043956044
Non-core,4.263565891472868
