status,intersection
Core,2.1459227467811157
Non-core,1.36986301369863
