status,intersection
Core,9.696969696969697
Non-core,8.16326530612245
