status,intersection
Core,9.452201933404941
Non-core,7.525325615050651
