status,intersection
Core,1.7647058823529411
Non-core,2.1645021645021645
