status,intersection
Core,3.852596314907873
Non-core,2.242152466367713
