status,intersection
Core,2.5396825396825395
Non-core,1.7857142857142858
