status,intersection
Core,12.682926829268293
Non-core,6.7924528301886795
