status,intersection
Core,9.831460674157304
Non-core,7.531380753138075
