status,intersection
Core,7.446808510638298
Non-core,4.918032786885246
