status,intersection
Core,1.2939001848428835
Non-core,1.4285714285714286
