status,intersection
Core,0.6607929515418502
Non-core,0.7153075822603719
