status,intersection
Core,0.37243947858473
Non-core,0.24271844660194175
