status,intersection
Core,5.164319248826291
Non-core,7.142857142857143
