status,intersection
Core,2.2736500203004466
Non-core,1.5012106537530265
