status,intersection
Core,6.169296987087518
Non-core,5.349794238683128
