status,intersection
Core,5.906040268456376
Non-core,4.387568555758683
