status,intersection
Core,0.967741935483871
Non-core,0.4608294930875576
