status,intersection
Core,4.552352048558422
Non-core,2.6694045174537986
