status,intersection
Core,6.026058631921824
Non-core,5.472636815920398
