status,intersection
Core,8.333333333333334
Non-core,10.227272727272727
