status,intersection
Core,1.7006802721088434
Non-core,2.0202020202020203
