status,intersection
Core,0.6722689075630253
Non-core,0.44052863436123346
