status,intersection
Core,3.7735849056603774
Non-core,3.9393939393939394
