status,intersection
Core,6.818181818181818
Non-core,7.758620689655173
