status,intersection
Core,9.803921568627452
Non-core,8.633093525179856
