status,intersection
Core,1.8575851393188854
Non-core,1.6666666666666667
