status,intersection
Core,3.321033210332103
Non-core,2.5510204081632653
