status,intersection
Core,2.3172905525846703
Non-core,1.8779342723004695
