status,intersection
Core,3.0303030303030303
Non-core,2.1052631578947367
