status,intersection
Core,7.258064516129032
Non-core,7.462686567164179
