status,intersection
Core,1.2139605462822458
Non-core,1.2072434607645874
