status,intersection
Core,3.225806451612903
Non-core,1.9801980198019802
