status,intersection
Core,12.416851441241684
Non-core,7.38362760834671
