status,intersection
Core,4.30416068866571
Non-core,3.048780487804878
