status,intersection
Core,4.225352112676056
Non-core,3.8095238095238093
