status,intersection
Core,6.779661016949152
Non-core,4.733727810650888
