status,intersection
Core,6.542056074766355
Non-core,8.620689655172415
