status,intersection
Core,16.3265306122449
Non-core,11.666666666666666
