status,intersection
Core,2.558139534883721
Non-core,2.5641025641025643
