status,intersection
Core,8.51063829787234
Non-core,7.792207792207792
