status,intersection
Core,5.161290322580645
Non-core,4.1420118343195265
