status,intersection
Core,11.400651465798045
Non-core,8.630952380952381
