status,intersection
Core,10.740203193033382
Non-core,7.100591715976331
