status,intersection
Core,8.219178082191782
Non-core,6.614785992217898
