status,intersection
Core,5.5813953488372094
Non-core,4.827586206896552
