status,intersection
Core,6.578947368421052
Non-core,7.2727272727272725
