status,intersection
Core,1.1904761904761905
Non-core,0.8298755186721992
