status,intersection
Core,17.280163599182004
Non-core,13.903743315508022
