status,intersection
Core,7.980049875311721
Non-core,5.755395683453237
