status,intersection
Core,2.127659574468085
Non-core,2.1052631578947367
