status,intersection
Core,5.649717514124294
Non-core,4.878048780487805
