status,intersection
Core,5.303030303030303
Non-core,4.854368932038835
