status,intersection
Core,5.470635559131134
Non-core,4.901960784313726
