status,intersection
Core,10.380116959064328
Non-core,7.535641547861507
