status,intersection
Core,2.48868778280543
Non-core,1.829268292682927
