status,intersection
Core,4.225352112676056
Non-core,4.45859872611465
