status,intersection
Core,2.014388489208633
Non-core,2.0242914979757085
