status,intersection
Core,16.774891774891774
Non-core,12.280701754385966
