status,intersection
Core,2.6156941649899395
Non-core,2.4193548387096775
