status,intersection
Core,11.764705882352942
Non-core,8.724832214765101
