status,intersection
Core,7.052441229656419
Non-core,6.5375302663438255
