status,intersection
Core,7.777777777777778
Non-core,6.349206349206349
