status,intersection
Core,1.3636363636363635
Non-core,1.8181818181818181
