status,intersection
Core,13.864306784660767
Non-core,10.344827586206897
