status,intersection
Core,2.027027027027027
Non-core,0.6211180124223602
