status,intersection
Core,9.183673469387756
Non-core,10.344827586206897
