status,intersection
Core,2.690582959641256
Non-core,1.2658227848101267
