status,intersection
Core,4.160688665710187
Non-core,3.3126293995859215
