status,intersection
Core,2.464788732394366
Non-core,2.6041666666666665
