status,intersection
Core,7.106598984771574
Non-core,8.51063829787234
