status,intersection
Core,6.443298969072165
Non-core,7.5396825396825395
