status,intersection
Core,9.667673716012084
Non-core,6.9105691056910565
