status,intersection
Core,0.8130081300813008
Non-core,1.1904761904761905
