status,intersection
Core,0.8746355685131195
Non-core,0.42735042735042733
