status,intersection
Core,3.910614525139665
Non-core,2.2058823529411766
