status,intersection
Core,7.6502732240437155
Non-core,6.451612903225806
