status,intersection
Core,7.2727272727272725
Non-core,6.410256410256411
