status,intersection
Core,0.5128205128205128
Non-core,0.45045045045045046
