status,intersection
Core,6.430155210643015
Non-core,4.2682926829268295
