status,intersection
Core,11.67728237791932
Non-core,10.365853658536585
