status,intersection
Core,3.2549728752260396
Non-core,2.142857142857143
