status,intersection
Core,5.521472392638037
Non-core,7.228915662650603
