status,intersection
Core,4.157549234135668
Non-core,2.127659574468085
