status,intersection
Core,11.082474226804123
Non-core,8.24742268041237
