status,intersection
Core,1.3029315960912051
Non-core,0.45662100456621
