status,intersection
Core,2.2821576763485476
Non-core,1.4124293785310735
