status,intersection
Core,0.16806722689075632
Non-core,0.22026431718061673
