status,intersection
Core,2.857142857142857
Non-core,1.4184397163120568
