status,intersection
Core,20.35175879396985
Non-core,16.468725257323833
