status,intersection
Core,7.281553398058253
Non-core,8.450704225352112
