status,intersection
Core,9.174311926605505
Non-core,11.904761904761905
