status,intersection
Core,11.636363636363637
Non-core,11.34020618556701
