status,intersection
Core,11.570247933884298
Non-core,11.046511627906977
