status,intersection
Core,10.736196319018404
Non-core,6.666666666666667
