status,intersection
Core,4.40251572327044
Non-core,4.368932038834951
