status,intersection
Core,11.386138613861386
Non-core,10.071942446043165
