status,intersection
Core,7.377049180327869
Non-core,6.7114093959731544
