status,intersection
Core,4.651162790697675
Non-core,3.6608863198458574
