status,intersection
Core,6.956521739130435
Non-core,4.615384615384615
