status,intersection
Core,4.176334106728539
Non-core,1.9169329073482428
