status,intersection
Core,5.9880239520958085
Non-core,4.878048780487805
