status,intersection
Core,17.341040462427745
Non-core,16.513761467889907
