status,intersection
Core,15.079365079365079
Non-core,15.789473684210526
