status,intersection
Core,1.6920473773265652
Non-core,1.348314606741573
