status,intersection
Core,6.563706563706564
Non-core,4.301075268817204
