status,intersection
Core,4.550898203592815
Non-core,4.126984126984127
