status,intersection
Core,3.8461538461538463
Non-core,3.6036036036036037
