status,intersection
Core,5.5155875299760195
Non-core,5.752212389380531
