status,intersection
Core,13.008130081300813
Non-core,11.538461538461538
