status,intersection
Core,6.343283582089552
Non-core,4.7368421052631575
