status,intersection
Core,6.756756756756757
Non-core,10.714285714285714
