status,intersection
Core,13.66223908918406
Non-core,9.137055837563452
