status,intersection
Core,0.9057971014492754
Non-core,0.9302325581395349
