status,intersection
Core,0.929368029739777
Non-core,0.7194244604316546
