status,intersection
Core,2.027027027027027
Non-core,0.8620689655172413
