status,intersection
Core,0.9324009324009324
Non-core,1.2578616352201257
