status,intersection
Core,7.109004739336493
Non-core,5.673758865248227
