status,intersection
Core,8.745874587458745
Non-core,5.043859649122807
