status,intersection
Core,1.0135135135135136
Non-core,1.1061946902654867
