status,intersection
Core,4.430379746835443
Non-core,4.065040650406504
