status,intersection
Core,9.70873786407767
Non-core,11.811023622047244
