status,intersection
Core,3.225806451612903
Non-core,2.027027027027027
