status,intersection
Core,13.81578947368421
Non-core,14.102564102564102
