status,intersection
Core,7.734806629834254
Non-core,4.098360655737705
