status,intersection
Core,13.235294117647058
Non-core,13.953488372093023
