status,intersection
Core,4.674220963172805
Non-core,4.182509505703422
