status,intersection
Core,13.157894736842104
Non-core,9.174311926605505
