status,intersection
Core,3.389830508474576
Non-core,2.3076923076923075
