status,intersection
Core,1.9950124688279303
Non-core,1.7857142857142858
