status,intersection
Core,10.869565217391305
Non-core,15.384615384615385
