status,intersection
Core,10.497237569060774
Non-core,7.563025210084033
