status,intersection
Core,6.046511627906977
Non-core,5.128205128205129
