status,intersection
Core,0.9404388714733543
Non-core,0.6289308176100629
