status,intersection
Core,7.017543859649122
Non-core,4.504504504504505
