status,intersection
Core,0.8862629246676514
Non-core,1.050420168067227
