status,intersection
Core,8.152173913043478
Non-core,6.106870229007634
