status,intersection
Core,4.037267080745342
Non-core,4.090909090909091
