status,intersection
Core,1.8248175182481752
Non-core,0.5025125628140703
