status,intersection
Core,8.098987626546682
Non-core,5.943536404160476
