status,intersection
Core,4.3383947939262475
Non-core,4.093567251461988
