status,intersection
Core,7.77027027027027
Non-core,5.882352941176471
