status,intersection
Core,6.049822064056939
Non-core,5.376344086021505
