status,intersection
Core,0.3546099290780142
Non-core,0.5128205128205128
