status,intersection
Core,8.274231678486998
Non-core,7.666666666666667
