status,intersection
Core,3.626943005181347
Non-core,2.7586206896551726
