status,intersection
Core,3.515625
Non-core,2.4752475247524752
