status,intersection
Core,3.0837004405286343
Non-core,2.9069767441860463
