status,intersection
Core,9.183673469387756
Non-core,9.23076923076923
