status,intersection
Core,11.382113821138212
Non-core,6.818181818181818
