status,intersection
Core,3.0023094688221708
Non-core,1.8691588785046729
