status,intersection
Core,5.936073059360731
Non-core,6.944444444444445
