status,intersection
Core,3.8461538461538463
Non-core,4.666666666666667
