status,intersection
Core,5.056179775280899
Non-core,3.1746031746031744
