status,intersection
Core,7.6923076923076925
Non-core,13.333333333333334
