status,intersection
Core,8.383233532934131
Non-core,5.357142857142857
