status,intersection
Core,4.148471615720524
Non-core,3.658536585365854
