status,intersection
Core,5.504587155963303
Non-core,3.4482758620689653
