status,intersection
Core,1.846381093057607
Non-core,0.4803073967339097
