status,intersection
Core,2.0833333333333335
Non-core,0.2932551319648094
