status,intersection
Core,9.574468085106384
Non-core,12.727272727272727
