status,intersection
Core,12.616822429906541
Non-core,13.286713286713287
