status,intersection
Core,5.58659217877095
Non-core,6.2015503875969
