status,intersection
Core,6.217616580310881
Non-core,6.299212598425197
