status,intersection
Core,7.130434782608695
Non-core,5.825242718446602
