status,intersection
Core,2.4242424242424243
Non-core,2.608695652173913
