status,intersection
Core,3.4482758620689653
Non-core,6.382978723404255
