status,intersection
Core,2.992957746478873
Non-core,2.0642201834862384
