status,intersection
Core,3.008595988538682
Non-core,1.6494845360824741
