status,intersection
Core,9.44206008583691
Non-core,8.695652173913043
