status,intersection
Core,1.7621145374449338
Non-core,0.8438818565400844
