status,intersection
Core,9.554140127388536
Non-core,9.90990990990991
