status,intersection
Core,4.323570432357044
Non-core,3.4234234234234235
