status,intersection
Core,0.9009009009009009
Non-core,1.3888888888888888
