status,intersection
Core,13.375796178343949
Non-core,10.344827586206897
