status,intersection
Core,4.477611940298507
Non-core,4.2105263157894735
