status,intersection
Core,5.438066465256798
Non-core,5.172413793103448
