status,intersection
Core,0.7194244604316546
Non-core,1.3333333333333333
