status,intersection
Core,7.164179104477612
Non-core,5.633802816901408
