status,intersection
Core,6.185567010309279
Non-core,5.714285714285714
