status,intersection
Core,3.4482758620689653
Non-core,1.8018018018018018
