status,intersection
Core,5.3061224489795915
Non-core,4.4692737430167595
