status,intersection
Core,1.1194029850746268
Non-core,1.2048192771084338
