status,intersection
Core,8.152173913043478
Non-core,7.874015748031496
