status,intersection
Core,5.7057057057057055
Non-core,4.032258064516129
