status,intersection
Core,12.213740458015268
Non-core,10.869565217391305
