status,intersection
Core,4.029304029304029
Non-core,2.6455026455026456
