status,intersection
Core,9.79020979020979
Non-core,8.256880733944953
