status,intersection
Core,6.779661016949152
Non-core,3.3057851239669422
