status,intersection
Core,1.639344262295082
Non-core,3.225806451612903
