status,intersection
Core,7.6452599388379205
Non-core,5.529953917050691
