status,intersection
Core,4.0787623066104075
Non-core,3.538175046554935
