status,intersection
Core,6.981981981981982
Non-core,4.361370716510903
