status,intersection
Core,6.371681415929204
Non-core,4.316546762589928
