status,intersection
Core,5.017921146953405
Non-core,4.1450777202072535
