status,intersection
Core,3.8626609442060085
Non-core,2.346041055718475
