status,intersection
Core,10.396039603960396
Non-core,12.121212121212121
