status,intersection
Core,4.052443384982122
Non-core,3.6334913112164298
