status,intersection
Core,12.121212121212121
Non-core,13.25301204819277
