status,intersection
Core,9.278350515463918
Non-core,10.169491525423728
