status,intersection
Core,3.0732860520094563
Non-core,2.3323615160349855
