status,intersection
Core,8.258527827648114
Non-core,6.532663316582915
