status,intersection
Core,4.587155963302752
Non-core,3.8461538461538463
