status,intersection
Core,5.475504322766571
Non-core,3.9337474120082816
