status,intersection
Core,13.675213675213675
Non-core,15.068493150684931
