status,intersection
Core,9.195402298850574
Non-core,5.833333333333333
