status,intersection
Core,12.318840579710145
Non-core,11.764705882352942
