status,intersection
Core,2.8645833333333335
Non-core,2.9197080291970803
