status,intersection
Core,4.488977955911824
Non-core,3.397129186602871
