status,intersection
Core,7.594936708860759
Non-core,8.51063829787234
