status,intersection
Core,3.8297872340425534
Non-core,1.2820512820512822
