status,intersection
Core,1.834862385321101
Non-core,1.2269938650306749
