status,intersection
Core,10.975609756097562
Non-core,11.214953271028037
