status,intersection
Core,12.92134831460674
Non-core,8.506616257088847
