status,intersection
Core,0.8823529411764706
Non-core,0.4444444444444444
