status,intersection
Core,1.0869565217391304
Non-core,0.7518796992481203
