status,intersection
Core,4.316546762589928
Non-core,4.62962962962963
