status,intersection
Core,16.917293233082706
Non-core,16.574585635359117
