status,intersection
Core,1.4792899408284024
Non-core,1.7937219730941705
