status,intersection
Core,0.22321428571428573
Non-core,0.3067484662576687
