status,intersection
Core,4.660194174757281
Non-core,3.6649214659685865
