status,intersection
Core,10.294117647058824
Non-core,8.854166666666666
