status,intersection
Core,0.33112582781456956
Non-core,0.4694835680751174
