status,intersection
Core,7.749077490774908
Non-core,6.067961165048544
