status,intersection
Core,1.829268292682927
Non-core,0.8403361344537815
