status,intersection
Core,8.035714285714286
Non-core,6.5359477124183005
