status,intersection
Core,1.9230769230769231
Non-core,4.3478260869565215
