status,intersection
Core,7.042253521126761
Non-core,4.25531914893617
