status,intersection
Core,6.829268292682927
Non-core,6.976744186046512
