status,intersection
Core,8.108108108108109
Non-core,8.064516129032258
