status,intersection
Core,6.976744186046512
Non-core,3.7593984962406015
