status,intersection
Core,6.408094435075886
Non-core,5.200945626477542
