status,intersection
Core,7.673267326732673
Non-core,5.298013245033113
