status,intersection
Core,5.813953488372093
Non-core,5.454545454545454
