status,intersection
Core,9.49868073878628
Non-core,9.090909090909092
