status,intersection
Core,3.9927404718693285
Non-core,2.3696682464454977
