status,intersection
Core,4.470588235294118
Non-core,2.26537216828479
