status,intersection
Core,7.44336569579288
Non-core,6.086956521739131
