status,intersection
Core,11.149825783972126
Non-core,9.595959595959595
