status,intersection
Core,4.455445544554456
Non-core,4.545454545454546
