status,intersection
Core,8.333333333333334
Non-core,7.518796992481203
