status,intersection
Core,5.5762081784386615
Non-core,4.455445544554456
