status,intersection
Core,4.90566037735849
Non-core,3.6842105263157894
