status,intersection
Core,1.6100178890876566
Non-core,1.3729977116704806
