status,intersection
Core,5.660377358490566
Non-core,1.8181818181818181
