status,intersection
Core,9.7667638483965
Non-core,6.387225548902196
