status,intersection
Core,10.59190031152648
Non-core,7.216494845360825
