status,intersection
Core,8.955223880597014
Non-core,9.090909090909092
