status,intersection
Core,5.142857142857143
Non-core,3.3057851239669422
