status,intersection
Core,4.197530864197531
Non-core,3.536977491961415
