status,intersection
Core,6.512605042016807
Non-core,5.523255813953488
