status,intersection
Core,8.287292817679559
Non-core,9.565217391304348
