status,intersection
Core,6.508135168961202
Non-core,4.666666666666667
