status,intersection
Core,1.5283842794759825
Non-core,1.492537313432836
