status,intersection
Core,3.3222591362126246
Non-core,3.4482758620689653
