status,intersection
Core,2.720348204570185
Non-core,1.8709677419354838
