status,intersection
Core,3.6458333333333335
Non-core,2.2388059701492535
