status,intersection
Core,0.8941877794336811
Non-core,0.8565310492505354
