status,intersection
Core,10.365853658536585
Non-core,9.574468085106384
