status,intersection
Core,1.415929203539823
Non-core,1.583710407239819
