status,intersection
Core,5.09915014164306
Non-core,4.365079365079365
