status,intersection
Core,2.010968921389397
Non-core,1.9138755980861244
