status,intersection
Core,9.672131147540984
Non-core,6.5359477124183005
