status,intersection
Core,7.174887892376682
Non-core,5.732484076433121
