status,intersection
Core,5.056179775280899
Non-core,3.361344537815126
