status,intersection
Core,11.011904761904763
Non-core,7.30593607305936
