status,intersection
Core,3.592814371257485
Non-core,2.6785714285714284
