status,intersection
Core,0.8403361344537815
Non-core,1.4285714285714286
