status,intersection
Core,6.198347107438017
Non-core,4.430379746835443
