status,intersection
Core,4.545454545454546
Non-core,4.81283422459893
