status,intersection
Core,2.985074626865672
Non-core,3.225806451612903
