status,intersection
Core,11.235955056179776
Non-core,10.833333333333334
