status,intersection
Core,10.138248847926267
Non-core,12.418300653594772
