status,intersection
Core,3.435114503816794
Non-core,2.898550724637681
