status,intersection
Core,10.95890410958904
Non-core,12.631578947368421
