status,intersection
Core,7.065217391304348
Non-core,8.333333333333334
