status,intersection
Core,9.927360774818402
Non-core,7.903780068728523
