status,intersection
Core,2.9806259314456036
Non-core,2.4742268041237114
