status,intersection
Core,3.8306451612903225
Non-core,3.591160220994475
