status,intersection
Core,7.772020725388601
Non-core,8.547008547008547
