status,intersection
Core,1.3377926421404682
Non-core,0.47619047619047616
