status,intersection
Core,2.9761904761904763
Non-core,1.8018018018018018
