status,intersection
Core,9.976798143851509
Non-core,8.417508417508417
