status,intersection
Core,6.040268456375839
Non-core,7.4766355140186915
