status,intersection
Core,6.464379947229552
Non-core,4.823747680890538
