status,intersection
Core,6.043956043956044
Non-core,7.758620689655173
