status,intersection
Core,11.809815950920246
Non-core,8.016032064128256
