status,intersection
Core,5.723905723905724
Non-core,4.651162790697675
