status,intersection
Core,11.403508771929825
Non-core,14.285714285714286
