status,intersection
Core,1.2759170653907497
Non-core,1.0775862068965518
