status,intersection
Core,12.55813953488372
Non-core,7.246376811594203
