status,intersection
Core,0.2857142857142857
Non-core,0.4149377593360996
