status,intersection
Core,1.4903129657228018
Non-core,0.8528784648187633
