status,intersection
Core,4.878048780487805
Non-core,3.053435114503817
