status,intersection
Core,9.058402860548272
Non-core,7.488299531981279
