status,intersection
Core,16.541353383458645
Non-core,15.384615384615385
