status,intersection
Core,1.0593220338983051
Non-core,0.5730659025787965
