status,intersection
Core,2.7007299270072993
Non-core,2.54957507082153
