status,intersection
Core,7.623318385650224
Non-core,6.578947368421052
