status,intersection
Core,1.6717325227963526
Non-core,1.8108651911468814
