status,intersection
Core,1.6207455429497568
Non-core,1.4736842105263157
