status,intersection
Core,8.653846153846153
Non-core,8.235294117647058
