status,intersection
Core,10.326086956521738
Non-core,10.236220472440944
