status,intersection
Core,1.4326647564469914
Non-core,1.2552301255230125
