status,intersection
Core,5.149501661129568
Non-core,3.7362637362637363
