status,intersection
Core,7.07395498392283
Non-core,4.710920770877944
