status,intersection
Core,2.863961813842482
Non-core,1.6339869281045751
