status,intersection
Core,11.439114391143912
Non-core,9.090909090909092
