status,intersection
Core,12.88659793814433
Non-core,11.538461538461538
