status,intersection
Core,14.027149321266968
Non-core,14.388489208633093
