status,intersection
Core,6.976744186046512
Non-core,7.228915662650603
