status,intersection
Core,13.52785145888594
Non-core,11.24031007751938
