status,intersection
Core,12.096774193548388
Non-core,10.344827586206897
