status,intersection
Core,1.6260162601626016
Non-core,1.2048192771084338
