status,intersection
Core,5.485232067510548
Non-core,6.040268456375839
