status,intersection
Core,0.6369426751592356
Non-core,0.8928571428571429
