status,intersection
Core,9.205020920502092
Non-core,9.090909090909092
