status,intersection
Core,0.6564551422319475
Non-core,0.29850746268656714
