status,intersection
Core,2.6315789473684212
Non-core,1.6483516483516483
