status,intersection
Core,2.8753993610223643
Non-core,1.9067796610169492
