status,intersection
Core,0.8849557522123894
Non-core,1.0482180293501049
