status,intersection
Core,12.858555885262117
Non-core,10.144927536231885
