status,intersection
Core,4.250559284116331
Non-core,3.008595988538682
