status,intersection
Core,7.786885245901639
Non-core,8.227848101265822
