status,intersection
Core,2.741514360313316
Non-core,1.4260249554367201
