status,intersection
Core,9.693251533742332
Non-core,7.107438016528926
