status,intersection
Core,1.1940298507462686
Non-core,0.21413276231263384
