status,intersection
Core,7.534246575342466
Non-core,8.98876404494382
