status,intersection
Core,12.735849056603774
Non-core,9.18580375782881
