status,intersection
Core,11.428571428571429
Non-core,15.492957746478874
