status,intersection
Core,3.0303030303030303
Non-core,7.142857142857143
