status,intersection
Core,5.678233438485805
Non-core,3.3653846153846154
