status,intersection
Core,3.0351437699680512
Non-core,2.6030368763557483
