status,intersection
Core,15.909090909090908
Non-core,14.093959731543624
