status,intersection
Core,6.126482213438735
Non-core,3.7433155080213902
