status,intersection
Core,7.886435331230284
Non-core,8.095238095238095
