status,intersection
Core,0.18484288354898337
Non-core,0.23809523809523808
