status,intersection
Core,9.63855421686747
Non-core,8.108108108108109
