status,intersection
Core,6.372549019607843
Non-core,3.6363636363636362
