status,intersection
Core,5.918367346938775
Non-core,4.958677685950414
