status,intersection
Core,7.788161993769471
Non-core,5.8558558558558556
