status,intersection
Core,3.7009622501850483
Non-core,2.581261950286807
