status,intersection
Core,0.8431703204047217
Non-core,0.8849557522123894
