status,intersection
Core,6.220095693779904
Non-core,5.882352941176471
