status,intersection
Core,5.596465390279823
Non-core,3.6144578313253013
