status,intersection
Core,1.1363636363636365
Non-core,0.819672131147541
