status,intersection
Core,13.801452784503631
Non-core,9.726962457337883
