status,intersection
Core,7.79467680608365
Non-core,5.912596401028278
