status,intersection
Core,4.545454545454546
Non-core,6.896551724137931
