status,intersection
Core,4.245283018867925
Non-core,4.166666666666667
