status,intersection
Core,0.44052863436123346
Non-core,0.30120481927710846
