status,intersection
Core,0.14684287812041116
Non-core,0.20833333333333334
