status,intersection
Core,2.816901408450704
Non-core,0.9771986970684039
