status,intersection
Core,3.463203463203463
Non-core,2.857142857142857
