status,intersection
Core,0.7763975155279503
Non-core,0.6211180124223602
