status,intersection
Core,0.35842293906810035
Non-core,0.5208333333333334
