status,intersection
Core,7.936507936507937
Non-core,9.345794392523365
