status,intersection
Core,3.1595576619273302
Non-core,2.736842105263158
