status,intersection
Core,2.1367521367521367
Non-core,1.996007984031936
