status,intersection
Core,5.0691244239631335
Non-core,3.3112582781456954
