status,intersection
Core,10.476190476190476
Non-core,12.121212121212121
