status,intersection
Core,7.569721115537849
Non-core,8.387096774193548
