status,intersection
Core,2.6726057906458798
Non-core,2.662721893491124
