status,intersection
Core,2.8368794326241136
Non-core,2.9411764705882355
