status,intersection
Core,17.941176470588236
Non-core,14.485387547649301
