status,intersection
Core,0.8417508417508418
Non-core,0.45248868778280543
