status,intersection
Core,5.154639175257732
Non-core,4.3478260869565215
