status,intersection
Core,4.4534412955465585
Non-core,2.8901734104046244
