status,intersection
Core,6.915629322268327
Non-core,4.990757855822551
