status,intersection
Core,6.32183908045977
Non-core,5.221932114882507
