status,intersection
Core,6.846846846846847
Non-core,5.198019801980198
