status,intersection
Core,11.790393013100436
Non-core,11.347517730496454
