status,intersection
Core,8.73015873015873
Non-core,14.492753623188406
