status,intersection
Core,1.3544018058690745
Non-core,0.6289308176100629
