status,intersection
Core,4.901960784313726
Non-core,5.333333333333333
