status,intersection
Core,0.1485884101040119
Non-core,0.211864406779661
