status,intersection
Core,10.365853658536585
Non-core,9.649122807017545
