status,intersection
Core,3.6885245901639343
Non-core,4.40251572327044
