status,intersection
Core,0.8836524300441826
Non-core,0.8368200836820083
