status,intersection
Core,6.976744186046512
Non-core,8.51063829787234
