status,intersection
Core,1.2779552715654952
Non-core,1.3392857142857142
