status,intersection
Core,10.43613707165109
Non-core,6.183368869936034
