status,intersection
Core,2.586206896551724
Non-core,1.5384615384615385
