status,intersection
Core,4.49438202247191
Non-core,3.4482758620689653
