status,intersection
Core,2.2580645161290325
Non-core,1.7937219730941705
