status,intersection
Core,3.3936651583710407
Non-core,3.426791277258567
