status,intersection
Core,7.929515418502203
Non-core,5.806451612903226
