status,intersection
Core,2.107728337236534
Non-core,1.8987341772151898
