status,intersection
Core,6.148867313915858
Non-core,3.349282296650718
