status,intersection
Core,2.140077821011673
Non-core,1.5075376884422111
