status,intersection
Core,10.87719298245614
Non-core,7.853403141361256
