status,intersection
Core,2.857142857142857
Non-core,2.5641025641025643
