status,intersection
Core,5.990783410138249
Non-core,5.8441558441558445
