status,intersection
Core,4.45859872611465
Non-core,3.9682539682539684
