status,intersection
Core,18.666666666666668
Non-core,15.217391304347826
