status,intersection
Core,0.373134328358209
Non-core,0.4819277108433735
