status,intersection
Core,3.4305317324185247
Non-core,2.947845804988662
