status,intersection
Core,4.100946372239748
Non-core,2.3404255319148937
