status,intersection
Core,9.895833333333334
Non-core,8.270676691729323
