status,intersection
Core,6.713780918727915
Non-core,5.347593582887701
