status,intersection
Core,11.363636363636363
Non-core,6.896551724137931
