status,intersection
Core,4.602510460251046
Non-core,4.191616766467066
