status,intersection
Core,13.422818791946309
Non-core,11.320754716981131
