status,intersection
Core,7.446808510638298
Non-core,8.928571428571429
