status,intersection
Core,8.053691275167786
Non-core,8.51063829787234
