status,intersection
Core,10.169491525423728
Non-core,8.547008547008547
