status,intersection
Core,3.202846975088968
Non-core,0.5291005291005291
