status,intersection
Core,5.774278215223097
Non-core,5.639097744360902
