status,intersection
Core,19.596541786743515
Non-core,15.917843388960206
