status,intersection
Core,10.545023696682465
Non-core,8.796296296296296
