status,intersection
Core,21.805006587615285
Non-core,15.551366635249764
