status,intersection
Core,7.619047619047619
Non-core,4.964539007092198
