status,intersection
Core,4.696132596685083
Non-core,4.135338345864661
