status,intersection
Core,3.1545741324921135
Non-core,3.0701754385964914
