status,intersection
Core,9.278350515463918
Non-core,11.290322580645162
