status,intersection
Core,11.486486486486486
Non-core,10.909090909090908
