status,intersection
Core,7.43801652892562
Non-core,5.8441558441558445
