status,intersection
Core,6.6115702479338845
Non-core,5.833333333333333
