status,intersection
Core,10.471204188481675
Non-core,8.270676691729323
