status,intersection
Core,3.466204506065858
Non-core,3.0232558139534884
