status,intersection
Core,0.3418803418803419
Non-core,0.45045045045045046
