status,intersection
Core,2.7149321266968327
Non-core,2.5316455696202533
