status,intersection
Core,4.032258064516129
Non-core,2.3529411764705883
