status,intersection
Core,3.0501089324618738
Non-core,3.7383177570093458
