status,intersection
Core,1.8867924528301887
Non-core,3.1746031746031744
