status,intersection
Core,13.77245508982036
Non-core,12.396694214876034
