status,intersection
Core,3.134796238244514
Non-core,2.7777777777777777
