status,intersection
Core,5.9523809523809526
Non-core,3.508771929824561
