status,intersection
Core,11.794871794871796
Non-core,11.895910780669144
