status,intersection
Core,10.382513661202186
Non-core,9.00900900900901
