status,intersection
Core,1.601423487544484
Non-core,0.23809523809523808
