status,intersection
Core,4.8076923076923075
Non-core,2.73972602739726
