status,intersection
Core,0.9592326139088729
Non-core,1.3029315960912051
