status,intersection
Core,4.310344827586207
Non-core,4.57516339869281
