status,intersection
Core,5.793991416309013
Non-core,4.892966360856269
