status,intersection
Core,8.316733067729084
Non-core,5.733252866626433
