status,intersection
Core,5.207811717576365
Non-core,4.199634814363969
