status,intersection
Core,2.5547445255474455
Non-core,1.1820330969267139
