status,intersection
Core,3.5294117647058822
Non-core,1.36986301369863
