status,intersection
Core,8.461538461538462
Non-core,9.090909090909092
