status,intersection
Core,1.917808219178082
Non-core,1.5686274509803921
