status,intersection
Core,10.365853658536585
Non-core,8.771929824561404
