status,intersection
Core,2.572347266881029
Non-core,2.380952380952381
