status,intersection
Core,8.07899461400359
Non-core,7.124681933842239
