status,intersection
Core,7.6923076923076925
Non-core,7.547169811320755
