status,intersection
Core,4.608294930875576
Non-core,3.1847133757961785
