status,intersection
Core,8.823529411764707
Non-core,6.172839506172839
