status,intersection
Core,4.66321243523316
Non-core,5.426356589147287
