status,intersection
Core,6.724511930585683
Non-core,6.3444108761329305
