status,intersection
Core,8.990536277602523
Non-core,6.163021868787276
