status,intersection
Core,3.816793893129771
Non-core,2.512562814070352
