status,intersection
Core,3.925233644859813
Non-core,2.9411764705882355
