status,intersection
Core,2.830188679245283
Non-core,3.3333333333333335
