status,intersection
Core,0.8316008316008316
Non-core,0.7957559681697612
