status,intersection
Core,7.664884135472371
Non-core,7.390300230946882
