status,intersection
Core,1.4198782961460445
Non-core,1.288659793814433
