status,intersection
Core,7.496251874062969
Non-core,6.11439842209073
