status,intersection
Core,1.4953271028037383
Non-core,0.9501187648456056
