status,intersection
Core,0.4149377593360996
Non-core,0.5291005291005291
