status,intersection
Core,4.094488188976378
Non-core,2.9411764705882355
