status,intersection
Core,1.7964071856287425
Non-core,1.2626262626262625
