status,intersection
Core,0.40816326530612246
Non-core,0.5181347150259067
