status,intersection
Core,4.761904761904762
Non-core,3.9312039312039313
