status,intersection
Core,1.5779092702169626
Non-core,0.5128205128205128
