status,intersection
Core,4.271844660194175
Non-core,2.284263959390863
