status,intersection
Core,1.8691588785046729
Non-core,3.225806451612903
