status,intersection
Core,2.404809619238477
Non-core,1.0471204188481675
