status,intersection
Core,1.2345679012345678
Non-core,1.3089005235602094
