status,intersection
Core,8.4472049689441
Non-core,6.734006734006734
