status,intersection
Core,1.9305019305019304
Non-core,0.9803921568627451
