status,intersection
Core,1.6427104722792607
Non-core,1.0610079575596818
