status,intersection
Core,5.719557195571956
Non-core,4.3478260869565215
