status,intersection
Core,1.9880715705765408
Non-core,1.7587939698492463
