status,intersection
Core,4.810996563573883
Non-core,2.9702970297029703
