status,intersection
Core,1.8726591760299625
Non-core,1.66270783847981
