status,intersection
Core,4.356060606060606
Non-core,3.787878787878788
