status,intersection
Core,5.442176870748299
Non-core,4.878048780487805
