status,intersection
Core,1.7892644135188867
Non-core,1.566579634464752
