status,intersection
Core,1.7475728155339805
Non-core,1.488833746898263
