status,intersection
Core,2.846299810246679
Non-core,2.5316455696202533
