status,intersection
Core,1.6129032258064515
Non-core,1.0443864229765014
