status,intersection
Core,0.20920502092050208
Non-core,0.26737967914438504
