status,intersection
Core,3.6036036036036037
Non-core,3.0303030303030303
