status,intersection
Core,2.479338842975207
Non-core,1.3513513513513513
