status,intersection
Core,10.635155096011816
Non-core,8.49802371541502
