status,intersection
Core,1.2269938650306749
Non-core,0.5333333333333333
