status,intersection
Core,4.7368421052631575
Non-core,2.912621359223301
