status,intersection
Core,6.015037593984962
Non-core,5.681818181818182
