status,intersection
Core,0.4175365344467641
Non-core,0.5333333333333333
