status,intersection
Core,0.21052631578947367
Non-core,0.2695417789757412
