status,intersection
Core,4.026845637583893
Non-core,5.2631578947368425
