status,intersection
Core,1.4256619144602851
Non-core,1.2953367875647668
