status,intersection
Core,1.0204081632653061
Non-core,0.7772020725388601
