status,intersection
Core,7.282913165266106
Non-core,5.286343612334802
