status,intersection
Core,1.0438413361169103
Non-core,1.0666666666666667
