status,intersection
Core,7.032967032967033
Non-core,3.3557046979865772
