status,intersection
Core,7.600950118764845
Non-core,5.799373040752351
