status,intersection
Core,0.4175365344467641
Non-core,0.26666666666666666
