status,intersection
Core,2.1194605009633913
Non-core,1.937046004842615
