status,intersection
Core,7.579787234042553
Non-core,6.618962432915922
