status,intersection
Core,2.849740932642487
Non-core,1.6891891891891893
