status,intersection
Core,0.2070393374741201
Non-core,0.2638522427440633
