status,intersection
Core,2.1696252465483234
Non-core,1.9900497512437811
