status,intersection
Core,7.766990291262136
Non-core,5.957446808510638
