status,intersection
Core,2.3300970873786406
Non-core,2.1951219512195124
