status,intersection
Core,7.719298245614035
Non-core,5.773672055427252
