status,intersection
Core,7.703081232492997
Non-core,6.60377358490566
