status,intersection
Core,8.6522462562396
Non-core,6.724511930585683
