status,intersection
Core,6.343283582089552
Non-core,4.600484261501211
