status,intersection
Core,3.278688524590164
Non-core,2.0785219399538106
