status,intersection
Core,2.9411764705882355
Non-core,1.794871794871795
