status,intersection
Core,0.6224066390041494
Non-core,0.5291005291005291
