status,intersection
Core,3.1189083820662766
Non-core,2.512562814070352
