status,intersection
Core,4.3478260869565215
Non-core,1.8963337547408343
