status,intersection
Core,7.441016333938294
Non-core,5.633802816901408
