status,intersection
Core,2.559055118110236
Non-core,1.9900497512437811
