status,intersection
Core,0.6224066390041494
Non-core,0.26455026455026454
