status,intersection
Core,2.3679417122040074
Non-core,1.8518518518518519
