status,intersection
Core,0.20242914979757085
Non-core,0.2564102564102564
