status,intersection
Core,14.423740510697032
Non-core,11.637080867850099
