status,intersection
Core,5.185185185185185
Non-core,4.49438202247191
