status,intersection
Core,3.2629558541266794
Non-core,1.9801980198019802
