status,intersection
Core,0.4166666666666667
Non-core,0.26595744680851063
