status,intersection
Core,1.4613778705636744
Non-core,1.3440860215053763
