status,intersection
Core,0.4132231404958678
Non-core,0.2638522427440633
