status,intersection
Core,4.032258064516129
Non-core,2.5974025974025974
