status,intersection
Core,1.2295081967213115
Non-core,1.0443864229765014
