status,intersection
Core,0.2079002079002079
Non-core,0.26525198938992045
