status,intersection
Core,4.392764857881137
Non-core,2.8225806451612905
