status,intersection
Core,4.838709677419355
Non-core,1.6129032258064515
