status,intersection
Core,0.20408163265306123
Non-core,0.25906735751295334
