status,intersection
Core,3.7825059101654848
Non-core,2.5396825396825395
