status,intersection
Core,3.269230769230769
Non-core,2.8350515463917527
