status,intersection
Core,6.436420722135008
Non-core,5.439330543933054
