status,intersection
Core,1.7412935323383085
Non-core,1.1320754716981132
