status,intersection
Core,3.2653061224489797
Non-core,1.7751479289940828
