status,intersection
Core,4.128440366972477
Non-core,1.8181818181818181
