status,intersection
Core,2.4475524475524475
Non-core,1.408450704225352
