status,intersection
Core,4.072398190045249
Non-core,2.4539877300613497
