status,intersection
Core,6.944444444444445
Non-core,4.545454545454546
