status,intersection
Core,4.081632653061225
Non-core,2.6315789473684212
