status,intersection
Core,3.2710280373831777
Non-core,2.5477707006369426
