status,intersection
Core,3.260869565217391
Non-core,1.6666666666666667
