status,intersection
Core,1.8739352640545144
Non-core,1.1086474501108647
