status,intersection
Core,12.307692307692308
Non-core,12.121212121212121
