status,intersection
Core,3.278688524590164
Non-core,1.6129032258064515
