status,intersection
Core,5.217391304347826
Non-core,3.076923076923077
