status,intersection
Core,9.58904109589041
Non-core,7.6923076923076925
