status,intersection
Core,0.9298393913778529
Non-core,0.657030223390276
