status,intersection
Core,5.511811023622047
Non-core,4.878048780487805
