status,intersection
Core,9.35960591133005
Non-core,6.779661016949152
