status,intersection
Core,7.070707070707071
Non-core,5.555555555555555
