status,intersection
Core,7.635467980295567
Non-core,3.7288135593220337
