status,intersection
Core,4.123711340206185
Non-core,3.7735849056603774
