status,intersection
Core,8.73015873015873
Non-core,7.042253521126761
