status,intersection
Core,5.979381443298969
Non-core,3.003003003003003
