status,intersection
Core,2.247191011235955
Non-core,2.2222222222222223
