status,intersection
Core,10.94890510948905
Non-core,7.042253521126761
