status,intersection
Core,6.798866855524079
Non-core,4.017857142857143
