status,intersection
Core,6.289308176100629
Non-core,5.813953488372093
