status,intersection
Core,2.7777777777777777
Non-core,2.797202797202797
