status,intersection
Core,2.1052631578947367
Non-core,2.5641025641025643
