status,intersection
Core,3.588516746411483
Non-core,1.6025641025641026
