status,intersection
Core,5.421686746987952
Non-core,2.727272727272727
