status,intersection
Core,7.874015748031496
Non-core,5.063291139240507
