status,intersection
Core,9.926470588235293
Non-core,3.061224489795918
