status,intersection
Core,8.064516129032258
Non-core,3.5940803382663846
