status,intersection
Core,5.426356589147287
Non-core,4.819277108433735
