status,intersection
Core,6.857142857142857
Non-core,5.319148936170213
