status,intersection
Core,5.633802816901408
Non-core,4.054054054054054
