status,intersection
Core,8.641975308641975
Non-core,4.697986577181208
