status,intersection
Core,11.176470588235293
Non-core,5.660377358490566
