status,intersection
Core,7.758620689655173
Non-core,8.620689655172415
