status,intersection
Core,9.16030534351145
Non-core,6.832298136645963
