status,intersection
Core,6.185567010309279
Non-core,4.25531914893617
