status,intersection
Core,6.617647058823529
Non-core,6.349206349206349
