status,intersection
Core,9.202453987730062
Non-core,5.2631578947368425
