status,intersection
Core,5.905511811023622
Non-core,4.635761589403973
