status,intersection
Core,3.8095238095238093
Non-core,1.639344262295082
