status,intersection
Core,4.8076923076923075
Non-core,5.172413793103448
