status,intersection
Core,3.9893617021276597
Non-core,2.0761245674740483
