status,intersection
Core,6.329113924050633
Non-core,8.235294117647058
