status,intersection
Core,6.967213114754099
Non-core,1.910828025477707
