status,intersection
Core,1.1627906976744187
Non-core,2.380952380952381
