status,intersection
Core,7.82122905027933
Non-core,3.061224489795918
