status,intersection
Core,8.695652173913043
Non-core,4.424778761061947
