status,intersection
Core,5.421686746987952
Non-core,3.7735849056603774
