status,intersection
Core,5.555555555555555
Non-core,3.3333333333333335
