status,intersection
Core,10.743801652892563
Non-core,7.042253521126761
