status,intersection
Core,7.368421052631579
Non-core,8.88888888888889
