status,intersection
Core,6.1946902654867255
Non-core,7.462686567164179
