status,intersection
Core,3.260869565217391
Non-core,7.142857142857143
