status,intersection
Core,10.81081081081081
Non-core,8.641975308641975
