status,intersection
Core,6.923076923076923
Non-core,3.937007874015748
