status,intersection
Core,1.790073230268511
Non-core,1.7478152309612984
