status,intersection
Core,4.486133768352365
Non-core,3.3962264150943398
