status,intersection
Core,0.2523128679562658
Non-core,0.3931847968545216
