status,intersection
Core,0.9212730318257957
Non-core,0.9126466753585397
