status,intersection
Core,12.18978102189781
Non-core,10.182207931404072
