status,intersection
Core,0.5857740585774058
Non-core,0.7761966364812419
