status,intersection
Core,1.8140589569160999
Non-core,1.2987012987012987
