status,intersection
Core,12.076923076923077
Non-core,8.429561200923787
