status,intersection
Core,0.33613445378151263
Non-core,0.26246719160104987
