status,intersection
Core,1.913477537437604
Non-core,1.421188630490956
