status,intersection
Core,2.2821576763485476
Non-core,1.1111111111111112
