status,intersection
Core,6.122448979591836
Non-core,3.4482758620689653
