status,intersection
Core,0.6739679865206403
Non-core,0.7884362680683311
