status,intersection
Core,3.970223325062035
Non-core,3.061224489795918
