status,intersection
Core,0.41736227045075125
Non-core,0.6443298969072165
