status,intersection
Core,3.8619556285949055
Non-core,2.9224904701397714
