status,intersection
Core,2.2950819672131146
Non-core,1.518987341772152
