status,intersection
Core,1.4267185473411155
Non-core,0.690846286701209
