status,intersection
Core,1.335559265442404
Non-core,0.7782101167315175
