status,intersection
Core,1.728395061728395
Non-core,2.1464646464646466
