status,intersection
Core,0.42052144659377627
Non-core,0.5215123859191656
