status,intersection
Core,2.642444260941371
Non-core,2.295918367346939
