status,intersection
Core,5.51948051948052
Non-core,4.218362282878412
