status,intersection
Core,1.15990057995029
Non-core,1.2738853503184713
