status,intersection
Core,5.813040062843676
Non-core,4.191616766467066
