status,intersection
Core,1.6750418760469012
Non-core,1.3003901170351104
