status,intersection
Core,1.6047297297297298
Non-core,0.9186351706036745
