status,intersection
Core,3.289473684210526
Non-core,2.0725388601036268
