status,intersection
Core,1.7573221757322175
Non-core,1.5523932729624839
