status,intersection
Core,5.891848264729621
Non-core,5.036855036855036
