status,intersection
Core,3.0936454849498327
Non-core,1.8158236057068742
