status,intersection
Core,0.16849199663016007
Non-core,0.26143790849673204
