status,intersection
Core,5.298013245033113
Non-core,5.882352941176471
