status,intersection
Core,5.319148936170213
Non-core,7.547169811320755
