status,intersection
Core,1.2479201331114809
Non-core,1.4193548387096775
