status,intersection
Core,14.525993883792049
Non-core,11.353211009174313
