status,intersection
Core,1.1532125205930808
Non-core,1.6434892541087232
