status,intersection
Core,2.859545836837679
Non-core,1.955671447196871
