status,intersection
Core,0.2533783783783784
Non-core,0.13123359580052493
