status,intersection
Core,8.8715953307393
Non-core,7.8179696616102685
