status,intersection
Core,12.121212121212121
Non-core,10.714285714285714
