status,intersection
Core,1.9559902200488997
Non-core,1.8773466833541927
