status,intersection
Core,3.553299492385787
Non-core,3.252032520325203
