status,intersection
Core,4.754098360655738
Non-core,3.9190897597977243
