status,intersection
Core,1.1676396997497915
Non-core,1.4157014157014156
