status,intersection
Core,1.2325390304026294
Non-core,1.385390428211587
