status,intersection
Core,0.5016722408026756
Non-core,0.7751937984496124
