status,intersection
Core,3.1719532554257097
Non-core,1.937984496124031
