status,intersection
Core,1.4061207609594706
Non-core,1.7811704834605597
