status,intersection
Core,6.722689075630252
Non-core,6.578947368421052
