status,intersection
Core,1.3136288998357963
Non-core,1.509433962264151
