status,intersection
Core,5.5647840531561465
Non-core,4.487179487179487
