status,intersection
Core,2.826267664172901
Non-core,2.3076923076923075
