status,intersection
Core,0.33585222502099077
Non-core,0.5201560468140443
