status,intersection
Core,0.33613445378151263
Non-core,0.2604166666666667
