status,intersection
Core,4.177109440267335
Non-core,2.461139896373057
