status,intersection
Core,1.4096185737976783
Non-core,1.5325670498084292
