status,intersection
Core,0.25252525252525254
Non-core,0.391644908616188
