status,intersection
Core,0.2523128679562658
Non-core,0.2607561929595828
