status,intersection
Core,0.7556675062972292
Non-core,1.0403120936280885
