status,intersection
Core,2.4806201550387597
Non-core,1.9953051643192488
