status,intersection
Core,3.3333333333333335
Non-core,3.6363636363636362
