status,intersection
Core,0.2527379949452401
Non-core,0.39215686274509803
