status,intersection
Core,7.065217391304348
Non-core,5.434782608695652
