status,intersection
Core,3.7735849056603774
Non-core,8.333333333333334
