status,intersection
Core,3.8939519469759736
Non-core,2.053915275994865
