status,intersection
Core,0.8424599831508003
Non-core,0.6553079947575361
