status,intersection
Core,1.3923013923013923
Non-core,1.7565872020075282
