status,intersection
Core,0.41946308724832215
Non-core,0.5194805194805194
