status,intersection
Core,1.7255546425636812
Non-core,1.520912547528517
