status,intersection
Core,6.329113924050633
Non-core,8.88888888888889
