status,intersection
Core,2.2632020117351215
Non-core,1.953125
