status,intersection
Core,6.842923794712286
Non-core,4.716981132075472
