status,intersection
Core,0.08410428931875526
Non-core,0.1303780964797914
