status,intersection
Core,5.128205128205129
Non-core,7.6923076923076925
