status,intersection
Core,4.166666666666667
Non-core,11.11111111111111
