status,intersection
Core,0.5012531328320802
Non-core,0.7751937984496124
