status,intersection
Core,1.086048454469507
Non-core,1.4193548387096775
