status,intersection
Core,0.8396305625524769
Non-core,1.1703511053315996
