status,intersection
Core,0.33698399326032014
Non-core,0.39215686274509803
