status,intersection
Core,0.7481296758104738
Non-core,1.0256410256410255
