status,intersection
Core,1.646090534979424
Non-core,2.1464646464646466
