status,intersection
Core,1.486374896779521
Non-core,1.5228426395939085
