status,intersection
Core,6.410256410256411
Non-core,6.521739130434782
