status,intersection
Core,6.582077716098334
Non-core,5.776173285198556
