status,intersection
Core,0.2516778523489933
Non-core,0.38961038961038963
