status,intersection
Core,0.8361204013377926
Non-core,1.034928848641656
