status,intersection
Core,2.061005770816158
Non-core,1.913265306122449
