status,intersection
Core,19.447852760736197
Non-core,14.678111587982833
