status,intersection
Core,0.9181969949916527
Non-core,1.032258064516129
