status,intersection
Core,2.596314907872697
Non-core,1.8181818181818181
