status,intersection
Core,2.8391167192429023
Non-core,1.1494252873563218
