status,intersection
Core,0.5046257359125316
Non-core,0.6561679790026247
