status,intersection
Core,3.3707865168539324
Non-core,5.769230769230769
