status,intersection
Core,1.2636899747262005
Non-core,1.0484927916120577
