status,intersection
Core,2.7960526315789473
Non-core,1.792573623559539
