status,intersection
Core,3.287671232876712
Non-core,1.639344262295082
