status,intersection
Core,2.985074626865672
Non-core,3.7735849056603774
