status,intersection
Core,7.581803671189146
Non-core,5.2058111380145276
