status,intersection
Core,2.667744543249798
Non-core,2.977667493796526
