status,intersection
Core,4.7420965058236275
Non-core,3.488372093023256
