status,intersection
Core,0.5046257359125316
Non-core,0.651890482398957
