status,intersection
Core,3.4161490683229814
Non-core,1.8691588785046729
