status,intersection
Core,2.988691437802908
Non-core,3.0864197530864197
