status,intersection
Core,4.878048780487805
Non-core,15.384615384615385
