status,intersection
Core,0.5907172995780591
Non-core,0.2628120893561104
