status,intersection
Core,3.278688524590164
Non-core,3.018867924528302
