status,intersection
Core,2.7559055118110236
Non-core,2.3255813953488373
