status,intersection
Core,1.3456686291000841
Non-core,0.7853403141361257
