status,intersection
Core,4.338698390482855
Non-core,3.1440162271805274
