status,intersection
Core,0.33472803347280333
Non-core,0.517464424320828
