status,intersection
Core,4.2682926829268295
Non-core,2.6785714285714284
