status,intersection
Core,1.433389544688027
Non-core,0.6561679790026247
