status,intersection
Core,4.5417680454176805
Non-core,3.6024844720496896
