status,intersection
Core,6.7712634186622624
Non-core,4.707379134860051
