status,intersection
Core,0.6694560669456067
Non-core,0.7761966364812419
