status,intersection
Core,0.8445945945945946
Non-core,0.6561679790026247
