status,intersection
Core,7.900852052672347
Non-core,6.752037252619325
