status,intersection
Core,2.380952380952381
Non-core,3.9473684210526314
