status,intersection
Core,1.3968775677896468
Non-core,1.518987341772152
