status,intersection
Core,4.286892003297609
Non-core,4.092071611253197
