status,intersection
Core,6.198347107438017
Non-core,4.846938775510204
