status,intersection
Core,1.2510425354462051
Non-core,1.287001287001287
