status,intersection
Core,1.480263157894737
Non-core,1.8915510718789408
