status,intersection
Core,5.651274982770503
Non-core,3.796203796203796
