status,intersection
Core,0.7493755203996669
Non-core,1.0282776349614395
