status,intersection
Core,2.211302211302211
Non-core,1.4981273408239701
