status,intersection
Core,4.25531914893617
Non-core,8.333333333333334
