status,intersection
Core,4.6303818034118605
Non-core,3.6340852130325816
