status,intersection
Core,10.909090909090908
Non-core,10.714285714285714
