status,intersection
Core,0.4177109440267335
Non-core,0.6451612903225806
