status,intersection
Core,8.634222919937205
Non-core,5.238095238095238
