status,intersection
Core,3.9473684210526314
Non-core,6.382978723404255
