status,intersection
Core,1.350210970464135
Non-core,0.7863695937090432
