status,intersection
Core,3.361344537815126
Non-core,3.1914893617021276
