status,intersection
Core,4.590163934426229
Non-core,4.166666666666667
