status,intersection
Core,19.10919540229885
Non-core,15.584415584415584
