status,intersection
Core,1.7811704834605597
Non-core,1.3157894736842106
