status,intersection
Core,4.201680672268908
Non-core,1.4705882352941178
