status,intersection
Core,5.154639175257732
Non-core,3.1746031746031744
