status,intersection
Core,1.4675052410901468
Non-core,0.5617977528089888
