status,intersection
Core,2.6865671641791047
Non-core,1.3333333333333333
