status,intersection
Core,2.5316455696202533
Non-core,1.639344262295082
