status,intersection
Core,5.0359712230215825
Non-core,3.883495145631068
