status,intersection
Core,13.88888888888889
Non-core,13.636363636363637
