status,intersection
Core,1.6666666666666667
Non-core,1.8656716417910448
