status,intersection
Core,10.204081632653061
Non-core,5.2631578947368425
