status,intersection
Core,0.7822685788787483
Non-core,0.1736111111111111
