status,intersection
Core,3.7383177570093458
Non-core,3.508771929824561
