status,intersection
Core,5.755395683453237
Non-core,5.4945054945054945
