status,intersection
Core,11.538461538461538
Non-core,7.317073170731708
