status,intersection
Core,8.536585365853659
Non-core,6.818181818181818
