status,intersection
Core,6.796116504854369
Non-core,6.451612903225806
