status,intersection
Core,5.365853658536586
Non-core,5.072463768115942
