status,intersection
Core,2.5210084033613445
Non-core,2.380952380952381
