status,intersection
Core,7.936507936507937
Non-core,6.521739130434782
