status,intersection
Core,10.38961038961039
Non-core,11.11111111111111
