status,intersection
Core,2.67639902676399
Non-core,1.910828025477707
