status,intersection
Core,1.1884550084889642
Non-core,0.4434589800443459
