status,intersection
Core,9.836065573770492
Non-core,6.666666666666667
