status,intersection
Core,9.745762711864407
Non-core,7.736389684813753
