status,intersection
Core,12.244897959183673
Non-core,19.047619047619047
