status,intersection
Core,0.2770083102493075
Non-core,0.36496350364963503
