status,intersection
Core,3.7383177570093458
Non-core,2.5477707006369426
