status,intersection
Core,8.837209302325581
Non-core,6.474820143884892
