status,intersection
Core,3.3694344163658245
Non-core,2.086677367576244
