status,intersection
Core,13.513513513513514
Non-core,13.043478260869565
