status,intersection
Core,3.900709219858156
Non-core,2.73224043715847
