status,intersection
Core,5.179282868525896
Non-core,3.8251366120218577
