status,intersection
Core,1.4705882352941178
Non-core,1.0526315789473684
