status,intersection
Core,5.777777777777778
Non-core,4.878048780487805
