status,intersection
Core,10.344827586206897
Non-core,22.22222222222222
