status,intersection
Core,3.022670025188917
Non-core,2.588996763754045
