status,intersection
Core,4.166666666666667
Non-core,1.3888888888888888
