status,intersection
Core,2.242152466367713
Non-core,1.2345679012345678
