status,intersection
Core,14.166666666666666
Non-core,7.6923076923076925
