status,intersection
Core,5.470737913486005
Non-core,4.273504273504273
