status,intersection
Core,4.186046511627907
Non-core,3.1645569620253164
