status,intersection
Core,4.225352112676056
Non-core,6.666666666666667
