status,intersection
Core,0.9803921568627451
Non-core,1.4705882352941178
