status,intersection
Core,5.066666666666666
Non-core,4.240282685512367
