status,intersection
Core,2.491103202846975
Non-core,1.6483516483516483
