status,intersection
Core,3.6036036036036037
Non-core,1.4705882352941178
