status,intersection
Core,4.218362282878412
Non-core,3.0303030303030303
