status,intersection
Core,3.5759897828863347
Non-core,2.8813559322033897
