status,intersection
Core,4.054054054054054
Non-core,1.9230769230769231
