status,intersection
Core,1.697792869269949
Non-core,1.1086474501108647
