status,intersection
Core,3.167420814479638
Non-core,2.4390243902439024
