status,intersection
Core,9.67741935483871
Non-core,7.317073170731708
