status,intersection
Core,8.34990059642147
Non-core,6.775067750677507
