status,intersection
Core,4.98812351543943
Non-core,4.220779220779221
