status,intersection
Core,2.6548672566371683
Non-core,2.4390243902439024
