status,intersection
Core,2.5974025974025974
Non-core,1.694915254237288
