status,intersection
Core,8.211143695014663
Non-core,6.696428571428571
