status,intersection
Core,1.3986013986013985
Non-core,1.834862385321101
