status,intersection
Core,2.3376623376623376
Non-core,1.0169491525423728
