status,intersection
Core,0.9126466753585397
Non-core,0.3472222222222222
