status,intersection
Core,5.2631578947368425
Non-core,9.090909090909092
