status,intersection
Core,1.0204081632653061
Non-core,1.3157894736842106
