status,intersection
Core,2.1223470661672907
Non-core,1.1627906976744187
