status,intersection
Core,3.896103896103896
Non-core,2.857142857142857
