status,intersection
Core,9.042553191489361
Non-core,6.086956521739131
