status,intersection
Core,3.389830508474576
Non-core,2.3255813953488373
