status,intersection
Core,2.8716216216216215
Non-core,1.5452538631346577
