status,intersection
Core,13.043478260869565
Non-core,14.814814814814815
