status,intersection
Core,4.716981132075472
Non-core,2.4691358024691357
