status,intersection
Core,2.3255813953488373
Non-core,1.5151515151515151
