status,intersection
Core,2.2613065326633164
Non-core,0.9836065573770492
