status,intersection
Core,0.9472259810554804
Non-core,0.5444646098003629
