status,intersection
Core,8.019323671497585
Non-core,6.313131313131313
