status,intersection
Core,2.1052631578947367
Non-core,3.0303030303030303
