status,intersection
Core,7.28476821192053
Non-core,6.382978723404255
