status,intersection
Core,5.9071729957805905
Non-core,3.1847133757961785
