status,intersection
Core,7.317073170731708
Non-core,2.9411764705882355
