status,intersection
Core,2.6315789473684212
Non-core,1.7857142857142858
