status,intersection
Core,3.037974683544304
Non-core,2.6058631921824102
