status,intersection
Core,8.16326530612245
Non-core,7.017543859649122
