status,intersection
Core,5.208333333333333
Non-core,4.615384615384615
