status,intersection
Core,5.681818181818182
Non-core,3.508771929824561
