status,intersection
Core,1.3333333333333333
Non-core,1.8867924528301887
