status,intersection
Core,4.511278195488722
Non-core,2.3529411764705883
