status,intersection
Core,2.7083333333333335
Non-core,2.459016393442623
