status,intersection
Core,8.347529812606474
Non-core,6.696428571428571
