status,intersection
Core,1.9073569482288828
Non-core,0.7380073800738007
