status,intersection
Core,1.146788990825688
Non-core,0.6557377049180327
