status,intersection
Core,4.225352112676056
Non-core,2.830188679245283
