status,intersection
Core,3.5398230088495577
Non-core,4.225352112676056
