status,intersection
Core,7.792207792207792
Non-core,11.11111111111111
