status,intersection
Core,8.275862068965518
Non-core,4.705882352941177
