status,intersection
Core,5.294117647058823
Non-core,5.3097345132743365
