status,intersection
Core,7.6923076923076925
Non-core,5.2631578947368425
