status,intersection
Core,11.904761904761905
Non-core,11.11111111111111
