status,intersection
Core,3.466666666666667
Non-core,2.536231884057971
