status,intersection
Core,3.30188679245283
Non-core,2.898550724637681
