status,intersection
Core,5.660377358490566
Non-core,3.3333333333333335
