status,intersection
Core,1.8404907975460123
Non-core,1.0638297872340425
