status,intersection
Core,2.9585798816568047
Non-core,4.761904761904762
