status,intersection
Core,2.388059701492537
Non-core,0.8888888888888888
