status,intersection
Core,12.727272727272727
Non-core,11.363636363636363
