status,intersection
Core,9.615384615384615
Non-core,7.317073170731708
