status,intersection
Core,15.151515151515152
Non-core,16.666666666666668
