status,intersection
Core,4.62962962962963
Non-core,2.3529411764705883
