status,intersection
Core,6.422018348623853
Non-core,4.430379746835443
