status,intersection
Core,3.6809815950920246
Non-core,1.9801980198019802
