status,intersection
Core,5.747126436781609
Non-core,7.2727272727272725
