status,intersection
Core,2.099737532808399
Non-core,1.3651877133105803
