status,intersection
Core,1.0526315789473684
Non-core,1.8518518518518519
