status,intersection
Core,1.084010840108401
Non-core,1.0676156583629892
