status,intersection
Core,5.045871559633028
Non-core,4.140127388535032
