status,intersection
Core,4.545454545454546
Non-core,3.0927835051546393
