status,intersection
Core,6.542056074766355
Non-core,4.054054054054054
