status,intersection
Core,5.147058823529412
Non-core,3.9603960396039604
