status,intersection
Core,2.0460358056265986
Non-core,2.31023102310231
