status,intersection
Core,12.76595744680851
Non-core,13.636363636363637
