status,intersection
Core,9.461426491994178
Non-core,7.070707070707071
