status,intersection
Core,7.6923076923076925
Non-core,16.666666666666668
