status,intersection
Core,1.5981735159817352
Non-core,1.3029315960912051
