status,intersection
Core,1.941747572815534
Non-core,1.2658227848101267
