status,intersection
Core,8.24742268041237
Non-core,5.970149253731344
