status,intersection
Core,8.536585365853659
Non-core,5.797101449275362
