status,intersection
Core,1.2578616352201257
Non-core,2.127659574468085
