status,intersection
Core,5.1020408163265305
Non-core,2.6666666666666665
