status,intersection
Core,2.43605359317905
Non-core,1.6051364365971108
