status,intersection
Core,0.546448087431694
Non-core,0.35842293906810035
