status,intersection
Core,4.615384615384615
Non-core,2.9411764705882355
