status,intersection
Core,1.4492753623188406
Non-core,2.0618556701030926
