status,intersection
Core,4.838709677419355
Non-core,3.9215686274509802
