status,intersection
Core,2.2408963585434174
Non-core,1.8656716417910448
