status,intersection
Core,4.166666666666667
Non-core,4.385964912280702
