status,intersection
Core,2.3622047244094486
Non-core,2.0618556701030926
