status,intersection
Core,13.48314606741573
Non-core,14.545454545454545
