status,intersection
Core,6.161137440758294
Non-core,4.72972972972973
