status,intersection
Core,1.639344262295082
Non-core,1.7921146953405018
