status,intersection
Core,7.977991746905089
Non-core,5.545286506469501
