status,intersection
Core,2.2346368715083798
Non-core,1.550387596899225
