status,intersection
Core,9.690721649484535
Non-core,7.18232044198895
