status,intersection
Core,8.270676691729323
Non-core,4.938271604938271
