status,intersection
Core,7.394366197183099
Non-core,5.853658536585366
