status,intersection
Core,2.0964360587002098
Non-core,1.404494382022472
