status,intersection
Core,8.474576271186441
Non-core,8.16326530612245
