status,intersection
Core,6.578947368421052
Non-core,7.6923076923076925
