status,intersection
Core,1.9073569482288828
Non-core,1.094890510948905
