status,intersection
Core,2.336448598130841
Non-core,0.6369426751592356
