status,intersection
Core,2.356020942408377
Non-core,2.1201413427561837
