status,intersection
Core,8.275862068965518
Non-core,6.190476190476191
