status,intersection
Core,0.26881720430107525
Non-core,0.3508771929824561
