status,intersection
Core,1.9553072625698324
Non-core,0.37174721189591076
