status,intersection
Core,6.852791878172589
Non-core,4.794520547945205
