status,intersection
Core,7.534246575342466
Non-core,3.3333333333333335
