status,intersection
Core,4.081632653061225
Non-core,1.3333333333333333
