status,intersection
Core,2.8735632183908044
Non-core,3.6036036036036037
