status,intersection
Core,3.629032258064516
Non-core,3.7267080745341614
