status,intersection
Core,5.932203389830509
Non-core,3.3112582781456954
