status,intersection
Core,6.730769230769231
Non-core,3.7974683544303796
