status,intersection
Core,2.711864406779661
Non-core,1.991150442477876
