status,intersection
Core,3.43980343980344
Non-core,3.4364261168384878
