status,intersection
Core,3.7209302325581395
Non-core,3.0211480362537766
