status,intersection
Core,2.6525198938992043
Non-core,2.0761245674740483
