status,intersection
Core,1.941747572815534
Non-core,2.898550724637681
