status,intersection
Core,2.3684210526315788
Non-core,0.7272727272727273
