status,intersection
Core,3.1315240083507305
Non-core,2.2346368715083798
