status,intersection
Core,4.878048780487805
Non-core,5.47945205479452
