status,intersection
Core,10.96774193548387
Non-core,8.849557522123893
