status,intersection
Core,1.6771488469601676
Non-core,0.8426966292134831
