status,intersection
Core,8.256880733944953
Non-core,1.4285714285714286
