status,intersection
Core,6.0046189376443415
Non-core,6.050955414012739
