status,intersection
Core,2.278481012658228
Non-core,0.3448275862068966
