status,intersection
Core,5.555555555555555
Non-core,9.090909090909092
