status,intersection
Core,3.4364261168384878
Non-core,2.314814814814815
