status,intersection
Core,10.079051383399209
Non-core,7.816711590296496
