status,intersection
Core,9.876543209876543
Non-core,13.157894736842104
