status,intersection
Core,1.1848341232227488
Non-core,1.2048192771084338
