status,intersection
Core,5.194805194805195
Non-core,7.894736842105263
