status,intersection
Core,8.539325842696629
Non-core,7.121661721068249
