status,intersection
Core,8.75912408759124
Non-core,6.521739130434782
