status,intersection
Core,9.183673469387756
Non-core,6.451612903225806
