status,intersection
Core,10.75268817204301
Non-core,9.433962264150944
