status,intersection
Core,14.814814814814815
Non-core,21.428571428571427
