status,intersection
Core,8.426966292134832
Non-core,5.172413793103448
