status,intersection
Core,5.113636363636363
Non-core,2.9023746701846966
