status,intersection
Core,3.982300884955752
Non-core,3.4246575342465753
