status,intersection
Core,1.238390092879257
Non-core,1.4150943396226414
