status,intersection
Core,1.4150943396226414
Non-core,2.2222222222222223
