status,intersection
Core,3.896103896103896
Non-core,2.127659574468085
