status,intersection
Core,1.8957345971563981
Non-core,0.6622516556291391
