status,intersection
Core,6.918238993710692
Non-core,3.8095238095238093
