status,intersection
Core,7.769423558897243
Non-core,5.862068965517241
