status,intersection
Core,5.303030303030303
Non-core,3.4482758620689653
