status,intersection
Core,6.7669172932330826
Non-core,3.5353535353535355
