status,intersection
Core,3.9292730844793713
Non-core,2.094240837696335
