status,intersection
Core,6.6371681415929205
Non-core,4.9079754601226995
