status,intersection
Core,3.9900249376558605
Non-core,3.3557046979865772
