status,intersection
Core,2.191780821917808
Non-core,1.3559322033898304
