status,intersection
Core,4.416403785488959
Non-core,2.952755905511811
