status,intersection
Core,2.484472049689441
Non-core,1.9230769230769231
