status,intersection
Core,1.9073569482288828
Non-core,0.36496350364963503
