status,intersection
Core,2.5806451612903225
Non-core,3.0927835051546393
