status,intersection
Core,0.7633587786259542
Non-core,1.0526315789473684
