status,intersection
Core,2.93040293040293
Non-core,2.272727272727273
