status,intersection
Core,1.9498607242339834
Non-core,1.8656716417910448
