status,intersection
Core,4.901960784313726
Non-core,3.076923076923077
