status,intersection
Core,3.4246575342465753
Non-core,2.727272727272727
