status,intersection
Core,2.3529411764705883
Non-core,1.6129032258064515
