status,intersection
Core,8.012820512820513
Non-core,4.587155963302752
