status,intersection
Core,6.134969325153374
Non-core,4.748603351955308
