status,intersection
Core,2.6041666666666665
Non-core,1.7241379310344827
