status,intersection
Core,5.017921146953405
Non-core,3.755868544600939
