status,intersection
Core,8.108108108108109
Non-core,3.4482758620689653
