status,intersection
Core,4.794520547945205
Non-core,5.617977528089888
