status,intersection
Core,12.9979035639413
Non-core,10.465116279069768
