status,intersection
Core,2.349869451697128
Non-core,1.9011406844106464
