status,intersection
Core,9.803921568627452
Non-core,16.666666666666668
