status,intersection
Core,9.74025974025974
Non-core,6.930693069306931
