status,intersection
Core,5.617977528089888
Non-core,5.084745762711864
