status,intersection
Core,13.88888888888889
Non-core,10.344827586206897
