status,intersection
Core,1.2178619756427604
Non-core,0.9074410163339383
