status,intersection
Core,5.2631578947368425
Non-core,2.8846153846153846
