status,intersection
Core,3.264094955489614
Non-core,2.202643171806167
