status,intersection
Core,1.3550135501355014
Non-core,1.0676156583629892
