status,intersection
Core,4.3478260869565215
Non-core,2.197802197802198
