status,intersection
Core,3.004291845493562
Non-core,3.3783783783783785
