status,intersection
Core,2.816901408450704
Non-core,2.3255813953488373
