status,intersection
Core,2.3376623376623376
Non-core,0.6993006993006993
