status,intersection
Core,2.9069767441860463
Non-core,3.669724770642202
