status,intersection
Core,12.307692307692308
Non-core,9.30232558139535
