status,intersection
Core,3.802281368821293
Non-core,3.1578947368421053
