status,intersection
Core,8.49056603773585
Non-core,4.545454545454546
