status,intersection
Core,12.121212121212121
Non-core,7.6923076923076925
