status,intersection
Core,2.7210884353741496
Non-core,3.260869565217391
