status,intersection
Core,4.166666666666667
Non-core,3.3057851239669422
