status,intersection
Core,10.81081081081081
Non-core,13.043478260869565
