status,intersection
Core,1.7985611510791366
Non-core,0.5586592178770949
