status,intersection
Core,13.793103448275861
Non-core,15.384615384615385
