status,intersection
Core,0.2702702702702703
Non-core,0.35335689045936397
