status,intersection
Core,4.308093994778068
Non-core,2.9565217391304346
