status,intersection
Core,6.940874035989717
Non-core,3.8194444444444446
