status,intersection
Core,1.1363636363636365
Non-core,1.4705882352941178
