status,intersection
Core,5.098039215686274
Non-core,2.3255813953488373
