status,intersection
Core,4.1420118343195265
Non-core,2.7027027027027026
