status,intersection
Core,1.7567567567567568
Non-core,1.2681159420289856
