status,intersection
Core,2.393617021276596
Non-core,1.7361111111111112
