status,intersection
Core,0.8241758241758241
Non-core,0.7220216606498195
