status,intersection
Core,2.0080321285140563
Non-core,1.1764705882352942
