status,intersection
Core,7.936507936507937
Non-core,5.882352941176471
