status,intersection
Core,5.2631578947368425
Non-core,2.73972602739726
