status,intersection
Core,8.396946564885496
Non-core,6.024096385542169
