status,intersection
Core,3.543307086614173
Non-core,2.6041666666666665
