status,intersection
Core,7.26643598615917
Non-core,4.324324324324325
