status,intersection
Core,9.574468085106384
Non-core,13.953488372093023
