status,intersection
Core,3.763440860215054
Non-core,3.1690140845070425
