status,intersection
Core,6.140350877192983
Non-core,7.936507936507937
