status,intersection
Core,4.721030042918455
Non-core,5.847953216374269
