status,intersection
Core,7.664233576642336
Non-core,9.424083769633508
