status,intersection
Core,0.851063829787234
Non-core,0.5555555555555556
