status,intersection
Core,3.187250996015936
Non-core,2.0408163265306123
