status,intersection
Core,4.504504504504505
Non-core,6.756756756756757
