status,intersection
Core,10.526315789473685
Non-core,9.23076923076923
