status,intersection
Core,11.504424778761061
Non-core,11.821086261980831
