status,intersection
Core,8.296943231441048
Non-core,7.926829268292683
