status,intersection
Core,13.580246913580247
Non-core,14.893617021276595
