status,intersection
Core,7.017543859649122
Non-core,7.0588235294117645
