status,intersection
Core,5.809128630705394
Non-core,4.733727810650888
