status,intersection
Core,4.2105263157894735
Non-core,2.9411764705882355
