status,intersection
Core,21.91435768261965
Non-core,17.6056338028169
