status,intersection
Core,6.3559322033898304
Non-core,4.819277108433735
