status,intersection
Core,8.61244019138756
Non-core,5.970149253731344
