status,intersection
Core,3.235294117647059
Non-core,3.686635944700461
