status,intersection
Core,2.3346303501945527
Non-core,1.6574585635359116
