status,intersection
Core,9.840425531914894
Non-core,10.727969348659004
