status,intersection
Core,9.72972972972973
Non-core,11.023622047244094
