status,intersection
Core,2.6785714285714284
Non-core,1.8404907975460123
