status,intersection
Core,4.17910447761194
Non-core,4.3478260869565215
