status,intersection
Core,0.9174311926605505
Non-core,0.6097560975609756
