status,intersection
Core,2.8112449799196786
Non-core,2.0833333333333335
