status,intersection
Core,14.93288590604027
Non-core,13.274336283185841
