status,intersection
Core,2.6785714285714284
Non-core,1.8633540372670807
