status,intersection
Core,1.6528925619834711
Non-core,1.2048192771084338
