status,intersection
Core,15.764705882352942
Non-core,13.622291021671826
