status,intersection
Core,7.782101167315175
Non-core,7.142857142857143
