status,intersection
Core,7.589285714285714
Non-core,6.832298136645963
