status,intersection
Core,8.823529411764707
Non-core,10.169491525423728
