status,intersection
Core,5.5910543130990416
Non-core,5.063291139240507
