status,intersection
Core,9.022556390977444
Non-core,8.24742268041237
