status,intersection
Core,6.597222222222222
Non-core,6.122448979591836
