status,intersection
Core,1.9047619047619047
Non-core,1.3157894736842106
