status,intersection
Core,12.781954887218046
Non-core,14.473684210526315
