status,intersection
Core,5.797101449275362
Non-core,4.3478260869565215
