status,intersection
Core,12.068965517241379
Non-core,19.23076923076923
