status,intersection
Core,3.1620553359683794
Non-core,2.5380710659898478
