status,intersection
Core,8.661417322834646
Non-core,8.571428571428571
