status,intersection
Core,10.212765957446809
Non-core,9.58904109589041
