status,intersection
Core,0.4366812227074236
Non-core,0.5747126436781609
