status,intersection
Core,8.310249307479225
Non-core,8.764940239043824
