status,intersection
Core,5.158730158730159
Non-core,3.7433155080213902
