status,intersection
Core,5.737704918032787
Non-core,5.434782608695652
