status,intersection
Core,7.509881422924901
Non-core,5.617977528089888
