status,intersection
Core,4.942965779467681
Non-core,6.70391061452514
