status,intersection
Core,4.838709677419355
Non-core,5.319148936170213
