status,intersection
Core,1.271186440677966
Non-core,1.1049723756906078
