status,intersection
Core,0.46511627906976744
Non-core,0.6211180124223602
