status,intersection
Core,3.7735849056603774
Non-core,0.9259259259259259
