status,intersection
Core,4.721030042918455
Non-core,4.242424242424242
