status,intersection
Core,2.8846153846153846
Non-core,0.7407407407407407
