status,intersection
Core,7.067137809187279
Non-core,6.63265306122449
