status,intersection
Core,16.519174041297934
Non-core,13.983050847457626
