status,intersection
Core,5.115089514066496
Non-core,4.104477611940299
