status,intersection
Core,7.982261640798226
Non-core,7.976366322008863
