status,intersection
Core,8.904109589041095
Non-core,11.11111111111111
