status,intersection
Core,11.214953271028037
Non-core,11.428571428571429
