status,intersection
Core,4.878048780487805
Non-core,8.16326530612245
