status,intersection
Core,1.3215859030837005
Non-core,0.5813953488372093
