status,intersection
Core,2.510460251046025
Non-core,1.639344262295082
