status,intersection
Core,6.694560669456067
Non-core,7.894736842105263
