status,intersection
Core,11.885245901639344
Non-core,10.05586592178771
