status,intersection
Core,4.56989247311828
Non-core,4.8979591836734695
