status,intersection
Core,3.3057851239669422
Non-core,1.0810810810810811
