status,intersection
Core,5.384615384615385
Non-core,4.49438202247191
