status,intersection
Core,5.732484076433121
Non-core,6.306306306306307
