status,intersection
Core,8.737864077669903
Non-core,7.8431372549019605
