status,intersection
Core,1.3888888888888888
Non-core,1.2345679012345678
