status,intersection
Core,2.42914979757085
Non-core,2.6178010471204187
