status,intersection
Core,4.887218045112782
Non-core,5.445544554455446
