status,intersection
Core,1.965065502183406
Non-core,1.9169329073482428
