status,intersection
Core,4.819277108433735
Non-core,3.3333333333333335
