status,intersection
Core,2.575107296137339
Non-core,2.7777777777777777
