status,intersection
Core,2.8225806451612905
Non-core,3.1088082901554404
