status,intersection
Core,2.1645021645021645
Non-core,1.7142857142857142
