status,intersection
Core,3.404255319148936
Non-core,2.793296089385475
