status,intersection
Core,3.7313432835820897
Non-core,3.4482758620689653
