status,intersection
Core,5.2631578947368425
Non-core,6.4935064935064934
