status,intersection
Core,11.046511627906977
Non-core,10.084033613445378
