status,intersection
Core,6.796116504854369
Non-core,5.882352941176471
