status,intersection
Core,6.372549019607843
Non-core,7.317073170731708
