status,intersection
Core,12.67605633802817
Non-core,10.714285714285714
