status,intersection
Core,7.651715039577836
Non-core,8.366533864541832
