status,intersection
Core,1.646090534979424
Non-core,0.5319148936170213
