status,intersection
Core,1.7241379310344827
Non-core,2.912621359223301
