status,intersection
Core,6.912442396313364
Non-core,4.878048780487805
