status,intersection
Core,0.5988023952095808
Non-core,1.0309278350515463
