status,intersection
Core,5.389221556886228
Non-core,5.4945054945054945
