status,intersection
Core,3.9408866995073892
Non-core,2.380952380952381
