status,intersection
Core,0.6024096385542169
Non-core,1.1235955056179776
