status,intersection
Core,7.807807807807808
Non-core,4.455445544554456
