status,intersection
Core,8.910891089108912
Non-core,6.1946902654867255
