status,intersection
Core,10.434782608695652
Non-core,7.462686567164179
