status,intersection
Core,7.746478873239437
Non-core,6.779661016949152
