status,intersection
Core,13.839285714285714
Non-core,10.526315789473685
