status,intersection
Core,7.480314960629921
Non-core,7.453416149068323
