status,intersection
Core,10.74074074074074
Non-core,6.918238993710692
