status,intersection
Core,1.2195121951219512
Non-core,2.150537634408602
