status,intersection
Core,12.461059190031152
Non-core,12.182741116751268
