status,intersection
Core,3.9408866995073892
Non-core,0.8695652173913043
