status,intersection
Core,4.733727810650888
Non-core,3.2967032967032965
