status,intersection
Core,3.8461538461538463
Non-core,2.912621359223301
