status,intersection
Core,1.1904761904761905
Non-core,2.0618556701030926
