status,intersection
Core,0.5847953216374269
Non-core,0.9900990099009901
