status,intersection
Core,10.729613733905579
Non-core,10.638297872340425
