status,intersection
Core,1.1904761904761905
Non-core,1.0204081632653061
