status,intersection
Core,2.6178010471204187
Non-core,2.5210084033613445
