status,intersection
Core,10.572687224669604
Non-core,8.661417322834646
