status,intersection
Core,2.73224043715847
Non-core,2.6785714285714284
