status,intersection
Core,6.930693069306931
Non-core,7.894736842105263
