status,intersection
Core,11.18421052631579
Non-core,6.989247311827957
