status,intersection
Core,10.46831955922865
Non-core,8.936170212765957
