status,intersection
Core,7.655502392344498
Non-core,7.627118644067797
