status,intersection
Core,2.0100502512562812
Non-core,3.1496062992125986
