status,intersection
Core,1.7964071856287425
Non-core,3.3333333333333335
