status,intersection
Core,8.457711442786069
Non-core,7.017543859649122
