status,intersection
Core,4.046242774566474
Non-core,4.301075268817204
