status,intersection
Core,3.484320557491289
Non-core,2.6178010471204187
