status,intersection
Core,9.32642487046632
Non-core,6.730769230769231
