status,intersection
Core,6.698564593301436
Non-core,5.645161290322581
