status,intersection
Core,8.225108225108226
Non-core,8.633093525179856
