status,intersection
Core,5.857740585774058
Non-core,3.4722222222222223
