status,intersection
Core,5.042016806722689
Non-core,3.9215686274509802
