status,intersection
Core,3.488372093023256
Non-core,2.1739130434782608
