status,intersection
Core,5.645161290322581
Non-core,5.714285714285714
