status,intersection
Core,11.439114391143912
Non-core,6.5359477124183005
