status,intersection
Core,4.433497536945813
Non-core,4.273504273504273
