status,intersection
Core,11.458333333333334
Non-core,6.730769230769231
