status,intersection
Core,6.967213114754099
Non-core,4.861111111111111
