status,intersection
Core,4.901960784313726
Non-core,2.6548672566371683
