status,intersection
Core,13.186813186813186
Non-core,8.552631578947368
