status,intersection
Core,10.045662100456621
Non-core,8.333333333333334
