status,intersection
Core,8.705357142857142
Non-core,7.6158940397351
