status,intersection
Core,3.2432432432432434
Non-core,3.5714285714285716
