status,intersection
Core,2.3391812865497075
Non-core,3.1578947368421053
