status,intersection
Core,6.912442396313364
Non-core,8.870967741935484
