status,intersection
Core,12.341772151898734
Non-core,7.731958762886598
