status,intersection
Core,5.045871559633028
Non-core,4.273504273504273
