status,intersection
Core,15.41095890410959
Non-core,9.25925925925926
