status,intersection
Core,9.683426443202979
Non-core,6.8119891008174385
