status,intersection
Core,4.225352112676056
Non-core,3.597122302158273
