status,intersection
Core,1.7045454545454546
Non-core,2.8846153846153846
