status,intersection
Core,0.6024096385542169
Non-core,1.0526315789473684
