status,intersection
Core,1.6853932584269662
Non-core,2.857142857142857
