status,intersection
Core,14.251207729468598
Non-core,9.157509157509157
