status,intersection
Core,6.402439024390244
Non-core,5.392156862745098
