status,intersection
Core,9.615384615384615
Non-core,5.217391304347826
