status,intersection
Core,4.522613065326633
Non-core,0.9009009009009009
