status,intersection
Core,1.6574585635359116
Non-core,2.803738317757009
