status,intersection
Core,6.912442396313364
Non-core,6.976744186046512
