status,intersection
Core,8.26771653543307
Non-core,7.051282051282051
