status,intersection
Core,6.222222222222222
Non-core,5.797101449275362
