status,intersection
Core,10.610932475884244
Non-core,8.947368421052632
