status,intersection
Core,8.135593220338983
Non-core,6.7357512953367875
