status,intersection
Core,10.36036036036036
Non-core,6.015037593984962
