status,intersection
Core,0.8021390374331551
Non-core,1.0657193605683837
