status,intersection
Core,1.791044776119403
Non-core,2.1201413427561837
