status,intersection
Core,1.1764705882352942
Non-core,1.6666666666666667
