status,intersection
Core,2.73972602739726
Non-core,3.5398230088495577
