status,intersection
Core,1.6581632653061225
Non-core,2.1848739495798317
