status,intersection
Core,0.6696428571428571
Non-core,0.9345794392523364
