status,intersection
Core,0.8438818565400844
Non-core,1.1111111111111112
