status,intersection
Core,1.5384615384615385
Non-core,1.6666666666666667
