status,intersection
Core,3.6144578313253013
Non-core,5.172413793103448
