status,intersection
Core,1.1627906976744187
Non-core,1.6736401673640167
