status,intersection
Core,1.9444444444444444
Non-core,2.7888446215139444
