status,intersection
Core,1.694915254237288
Non-core,1.7543859649122806
