status,intersection
Core,1.3333333333333333
Non-core,1.408450704225352
