status,intersection
Core,0.49019607843137253
Non-core,0.7575757575757576
