status,intersection
Core,1.1029411764705883
Non-core,1.5228426395939085
