status,intersection
Core,0.8064516129032258
Non-core,1.1764705882352942
