status,intersection
Core,1.0540184453227932
Non-core,1.3937282229965158
