status,intersection
Core,0.6329113924050633
Non-core,0.9433962264150944
