status,intersection
Core,0.425531914893617
Non-core,0.5494505494505495
