status,intersection
Core,1.8604651162790697
Non-core,2.7027027027027026
