status,intersection
Core,0.9259259259259259
Non-core,1.3888888888888888
