status,intersection
Core,1.5384615384615385
Non-core,1.6129032258064515
