status,intersection
Core,1.0416666666666667
Non-core,1.1363636363636365
