status,intersection
Core,0.4608294930875576
Non-core,0.6896551724137931
