status,intersection
Core,1.8433179723502304
Non-core,2.8776978417266186
