status,intersection
Core,1.650943396226415
Non-core,2.422145328719723
