status,intersection
Core,0.8620689655172413
Non-core,1.3157894736842106
