status,intersection
Core,4.790419161676646
Non-core,4.545454545454546
