status,intersection
Core,8.486238532110091
Non-core,7.586206896551724
