status,intersection
Core,4.081632653061225
Non-core,3.0303030303030303
