status,intersection
Core,3.225806451612903
Non-core,1.7699115044247788
