status,intersection
Core,13.513513513513514
Non-core,15.789473684210526
