status,intersection
Core,8.450704225352112
Non-core,9.30232558139535
