status,intersection
Core,1.4492753623188406
Non-core,1.9230769230769231
