status,intersection
Core,5.863192182410423
Non-core,5.1020408163265305
