status,intersection
Core,9.798270893371757
Non-core,7.172995780590718
