status,intersection
Core,5.084745762711864
Non-core,3.9215686274509802
