status,intersection
Core,4.516129032258065
Non-core,3.9215686274509802
