status,intersection
Core,7.017543859649122
Non-core,7.142857142857143
