status,intersection
Core,0.45146726862302483
Non-core,0.32894736842105265
