status,intersection
Core,13.418530351437699
Non-core,10.13215859030837
