status,intersection
Core,8.383233532934131
Non-core,5.769230769230769
