status,intersection
Core,4.294478527607362
Non-core,2.727272727272727
