status,intersection
Core,2.127659574468085
Non-core,0.8264462809917356
