status,intersection
Core,1.6853932584269662
Non-core,2.586206896551724
