status,intersection
Core,5.882352941176471
Non-core,8.333333333333334
