status,intersection
Core,4.864864864864865
Non-core,4.580152671755725
