status,intersection
Core,7.329842931937173
Non-core,6.666666666666667
