status,intersection
Core,1.7857142857142858
Non-core,3.3333333333333335
