status,intersection
Core,4.651162790697675
Non-core,2.4390243902439024
