status,intersection
Core,11.397058823529411
Non-core,10.734463276836157
