status,intersection
Core,6.854838709677419
Non-core,4.4692737430167595
