status,intersection
Core,12.76595744680851
Non-core,15.384615384615385
