status,intersection
Core,6.2015503875969
Non-core,6.8493150684931505
