status,intersection
Core,1.36986301369863
Non-core,1.0638297872340425
