status,intersection
Core,2.373887240356083
Non-core,2.2123893805309733
