status,intersection
Core,9.815950920245399
Non-core,8.733624454148472
