status,intersection
Core,4.68384074941452
Non-core,3.003003003003003
