status,intersection
Core,7.210031347962382
Non-core,7.317073170731708
