status,intersection
Core,4.590818363273453
Non-core,2.9810298102981028
