status,intersection
Core,7.547169811320755
Non-core,6.557377049180328
