status,intersection
Core,9.401709401709402
Non-core,9.615384615384615
