status,intersection
Core,1.3043478260869565
Non-core,0.6172839506172839
