status,intersection
Core,8.755760368663594
Non-core,7.751937984496124
