status,intersection
Core,1.5923566878980893
Non-core,1.550387596899225
