status,intersection
Core,2.5641025641025643
Non-core,2.8846153846153846
