status,intersection
Core,1.7412935323383085
Non-core,1.509433962264151
