status,intersection
Core,2.0066889632107023
Non-core,2.0408163265306123
