status,intersection
Core,6.140350877192983
Non-core,6.349206349206349
