status,intersection
Core,5.079365079365079
Non-core,3.0701754385964914
