status,intersection
Core,7.801418439716312
Non-core,7.142857142857143
