status,intersection
Core,8.045977011494253
Non-core,7.079646017699115
