status,intersection
Core,0.6369426751592356
Non-core,0.9523809523809523
