status,intersection
Core,1.2738853503184713
Non-core,0.9615384615384616
