status,intersection
Core,2.824858757062147
Non-core,3.252032520325203
