status,intersection
Core,8.474576271186441
Non-core,9.090909090909092
