status,intersection
Core,2.027027027027027
Non-core,1.0416666666666667
