status,intersection
Core,0.25773195876288657
Non-core,0.17391304347826086
