status,intersection
Core,7.619047619047619
Non-core,8.064516129032258
