status,intersection
Core,1.4705882352941178
Non-core,3.225806451612903
