status,intersection
Core,7.444168734491315
Non-core,6.844106463878327
