status,intersection
Core,5.128205128205129
Non-core,6.122448979591836
