status,intersection
Core,0.333889816360601
Non-core,0.22172949002217296
