status,intersection
Core,1.2422360248447204
Non-core,0.2808988764044944
