status,intersection
Core,0.7802340702210663
Non-core,0.6932409012131716
