status,intersection
Core,4.519774011299435
Non-core,4.098360655737705
