status,intersection
Core,0.6944444444444444
Non-core,1.0869565217391304
