status,intersection
Core,15.277777777777779
Non-core,13.846153846153847
