status,intersection
Core,11.059907834101383
Non-core,11.278195488721805
