status,intersection
Core,7.772020725388601
Non-core,6.896551724137931
