status,intersection
Core,1.3986013986013985
Non-core,2.197802197802198
