status,intersection
Core,1.0101010101010102
Non-core,0.8403361344537815
