status,intersection
Core,4.046242774566474
Non-core,2.9411764705882355
