status,intersection
Core,0.6802721088435374
Non-core,1.0526315789473684
