status,intersection
Core,5.594405594405594
Non-core,3.658536585365854
