status,intersection
Core,2.6785714285714284
Non-core,5.357142857142857
