status,intersection
Core,6.422018348623853
Non-core,4.3478260869565215
