status,intersection
Core,10.526315789473685
Non-core,7.142857142857143
