status,intersection
Core,5.590062111801243
Non-core,3.7383177570093458
