status,intersection
Core,4.8034934497816595
Non-core,3.4246575342465753
