status,intersection
Core,7.291666666666667
Non-core,7.017543859649122
