status,intersection
Core,4.4692737430167595
Non-core,3.9682539682539684
