status,intersection
Core,8.353221957040573
Non-core,6.071428571428571
