status,intersection
Core,3.8043478260869565
Non-core,3.053435114503817
