status,intersection
Core,4.710920770877944
Non-core,3.988603988603989
