status,intersection
Core,1.3605442176870748
Non-core,2.1052631578947367
