status,intersection
Core,1.3071895424836601
Non-core,0.9900990099009901
