status,intersection
Core,5.405405405405405
Non-core,14.285714285714286
