status,intersection
Core,4.102564102564102
Non-core,5.405405405405405
