status,intersection
Core,5.825242718446602
Non-core,4.838709677419355
