status,intersection
Core,10.16042780748663
Non-core,10.526315789473685
