status,intersection
Core,9.635416666666666
Non-core,7.581227436823105
