status,intersection
Core,4.608294930875576
Non-core,2.8368794326241136
