status,intersection
Core,2.380952380952381
Non-core,1.5384615384615385
