status,intersection
Core,3.6036036036036037
Non-core,3.1746031746031744
