status,intersection
Core,12.264150943396226
Non-core,5.769230769230769
