status,intersection
Core,5.172413793103448
Non-core,8.571428571428571
