status,intersection
Core,5.769230769230769
Non-core,8.19672131147541
