status,intersection
Core,11.30952380952381
Non-core,6.896551724137931
