status,intersection
Core,12.149532710280374
Non-core,10.714285714285714
