status,intersection
Core,2.5906735751295336
Non-core,1.444043321299639
