status,intersection
Core,6.382978723404255
Non-core,6.976744186046512
