status,intersection
Core,10.75268817204301
Non-core,10.204081632653061
