status,intersection
Core,3.463203463203463
Non-core,2.7586206896551726
