status,intersection
Core,2.985074626865672
Non-core,4.545454545454546
