status,intersection
Core,4.154302670623146
Non-core,2.727272727272727
