status,intersection
Core,6.557377049180328
Non-core,8.571428571428571
