status,intersection
Core,8.771929824561404
Non-core,8.571428571428571
