status,intersection
Core,4.444444444444445
Non-core,8.333333333333334
