status,intersection
Core,7.425742574257426
Non-core,5.555555555555555
