status,intersection
Core,2.380952380952381
Non-core,4.545454545454546
