status,intersection
Core,8.148148148148149
Non-core,5.405405405405405
