status,intersection
Core,9.25925925925926
Non-core,9.523809523809524
