status,intersection
Core,4.938271604938271
Non-core,5.2631578947368425
