status,intersection
Core,3.6511156186612577
Non-core,1.917808219178082
