status,intersection
Core,4.705882352941177
Non-core,2.3255813953488373
