status,intersection
Core,4.651162790697675
Non-core,4.3478260869565215
