status,intersection
Core,4.545454545454546
Non-core,8.333333333333334
