status,intersection
Core,6.315789473684211
Non-core,3.508771929824561
