status,intersection
Core,3.883495145631068
Non-core,4.166666666666667
