status,intersection
Core,4.651162790697675
Non-core,10.526315789473685
