status,intersection
Core,5.741626794258373
Non-core,4.032258064516129
