status,intersection
Core,3.1358885017421603
Non-core,2.487562189054726
