status,intersection
Core,4.237288135593221
Non-core,4.938271604938271
