status,intersection
Core,3.409090909090909
Non-core,3.8461538461538463
