status,intersection
Core,10.084033613445378
Non-core,6.944444444444445
