status,intersection
Core,4.519774011299435
Non-core,2.9914529914529915
