status,intersection
Core,2.255639097744361
Non-core,3.7037037037037037
