status,intersection
Core,3.389830508474576
Non-core,7.142857142857143
