status,intersection
Core,13.194444444444445
Non-core,10.714285714285714
