status,intersection
Core,6.306306306306307
Non-core,3.9473684210526314
