status,intersection
Core,2.197802197802198
Non-core,1.7543859649122806
