status,intersection
Core,5.150214592274678
Non-core,3.9473684210526314
