status,intersection
Core,10.619469026548673
Non-core,7.246376811594203
