status,intersection
Core,10.40268456375839
Non-core,7.317073170731708
