status,intersection
Core,14.141414141414142
Non-core,10.236220472440944
