status,intersection
Core,10.181818181818182
Non-core,4.854368932038835
