status,intersection
Core,5.2356020942408374
Non-core,4.615384615384615
