status,intersection
Core,6.5476190476190474
Non-core,6.422018348623853
