status,intersection
Core,11.299435028248588
Non-core,7.547169811320755
