status,intersection
Core,7.619047619047619
Non-core,7.142857142857143
