status,intersection
Core,6.918238993710692
Non-core,4.854368932038835
