status,intersection
Core,6.306306306306307
Non-core,4.545454545454546
