status,intersection
Core,5.925925925925926
Non-core,6.0606060606060606
