status,intersection
Core,8.620689655172415
Non-core,7.547169811320755
