status,intersection
Core,8.353808353808354
Non-core,5.2631578947368425
