status,intersection
Core,8.088235294117647
Non-core,8.045977011494253
