status,intersection
Core,5.0691244239631335
Non-core,2.684563758389262
