status,intersection
Core,6.4655172413793105
Non-core,6.4935064935064934
