status,intersection
Core,9.72644376899696
Non-core,5.963302752293578
