status,intersection
Core,6.145251396648045
Non-core,3.5714285714285716
