status,intersection
Core,6.808510638297872
Non-core,5.882352941176471
