status,intersection
Core,6.722689075630252
Non-core,5.1063829787234045
