status,intersection
Core,7.746478873239437
Non-core,4.444444444444445
