status,intersection
Core,6.382978723404255
Non-core,5.617977528089888
