status,intersection
Core,2.9702970297029703
Non-core,1.6129032258064515
