status,intersection
Core,4.901960784313726
Non-core,2.9411764705882355
