status,intersection
Core,11.904761904761905
Non-core,8.433734939759036
