status,intersection
Core,10.121457489878543
Non-core,7.792207792207792
