status,intersection
Core,5.3097345132743365
Non-core,5.063291139240507
