status,intersection
Core,4.552129221732746
Non-core,3.0360531309297913
