status,intersection
Core,7.06401766004415
Non-core,6.040268456375839
