status,intersection
Core,4.301075268817204
Non-core,5.084745762711864
