status,intersection
Core,6.6473988439306355
Non-core,3.937007874015748
