status,intersection
Core,5.303030303030303
Non-core,3.658536585365854
