status,intersection
Core,4.444444444444445
Non-core,3.3557046979865772
