status,intersection
Core,8.461538461538462
Non-core,6.097560975609756
