status,intersection
Core,5.982905982905983
Non-core,7.142857142857143
