status,intersection
Core,5.47945205479452
Non-core,3.409090909090909
