status,intersection
Core,5.176470588235294
Non-core,2.912621359223301
