status,intersection
Core,15.646258503401361
Non-core,9.523809523809524
