status,intersection
Core,9.67741935483871
Non-core,10.526315789473685
