status,intersection
Core,5.194805194805195
Non-core,5.681818181818182
