status,intersection
Core,8.076923076923077
Non-core,4.615384615384615
