status,intersection
Core,3.7433155080213902
Non-core,3.8461538461538463
