status,intersection
Core,10.158730158730158
Non-core,8.620689655172415
