status,intersection
Core,5.511811023622047
Non-core,6.521739130434782
