status,intersection
Core,4.641350210970464
Non-core,4.229607250755287
