status,intersection
Core,13.178294573643411
Non-core,9.75609756097561
