status,intersection
Core,4.301075268817204
Non-core,2.898550724637681
