status,intersection
Core,6.21301775147929
Non-core,7.30593607305936
