status,intersection
Core,4.534005037783375
Non-core,4.248366013071895
