status,intersection
Core,5.882352941176471
Non-core,4.473684210526316
