status,intersection
Core,4.878048780487805
Non-core,4.301075268817204
