status,intersection
Core,4.716981132075472
Non-core,2.5316455696202533
