status,intersection
Core,6.962025316455696
Non-core,6.315789473684211
