status,intersection
Core,13.076923076923077
Non-core,14.634146341463415
