status,intersection
Core,11.707317073170731
Non-core,11.940298507462687
