status,intersection
Core,5.2272727272727275
Non-core,4.4673539518900345
