status,intersection
Core,10.679611650485437
Non-core,11.940298507462687
