status,intersection
Core,9.090909090909092
Non-core,9.615384615384615
