status,intersection
Core,5.4945054945054945
Non-core,3.508771929824561
