status,intersection
Core,6.481481481481482
Non-core,8.064516129032258
