status,intersection
Core,2.9411764705882355
Non-core,3.061224489795918
