status,intersection
Core,9.170305676855895
Non-core,8.450704225352112
