status,intersection
Core,4.587155963302752
Non-core,2.4096385542168677
