status,intersection
Core,7.368421052631579
Non-core,9.25925925925926
