status,intersection
Core,12.820512820512821
Non-core,14.492753623188406
