status,intersection
Core,8.629441624365482
Non-core,9.01639344262295
