status,intersection
Core,10.344827586206897
Non-core,10.256410256410257
