status,intersection
Core,6.323185011709602
Non-core,5.128205128205129
