status,intersection
Core,7.766990291262136
Non-core,6.862745098039215
