status,intersection
Core,3.3707865168539324
Non-core,5.660377358490566
