status,intersection
Core,2.404809619238477
Non-core,1.7333333333333334
