status,intersection
Core,7.446808510638298
Non-core,13.953488372093023
