status,intersection
Core,5.882352941176471
Non-core,5.208333333333333
