status,intersection
Core,6.28140703517588
Non-core,5.633802816901408
