status,intersection
Core,4.827586206896552
Non-core,4.25531914893617
