status,intersection
Core,13.636363636363637
Non-core,16.3265306122449
