status,intersection
Core,8.16326530612245
Non-core,8.547008547008547
