status,intersection
Core,2.127659574468085
Non-core,3.389830508474576
