status,intersection
Core,13.25301204819277
Non-core,16.666666666666668
