status,intersection
Core,7.916666666666667
Non-core,6.211180124223603
