status,intersection
Core,3.6979969183359014
Non-core,3.0864197530864197
