status,intersection
Core,8.620689655172415
Non-core,8.633093525179856
