status,intersection
Core,7.5675675675675675
Non-core,8.403361344537815
