status,intersection
Core,8.64864864864865
Non-core,8.02919708029197
