status,intersection
Core,9.049773755656108
Non-core,8.571428571428571
