status,intersection
Core,5.3097345132743365
Non-core,3.7037037037037037
