status,intersection
Core,6.164383561643835
Non-core,5.607476635514018
