status,intersection
Core,2.142857142857143
Non-core,1.1627906976744187
