status,intersection
Core,1.9607843137254901
Non-core,1.408450704225352
