status,intersection
Core,7.382550335570469
Non-core,6.521739130434782
