status,intersection
Core,7.638888888888889
Non-core,8.24742268041237
