status,intersection
Core,9.195402298850574
Non-core,10.465116279069768
