status,intersection
Core,6.111111111111111
Non-core,5.982905982905983
