status,intersection
Core,8.771929824561404
Non-core,11.538461538461538
