status,intersection
Core,2.912621359223301
Non-core,1.5384615384615385
