status,intersection
Core,5.633802816901408
Non-core,5.813953488372093
