status,intersection
Core,4.972375690607735
Non-core,5.3097345132743365
