status,intersection
Core,6.055900621118012
Non-core,5.50098231827112
