status,intersection
Core,9.649122807017545
Non-core,9.333333333333334
