status,intersection
Core,5.044510385756676
Non-core,4.845814977973569
