status,intersection
Core,3.896103896103896
Non-core,3.2432432432432434
