status,intersection
Core,5.691056910569106
Non-core,5.333333333333333
