status,intersection
Core,6.153846153846154
Non-core,7.6923076923076925
