status,intersection
Core,5.161290322580645
Non-core,4.8034934497816595
