status,intersection
Core,9.25925925925926
Non-core,11.320754716981131
