status,intersection
Core,13.513513513513514
Non-core,22.580645161290324
