status,intersection
Core,2.7586206896551726
Non-core,2.0202020202020203
