status,intersection
Core,4.98220640569395
Non-core,5.747126436781609
