status,intersection
Core,11.016949152542374
Non-core,12.307692307692308
