status,intersection
Core,13.302752293577981
Non-core,8.974358974358974
