status,intersection
Core,7.277628032345014
Non-core,7.364341085271318
