status,intersection
Core,2.4193548387096775
Non-core,3.7974683544303796
