status,intersection
Core,9.79020979020979
Non-core,10.256410256410257
