status,intersection
Core,3.215926493108729
Non-core,2.526315789473684
