status,intersection
Core,1.8867924528301887
Non-core,3.7037037037037037
