status,intersection
Core,8.484848484848484
Non-core,8.411214953271028
