status,intersection
Core,3.4482758620689653
Non-core,3.225806451612903
