status,intersection
Core,4.392764857881137
Non-core,3.9285714285714284
