status,intersection
Core,5.762081784386617
Non-core,5.808080808080808
