status,intersection
Core,6.481481481481482
Non-core,6.349206349206349
