status,intersection
Core,6.159420289855072
Non-core,4.918032786885246
