status,intersection
Core,4.571428571428571
Non-core,2.857142857142857
