status,intersection
Core,8.64864864864865
Non-core,9.649122807017545
