status,intersection
Core,8.148148148148149
Non-core,7.954545454545454
