status,intersection
Core,4.385964912280702
Non-core,3.6144578313253013
