status,intersection
Core,4.028436018957346
Non-core,4.697986577181208
