status,intersection
Core,5.504587155963303
Non-core,5.594405594405594
