status,intersection
Core,8.287292817679559
Non-core,8.264462809917354
