status,intersection
Core,9.836065573770492
Non-core,12.903225806451612
