status,intersection
Core,9.386281588447654
Non-core,9.595959595959595
