status,intersection
Core,3.4220532319391634
Non-core,2.793296089385475
