status,intersection
Core,6.140350877192983
Non-core,5.128205128205129
