status,intersection
Core,8.653846153846153
Non-core,12.068965517241379
