status,intersection
Core,5.234159779614325
Non-core,4.700854700854701
