status,intersection
Core,4.477611940298507
Non-core,2.9702970297029703
