status,intersection
Core,1.7543859649122806
Non-core,3.225806451612903
