status,intersection
Core,7.070707070707071
Non-core,8.333333333333334
