status,intersection
Core,7.100591715976331
Non-core,5.454545454545454
