status,intersection
Core,9.743589743589743
Non-core,9.523809523809524
