status,intersection
Core,10.19108280254777
Non-core,10.309278350515465
