status,intersection
Core,8.737864077669903
Non-core,10.909090909090908
