status,intersection
Core,10.94890510948905
Non-core,12.195121951219512
