status,intersection
Core,6.837606837606837
Non-core,7.042253521126761
