status,intersection
Core,4.49438202247191
Non-core,4.580152671755725
