status,intersection
Core,6.282722513089006
Non-core,6.504065040650406
