status,intersection
Core,5.7915057915057915
Non-core,4.191616766467066
