status,intersection
Core,5.3061224489795915
Non-core,5.539358600583091
