status,intersection
Core,7.177033492822966
Non-core,7.6923076923076925
