status,intersection
Core,11.688311688311689
Non-core,11.11111111111111
