status,intersection
Core,6.7669172932330826
Non-core,5.9405940594059405
