status,intersection
Core,7.027027027027027
Non-core,6.956521739130435
