status,intersection
Core,6.451612903225806
Non-core,5.825242718446602
