status,intersection
Core,5.797101449275362
Non-core,7.317073170731708
