status,intersection
Core,4.500978473581213
Non-core,4.383561643835616
