status,intersection
Core,5.128205128205129
Non-core,4.901960784313726
