status,intersection
Core,4.487179487179487
Non-core,4.672897196261682
