status,intersection
Core,7.874015748031496
Non-core,4.054054054054054
