status,intersection
Core,5.978260869565218
Non-core,5.932203389830509
