status,intersection
Core,8.771929824561404
Non-core,15.384615384615385
