status,intersection
Core,8.670520231213873
Non-core,7.894736842105263
