status,intersection
Core,6.329113924050633
Non-core,8.16326530612245
