status,intersection
Core,3.170028818443804
Non-core,2.0876826722338206
