status,intersection
Core,12.087912087912088
Non-core,15.217391304347826
