status,intersection
Core,8.49056603773585
Non-core,10.169491525423728
