status,intersection
Core,14.619883040935672
Non-core,15.88785046728972
