status,intersection
Core,3.694267515923567
Non-core,2.218430034129693
