status,intersection
Core,1.1441647597254005
Non-core,0.32786885245901637
