status,intersection
Core,7.619047619047619
Non-core,7.352941176470588
