status,intersection
Core,3.7735849056603774
Non-core,1.5384615384615385
