status,intersection
Core,4.656319290465632
Non-core,4.193548387096774
