status,intersection
Core,9.615384615384615
Non-core,9.770114942528735
