status,intersection
Core,2.060338484179544
Non-core,1.2452107279693487
