status,intersection
Core,9.871244635193133
Non-core,9.210526315789474
