status,intersection
Core,7.373271889400922
Non-core,7.913669064748201
