status,intersection
Core,5.217391304347826
Non-core,7.407407407407407
