status,intersection
Core,2.8482651475919214
Non-core,2.1424070573408946
