status,intersection
Core,6.220095693779904
Non-core,5.333333333333333
