status,intersection
Core,5.633802816901408
Non-core,1.1764705882352942
