status,intersection
Core,6.787330316742081
Non-core,5.714285714285714
