status,intersection
Core,3.1799163179916317
Non-core,1.948051948051948
