status,intersection
Core,4.724409448818897
Non-core,4.938271604938271
