status,intersection
Core,3.508771929824561
Non-core,7.407407407407407
