status,intersection
Core,10.869565217391305
Non-core,15.686274509803921
