status,intersection
Core,2.5974025974025974
Non-core,3.018867924528302
