status,intersection
Core,5.81039755351682
Non-core,5.970149253731344
