status,intersection
Core,4.395604395604396
Non-core,8.333333333333334
