status,intersection
Core,7.352941176470588
Non-core,7.317073170731708
