status,intersection
Core,4.8076923076923075
Non-core,4.615384615384615
