status,intersection
Core,9.774436090225564
Non-core,9.090909090909092
