status,intersection
Core,14.583333333333334
Non-core,13.72549019607843
