status,intersection
Core,7.042253521126761
Non-core,8.571428571428571
