status,intersection
Core,3.787878787878788
Non-core,3.7974683544303796
