status,intersection
Core,7.782101167315175
Non-core,7.738095238095238
