status,intersection
Core,8.064516129032258
Non-core,8.602150537634408
