status,intersection
Core,6.167400881057269
Non-core,4.861111111111111
