status,intersection
Core,7.926829268292683
Non-core,7.368421052631579
