status,intersection
Core,7.177033492822966
Non-core,4.744525547445256
