status,intersection
Core,2.9702970297029703
Non-core,1.4285714285714286
