status,intersection
Core,8.130081300813009
Non-core,10.526315789473685
