status,intersection
Core,5.2631578947368425
Non-core,4.938271604938271
