status,intersection
Core,5.660377358490566
Non-core,5.0228310502283104
