status,intersection
Core,8.205128205128204
Non-core,8.88888888888889
