status,intersection
Core,5.147058823529412
Non-core,3.883495145631068
