status,intersection
Core,6.837606837606837
Non-core,3.5714285714285716
