status,intersection
Core,8.974358974358974
Non-core,10.204081632653061
