status,intersection
Core,6.870229007633588
Non-core,5.154639175257732
