status,intersection
Core,2.912621359223301
Non-core,1.3888888888888888
