status,intersection
Core,7.6923076923076925
Non-core,9.090909090909092
