status,intersection
Core,0.6745362563237775
Non-core,0.13123359580052493
