status,intersection
Core,4.444444444444445
Non-core,3.4482758620689653
