status,intersection
Core,0.6734006734006734
Non-core,0.4424778761061947
