status,intersection
Core,0.8305647840531561
Non-core,1.075268817204301
