status,intersection
Core,0.33783783783783783
Non-core,0.21929824561403508
