status,intersection
Core,1.490066225165563
Non-core,1.502145922746781
