status,intersection
Core,0.6722689075630253
Non-core,0.4357298474945534
