status,intersection
Core,8.057553956834532
Non-core,7.2796934865900385
