status,intersection
Core,1.9575856443719413
Non-core,1.8907563025210083
