status,intersection
Core,2.332814930015552
Non-core,0.8316008316008316
