status,intersection
Core,10.772578890097932
Non-core,8.166189111747851
