status,intersection
Core,1.3793103448275863
Non-core,1.2048192771084338
