status,intersection
Core,5.520504731861199
Non-core,5.660377358490566
