status,intersection
Core,2.723146747352496
Non-core,2.152641878669276
