status,intersection
Core,0.6666666666666666
Non-core,0.646551724137931
