status,intersection
Core,1.5100671140939597
Non-core,1.7391304347826086
