status,intersection
Core,1.520912547528517
Non-core,1.015228426395939
