status,intersection
Core,0.6700167504187605
Non-core,0.6507592190889371
