status,intersection
Core,2.109704641350211
Non-core,2.1937842778793417
