status,intersection
Core,3.7037037037037037
Non-core,3.7974683544303796
