status,intersection
Core,2.134646962233169
Non-core,1.9067796610169492
