status,intersection
Core,1.353637901861252
Non-core,1.3303769401330376
