status,intersection
Core,3.343949044585987
Non-core,2.1321961620469083
