status,intersection
Core,2.2435897435897436
Non-core,2.0533880903490758
