status,intersection
Core,2.644628099173554
Non-core,1.965065502183406
