status,intersection
Core,11.083743842364532
Non-core,9.075907590759076
