status,intersection
Core,1.5050167224080269
Non-core,0.6550218340611353
