status,intersection
Core,2.6058631921824102
Non-core,2.7253668763102725
