status,intersection
Core,4.227642276422764
Non-core,3.171247357293869
