status,intersection
Core,5.813953488372093
Non-core,7.2727272727272725
