status,intersection
Core,0.676818950930626
Non-core,0.6593406593406593
