status,intersection
Core,4.9504950495049505
Non-core,5.333333333333333
