status,intersection
Core,2.1241830065359477
Non-core,2.1052631578947367
