status,intersection
Core,5.446293494704992
Non-core,3.2193158953722336
