status,intersection
Core,2.6578073089700998
Non-core,1.7429193899782136
