status,intersection
Core,0.6722689075630253
Non-core,0.6535947712418301
