status,intersection
Core,3.9473684210526314
Non-core,5.882352941176471
