status,intersection
Core,2.4193548387096775
Non-core,2.484472049689441
