status,intersection
Core,12.059158134243459
Non-core,9.174311926605505
