status,intersection
Core,1.1532125205930808
Non-core,1.2765957446808511
