status,intersection
Core,6.3893016344725115
Non-core,5.212355212355212
