status,intersection
Core,4.11522633744856
Non-core,3.35195530726257
