status,intersection
Core,0.9983361064891847
Non-core,0.8602150537634409
