status,intersection
Core,0.8460236886632826
Non-core,0.8791208791208791
