status,intersection
Core,9.887005649717514
Non-core,8.037383177570094
