status,intersection
Core,2.7439024390243905
Non-core,2.3622047244094486
