status,intersection
Core,0.8361204013377926
Non-core,0.8714596949891068
