status,intersection
Core,2.75974025974026
Non-core,2.510460251046025
