status,intersection
Core,3.852327447833066
Non-core,2.7139874739039667
