status,intersection
Core,2.086677367576244
Non-core,1.6632016632016633
