status,intersection
Core,1.8181818181818181
Non-core,1.7429193899782136
