status,intersection
Core,4.223227752639517
Non-core,3.024193548387097
