status,intersection
Core,4.878048780487805
Non-core,4.37956204379562
