status,intersection
Core,6.451612903225806
Non-core,8.571428571428571
