status,intersection
Core,1.779935275080906
Non-core,1.6842105263157894
