status,intersection
Core,3.66412213740458
Non-core,3.143418467583497
