status,intersection
Core,3.289473684210526
Non-core,1.735357917570499
