status,intersection
Core,2.261712439418417
Non-core,2.079002079002079
