status,intersection
Core,6.763285024154589
Non-core,4.246284501061571
