status,intersection
Core,0.8403361344537815
Non-core,0.6535947712418301
