status,intersection
Core,5.7187017001545595
Non-core,4.356846473029045
