status,intersection
Core,0.5059021922428331
Non-core,0.6622516556291391
