status,intersection
Core,2.8938906752411575
Non-core,2.88659793814433
