status,intersection
Core,2.830188679245283
Non-core,2.301255230125523
