status,intersection
Core,1.1686143572621035
Non-core,1.0822510822510822
