status,intersection
Core,3.0595813204508855
Non-core,2.074688796680498
