status,intersection
Core,6.015037593984962
Non-core,9.333333333333334
