status,intersection
Core,1.1666666666666667
Non-core,0.6578947368421053
