status,intersection
Core,11.634349030470915
Non-core,9.269162210338681
