status,intersection
Core,1.3311148086522462
Non-core,0.8695652173913043
