status,intersection
Core,2.096774193548387
Non-core,2.074688796680498
