status,intersection
Core,8.016877637130802
Non-core,5.970149253731344
