status,intersection
Core,1.8456375838926173
Non-core,1.1013215859030836
