status,intersection
Core,1.468189233278956
Non-core,0.6550218340611353
