status,intersection
Core,0.33557046979865773
Non-core,0.43478260869565216
