status,intersection
Core,6.024096385542169
Non-core,6.779661016949152
