status,intersection
Core,11.239193083573488
Non-core,8.670520231213873
