status,intersection
Core,0.5016722408026756
Non-core,0.6493506493506493
