status,intersection
Core,1.3157894736842106
Non-core,1.4861995753715498
