status,intersection
Core,3.4146341463414633
Non-core,2.7542372881355934
