status,intersection
Core,2.3183925811437405
Non-core,1.792828685258964
