status,intersection
Core,1.1608623548922057
Non-core,1.0729613733905579
