status,intersection
Core,6.62557781201849
Non-core,5.295315682281059
