status,intersection
Core,0.8305647840531561
Non-core,0.8602150537634409
