status,intersection
Core,2.1487603305785123
Non-core,1.4957264957264957
