status,intersection
Core,1.3333333333333333
Non-core,1.293103448275862
