status,intersection
Core,1.7699115044247788
Non-core,1.4598540145985401
