status,intersection
Core,1.0118043844856661
Non-core,1.0940919037199124
