status,intersection
Core,3.389830508474576
Non-core,5.633802816901408
