status,intersection
Core,0.17035775127768313
Non-core,0.22172949002217296
