status,intersection
Core,2.733118971061093
Non-core,2.88659793814433
