status,intersection
Core,5.056179775280899
Non-core,4.212454212454213
