status,intersection
Core,15.106951871657754
Non-core,11.52482269503546
