status,intersection
Core,3.2208588957055215
Non-core,2.8629856850715747
