status,intersection
Core,4.1450777202072535
Non-core,3.9682539682539684
