status,intersection
Core,1.6420361247947455
Non-core,1.6913319238900635
