status,intersection
Core,9.63855421686747
Non-core,11.11111111111111
