status,intersection
Core,0.6920415224913494
Non-core,0.45871559633027525
