status,intersection
Core,6.363636363636363
Non-core,5.063291139240507
