status,intersection
Core,3.2846715328467155
Non-core,4.1420118343195265
