status,intersection
Core,10.344827586206897
Non-core,12.745098039215685
