status,intersection
Core,14.285714285714286
Non-core,16.883116883116884
