status,intersection
Core,4.783599088838269
Non-core,3.426791277258567
