status,intersection
Core,1.3468013468013469
Non-core,1.3274336283185841
