status,intersection
Core,2.26537216828479
Non-core,1.694915254237288
