status,intersection
Core,9.583333333333334
Non-core,12.582781456953642
