status,intersection
Core,2.6755852842809364
Non-core,1.8691588785046729
