status,intersection
Core,6.940874035989717
Non-core,8.171206225680933
