status,intersection
Core,9.505703422053232
Non-core,9.45945945945946
