status,intersection
Core,3.669724770642202
Non-core,4.411764705882353
