status,intersection
Core,7.424593967517401
Non-core,6.4935064935064934
