status,intersection
Core,8.896034297963558
Non-core,6.293706293706293
