status,intersection
Core,3.0303030303030303
Non-core,2.5454545454545454
