status,intersection
Core,4.545454545454546
Non-core,3.0864197530864197
