status,intersection
Core,0.3389830508474576
Non-core,0.44642857142857145
