status,intersection
Core,7.451923076923077
Non-core,6.333333333333333
