status,intersection
Core,4.609929078014185
Non-core,4.008908685968819
