status,intersection
Core,6.8119891008174385
Non-core,4.597701149425287
