status,intersection
Core,6.349206349206349
Non-core,6.315789473684211
