status,intersection
Core,3.2679738562091503
Non-core,3.508771929824561
