status,intersection
Core,11.029411764705882
Non-core,15.384615384615385
