status,intersection
Core,2.588996763754045
Non-core,2.1186440677966103
