status,intersection
Core,2.0066889632107023
Non-core,1.3215859030837005
