status,intersection
Core,3.283582089552239
Non-core,1.9083969465648856
