status,intersection
Core,16.9811320754717
Non-core,16.923076923076923
