status,intersection
Core,2.127659574468085
Non-core,3.076923076923077
