status,intersection
Core,2.2435897435897436
Non-core,1.6666666666666667
