status,intersection
Core,10.196779964221825
Non-core,9.273182957393484
