status,intersection
Core,2.027027027027027
Non-core,0.9216589861751152
