status,intersection
Core,8.823529411764707
Non-core,15.789473684210526
