status,intersection
Core,5.571030640668524
Non-core,4.365079365079365
