status,intersection
Core,3.081232492997199
Non-core,3.952569169960474
