status,intersection
Core,1.529051987767584
Non-core,0.42735042735042733
