status,intersection
Core,9.174311926605505
Non-core,12.698412698412698
