status,intersection
Core,2.272727272727273
Non-core,1.694915254237288
