status,intersection
Core,5.797101449275362
Non-core,9.210526315789474
