status,intersection
Core,3.058103975535168
Non-core,2.7559055118110236
