status,intersection
Core,10.37037037037037
Non-core,12.195121951219512
