status,intersection
Core,4.166666666666667
Non-core,4.9504950495049505
