status,intersection
Core,10.330578512396695
Non-core,9.210526315789474
