status,intersection
Core,2.236421725239617
Non-core,2.0833333333333335
