status,intersection
Core,2.2222222222222223
Non-core,3.278688524590164
