status,intersection
Core,3.8805970149253732
Non-core,4.237288135593221
