status,intersection
Core,1.524390243902439
Non-core,1.6129032258064515
