status,intersection
Core,3.35195530726257
Non-core,2.3166023166023164
