status,intersection
Core,5.166051660516605
Non-core,6.896551724137931
