status,intersection
Core,9.30232558139535
Non-core,9.25925925925926
