status,intersection
Core,8.333333333333334
Non-core,7.792207792207792
