status,intersection
Core,12.149532710280374
Non-core,13.846153846153847
