status,intersection
Core,2.147239263803681
Non-core,1.5810276679841897
