status,intersection
Core,7.5388026607538805
Non-core,6.172839506172839
