status,intersection
Core,1.3468013468013469
Non-core,0.8888888888888888
