status,intersection
Core,1.7301038062283738
Non-core,1.834862385321101
