status,intersection
Core,1.8987341772151898
Non-core,0.4329004329004329
