status,intersection
Core,9.337349397590362
Non-core,7.43801652892562
