status,intersection
Core,4.846938775510204
Non-core,4.4520547945205475
