status,intersection
Core,13.986013986013987
Non-core,17.24137931034483
