status,intersection
Core,4.480651731160896
Non-core,5.621301775147929
