status,intersection
Core,1.2861736334405145
Non-core,1.2605042016806722
