status,intersection
Core,5.089820359281437
Non-core,4.201680672268908
