status,intersection
Core,1.8808777429467085
Non-core,2.032520325203252
