status,intersection
Core,3.0726256983240225
Non-core,3.321033210332103
