status,intersection
Core,6.937394247038917
Non-core,6.7685589519650655
