status,intersection
Core,4.3478260869565215
Non-core,6.0606060606060606
