status,intersection
Core,8.358662613981762
Non-core,7.966457023060797
