status,intersection
Core,6.904231625835189
Non-core,8.219178082191782
