status,intersection
Core,5.154639175257732
Non-core,7.017543859649122
