status,intersection
Core,4.191616766467066
Non-core,5.982905982905983
