status,intersection
Core,10.784313725490197
Non-core,13.114754098360656
