status,intersection
Core,10.67251461988304
Non-core,8.413001912045889
