status,intersection
Core,1.6181229773462784
Non-core,1.2605042016806722
