status,intersection
Core,3.601108033240997
Non-core,3.6363636363636362
