status,intersection
Core,1.9867549668874172
Non-core,1.2987012987012987
