status,intersection
Core,4.516129032258065
Non-core,3.5242290748898677
