status,intersection
Core,7.878787878787879
Non-core,7.94392523364486
