status,intersection
Core,2.197802197802198
Non-core,3.278688524590164
