status,intersection
Core,11.646586345381525
Non-core,8.055555555555555
