status,intersection
Core,6.235011990407674
Non-core,5.787781350482315
