status,intersection
Core,10.663507109004739
Non-core,7.641196013289036
