status,intersection
Core,1.3513513513513513
Non-core,0.8888888888888888
