status,intersection
Core,3.5714285714285716
Non-core,3.6199095022624435
