status,intersection
Core,0.33222591362126247
Non-core,0.4366812227074236
