status,intersection
Core,9.63172804532578
Non-core,8.627450980392156
