status,intersection
Core,3.9867109634551494
Non-core,3.65296803652968
