status,intersection
Core,2.9239766081871346
Non-core,2.2388059701492535
