status,intersection
Core,10.661764705882353
Non-core,11.398963730569948
