status,intersection
Core,8.02919708029197
Non-core,9.195402298850574
