status,intersection
Core,5.555555555555555
Non-core,4.395604395604396
