status,intersection
Core,4.517453798767967
Non-core,4.615384615384615
