status,intersection
Core,8.46774193548387
Non-core,7.8431372549019605
