status,intersection
Core,6.508875739644971
Non-core,8.571428571428571
