status,intersection
Core,6.842105263157895
Non-core,6.870229007633588
