status,intersection
Core,4.624277456647399
Non-core,3.7037037037037037
