status,intersection
Core,12.068965517241379
Non-core,12.280701754385966
