status,intersection
Core,6.172839506172839
Non-core,7.207207207207207
