status,intersection
Core,0.7692307692307693
Non-core,1.0526315789473684
