status,intersection
Core,13.302752293577981
Non-core,12.67605633802817
