status,intersection
Core,10.218978102189782
Non-core,12.903225806451612
