status,intersection
Core,3.361344537815126
Non-core,3.7974683544303796
