status,intersection
Core,9.836065573770492
Non-core,11.320754716981131
