status,intersection
Core,2.7624309392265194
Non-core,3.007518796992481
