status,intersection
Core,4.568527918781726
Non-core,3.7593984962406015
