status,intersection
Core,3.6885245901639343
Non-core,3.8461538461538463
