status,intersection
Core,5.228758169934641
Non-core,6.185567010309279
