status,intersection
Core,6.5610859728506785
Non-core,5.230769230769231
