status,intersection
Core,4.332129963898917
Non-core,4.2105263157894735
