status,intersection
Core,7.741935483870968
Non-core,8.01526717557252
