status,intersection
Core,10.919540229885058
Non-core,13.043478260869565
