status,intersection
Core,5.851063829787234
Non-core,5.645161290322581
