status,intersection
Core,15.025906735751295
Non-core,13.846153846153847
