status,intersection
Core,8.757062146892656
Non-core,8.51063829787234
