status,intersection
Core,4.273504273504273
Non-core,5.128205128205129
