status,intersection
Core,8.066759388038943
Non-core,7.1146245059288535
