status,intersection
Core,4.195804195804196
Non-core,2.7777777777777777
