status,intersection
Core,6.211180124223603
Non-core,7.2727272727272725
