status,intersection
Core,7.804878048780488
Non-core,9.523809523809524
