status,intersection
Core,2.3255813953488373
Non-core,2.1052631578947367
