status,intersection
Core,4.651162790697675
Non-core,5.3097345132743365
