status,intersection
Core,8.264462809917354
Non-core,7.462686567164179
