status,intersection
Core,10.362694300518134
Non-core,11.538461538461538
