status,intersection
Core,3.045685279187817
Non-core,3.4965034965034967
