status,intersection
Core,6.837606837606837
Non-core,7.558139534883721
