status,intersection
Core,4.912280701754386
Non-core,5.025125628140704
