status,intersection
Core,7.299270072992701
Non-core,6.976744186046512
