status,intersection
Core,5.426356589147287
Non-core,5.978260869565218
