status,intersection
Core,3.6496350364963503
Non-core,1.9801980198019802
