status,intersection
Core,4.564315352697095
Non-core,4.733727810650888
