status,intersection
Core,7.623318385650224
Non-core,8.88888888888889
