status,intersection
Core,5.809128630705394
Non-core,7.801418439716312
