status,intersection
Core,6.466512702078522
Non-core,5.654761904761905
