status,intersection
Core,10.441767068273093
Non-core,12.727272727272727
