status,intersection
Core,7.471264367816092
Non-core,6.837606837606837
