status,intersection
Core,5.369127516778524
Non-core,4.504504504504505
