status,intersection
Core,6.617647058823529
Non-core,5.376344086021505
