status,intersection
Core,6.345177664974619
Non-core,6.389776357827476
