status,intersection
Core,5.714285714285714
Non-core,7.608695652173913
