status,intersection
Core,2.3622047244094486
Non-core,2.1739130434782608
