status,intersection
Core,2.8735632183908044
Non-core,3.1746031746031744
