status,intersection
Core,3.007518796992481
Non-core,3.0927835051546393
