status,intersection
Core,9.187279151943462
Non-core,10.734463276836157
