status,intersection
Core,7.960199004975125
Non-core,7.43801652892562
