status,intersection
Core,5.714285714285714
Non-core,6.306306306306307
