status,intersection
Core,2.459016393442623
Non-core,2.4390243902439024
