status,intersection
Core,5.203619909502263
Non-core,5.521472392638037
