status,intersection
Core,3.875968992248062
Non-core,3.1914893617021276
