status,intersection
Core,8.333333333333334
Non-core,9.322033898305085
