status,intersection
Core,8.359133126934985
Non-core,9.433962264150944
