status,intersection
Core,9.289617486338798
Non-core,6.086956521739131
