status,intersection
Core,4.016064257028113
Non-core,4.093567251461988
