status,intersection
Core,5.011933174224343
Non-core,5.369127516778524
