status,intersection
Core,3.875968992248062
Non-core,3.225806451612903
