status,intersection
Core,5.185185185185185
Non-core,5.514705882352941
