status,intersection
Core,6.106870229007634
Non-core,6.818181818181818
