status,intersection
Core,4.320987654320987
Non-core,4.159733777038269
