status,intersection
Core,3.6649214659685865
Non-core,2.608695652173913
