status,intersection
Core,2.843601895734597
Non-core,1.550387596899225
