status,intersection
Core,10.729613733905579
Non-core,7.142857142857143
