status,intersection
Core,2.8735632183908044
Non-core,3.8095238095238093
