status,intersection
Core,4.123711340206185
Non-core,4.098360655737705
