status,intersection
Core,0.5847953216374269
Non-core,0.9803921568627451
