status,intersection
Core,2.824858757062147
Non-core,2.0618556701030926
