status,intersection
Core,7.947019867549669
Non-core,7.446808510638298
