status,intersection
Core,3.061224489795918
Non-core,2.7027027027027026
