status,intersection
Core,1.492537313432836
Non-core,1.6260162601626016
