status,intersection
Core,6.682027649769585
Non-core,4.049844236760125
