status,intersection
Core,1.1695906432748537
Non-core,1.0526315789473684
