status,intersection
Core,3.493449781659389
Non-core,3.3783783783783785
