status,intersection
Core,8.444444444444445
Non-core,9.774436090225564
