status,intersection
Core,4.069767441860465
Non-core,4.040404040404041
