status,intersection
Core,5.583756345177665
Non-core,5.3097345132743365
