status,intersection
Core,0.5952380952380952
Non-core,1.0101010101010102
