status,intersection
Core,6.299212598425197
Non-core,5.241935483870968
