status,intersection
Core,3.1746031746031744
Non-core,2.542372881355932
