status,intersection
Core,10.382513661202186
Non-core,6.122448979591836
