status,intersection
Core,4.651162790697675
Non-core,3.076923076923077
