status,intersection
Core,13.157894736842104
Non-core,11.11111111111111
