status,intersection
Core,4.212860310421286
Non-core,2.346041055718475
