status,intersection
Core,0.5617977528089888
Non-core,0.9174311926605505
