status,intersection
Core,7.186858316221766
Non-core,4.069767441860465
