status,intersection
Core,6.542056074766355
Non-core,6.349206349206349
