status,intersection
Core,9.975470155355683
Non-core,6.88360450563204
