status,intersection
Core,7.456140350877193
Non-core,4.964539007092198
