status,intersection
Core,8.615384615384615
Non-core,6.280193236714976
