status,intersection
Core,1.744186046511628
Non-core,0.970873786407767
