status,intersection
Core,7.801418439716312
Non-core,6.691449814126394
