status,intersection
Core,6.808510638297872
Non-core,3.7593984962406015
