status,intersection
Core,2.824858757062147
Non-core,1.8518518518518519
