status,intersection
Core,4.324324324324325
Non-core,3.8095238095238093
