status,intersection
Core,4.419889502762431
Non-core,3.8095238095238093
