status,intersection
Core,11.16504854368932
Non-core,9.090909090909092
