status,intersection
Core,5.529953917050691
Non-core,3.1496062992125986
