status,intersection
Core,1.7142857142857142
Non-core,0.9433962264150944
