status,intersection
Core,3.0927835051546393
Non-core,3.252032520325203
