status,intersection
Core,4.867256637168142
Non-core,3.6496350364963503
