status,intersection
Core,4.945054945054945
Non-core,4.8076923076923075
