status,intersection
Core,4.232804232804233
Non-core,3.361344537815126
