status,intersection
Core,20.384615384615383
Non-core,10.38961038961039
