status,intersection
Core,2.8925619834710745
Non-core,1.8867924528301887
