status,intersection
Core,9.281437125748504
Non-core,7.619047619047619
