status,intersection
Core,10.683760683760683
Non-core,8.208955223880597
