status,intersection
Core,1.675977653631285
Non-core,1.834862385321101
