status,intersection
Core,4.81283422459893
Non-core,4.8076923076923075
