status,intersection
Core,2.577319587628866
Non-core,1.6129032258064515
