status,intersection
Core,7.916666666666667
Non-core,7.042253521126761
