status,intersection
Core,4.901960784313726
Non-core,5.2631578947368425
