status,intersection
Core,1.1363636363636365
Non-core,0.9345794392523364
