status,intersection
Core,8.771929824561404
Non-core,6.7114093959731544
