status,intersection
Core,1.1695906432748537
Non-core,1.9607843137254901
