status,intersection
Core,2.840909090909091
Non-core,3.7383177570093458
