status,intersection
Core,8.457711442786069
Non-core,4.504504504504505
