status,intersection
Core,7.488986784140969
Non-core,4.137931034482759
