status,intersection
Core,9.62566844919786
Non-core,6.722689075630252
