status,intersection
Core,6.012658227848101
Non-core,3.9215686274509802
