status,intersection
Core,1.5267175572519085
Non-core,1.1363636363636365
