status,intersection
Core,6.995884773662551
Non-core,4.046242774566474
