status,intersection
Core,8.737864077669903
Non-core,6.122448979591836
