status,intersection
Core,3.9215686274509802
Non-core,9.090909090909092
