status,intersection
Core,3.337612323491656
Non-core,2.0654044750430294
