status,intersection
Core,3.1662269129287597
Non-core,2.422145328719723
