status,intersection
Core,7.964601769911504
Non-core,6.349206349206349
