status,intersection
Core,4.39882697947214
Non-core,2.7027027027027026
