status,intersection
Core,11.851851851851851
Non-core,6.666666666666667
