status,intersection
Core,4.8979591836734695
Non-core,2.840909090909091
