status,intersection
Core,4.032258064516129
Non-core,2.7472527472527473
