status,intersection
Core,0.7468259895444361
Non-core,0.484027105517909
