status,intersection
Core,1.882693700217234
Non-core,1.7641597028783658
