status,intersection
Core,0.6661732050333087
Non-core,0.5730659025787965
