status,intersection
Core,0.2965159377316531
Non-core,0.3827751196172249
