status,intersection
Core,3.235294117647059
Non-core,1.9980970504281637
