status,intersection
Core,2.292263610315186
Non-core,1.702127659574468
