status,intersection
Core,12.359550561797754
Non-core,9.803921568627452
