status,intersection
Core,1.7857142857142858
Non-core,1.1571841851494695
