status,intersection
Core,3.2774945375091042
Non-core,2.0754716981132075
