status,intersection
Core,0.29739776951672864
Non-core,0.38424591738712777
