status,intersection
Core,0.7396449704142012
Non-core,0.7633587786259542
