status,intersection
Core,5.543398978847557
Non-core,3.305004721435316
