status,intersection
Core,0.37257824143070045
Non-core,0.28901734104046245
