status,intersection
Core,3.5398230088495577
Non-core,2.6666666666666665
