status,intersection
Core,0.9587020648967551
Non-core,1.0456273764258555
