status,intersection
Core,5.147058823529412
Non-core,3.488372093023256
