status,intersection
Core,3.088235294117647
Non-core,2.2813688212927756
