status,intersection
Core,1.5532544378698225
Non-core,0.9633911368015414
