status,intersection
Core,0.2962962962962963
Non-core,0.3824091778202677
