status,intersection
Core,0.07434944237918216
Non-core,0.09606147934678194
