status,intersection
Core,4.263005780346821
Non-core,3.075489282385834
