status,intersection
Core,4.442825928623452
Non-core,2.551984877126654
