status,intersection
Core,3.074670571010249
Non-core,1.3295346628679963
