status,intersection
Core,1.8115942028985508
Non-core,1.4953271028037383
