status,intersection
Core,0.14914243102162567
Non-core,0.09643201542912247
