status,intersection
Core,5.1120448179271705
Non-core,4.007285974499089
