status,intersection
Core,2.1802325581395348
Non-core,2.25140712945591
