status,intersection
Core,3.488372093023256
Non-core,6.521739130434782
