status,intersection
Core,1.9852941176470589
Non-core,0.7626310772163966
