status,intersection
Core,2.0348837209302326
Non-core,1.4258555133079849
