status,intersection
Core,2.6580459770114944
Non-core,2.4051803885291396
