status,intersection
Core,1.0324483775811208
Non-core,0.9514747859181731
