status,intersection
Core,2.0044543429844097
Non-core,1.4423076923076923
