status,intersection
Core,1.1747430249632893
Non-core,0.8421052631578947
