status,intersection
Core,2.494497432134996
Non-core,1.8975332068311195
