status,intersection
Core,0.29806259314456035
Non-core,0.28901734104046245
