status,intersection
Core,16.394434361766486
Non-core,13.109756097560975
