status,intersection
Core,0.7352941176470589
Non-core,0.946969696969697
