status,intersection
Core,0.37230081906180196
Non-core,0.19342359767891681
