status,intersection
Core,3.2967032967032965
Non-core,4.3478260869565215
