status,intersection
Core,0.5216095380029806
Non-core,0.5780346820809249
