status,intersection
Core,1.2594458438287153
Non-core,0.9114583333333334
