status,intersection
Core,5.454545454545454
Non-core,2.3255813953488373
