status,intersection
Core,0.22288261515601784
Non-core,0.28790786948176583
