status,intersection
Core,6.172839506172839
Non-core,11.11111111111111
