status,intersection
Core,2.5811209439528024
Non-core,1.7110266159695817
