status,intersection
Core,1.3289036544850499
Non-core,0.8676789587852495
