status,intersection
Core,1.8612521150592216
Non-core,1.345291479820628
