status,intersection
Core,0.2976190476190476
Non-core,0.38461538461538464
