status,intersection
Core,0.5974607916355489
Non-core,0.2904162633107454
