status,intersection
Core,2.109090909090909
Non-core,1.6129032258064515
