status,intersection
Core,1.255539143279173
Non-core,1.147227533460803
