status,intersection
Core,10.206804536357572
Non-core,6.878761822871883
