status,intersection
Core,1.1857707509881423
Non-core,0.8849557522123894
