status,intersection
Core,0.37257824143070045
Non-core,0.3853564547206166
