status,intersection
Core,1.1015911872705018
Non-core,0.6525285481239804
