status,intersection
Core,1.4423076923076923
Non-core,1.3888888888888888
