status,intersection
Core,3.6199095022624435
Non-core,2.8776978417266186
