status,intersection
Core,1.167883211678832
Non-core,1.0318949343339587
