status,intersection
Core,6.1107117181883535
Non-core,4.477611940298507
