status,intersection
Core,2.7681660899653977
Non-core,2.030456852791878
