status,intersection
Core,7.228915662650603
Non-core,3.7735849056603774
