status,intersection
Core,0.7423904974016332
Non-core,0.19286403085824494
