status,intersection
Core,2.078693392724573
Non-core,1.3461538461538463
