status,intersection
Core,1.313868613138686
Non-core,1.320754716981132
