status,intersection
Core,0.22304832713754646
Non-core,0.09606147934678194
