status,intersection
Core,8.096590909090908
Non-core,5.8171745152354575
