status,intersection
Core,10.42654028436019
Non-core,7.631578947368421
