status,intersection
Core,1.717557251908397
Non-core,1.639344262295082
