status,intersection
Core,3.242446573323508
Non-core,1.5281757402101241
