status,intersection
Core,4.455807158509861
Non-core,2.7436140018921478
