status,intersection
Core,3.35195530726257
Non-core,1.9047619047619047
