status,intersection
Core,3.888888888888889
Non-core,3.361344537815126
