status,intersection
Core,5.357142857142857
Non-core,3.225806451612903
