status,intersection
Core,8.51063829787234
Non-core,3.8461538461538463
