status,intersection
Core,1.2399708242159009
Non-core,1.1246485473289598
