status,intersection
Core,1.1013215859030836
Non-core,0.7575757575757576
