status,intersection
Core,0.5216095380029806
Non-core,0.4835589941972921
