status,intersection
Core,3.9940828402366866
Non-core,2.4904214559386975
