status,intersection
Core,1.2696041822255415
Non-core,0.968054211035818
