status,intersection
Core,0.44411547002220575
Non-core,0.38204393505253104
