status,intersection
Core,0.29828486204325133
Non-core,0.3857280617164899
