status,intersection
Core,7.454289732770746
Non-core,5.2631578947368425
