status,intersection
Core,0.07446016381236038
Non-core,0.09624639076034648
