status,intersection
Core,0.9509875640087784
Non-core,1.0357815442561205
