status,intersection
Core,0.07462686567164178
Non-core,0.09652509652509653
