status,intersection
Core,1.099706744868035
Non-core,1.1396011396011396
