status,intersection
Core,0.6651884700665188
Non-core,0.5719733079122974
