status,intersection
Core,8.409250175192712
Non-core,7.117117117117117
