status,intersection
Core,1.4705882352941178
Non-core,1.5151515151515151
