status,intersection
Core,5.769230769230769
Non-core,2.3255813953488373
