status,intersection
Core,2.077151335311573
Non-core,1.7699115044247788
