status,intersection
Core,0.14925373134328357
Non-core,0.09652509652509653
