status,intersection
Core,0.7407407407407407
Non-core,0.6692160611854685
