status,intersection
Core,2.9753265602322205
Non-core,2.6465028355387523
