status,intersection
Core,2.433628318584071
Non-core,1.2195121951219512
