status,intersection
Core,1.7621145374449338
Non-core,1.0516252390057361
