status,intersection
Core,5.172413793103448
Non-core,2.127659574468085
