status,intersection
Core,2.3054755043227666
Non-core,1.7316017316017316
