status,intersection
Core,1.2667660208643816
Non-core,0.7736943907156673
