status,intersection
Core,8.955223880597014
Non-core,11.764705882352942
