status,intersection
Core,2.363367799113737
Non-core,1.7159199237368923
