status,intersection
Core,19.9189345686161
Non-core,15.982404692082111
