status,intersection
Core,1.5317286652078774
Non-core,1.1310084825636193
