status,intersection
Core,2.247191011235955
Non-core,1.7857142857142858
