status,intersection
Core,0.8221225710014948
Non-core,0.4835589941972921
