status,intersection
Core,0.2976190476190476
Non-core,0.28846153846153844
