status,intersection
Core,5.164992826398852
Non-core,3.9667896678966788
