status,intersection
Core,2.5843503230437905
Non-core,2.127659574468085
