status,intersection
Core,2.127659574468085
Non-core,3.7037037037037037
