status,intersection
Core,0.37202380952380953
Non-core,0.28846153846153844
