status,intersection
Core,12.080103359173126
Non-core,7.551867219917012
