status,intersection
Core,0.6646971935007385
Non-core,0.5714285714285714
