status,intersection
Core,6.153846153846154
Non-core,3.884372177055104
