status,intersection
Core,1.1808118081180812
Non-core,1.0466222645099905
