status,intersection
Core,1.4781966001478197
Non-core,1.3409961685823755
