status,intersection
Core,1.3828238719068413
Non-core,1.4018691588785046
