status,intersection
Core,0.6721433905899925
Non-core,0.3864734299516908
