status,intersection
Core,0.9333333333333333
Non-core,0.8960573476702509
