status,intersection
Core,1.331360946745562
Non-core,0.9551098376313276
