status,intersection
Core,0.22338049143708116
Non-core,0.19249278152069296
