status,intersection
Core,1.846381093057607
Non-core,1.2452107279693487
