status,intersection
Core,0.2965159377316531
Non-core,0.28708133971291866
