status,intersection
Core,6.8088033012379645
Non-core,4.912280701754386
