status,intersection
Core,0.5930318754633062
Non-core,0.5741626794258373
