status,intersection
Core,0.8823529411764706
Non-core,0.6628787878787878
