status,intersection
Core,8.88888888888889
Non-core,5.714285714285714
