status,intersection
Core,2.286135693215339
Non-core,1.24282982791587
