status,intersection
Core,1.3392857142857142
Non-core,0.4830917874396135
