status,intersection
Core,3.8461538461538463
Non-core,5.882352941176471
