status,intersection
Core,1.1177347242921014
Non-core,0.4826254826254826
