status,intersection
Core,3.723404255319149
Non-core,3.7037037037037037
