status,intersection
Core,4.854368932038835
Non-core,3.7267080745341614
