status,intersection
Core,3.2679738562091503
Non-core,2.35626767200754
