status,intersection
Core,0.5965697240865027
Non-core,0.5808325266214908
