status,intersection
Core,17.243303571428573
Non-core,13.000702740688686
