status,intersection
Core,3.4188034188034186
Non-core,2.9239766081871346
