status,intersection
Core,0.1485884101040119
Non-core,0.19193857965451055
