status,intersection
Core,1.1704462326261886
Non-core,1.0348071495766697
