status,intersection
Core,4.9598832968636035
Non-core,3.305004721435316
