status,intersection
Core,5.113636363636363
Non-core,3.5398230088495577
