status,intersection
Core,0.3700962250185048
Non-core,0.4775549188156638
