status,intersection
Core,15.708812260536398
Non-core,13.776337115072934
