status,intersection
Core,0.2971768202080238
Non-core,0.28790786948176583
