status,intersection
Core,1.9125683060109289
Non-core,1.0380622837370241
