status,intersection
Core,2.803738317757009
Non-core,1.7857142857142858
