status,intersection
Core,0.2969561989606533
Non-core,0.0968054211035818
