status,intersection
Core,1.3574660633484164
Non-core,1.4814814814814814
