status,intersection
Core,2.8922631959508314
Non-core,1.4967259120673526
