status,intersection
Core,2.7681660899653977
Non-core,2.6737967914438503
