status,intersection
Core,0.44642857142857145
Non-core,0.38461538461538464
