status,intersection
Core,4.477611940298507
Non-core,3.3333333333333335
