status,intersection
Core,2.6737967914438503
Non-core,2.3076923076923075
