status,intersection
Core,0.14903129657228018
Non-core,0.09633911368015415
