status,intersection
Core,1.9841269841269842
Non-core,2.5641025641025643
