status,intersection
Core,0.8645533141210374
Non-core,1.345291479820628
