status,intersection
Core,2.6785714285714284
Non-core,1.5873015873015872
