status,intersection
Core,3.225806451612903
Non-core,9.090909090909092
