status,intersection
Core,0.9615384615384616
Non-core,1.7543859649122806
