status,intersection
Core,1.6181229773462784
Non-core,2.1052631578947367
