status,intersection
Core,1.583710407239819
Non-core,1.644736842105263
