status,intersection
Core,2.028985507246377
Non-core,1.7699115044247788
