status,intersection
Core,2.73972602739726
Non-core,4.597701149425287
