status,intersection
Core,8.571428571428571
Non-core,18.181818181818183
