status,intersection
Core,1.5873015873015872
Non-core,3.076923076923077
