status,intersection
Core,2.112676056338028
Non-core,0.9615384615384616
