status,intersection
Core,2.1739130434782608
Non-core,3.9215686274509802
