status,intersection
Core,1.03397341211226
Non-core,0.6423982869379015
