status,intersection
Core,2.459016393442623
Non-core,1.1764705882352942
