status,intersection
Core,1.2320328542094456
Non-core,1.404494382022472
