status,intersection
Core,2.4096385542168677
Non-core,5.405405405405405
