status,intersection
Core,0.819672131147541
Non-core,1.4285714285714286
