status,intersection
Core,1.9138755980861244
Non-core,0.8928571428571429
