status,intersection
Core,1.7204301075268817
Non-core,1.4619883040935673
