status,intersection
Core,2.6548672566371683
Non-core,4.761904761904762
