status,intersection
Core,0.9615384615384616
Non-core,2.127659574468085
