status,intersection
Core,2.5806451612903225
Non-core,2.3529411764705883
