status,intersection
Core,3.278688524590164
Non-core,3.7037037037037037
