status,intersection
Core,0.684931506849315
Non-core,1.3513513513513513
