status,intersection
Core,0.5747126436781609
Non-core,0.8403361344537815
