status,intersection
Core,1.1494252873563218
Non-core,0.9174311926605505
