status,intersection
Core,1.2903225806451613
Non-core,2.2222222222222223
