status,intersection
Core,3.1088082901554404
Non-core,3.389830508474576
