status,intersection
Core,0.8021390374331551
Non-core,0.823045267489712
