status,intersection
Core,2.211302211302211
Non-core,1.5151515151515151
