status,intersection
Core,0.6633499170812603
Non-core,0.8421052631578947
