status,intersection
Core,3.5714285714285716
Non-core,14.285714285714286
