status,intersection
Core,1.1940298507462686
Non-core,1.3761467889908257
