status,intersection
Core,0.5939123979213066
Non-core,0.38684719535783363
