status,intersection
Core,0.45454545454545453
Non-core,0.7299270072992701
