status,intersection
Core,2.5641025641025643
Non-core,5.714285714285714
