status,intersection
Core,1.948051948051948
Non-core,2.727272727272727
