status,intersection
Core,3.6144578313253013
Non-core,8.108108108108109
