status,intersection
Core,0.9009009009009009
Non-core,1.5151515151515151
