status,intersection
Core,1.5151515151515151
Non-core,3.5714285714285716
