status,intersection
Core,3.592814371257485
Non-core,5.813953488372093
