status,intersection
Core,0.6535947712418301
Non-core,1.1904761904761905
