status,intersection
Core,5.421686746987952
Non-core,5.319148936170213
