status,intersection
Core,4.968944099378882
Non-core,1.2345679012345678
