status,intersection
Core,3.1847133757961785
Non-core,4.545454545454546
