status,intersection
Core,4.093567251461988
Non-core,5.2631578947368425
