status,intersection
Core,5.228758169934641
Non-core,4.938271604938271
