status,intersection
Core,11.466666666666667
Non-core,7.659574468085107
