status,intersection
Core,4.7368421052631575
Non-core,4.62962962962963
