status,intersection
Core,7.228915662650603
Non-core,5.813953488372093
