status,intersection
Core,4.938271604938271
Non-core,5.434782608695652
