status,intersection
Core,8.095238095238095
Non-core,6.557377049180328
