status,intersection
Core,12.345679012345679
Non-core,10.344827586206897
