status,intersection
Core,8.403361344537815
Non-core,6.578947368421052
