status,intersection
Core,7.762557077625571
Non-core,6.976744186046512
