status,intersection
Core,3.508771929824561
Non-core,5.0359712230215825
