status,intersection
Core,11.531531531531531
Non-core,6.683168316831683
