status,intersection
Core,4.697986577181208
Non-core,3.8461538461538463
