status,intersection
Core,7.966706302021403
Non-core,4.838709677419355
