status,intersection
Core,7.749077490774908
Non-core,6.024096385542169
