status,intersection
Core,1.8633540372670807
Non-core,2.1739130434782608
