status,intersection
Core,6.341463414634147
Non-core,5.932203389830509
