status,intersection
Core,1.2820512820512822
Non-core,1.1494252873563218
