status,intersection
Core,8.421052631578947
Non-core,6.185567010309279
