status,intersection
Core,3.1088082901554404
Non-core,2.6785714285714284
