status,intersection
Core,6.829268292682927
Non-core,5.982905982905983
