status,intersection
Core,5.025125628140704
Non-core,3.508771929824561
