status,intersection
Core,1.3513513513513513
Non-core,2.5316455696202533
