status,intersection
Core,5.583756345177665
Non-core,2.9411764705882355
