status,intersection
Core,7.526881720430108
Non-core,4.25531914893617
