status,intersection
Core,8.35820895522388
Non-core,7.7272727272727275
