status,intersection
Core,3.902439024390244
Non-core,4.761904761904762
