status,intersection
Core,1.2345679012345678
Non-core,1.0869565217391304
