status,intersection
Core,6.530612244897959
Non-core,8.16326530612245
