status,intersection
Core,4.864864864864865
Non-core,3.061224489795918
