status,intersection
Core,7.053941908713693
Non-core,5.333333333333333
