status,intersection
Core,9.63855421686747
Non-core,7.643312101910828
