status,intersection
Core,0.6802721088435374
Non-core,1.2820512820512822
