status,intersection
Core,3.1446540880503147
Non-core,2.2222222222222223
