status,intersection
Core,4.245283018867925
Non-core,3.10077519379845
