status,intersection
Core,0.6289308176100629
Non-core,1.1111111111111112
