status,intersection
Core,8.923076923076923
Non-core,7.94392523364486
