status,intersection
Core,11.21951219512195
Non-core,6.140350877192983
