status,intersection
Core,16.666666666666668
Non-core,12.574850299401197
