status,intersection
Core,1.2820512820512822
Non-core,2.2988505747126435
