status,intersection
Core,3.723404255319149
Non-core,3.4188034188034186
