status,intersection
Core,6.643356643356643
Non-core,4.324324324324325
