status,intersection
Core,6.777217015140591
Non-core,3.2618825722273996
