status,intersection
Core,4.2682926829268295
Non-core,5.2631578947368425
