status,intersection
Core,10.440251572327044
Non-core,6.122448979591836
