status,intersection
Core,3.2846715328467155
Non-core,2.808988764044944
