status,intersection
Core,4.597701149425287
Non-core,4.8076923076923075
