status,intersection
Core,4.022988505747127
Non-core,4.301075268817204
