status,intersection
Core,12.982456140350877
Non-core,7.103825136612022
