status,intersection
Core,1.3071895424836601
Non-core,2.380952380952381
