status,intersection
Core,8.733624454148472
Non-core,5.555555555555555
