status,intersection
Core,9.732824427480915
Non-core,6.76056338028169
