status,intersection
Core,5.945945945945946
Non-core,4.901960784313726
