status,intersection
Core,10.82089552238806
Non-core,8.982035928143713
