status,intersection
Core,6.357388316151202
Non-core,3.7209302325581395
