status,intersection
Core,9.488448844884488
Non-core,6.091370558375634
