status,intersection
Core,5.056179775280899
Non-core,5.555555555555555
