status,intersection
Core,4.972375690607735
Non-core,4.587155963302752
