status,intersection
Core,0.6622516556291391
Non-core,1.2195121951219512
