status,intersection
Core,2.7624309392265194
Non-core,3.883495145631068
