status,intersection
Core,9.202453987730062
Non-core,9.090909090909092
