status,intersection
Core,6.030150753768845
Non-core,6.862745098039215
