status,intersection
Core,7.327586206896552
Non-core,7.633587786259542
