status,intersection
Core,10.601719197707736
Non-core,7.079646017699115
