status,intersection
Core,6.63265306122449
Non-core,4.504504504504505
