status,intersection
Core,9.956709956709958
Non-core,5.384615384615385
