status,intersection
Core,0.6666666666666666
Non-core,1.2345679012345678
