status,intersection
Core,4.484304932735426
Non-core,1.694915254237288
