status,intersection
Core,11.518324607329843
Non-core,7.6923076923076925
