status,intersection
Core,10.74766355140187
Non-core,8.474576271186441
