status,intersection
Core,4.819277108433735
Non-core,10.526315789473685
