status,intersection
Core,4.705882352941177
Non-core,6.818181818181818
