status,intersection
Core,5.333333333333333
Non-core,11.11111111111111
