status,intersection
Core,4.63768115942029
Non-core,5.555555555555555
