status,intersection
Core,2.510460251046025
Non-core,1.9736842105263157
