status,intersection
Core,3.021978021978022
Non-core,3.5714285714285716
