status,intersection
Core,4.699738903394256
Non-core,4.8582995951417
