status,intersection
Core,11.224489795918368
Non-core,11.764705882352942
