status,intersection
Core,3.787878787878788
Non-core,3.1914893617021276
