status,intersection
Core,10.447761194029852
Non-core,13.698630136986301
