status,intersection
Core,7.116104868913857
Non-core,7.103825136612022
