status,intersection
Core,4.087193460490464
Non-core,4.721030042918455
