status,intersection
Core,4.587155963302752
Non-core,5.555555555555555
