status,intersection
Core,5.357142857142857
Non-core,5.194805194805195
