status,intersection
Core,7.826086956521739
Non-core,10.218978102189782
