status,intersection
Core,9.243697478991596
Non-core,11.940298507462687
