status,intersection
Core,4.733727810650888
Non-core,3.225806451612903
