status,intersection
Core,3.2467532467532467
Non-core,3.8461538461538463
