status,intersection
Core,2.8241335044929397
Non-core,1.7452006980802792
