status,intersection
Core,4.651162790697675
Non-core,5.031446540880503
