status,intersection
Core,2.6315789473684212
Non-core,3.4482758620689653
