status,intersection
Core,0.12987012987012986
Non-core,0.1721170395869191
