status,intersection
Core,1.2345679012345678
Non-core,1.4563106796116505
