status,intersection
Core,3.236245954692557
Non-core,2.030456852791878
