status,intersection
Core,0.1287001287001287
Non-core,0.17006802721088435
