status,intersection
Core,8.085106382978724
Non-core,6.229508196721311
