status,intersection
Core,4.854368932038835
Non-core,9.433962264150944
