status,intersection
Core,0.2594033722438392
Non-core,0.3442340791738382
