status,intersection
Core,3.4313725490196076
Non-core,2.4390243902439024
