status,intersection
Core,0.12919896640826872
Non-core,0.17123287671232876
