status,intersection
Core,0.30959752321981426
Non-core,0.45871559633027525
