status,intersection
Core,0.3115264797507788
Non-core,0.46296296296296297
