status,intersection
Core,2.9887920298879203
Non-core,2.8380634390651087
