status,intersection
Core,1.3245033112582782
Non-core,1.9900497512437811
