status,intersection
Core,1.6042780748663101
Non-core,2.5210084033613445
