status,intersection
Core,1.146131805157593
Non-core,1.2448132780082988
