status,intersection
Core,1.529051987767584
Non-core,1.3333333333333333
