status,intersection
Core,0.2534854245880862
Non-core,0.1669449081803005
