status,intersection
Core,1.829268292682927
Non-core,0.8968609865470852
