status,intersection
Core,0.8717310087173101
Non-core,0.8183306055646481
