status,intersection
Core,2.354399008674102
Non-core,1.6863406408094435
