status,intersection
Core,0.9009009009009009
Non-core,0.8771929824561403
