status,intersection
Core,7.954545454545454
Non-core,10.869565217391305
