status,intersection
Core,4.25531914893617
Non-core,6.329113924050633
