status,intersection
Core,1.1194029850746268
Non-core,1.155115511551155
