status,intersection
Core,0.42735042735042733
Non-core,0.6410256410256411
