status,intersection
Core,2.733485193621868
Non-core,1.6722408026755853
