status,intersection
Core,1.5873015873015872
Non-core,1.7647058823529411
