status,intersection
Core,2.347417840375587
Non-core,2.413793103448276
