status,intersection
Core,0.49261083743842365
Non-core,0.7380073800738007
