status,intersection
Core,2.42914979757085
Non-core,2.717391304347826
