status,intersection
Core,2.8225806451612905
Non-core,1.910828025477707
