status,intersection
Core,4.081632653061225
Non-core,4.666666666666667
