status,intersection
Core,1.4285714285714286
Non-core,0.684931506849315
