status,intersection
Core,1.3289036544850499
Non-core,1.0256410256410255
