status,intersection
Core,5.405405405405405
Non-core,7.894736842105263
