status,intersection
Core,3.6398467432950192
Non-core,3.1662269129287597
