status,intersection
Core,5.405405405405405
Non-core,10.81081081081081
