status,intersection
Core,7.549234135667396
Non-core,6.657018813314037
