status,intersection
Core,2.506265664160401
Non-core,2.1702838063439067
