status,intersection
Core,1.502145922746781
Non-core,1.5723270440251573
