status,intersection
Core,3.485254691689008
Non-core,3.11284046692607
