status,intersection
Core,2.577319587628866
Non-core,3.076923076923077
