status,intersection
Core,2.7210884353741496
Non-core,2.960526315789474
