status,intersection
Core,5.314009661835748
Non-core,7.142857142857143
