status,intersection
Core,1.4285714285714286
Non-core,2.2900763358778624
