status,intersection
Core,2.0075282308657467
Non-core,2.0100502512562812
