status,intersection
Core,5.116279069767442
Non-core,5.2631578947368425
