status,intersection
Core,2.6865671641791047
Non-core,2.727272727272727
