status,intersection
Core,1.1261261261261262
Non-core,0.9966777408637874
