status,intersection
Core,6.343283582089552
Non-core,5.913978494623656
