status,intersection
Core,5.013927576601671
Non-core,4.237288135593221
