status,intersection
Core,3.6144578313253013
Non-core,1.7543859649122806
