status,intersection
Core,0.5319148936170213
Non-core,0.8064516129032258
