status,intersection
Core,0.49382716049382713
Non-core,0.37037037037037035
