status,intersection
Core,1.7316017316017316
Non-core,1.2422360248447204
