status,intersection
Core,0.8450704225352113
Non-core,0.8064516129032258
