status,intersection
Core,0.38961038961038963
Non-core,0.17391304347826086
