status,intersection
Core,1.8808777429467085
Non-core,2.2522522522522523
