status,intersection
Core,3.0120481927710845
Non-core,4.123711340206185
