status,intersection
Core,2.5806451612903225
Non-core,3.5714285714285716
