status,intersection
Core,1.2698412698412698
Non-core,1.4018691588785046
