status,intersection
Core,0.5291005291005291
Non-core,0.819672131147541
