status,intersection
Core,2.292263610315186
Non-core,3.0837004405286343
