status,intersection
Core,2.336448598130841
Non-core,2.413793103448276
