status,intersection
Core,0.5235602094240838
Non-core,0.8064516129032258
