status,intersection
Core,6.1946902654867255
Non-core,9.090909090909092
