status,intersection
Core,0.6600660066006601
Non-core,0.49261083743842365
