status,intersection
Core,1.5923566878980893
Non-core,1.4150943396226414
