status,intersection
Core,1.1207970112079702
Non-core,1.309328968903437
