status,intersection
Core,7.46606334841629
Non-core,4.1522491349480966
