status,intersection
Core,0.8333333333333334
Non-core,1.3513513513513513
