status,intersection
Core,1.5151515151515151
Non-core,1.075268817204301
