status,intersection
Core,0.7643312101910829
Non-core,0.8403361344537815
