status,intersection
Core,2.5568181818181817
Non-core,2.0491803278688523
