status,intersection
Core,1.2861736334405145
Non-core,1.4285714285714286
