status,intersection
Core,2.5531914893617023
Non-core,2.7210884353741496
