status,intersection
Core,1.6624040920716112
Non-core,1.5254237288135593
