status,intersection
Core,1.404494382022472
Non-core,0.8032128514056225
