status,intersection
Core,1.146131805157593
Non-core,0.8264462809917356
