status,intersection
Core,0.7471980074719801
Non-core,0.9803921568627451
