status,intersection
Core,1.1904761904761905
Non-core,1.7341040462427746
