status,intersection
Core,2.4830699774266365
Non-core,2.5806451612903225
