status,intersection
Core,2.8503562945368173
Non-core,3.4246575342465753
