status,intersection
Core,2.7027027027027026
Non-core,3.9473684210526314
