status,intersection
Core,0.8368200836820083
Non-core,0.6410256410256411
