status,intersection
Core,0.31446540880503143
Non-core,0.4694835680751174
