status,intersection
Core,0.6622516556291391
Non-core,0.9950248756218906
