status,intersection
Core,3.6144578313253013
Non-core,4.878048780487805
