status,intersection
Core,2.487562189054726
Non-core,2.2222222222222223
