status,intersection
Core,0.7585335018963337
Non-core,0.667779632721202
