status,intersection
Core,0.12903225806451613
Non-core,0.17094017094017094
