status,intersection
Core,2.9761904761904763
Non-core,2.262443438914027
