status,intersection
Core,0.7444168734491315
Non-core,0.746268656716418
