status,intersection
Core,0.936768149882904
Non-core,1.0344827586206897
