status,intersection
Core,3.7313432835820897
Non-core,2.8776978417266186
