status,intersection
Core,5.161290322580645
Non-core,5.367231638418079
