status,intersection
Core,0.38961038961038963
Non-core,0.5172413793103449
