status,intersection
Core,1.2106537530266344
Non-core,1.0830324909747293
