status,intersection
Core,0.963855421686747
Non-core,1.0714285714285714
