status,intersection
Core,8.641975308641975
Non-core,9.67741935483871
