status,intersection
Core,1.8181818181818181
Non-core,1.3245033112582782
