status,intersection
Core,2.0253164556962027
Non-core,1.7006802721088434
