status,intersection
Core,0.8838383838383839
Non-core,0.8333333333333334
