status,intersection
Core,2.366863905325444
Non-core,1.639344262295082
