status,intersection
Core,1.839080459770115
Non-core,2.3411371237458196
