status,intersection
Core,1.4880952380952381
Non-core,1.3043478260869565
