status,intersection
Core,1.2315270935960592
Non-core,1.1070110701107012
