status,intersection
Core,3.374233128834356
Non-core,4.017857142857143
