status,intersection
Core,1.214574898785425
Non-core,1.2121212121212122
