status,intersection
Core,2.393617021276596
Non-core,1.8656716417910448
