status,intersection
Core,9.980430528375734
Non-core,9.734513274336283
