status,intersection
Core,1.4527845036319613
Non-core,1.4388489208633093
