status,intersection
Core,14.285714285714286
Non-core,11.044776119402986
