status,intersection
Core,2.4203821656050954
Non-core,2.2033898305084745
