status,intersection
Core,0.8645533141210374
Non-core,0.41841004184100417
