status,intersection
Core,1.910828025477707
Non-core,1.1904761904761905
