status,intersection
Core,4.63768115942029
Non-core,4.504504504504505
