status,intersection
Core,4.225352112676056
Non-core,4.3478260869565215
