status,intersection
Core,1.345291479820628
Non-core,1.408450704225352
