status,intersection
Core,4.529616724738676
Non-core,5.607476635514018
