status,intersection
Core,6.862745098039215
Non-core,6.666666666666667
