status,intersection
Core,2.2831050228310503
Non-core,2.6143790849673203
