status,intersection
Core,0.7434944237918215
Non-core,0.6504065040650406
