status,intersection
Core,1.8867924528301887
Non-core,1.7421602787456445
