status,intersection
Core,1.749271137026239
Non-core,1.271186440677966
