status,intersection
Core,2.137767220902613
Non-core,2.4475524475524475
