status,intersection
Core,4.573170731707317
Non-core,5.0691244239631335
