status,intersection
Core,1.2135922330097086
Non-core,1.0869565217391304
