status,intersection
Core,3.1161473087818696
Non-core,3.21285140562249
