status,intersection
Core,4.411764705882353
Non-core,4.845814977973569
