status,intersection
Core,3.7122969837587005
Non-core,3.484320557491289
