status,intersection
Core,3.763440860215054
Non-core,3.361344537815126
