status,intersection
Core,4.231974921630094
Non-core,3.171247357293869
