status,intersection
Core,4.471544715447155
Non-core,4.516129032258065
