status,intersection
Core,2.5236593059936907
Non-core,2.3255813953488373
