status,intersection
Core,0.9174311926605505
Non-core,1.3745704467353952
