status,intersection
Core,0.13003901170351106
Non-core,0.1724137931034483
