status,intersection
Core,1.8691588785046729
Non-core,2.0618556701030926
