status,intersection
Core,0.8484848484848485
Non-core,0.8012820512820513
