status,intersection
Core,3.10077519379845
Non-core,5.797101449275362
