status,intersection
Core,4.464285714285714
Non-core,3.5714285714285716
