status,intersection
Core,0.49504950495049505
Non-core,0.7434944237918215
