status,intersection
Core,2.2522522522522523
Non-core,2.6058631921824102
