status,intersection
Core,0.12953367875647667
Non-core,0.1718213058419244
