status,intersection
Core,2.030456852791878
Non-core,1.5151515151515151
