status,intersection
Core,6.8493150684931505
Non-core,13.88888888888889
