status,intersection
Core,1.1278195488721805
Non-core,1.1428571428571428
