status,intersection
Core,2.1551724137931036
Non-core,1.8518518518518519
