status,intersection
Core,1.694915254237288
Non-core,2.4390243902439024
