status,intersection
Core,2.719033232628399
Non-core,2.6315789473684212
