status,intersection
Core,7.818930041152264
Non-core,8.49673202614379
