status,intersection
Core,2.480916030534351
Non-core,2.4861878453038675
