status,intersection
Core,2.8112449799196786
Non-core,2.9069767441860463
