status,intersection
Core,5.521472392638037
Non-core,6.930693069306931
