status,intersection
Core,2.270011947431302
Non-core,1.8927444794952681
