status,intersection
Core,1.6901408450704225
Non-core,1.214574898785425
