status,intersection
Core,2.262443438914027
Non-core,1.3513513513513513
