status,intersection
Core,7.4766355140186915
Non-core,5.633802816901408
