status,intersection
Core,4.724409448818897
Non-core,2.5974025974025974
