status,intersection
Core,2.0100502512562812
Non-core,2.3622047244094486
