status,intersection
Core,0.24630541871921183
Non-core,0.36900369003690037
