status,intersection
Core,7.407407407407407
Non-core,18.181818181818183
