status,intersection
Core,3.404255319148936
Non-core,4.285714285714286
