status,intersection
Core,6.741573033707865
Non-core,9.615384615384615
