status,intersection
Core,5.7057057057057055
Non-core,6.0606060606060606
