status,intersection
Core,4.158790170132325
Non-core,3.6175710594315245
