status,intersection
Core,1.7291066282420748
Non-core,1.6666666666666667
