status,intersection
Core,0.25806451612903225
Non-core,0.17094017094017094
