status,intersection
Core,0.7228915662650602
Non-core,1.075268817204301
