status,intersection
Core,1.5915119363395225
Non-core,1.9305019305019304
