status,intersection
Core,11.132075471698114
Non-core,11.428571428571429
