status,intersection
Core,1.4164305949008498
Non-core,0.7194244604316546
