status,intersection
Core,1.36986301369863
Non-core,1.4285714285714286
