status,intersection
Core,0.24937655860349128
Non-core,0.37593984962406013
