status,intersection
Core,1.1049723756906078
Non-core,1.550387596899225
