status,intersection
Core,1.3095238095238095
Non-core,1.2578616352201257
