status,intersection
Core,1.6317016317016317
Non-core,1.3651877133105803
