status,intersection
Core,0.4878048780487805
Non-core,0.36363636363636365
