status,intersection
Core,1.4457831325301205
Non-core,1.4336917562724014
