status,intersection
Core,4.049844236760125
Non-core,4.716981132075472
