status,intersection
Core,0.6297229219143576
Non-core,0.4983388704318937
