status,intersection
Core,0.6430868167202572
Non-core,0.9569377990430622
