status,intersection
Core,2.5188916876574305
Non-core,2.158273381294964
