status,intersection
Core,1.6181229773462784
Non-core,1.5075376884422111
