status,intersection
Core,2.7649769585253456
Non-core,2.7027027027027026
