status,intersection
Core,0.6321112515802781
Non-core,0.6655574043261231
