status,intersection
Core,2.0661157024793386
Non-core,3.0303030303030303
