status,intersection
Core,5.893536121673004
Non-core,5.700123915737299
