status,intersection
Core,0.639386189258312
Non-core,0.5076142131979695
