status,intersection
Core,1.2165450121654502
Non-core,1.0869565217391304
