status,intersection
Core,0.9118541033434651
Non-core,1.345291479820628
