status,intersection
Core,0.5128205128205128
Non-core,0.7874015748031497
