status,intersection
Core,2.0710059171597632
Non-core,2.127659574468085
