status,intersection
Core,2.094240837696335
Non-core,2.8776978417266186
