status,intersection
Core,0.5347593582887701
Non-core,0.8130081300813008
