status,intersection
Core,0.9389671361502347
Non-core,0.6896551724137931
