status,intersection
Core,3.6750483558994196
Non-core,3.116883116883117
