status,intersection
Core,1.271186440677966
Non-core,1.2903225806451613
