status,intersection
Core,0.91324200913242
Non-core,1.4285714285714286
