status,intersection
Core,2.898550724637681
Non-core,4.032258064516129
