status,intersection
Core,0.8620689655172413
Non-core,0.8223684210526315
