status,intersection
Core,0.7425742574257426
Non-core,0.7434944237918215
