status,intersection
Core,2.0618556701030926
Non-core,3.3057851239669422
