status,intersection
Core,2.132701421800948
Non-core,2.1052631578947367
