status,intersection
Core,2.0725388601036268
Non-core,2.142857142857143
