status,intersection
Core,2.0134228187919465
Non-core,2.3529411764705883
