status,intersection
Core,2.5069637883008355
Non-core,1.6194331983805668
