status,intersection
Core,0.9900990099009901
Non-core,1.0695187165775402
