status,intersection
Core,3.0303030303030303
Non-core,1.4018691588785046
