status,intersection
Core,4.477611940298507
Non-core,4.109589041095891
