status,intersection
Core,2.476780185758514
Non-core,2.7149321266968327
