status,intersection
Core,10.543130990415335
Non-core,7.725321888412017
