status,intersection
Core,6.481481481481482
Non-core,7.462686567164179
