status,intersection
Core,0.91324200913242
Non-core,0.7142857142857143
