status,intersection
Core,2.5943396226415096
Non-core,2.7777777777777777
