status,intersection
Core,1.8018018018018018
Non-core,2.097902097902098
