status,intersection
Core,0.4914004914004914
Non-core,0.7352941176470589
