status,intersection
Core,3.5211267605633805
Non-core,1.639344262295082
