status,intersection
Core,6.720430107526882
Non-core,5.660377358490566
