status,intersection
Core,4.109589041095891
Non-core,2.0833333333333335
