status,intersection
Core,3.115264797507788
Non-core,3.9215686274509802
