status,intersection
Core,2.2058823529411766
Non-core,1.6042780748663101
