status,intersection
Core,0.9876543209876543
Non-core,0.7575757575757576
