status,intersection
Core,1.486988847583643
Non-core,2.1739130434782608
