status,intersection
Core,6.208425720620842
Non-core,5.405405405405405
