status,intersection
Core,1.9801980198019802
Non-core,2.4193548387096775
