status,intersection
Core,2.094240837696335
Non-core,2.272727272727273
