status,intersection
Core,3.088803088803089
Non-core,4.320987654320987
