status,intersection
Core,4.040404040404041
Non-core,2.479338842975207
