status,intersection
Core,1.9184652278177459
Non-core,2.127659574468085
