status,intersection
Core,1.1111111111111112
Non-core,0.7936507936507936
