status,intersection
Core,2.0242914979757085
Non-core,2.4242424242424243
