status,intersection
Core,2.6392961876832843
Non-core,3.361344537815126
