status,intersection
Core,1.9230769230769231
Non-core,1.8633540372670807
