status,intersection
Core,2.3923444976076556
Non-core,3.2467532467532467
