status,intersection
Core,2.4691358024691357
Non-core,2.395209580838323
