status,intersection
Core,0.6557377049180327
Non-core,0.4878048780487805
