status,intersection
Core,0.7371007371007371
Non-core,0.7352941176470589
