status,intersection
Core,3.71900826446281
Non-core,3.4482758620689653
