status,intersection
Core,9.523809523809524
Non-core,10.784313725490197
