status,intersection
Core,6.045340050377834
Non-core,5.204460966542751
