status,intersection
Core,2.030456852791878
Non-core,2.0134228187919465
