status,intersection
Core,0.9803921568627451
Non-core,0.7352941176470589
