status,intersection
Core,3.4782608695652173
Non-core,5.063291139240507
