status,intersection
Core,3.1088082901554404
Non-core,2.7027027027027026
