status,intersection
Core,4.534606205250597
Non-core,5.054151624548736
