status,intersection
Core,2.046783625730994
Non-core,1.7543859649122806
