status,intersection
Core,3.4313725490196076
Non-core,3.053435114503817
