status,intersection
Core,0.6273525721455459
Non-core,0.6611570247933884
