status,intersection
Core,1.881720430107527
Non-core,1.9157088122605364
