status,intersection
Core,1.5527950310559007
Non-core,1.408450704225352
