status,intersection
Core,2.510460251046025
Non-core,2.140672782874618
