status,intersection
Core,0.2604166666666667
Non-core,0.3454231433506045
