status,intersection
Core,2.813299232736573
Non-core,2.952029520295203
