status,intersection
Core,14.675767918088738
Non-core,10.526315789473685
