status,intersection
Core,0.24213075060532688
Non-core,0.3597122302158273
