status,intersection
Core,4.545454545454546
Non-core,3.5587188612099645
