status,intersection
Core,1.1730205278592376
Non-core,0.851063829787234
