status,intersection
Core,0.5076142131979695
Non-core,0.7518796992481203
