status,intersection
Core,0.7425742574257426
Non-core,1.1320754716981132
