status,intersection
Core,4.585365853658536
Non-core,4.005006257822278
