status,intersection
Core,5.621301775147929
Non-core,6.334841628959276
