status,intersection
Core,2.0592020592020592
Non-core,2.2491349480968856
