status,intersection
Core,7.238605898123325
Non-core,7.228915662650603
