status,intersection
Core,0.129366106080207
Non-core,0.17152658662092624
