status,intersection
Core,2.1390374331550803
Non-core,2.112676056338028
