status,intersection
Core,4.605263157894737
Non-core,3.9473684210526314
