status,intersection
Core,3.827751196172249
Non-core,3.6496350364963503
