status,intersection
Core,3.686635944700461
Non-core,4.191616766467066
