status,intersection
Core,0.6410256410256411
Non-core,0.6779661016949152
