status,intersection
Core,1.3840830449826989
Non-core,1.0256410256410255
