status,intersection
Core,1.6826923076923077
Non-core,1.4285714285714286
