status,intersection
Core,0.5069708491761724
Non-core,0.5008347245409015
