status,intersection
Core,1.0309278350515463
Non-core,0.7936507936507936
