status,intersection
Core,0.648508430609598
Non-core,0.8680555555555556
