status,intersection
Core,4.222222222222222
Non-core,4.761904761904762
