status,intersection
Core,2.857142857142857
Non-core,2.8391167192429023
