status,intersection
Core,1.797752808988764
Non-core,1.6778523489932886
