status,intersection
Core,8.98876404494382
Non-core,7.547169811320755
