status,intersection
Core,5.742574257425742
Non-core,5.084745762711864
