status,intersection
Core,4.109589041095891
Non-core,3.7974683544303796
