status,intersection
Core,0.5095541401273885
Non-core,0.5059021922428331
