status,intersection
Core,11.7797695262484
Non-core,8.596491228070175
