status,intersection
Core,0.423728813559322
Non-core,0.6289308176100629
