status,intersection
Core,2.0491803278688523
Non-core,2.4539877300613497
