status,intersection
Core,1.6483516483516483
Non-core,1.4184397163120568
