status,intersection
Core,2.544529262086514
Non-core,2.393162393162393
