status,intersection
Core,0.3003003003003003
Non-core,0.4424778761061947
