status,intersection
Core,1.9047619047619047
Non-core,2.0833333333333335
