status,intersection
Core,1.0554089709762533
Non-core,1.1538461538461537
