status,intersection
Core,0.1303780964797914
Non-core,0.17301038062283736
