status,intersection
Core,3.2967032967032965
Non-core,3.6649214659685865
