status,intersection
Core,0.2457002457002457
Non-core,0.36764705882352944
