status,intersection
Core,1.78359096313912
Non-core,1.8838304552590266
