status,intersection
Core,2.0202020202020203
Non-core,3.1746031746031744
