status,intersection
Core,2.6595744680851063
Non-core,4.237288135593221
