status,intersection
Core,3.87409200968523
Non-core,3.717472118959108
