status,intersection
Core,1.1848341232227488
Non-core,1.3986013986013985
