status,intersection
Core,11.16504854368932
Non-core,12.222222222222221
