status,intersection
Core,6.550218340611353
Non-core,7.482993197278912
