status,intersection
Core,1.6431924882629108
Non-core,1.3840830449826989
