status,intersection
Core,3.658536585365854
Non-core,3.5555555555555554
