status,intersection
Core,6.593406593406593
Non-core,3.1746031746031744
