status,intersection
Core,3.409090909090909
Non-core,7.6923076923076925
