status,intersection
Core,3.8338658146964857
Non-core,3.3175355450236967
