status,intersection
Core,3.5353535353535355
Non-core,5.147058823529412
