status,intersection
Core,2.0454545454545454
Non-core,1.9801980198019802
