status,intersection
Core,3.255813953488372
Non-core,3.0716723549488054
