status,intersection
Core,2.1825396825396823
Non-core,2.094240837696335
