status,intersection
Core,12.67605633802817
Non-core,7.407407407407407
