status,intersection
Core,5.0359712230215825
Non-core,2.9702970297029703
