status,intersection
Core,0.6147540983606558
Non-core,0.5434782608695652
