status,intersection
Core,10.362694300518134
Non-core,8.644859813084112
