status,intersection
Core,4.8732943469785575
Non-core,3.3854166666666665
