status,intersection
Core,2.8625954198473282
Non-core,2.487562189054726
