status,intersection
Core,1.037344398340249
Non-core,1.1019283746556474
