status,intersection
Core,8.974358974358974
Non-core,5.172413793103448
