status,intersection
Core,3.3057851239669422
Non-core,3.4482758620689653
