status,intersection
Core,11.510791366906474
Non-core,10.309278350515465
