status,intersection
Core,3.193612774451098
Non-core,2.4258760107816713
