status,intersection
Core,3.6649214659685865
Non-core,4.3478260869565215
