status,intersection
Core,1.417004048582996
Non-core,1.3404825737265416
