status,intersection
Core,7.575757575757576
Non-core,1.8518518518518519
