status,intersection
Core,0.814663951120163
Non-core,1.0781671159029649
