status,intersection
Core,1.0060362173038229
Non-core,1.0610079575596818
