status,intersection
Core,2.7586206896551726
Non-core,2.727272727272727
