status,intersection
Core,2.53411306042885
Non-core,2.544529262086514
