status,intersection
Core,2.529182879377432
Non-core,2.5380710659898478
