status,intersection
Core,1.761252446183953
Non-core,2.0460358056265986
