status,intersection
Core,4.580152671755725
Non-core,2.0618556701030926
