status,intersection
Core,10.82089552238806
Non-core,7.526881720430108
