status,intersection
Core,10.921501706484642
Non-core,8.796296296296296
