status,intersection
Core,3.763440860215054
Non-core,4.411764705882353
