status,intersection
Core,14.024390243902438
Non-core,10.909090909090908
