status,intersection
Core,6.293706293706293
Non-core,4.672897196261682
