status,intersection
Core,1.7578125
Non-core,1.5384615384615385
