status,intersection
Core,0.40899795501022496
Non-core,0.5405405405405406
