status,intersection
Core,4.166666666666667
Non-core,3.488372093023256
