status,intersection
Core,3.278688524590164
Non-core,2.8708133971291865
