status,intersection
Core,4.282115869017632
Non-core,4.113924050632911
