status,intersection
Core,2.255639097744361
Non-core,2.227722772277228
