status,intersection
Core,2.6315789473684212
Non-core,2.4691358024691357
