status,intersection
Core,5.08130081300813
Non-core,3.835616438356164
