status,intersection
Core,4.09556313993174
Non-core,3.061224489795918
