status,intersection
Core,3.3536585365853657
Non-core,2.5641025641025643
