status,intersection
Core,2.845528455284553
Non-core,2.7624309392265194
