status,intersection
Core,1.6528925619834711
Non-core,1.1363636363636365
