status,intersection
Core,5.925925925925926
Non-core,4.9504950495049505
