status,intersection
Core,1.0224948875255624
Non-core,1.084010840108401
