status,intersection
Core,2.880658436213992
Non-core,1.1142061281337048
