status,intersection
Core,4.761904761904762
Non-core,4.395604395604396
