status,intersection
Core,0.20920502092050208
Non-core,0.2785515320334262
