status,intersection
Core,6.717850287907869
Non-core,5.194805194805195
