status,intersection
Core,2.2132796780684103
Non-core,2.127659574468085
