status,intersection
Core,2.6490066225165565
Non-core,3.7383177570093458
