status,intersection
Core,1.2295081967213115
Non-core,1.0869565217391304
