status,intersection
Core,13.089005235602095
Non-core,8.94308943089431
