status,intersection
Core,7.011070110701107
Non-core,6.030150753768845
