status,intersection
Core,0.4065040650406504
Non-core,0.5361930294906166
