status,intersection
Core,1.4256619144602851
Non-core,1.3477088948787062
