status,intersection
Core,7.003891050583658
Non-core,6.197654941373535
