status,intersection
Core,0.8264462809917356
Non-core,1.1363636363636365
