status,intersection
Core,2.3076923076923075
Non-core,2.0833333333333335
