status,intersection
Core,1.4583333333333333
Non-core,1.6853932584269662
