status,intersection
Core,0.6147540983606558
Non-core,0.5420054200542005
