status,intersection
Core,8.064516129032258
Non-core,4.25531914893617
