status,intersection
Core,3.7974683544303796
Non-core,3.1746031746031744
