status,intersection
Core,4.271844660194175
Non-core,3.504043126684636
