status,intersection
Core,2.843601895734597
Non-core,0.7352941176470589
