status,intersection
Core,2.127659574468085
Non-core,1.492537313432836
