status,intersection
Core,4.123711340206185
Non-core,2.857142857142857
