status,intersection
Core,2.8112449799196786
Non-core,1.6574585635359116
