status,intersection
Core,2.6717557251908395
Non-core,1.0582010582010581
