status,intersection
Core,5.217391304347826
Non-core,2.9411764705882355
