status,intersection
Core,4.054054054054054
Non-core,2.6315789473684212
