status,intersection
Core,6.944444444444445
Non-core,3.8461538461538463
