status,intersection
Core,3.361344537815126
Non-core,1.1111111111111112
