status,intersection
Core,1.1267605633802817
Non-core,0.3597122302158273
