status,intersection
Core,2.575107296137339
Non-core,1.1904761904761905
