status,intersection
Core,1.9283746556473829
Non-core,1.4184397163120568
