status,intersection
Core,6.349206349206349
Non-core,6.666666666666667
