status,intersection
Core,5.737704918032787
Non-core,4.054054054054054
