status,intersection
Core,3.47985347985348
Non-core,2.1220159151193636
