status,intersection
Core,6.6371681415929205
Non-core,5.0359712230215825
