status,intersection
Core,6.70391061452514
Non-core,5.769230769230769
