status,intersection
Core,5.303030303030303
Non-core,5.405405405405405
