status,intersection
Core,4.3126684636118595
Non-core,3.3333333333333335
