status,intersection
Core,6.7164179104477615
Non-core,3.8461538461538463
