status,intersection
Core,4.320987654320987
Non-core,1.8518518518518519
