status,intersection
Core,3.6923076923076925
Non-core,2.586206896551724
