status,intersection
Core,2.8328611898016995
Non-core,1.7985611510791366
