status,intersection
Core,4.166666666666667
Non-core,2.3255813953488373
