status,intersection
Core,13.25301204819277
Non-core,13.953488372093023
