status,intersection
Core,5.853658536585366
Non-core,4.3478260869565215
