status,intersection
Core,8.02919708029197
Non-core,6.944444444444445
