status,intersection
Core,5.9405940594059405
Non-core,6.557377049180328
