status,intersection
Core,4.013377926421405
Non-core,1.7467248908296944
