status,intersection
Core,8.755760368663594
Non-core,6.666666666666667
