status,intersection
Core,1.955193482688391
Non-core,1.0695187165775402
