status,intersection
Core,3.5443037974683542
Non-core,3.1578947368421053
