status,intersection
Core,1.5384615384615385
Non-core,2.4096385542168677
