status,intersection
Core,13.861386138613861
Non-core,12.962962962962964
