status,intersection
Core,4.8979591836734695
Non-core,4.316546762589928
