status,intersection
Core,6.593406593406593
Non-core,5.9405940594059405
