status,intersection
Core,2.770083102493075
Non-core,1.5444015444015444
