status,intersection
Core,3.7225042301184432
Non-core,2.304147465437788
