status,intersection
Core,6.8493150684931505
Non-core,4.545454545454546
