status,intersection
Core,6.730769230769231
Non-core,2.0408163265306123
