status,intersection
Core,5.839416058394161
Non-core,7.936507936507937
