status,intersection
Core,7.777777777777778
Non-core,8.51063829787234
