status,intersection
Core,11.864406779661017
Non-core,17.857142857142858
