status,intersection
Core,7.936507936507937
Non-core,8.571428571428571
