status,intersection
Core,5.747126436781609
Non-core,2.3255813953488373
