status,intersection
Core,6.956521739130435
Non-core,6.896551724137931
