status,intersection
Core,8.080808080808081
Non-core,7.6923076923076925
