status,intersection
Core,6.741573033707865
Non-core,7.8431372549019605
