status,intersection
Core,5.089820359281437
Non-core,4.854368932038835
