status,intersection
Core,4.741379310344827
Non-core,2.5806451612903225
