status,intersection
Core,6.578947368421052
Non-core,6.382978723404255
