status,intersection
Core,4.651162790697675
Non-core,2.358490566037736
