status,intersection
Core,5.7007125890736345
Non-core,3.5555555555555554
