status,intersection
Core,7.194244604316546
Non-core,7.407407407407407
