status,intersection
Core,4.232804232804233
Non-core,1.8181818181818181
