status,intersection
Core,12.307692307692308
Non-core,12.903225806451612
