status,intersection
Core,3.2527105921601334
Non-core,1.8087855297157622
