status,intersection
Core,3.443328550932568
Non-core,2.074688796680498
