status,intersection
Core,12.658227848101266
Non-core,11.11111111111111
