status,intersection
Core,8.860759493670885
Non-core,11.11111111111111
