status,intersection
Core,5.30035335689046
Non-core,3.1746031746031744
