status,intersection
Core,1.7773131207527444
Non-core,0.8269720101781171
