status,intersection
Core,5.706521739130435
Non-core,3.278688524590164
