status,intersection
Core,5.732484076433121
Non-core,4.25531914893617
