status,intersection
Core,6.896551724137931
Non-core,6.557377049180328
