status,intersection
Core,9.473684210526315
Non-core,3.875968992248062
