status,intersection
Core,4.62962962962963
Non-core,3.3333333333333335
