status,intersection
Core,6.521739130434782
Non-core,4.8076923076923075
