status,intersection
Core,3.257328990228013
Non-core,1.9736842105263157
