status,intersection
Core,5.111821086261981
Non-core,4.591836734693878
