status,intersection
Core,2.898550724637681
Non-core,3.225806451612903
