status,intersection
Core,6.018518518518518
Non-core,6.6115702479338845
