status,intersection
Core,2.3346303501945527
Non-core,1.5873015873015872
