status,intersection
Core,6.329113924050633
Non-core,4.878048780487805
