status,intersection
Core,3.470715835140998
Non-core,3.1645569620253164
