status,intersection
Core,2.985074626865672
Non-core,3.7037037037037037
