status,intersection
Core,4.635761589403973
Non-core,1.1235955056179776
