status,intersection
Core,4.819277108433735
Non-core,4.697986577181208
