status,intersection
Core,3.3980582524271843
Non-core,1.5384615384615385
