status,intersection
Core,12.142857142857142
Non-core,11.39240506329114
