status,intersection
Core,4.065040650406504
Non-core,2.7237354085603114
