status,intersection
Core,6.074766355140187
Non-core,6.837606837606837
