status,intersection
Core,7.2727272727272725
Non-core,7.608695652173913
