status,intersection
Core,4.433497536945813
Non-core,4.081632653061225
