status,intersection
Core,3.7433155080213902
Non-core,3.0303030303030303
