status,intersection
Core,4.819277108433735
Non-core,4.3478260869565215
