status,intersection
Core,5.572755417956657
Non-core,4.3478260869565215
