status,intersection
Core,7.756813417190775
Non-core,7.202216066481994
