status,intersection
Core,13.580246913580247
Non-core,16.3265306122449
