status,intersection
Core,3.3980582524271843
Non-core,2.684563758389262
