status,intersection
Core,2.684563758389262
Non-core,3.4482758620689653
