status,intersection
Core,8.910891089108912
Non-core,12.068965517241379
