status,intersection
Core,3.658536585365854
Non-core,3.7735849056603774
