status,intersection
Core,5.389221556886228
Non-core,4.545454545454546
