status,intersection
Core,5.531914893617022
Non-core,5.9523809523809526
