status,intersection
Core,2.1367521367521367
Non-core,2.4242424242424243
