status,intersection
Core,8.673469387755102
Non-core,8.333333333333334
