status,intersection
Core,3.061224489795918
Non-core,2.142857142857143
