status,intersection
Core,2.6548672566371683
Non-core,2.5157232704402515
