status,intersection
Core,3.3707865168539324
Non-core,1.6666666666666667
