status,intersection
Core,3.4653465346534653
Non-core,4.109589041095891
