status,intersection
Core,3.883495145631068
Non-core,1.4705882352941178
