status,intersection
Core,4.273504273504273
Non-core,3.5294117647058822
