status,intersection
Core,7.518796992481203
Non-core,5.8201058201058204
