status,intersection
Core,5.607476635514018
Non-core,4.054054054054054
