status,intersection
Core,5.0761421319796955
Non-core,4.964539007092198
