status,intersection
Core,4.017857142857143
Non-core,5.063291139240507
