status,intersection
Core,2.030456852791878
Non-core,0.7092198581560284
