status,intersection
Core,6.8493150684931505
Non-core,8.695652173913043
