status,intersection
Core,3.8461538461538463
Non-core,4.545454545454546
