status,intersection
Core,15.709969788519638
Non-core,13.389121338912133
