status,intersection
Core,6.756756756756757
Non-core,8.88888888888889
