status,intersection
Core,2.6548672566371683
Non-core,3.1847133757961785
