status,intersection
Core,2.7439024390243905
Non-core,3.4220532319391634
