status,intersection
Core,0.591715976331361
Non-core,0.8771929824561403
