status,intersection
Core,5.084745762711864
Non-core,4.761904761904762
