status,intersection
Core,3.508771929824561
Non-core,3.9473684210526314
