status,intersection
Core,4.278074866310161
Non-core,3.053435114503817
