status,intersection
Core,3.5294117647058822
Non-core,4.545454545454546
