status,intersection
Core,14.736842105263158
Non-core,10.909090909090908
