status,intersection
Core,3.8095238095238093
Non-core,6.0606060606060606
