status,intersection
Core,1.9704433497536946
Non-core,2.0547945205479454
