status,intersection
Core,3.2467532467532467
Non-core,4.8076923076923075
