status,intersection
Core,1.3513513513513513
Non-core,2.2222222222222223
