status,intersection
Core,10.040160642570282
Non-core,8.280254777070065
