status,intersection
Core,0.5780346820809249
Non-core,0.847457627118644
