status,intersection
Core,3.767123287671233
Non-core,4.326923076923077
