status,intersection
Core,7.792207792207792
Non-core,10.416666666666666
