status,intersection
Core,3.292181069958848
Non-core,4.093567251461988
