status,intersection
Core,7.142857142857143
Non-core,11.904761904761905
