status,intersection
Core,7.594936708860759
Non-core,6.779661016949152
