status,intersection
Core,11.904761904761905
Non-core,16.3265306122449
