status,intersection
Core,3.2967032967032965
Non-core,1.5151515151515151
