status,intersection
Core,3.673469387755102
Non-core,3.225806451612903
