status,intersection
Core,7.87037037037037
Non-core,6.338028169014085
