status,intersection
Core,3.6363636363636362
Non-core,3.7974683544303796
