status,intersection
Core,2.980132450331126
Non-core,2.643171806167401
