status,intersection
Core,4.895104895104895
Non-core,5.769230769230769
