status,intersection
Core,4.026845637583893
Non-core,3.6036036036036037
