status,intersection
Core,6.037735849056604
Non-core,3.8251366120218577
