status,intersection
Core,4.21455938697318
Non-core,3.9603960396039604
