status,intersection
Core,1.3215859030837005
Non-core,1.183431952662722
