status,intersection
Core,3.2653061224489797
Non-core,3.314917127071823
