status,intersection
Core,9.649122807017545
Non-core,9.523809523809524
