status,intersection
Core,4.3478260869565215
Non-core,2.898550724637681
