status,intersection
Core,8.764940239043824
Non-core,7.5675675675675675
