status,intersection
Core,6.6455696202531644
Non-core,5.288461538461538
