status,intersection
Core,1.4705882352941178
Non-core,2.1739130434782608
