status,intersection
Core,0.43859649122807015
Non-core,0.5847953216374269
