status,intersection
Core,5.617977528089888
Non-core,4.3478260869565215
