status,intersection
Core,1.3215859030837005
Non-core,1.1764705882352942
