status,intersection
Core,6.422018348623853
Non-core,4.705882352941177
