status,intersection
Core,3.2388663967611335
Non-core,2.7472527472527473
