status,intersection
Core,5.825242718446602
Non-core,3.7974683544303796
