status,intersection
Core,3.252032520325203
Non-core,2.6737967914438503
