status,intersection
Core,3.3222591362126246
Non-core,3.056768558951965
