status,intersection
Core,3.7344398340248963
Non-core,2.73224043715847
