status,intersection
Core,8.940397350993377
Non-core,7.729468599033816
