status,intersection
Core,4.385964912280702
Non-core,3.3333333333333335
