status,intersection
Core,11.34020618556701
Non-core,9.615384615384615
