status,intersection
Core,7.216494845360825
Non-core,10.638297872340425
