status,intersection
Core,3.857566765578635
Non-core,3.7037037037037037
