status,intersection
Core,5.797101449275362
Non-core,2.0408163265306123
