status,intersection
Core,5.825242718446602
Non-core,3.8461538461538463
