status,intersection
Core,12.941176470588236
Non-core,8.928571428571429
