status,intersection
Core,6.390977443609023
Non-core,5.825242718446602
