status,intersection
Core,2.7450980392156863
Non-core,3.061224489795918
