status,intersection
Core,9.423076923076923
Non-core,8.910891089108912
