status,intersection
Core,1.293103448275862
Non-core,0.5714285714285714
