status,intersection
Core,7.954545454545454
Non-core,6.557377049180328
