status,intersection
Core,4.2471042471042475
Non-core,3.9800995024875623
