status,intersection
Core,4.213483146067416
Non-core,4.577464788732394
