status,intersection
Core,0.4219409282700422
Non-core,0.5555555555555556
