status,intersection
Core,4.373177842565598
Non-core,4.651162790697675
