status,intersection
Core,2.9535864978902953
Non-core,2.2346368715083798
