status,intersection
Core,5.090909090909091
Non-core,4.651162790697675
