status,intersection
Core,1.556420233463035
Non-core,2.1052631578947367
