status,intersection
Core,2.978723404255319
Non-core,2.2598870056497176
