status,intersection
Core,12.307692307692308
Non-core,14.285714285714286
