status,intersection
Core,5.7591623036649215
Non-core,7.194244604316546
