status,intersection
Core,8.064516129032258
Non-core,10.714285714285714
