status,intersection
Core,3.048780487804878
Non-core,1.8604651162790697
