status,intersection
Core,1.8111254851228977
Non-core,1.0380622837370241
