status,intersection
Core,20.754716981132077
Non-core,20.833333333333332
