status,intersection
Core,5.2631578947368425
Non-core,2.4390243902439024
