status,intersection
Core,2.0215633423180592
Non-core,0.9041591320072333
