status,intersection
Core,4.137931034482759
Non-core,1.9607843137254901
