status,intersection
Core,3.8095238095238093
Non-core,2.7649769585253456
