status,intersection
Core,21.27659574468085
Non-core,27.77777777777778
