status,intersection
Core,11.235955056179776
Non-core,4.25531914893617
