status,intersection
Core,5.47945205479452
Non-core,2.380952380952381
