status,intersection
Core,8.88888888888889
Non-core,3.225806451612903
