status,intersection
Core,6.280193236714976
Non-core,3.1746031746031744
