status,intersection
Core,1.842374616171955
Non-core,0.6729475100942126
