status,intersection
Core,3.5947712418300655
Non-core,2.525252525252525
