status,intersection
Core,10.843373493975903
Non-core,9.523809523809524
