status,intersection
Core,1.0401188707280833
Non-core,0.4821600771456123
