status,intersection
Core,9.62962962962963
Non-core,3.5714285714285716
