status,intersection
Core,1.6574585635359116
Non-core,0.38910505836575876
