status,intersection
Core,5.633802816901408
Non-core,5.882352941176471
