status,intersection
Core,3.319502074688797
Non-core,1.6713091922005572
