status,intersection
Core,5.113636363636363
Non-core,3.7037037037037037
