status,intersection
Core,6.0728744939271255
Non-core,3.7974683544303796
