status,intersection
Core,6.666666666666667
Non-core,16.666666666666668
