status,intersection
Core,5.936073059360731
Non-core,3.821656050955414
