status,intersection
Core,4.109589041095891
Non-core,1.7857142857142858
