status,intersection
Core,12.903225806451612
Non-core,7.142857142857143
