status,intersection
Core,3.801169590643275
Non-core,2.2222222222222223
