status,intersection
Core,7.142857142857143
Non-core,10.714285714285714
