status,intersection
Core,11.475409836065573
Non-core,3.225806451612903
