status,intersection
Core,1.4256619144602851
Non-core,0.5291005291005291
