status,intersection
Core,2.476780185758514
Non-core,1.9230769230769231
