status,intersection
Core,2.4830699774266365
Non-core,1.6233766233766234
