status,intersection
Core,2.830188679245283
Non-core,1.6286644951140066
