status,intersection
Core,3.8567493112947657
Non-core,1.845018450184502
