status,intersection
Core,14.893617021276595
Non-core,19.047619047619047
