status,intersection
Core,2.7777777777777777
Non-core,6.666666666666667
