status,intersection
Core,3.950617283950617
Non-core,3.0303030303030303
