status,intersection
Core,3.811659192825112
Non-core,1.8691588785046729
