status,intersection
Core,7.079646017699115
Non-core,4.2682926829268295
