status,intersection
Core,2.6785714285714284
Non-core,3.896103896103896
