status,intersection
Core,4.545454545454546
Non-core,2.0833333333333335
