status,intersection
Core,8.641975308641975
Non-core,1.9607843137254901
