status,intersection
Core,3.7383177570093458
Non-core,1.6129032258064515
