status,intersection
Core,1.8612521150592216
Non-core,0.6756756756756757
