status,intersection
Core,5.357142857142857
Non-core,3.508771929824561
