status,intersection
Core,6.097560975609756
Non-core,5.405405405405405
