status,intersection
Core,4.878048780487805
Non-core,13.333333333333334
