status,intersection
Core,8.433734939759036
Non-core,2.0833333333333335
