status,intersection
Core,10.236220472440944
Non-core,7.462686567164179
