status,intersection
Core,19.29824561403509
Non-core,19.23076923076923
