status,intersection
Core,4.225352112676056
Non-core,1.8181818181818181
