status,intersection
Core,2.9239766081871346
Non-core,1.2345679012345678
