status,intersection
Core,7.894736842105263
Non-core,6.521739130434782
