status,intersection
Core,8.130081300813009
Non-core,2.898550724637681
