status,intersection
Core,10.76923076923077
Non-core,13.793103448275861
