status,intersection
Core,11.842105263157896
Non-core,12.195121951219512
