status,intersection
Core,4.225352112676056
Non-core,1.8518518518518519
