status,intersection
Core,13.402061855670103
Non-core,8.928571428571429
