status,intersection
Core,8.98876404494382
Non-core,4.166666666666667
