status,intersection
Core,2.909090909090909
Non-core,1.530612244897959
