status,intersection
Core,2.247191011235955
Non-core,0.8264462809917356
