status,intersection
Core,10.869565217391305
Non-core,13.043478260869565
