status,intersection
Core,1.2765957446808511
Non-core,1.1695906432748537
