status,intersection
Core,1.5463917525773196
Non-core,0.8064516129032258
