status,intersection
Core,1.075268817204301
Non-core,1.8518518518518519
