status,intersection
Core,0.5199306759098787
Non-core,0.47058823529411764
