status,intersection
Core,1.1583011583011582
Non-core,1.7142857142857142
