status,intersection
Core,3.1746031746031744
Non-core,4.761904761904762
