status,intersection
Core,0.25359256128486896
Non-core,0.1314060446780552
