status,intersection
Core,0.6493506493506493
Non-core,0.9900990099009901
