status,intersection
Core,0.4106776180698152
Non-core,0.13513513513513514
