status,intersection
Core,1.9886363636363635
Non-core,1.9920318725099602
