status,intersection
Core,0.6153846153846154
Non-core,0.4608294930875576
