status,intersection
Core,5.511811023622047
Non-core,8.450704225352112
