status,intersection
Core,0.5253940455341506
Non-core,0.4716981132075472
