status,intersection
Core,2.112676056338028
Non-core,2.9411764705882355
