status,intersection
Core,1.6528925619834711
Non-core,2.9411764705882355
