status,intersection
Core,1.3157894736842106
Non-core,1.9230769230769231
