status,intersection
Core,1.4634146341463414
Non-core,1.5748031496062993
