status,intersection
Core,0.6920415224913494
Non-core,1.0050251256281406
