status,intersection
Core,1.183431952662722
Non-core,0.9198423127463863
