status,intersection
Core,0.7619047619047619
Non-core,0.546448087431694
