status,intersection
Core,1.8404907975460123
Non-core,2.727272727272727
