status,intersection
Core,2.3715415019762847
Non-core,2.3121387283236996
