status,intersection
Core,3.0864197530864197
Non-core,3.6144578313253013
