status,intersection
Core,0.4078303425774878
Non-core,0.24342745861733203
