status,intersection
Core,2.3391812865497075
Non-core,4.040404040404041
