status,intersection
Core,0.8208955223880597
Non-core,0.6769825918762089
