status,intersection
Core,5.405405405405405
Non-core,11.11111111111111
