status,intersection
Core,9.782608695652174
Non-core,6.896551724137931
