status,intersection
Core,4.225352112676056
Non-core,7.317073170731708
