status,intersection
Core,2.0134228187919465
Non-core,0.9345794392523364
