status,intersection
Core,1.1627906976744187
Non-core,0.8695652173913043
