status,intersection
Core,1.1428571428571428
Non-core,1.7391304347826086
