status,intersection
Core,1.2448132780082988
Non-core,1.1173184357541899
