status,intersection
Core,3.0120481927710845
Non-core,1.6666666666666667
