status,intersection
Core,1.0909090909090908
Non-core,1.408450704225352
