status,intersection
Core,1.797752808988764
Non-core,0.9646302250803859
