status,intersection
Core,0.5524861878453039
Non-core,0.352112676056338
