status,intersection
Core,1.6528925619834711
Non-core,1.4705882352941178
