status,intersection
Core,2.380952380952381
Non-core,2.6315789473684212
