status,intersection
Core,0.47468354430379744
Non-core,0.3207184092366902
