status,intersection
Core,1.935483870967742
Non-core,3.260869565217391
