status,intersection
Core,1.6326530612244898
Non-core,0.5952380952380952
