status,intersection
Core,4.109589041095891
Non-core,7.6923076923076925
