status,intersection
Core,0.5836575875486382
Non-core,0.2785515320334262
