status,intersection
Core,4.117647058823529
Non-core,3.6036036036036037
