status,intersection
Core,0.30959752321981426
Non-core,0.37735849056603776
