status,intersection
Core,2.8776978417266186
Non-core,4.054054054054054
