status,intersection
Core,1.084010840108401
Non-core,1.094890510948905
