status,intersection
Core,0.6928406466512702
Non-core,0.6535947712418301
