status,intersection
Core,1.4705882352941178
Non-core,1.3392857142857142
