status,intersection
Core,1.171875
Non-core,1.1976047904191616
