status,intersection
Core,1.0186757215619695
Non-core,0.6802721088435374
