status,intersection
Core,3.067484662576687
Non-core,2.6548672566371683
