status,intersection
Core,1.2195121951219512
Non-core,1.4705882352941178
