status,intersection
Core,2.5477707006369426
Non-core,4.651162790697675
