status,intersection
Core,1.3513513513513513
Non-core,1.4598540145985401
