status,intersection
Core,7.246376811594203
Non-core,9.090909090909092
