status,intersection
Core,0.847457627118644
Non-core,1.3513513513513513
