status,intersection
Core,2.4193548387096775
Non-core,1.3157894736842106
