status,intersection
Core,3.409090909090909
Non-core,4.838709677419355
