status,intersection
Core,0.5698005698005698
Non-core,0.398406374501992
