status,intersection
Core,2.097902097902098
Non-core,2.197802197802198
