status,intersection
Core,0.6157635467980296
Non-core,0.32894736842105265
