status,intersection
Core,1.5337423312883436
Non-core,0.9216589861751152
