status,intersection
Core,3.076923076923077
Non-core,5.2631578947368425
