status,intersection
Core,0.38022813688212925
Non-core,0.4807692307692308
