status,intersection
Core,3.4482758620689653
Non-core,3.260869565217391
