status,intersection
Core,1.7699115044247788
Non-core,2.380952380952381
