status,intersection
Core,0.7457121551081283
Non-core,0.5802707930367504
