status,intersection
Core,8.235294117647058
Non-core,3.8461538461538463
