status,intersection
Core,3.409090909090909
Non-core,4.761904761904762
