status,intersection
Core,0.9493670886075949
Non-core,0.8547008547008547
