status,intersection
Core,0.9063444108761329
Non-core,0.9090909090909091
