status,intersection
Core,1.4164305949008498
Non-core,1.593625498007968
