status,intersection
Core,3.061224489795918
Non-core,4.477611940298507
