status,intersection
Core,2.3076923076923075
Non-core,3.3333333333333335
