status,intersection
Core,0.4480955937266617
Non-core,0.19342359767891681
