status,intersection
Core,7.352941176470588
Non-core,5.128205128205129
