status,intersection
Core,5.633802816901408
Non-core,9.523809523809524
