status,intersection
Core,0.13020833333333334
Non-core,0.1736111111111111
