status,intersection
Core,0.6097560975609756
Non-core,0.37735849056603776
