status,intersection
Core,2.2988505747126435
Non-core,4.040404040404041
