status,intersection
Core,2.0408163265306123
Non-core,2.7027027027027026
