status,intersection
Core,1.7543859649122806
Non-core,2.7777777777777777
