status,intersection
Core,4.3478260869565215
Non-core,7.317073170731708
