status,intersection
Core,5.825242718446602
Non-core,6.0606060606060606
