status,intersection
Core,0.8547008547008547
Non-core,1.1764705882352942
