status,intersection
Core,1.6997167138810199
Non-core,1.9920318725099602
