status,intersection
Core,0.4079967360261118
Non-core,0.24354603019970775
