status,intersection
Core,8.602150537634408
Non-core,5.172413793103448
