status,intersection
Core,0.1349527665317139
Non-core,0.18148820326678766
