status,intersection
Core,1.5463917525773196
Non-core,1.680672268907563
