status,intersection
Core,2.857142857142857
Non-core,3.8461538461538463
