status,intersection
Core,1.8181818181818181
Non-core,1.8518518518518519
