status,intersection
Core,0.6684491978609626
Non-core,0.3590664272890485
