status,intersection
Core,1.36986301369863
Non-core,1.4705882352941178
