status,intersection
Core,0.8771929824561403
Non-core,1.1494252873563218
