status,intersection
Core,1.7857142857142858
Non-core,2.3255813953488373
