status,intersection
Core,3.8461538461538463
Non-core,6.122448979591836
