status,intersection
Core,2.142857142857143
Non-core,4.054054054054054
