status,intersection
Core,5.042016806722689
Non-core,7.142857142857143
