status,intersection
Core,2.0833333333333335
Non-core,2.9411764705882355
