status,intersection
Core,5.405405405405405
Non-core,11.764705882352942
