status,intersection
Core,3.8095238095238093
Non-core,5.660377358490566
