status,intersection
Core,8.823529411764707
Non-core,17.647058823529413
