status,intersection
Core,0.704225352112676
Non-core,0.3333333333333333
