status,intersection
Core,1.7142857142857142
Non-core,1.7543859649122806
