status,intersection
Core,1.486988847583643
Non-core,1.5544041450777202
