status,intersection
Core,1.358695652173913
Non-core,1.2295081967213115
