status,intersection
Core,1.7667844522968197
Non-core,1.5706806282722514
