status,intersection
Core,2.272727272727273
Non-core,3.3333333333333335
