status,intersection
Core,1.0652463382157125
Non-core,0.7155635062611807
