status,intersection
Core,3.508771929824561
Non-core,6.0606060606060606
