status,intersection
Core,3.3707865168539324
Non-core,4.878048780487805
