status,intersection
Core,1.948051948051948
Non-core,1.9230769230769231
