status,intersection
Core,0.26109660574412535
Non-core,0.17391304347826086
