status,intersection
Core,1.1111111111111112
Non-core,1.5384615384615385
