status,intersection
Core,1.6286644951140066
Non-core,1.530612244897959
