status,intersection
Core,1.951219512195122
Non-core,2.5157232704402515
