status,intersection
Core,2.6595744680851063
Non-core,4.25531914893617
