status,intersection
Core,4.273504273504273
Non-core,6.666666666666667
