status,intersection
Core,3.1055900621118013
Non-core,2.4096385542168677
