status,intersection
Core,3.1914893617021276
Non-core,6.122448979591836
