status,intersection
Core,0.6443298969072165
Non-core,0.34305317324185247
