status,intersection
Core,2.8846153846153846
Non-core,4.761904761904762
