status,intersection
Core,10.95890410958904
Non-core,4.761904761904762
