status,intersection
Core,2.803738317757009
Non-core,4.615384615384615
