status,intersection
Core,2.484472049689441
Non-core,3.7383177570093458
