status,intersection
Core,1.8575851393188854
Non-core,1.8779342723004695
