status,intersection
Core,2.3076923076923075
Non-core,4.285714285714286
