status,intersection
Core,3.3333333333333335
Non-core,4.615384615384615
