status,intersection
Core,1.2987012987012987
Non-core,2.197802197802198
