status,intersection
Core,5.084745762711864
Non-core,6.976744186046512
