status,intersection
Core,1.968503937007874
Non-core,2.2988505747126435
