status,intersection
Core,0.5272407732864675
Non-core,0.4728132387706856
