status,intersection
Core,12.359550561797754
Non-core,7.547169811320755
