status,intersection
Core,1.5075376884422111
Non-core,0.9174311926605505
