status,intersection
Core,3.7383177570093458
Non-core,5.405405405405405
