status,intersection
Core,6.1946902654867255
Non-core,3.896103896103896
