status,intersection
Core,0.8565310492505354
Non-core,0.8620689655172413
