status,intersection
Core,2.4390243902439024
Non-core,1.3157894736842106
