status,intersection
Core,1.5432098765432098
Non-core,1.4018691588785046
