status,intersection
Core,4.878048780487805
Non-core,10.81081081081081
