status,intersection
Core,0.158311345646438
Non-core,0.06414368184733804
