status,intersection
Core,1.3524936601859678
Non-core,0.7884362680683311
