status,intersection
Core,2.6200873362445414
Non-core,2.366863905325444
