status,intersection
Core,0.24752475247524752
Non-core,0.3787878787878788
