status,intersection
Core,0.851063829787234
Non-core,0.6329113924050633
