status,intersection
Core,1.0025062656641603
Non-core,1.4218009478672986
