status,intersection
Core,0.9308510638297872
Non-core,0.5357142857142857
