status,intersection
Core,2.3076923076923075
Non-core,3.260869565217391
