status,intersection
Core,1.9230769230769231
Non-core,2.6315789473684212
