status,intersection
Core,1.5797788309636651
Non-core,0.8528784648187633
