status,intersection
Core,0.9389671361502347
Non-core,0.7299270072992701
