status,intersection
Core,3.5294117647058822
Non-core,6.666666666666667
