status,intersection
Core,4.040404040404041
Non-core,5.660377358490566
