status,intersection
Core,1.7857142857142858
Non-core,2.5316455696202533
