status,intersection
Core,1.466275659824047
Non-core,1.7699115044247788
