status,intersection
Core,0.9287925696594427
Non-core,0.9009009009009009
