status,intersection
Core,5.797101449275362
Non-core,9.090909090909092
