status,intersection
Core,1.3524936601859678
Non-core,1.314060446780552
