status,intersection
Core,0.8928571428571429
Non-core,0.6134969325153374
