status,intersection
Core,1.1312217194570136
Non-core,0.967741935483871
