status,intersection
Core,4.040404040404041
Non-core,5.172413793103448
