status,intersection
Core,1.1560693641618498
Non-core,0.8583690987124464
