status,intersection
Core,0.8361204013377926
Non-core,0.6263048016701461
