status,intersection
Core,8.571428571428571
Non-core,14.285714285714286
