status,intersection
Core,1.5873015873015872
Non-core,1.2987012987012987
