status,intersection
Core,5.3097345132743365
Non-core,3.8461538461538463
