status,intersection
Core,0.9280742459396751
Non-core,0.6600660066006601
