status,intersection
Core,0.819672131147541
Non-core,0.34843205574912894
