status,intersection
Core,0.6379585326953748
Non-core,0.4319654427645788
