status,intersection
Core,4.123711340206185
Non-core,5.172413793103448
