status,intersection
Core,7.207207207207207
Non-core,3.9473684210526314
