status,intersection
Core,1.1258955987717503
Non-core,0.6756756756756757
