status,intersection
Core,18.51851851851852
Non-core,24.137931034482758
