status,intersection
Core,3.6036036036036037
Non-core,5.970149253731344
