status,intersection
Core,5.555555555555555
Non-core,7.6923076923076925
