status,intersection
Core,2.2857142857142856
Non-core,1.9801980198019802
