status,intersection
Core,1.550387596899225
Non-core,2.7027027027027026
