status,intersection
Core,2.2388059701492535
Non-core,3.260869565217391
