status,intersection
Core,1.6853932584269662
Non-core,1.7391304347826086
