status,intersection
Core,1.9230769230769231
Non-core,4.081632653061225
