status,intersection
Core,9.803921568627452
Non-core,11.764705882352942
