status,intersection
Core,1.037037037037037
Non-core,1.0683760683760684
