status,intersection
Core,2.2988505747126435
Non-core,2.727272727272727
