status,intersection
Core,0.7418397626112759
Non-core,0.8528784648187633
