status,intersection
Core,5.882352941176471
Non-core,7.8431372549019605
