status,intersection
Core,0.8264462809917356
Non-core,0.8021390374331551
