status,intersection
Core,1.4450867052023122
Non-core,0.8583690987124464
