status,intersection
Core,0.8902077151335311
Non-core,0.8528784648187633
