status,intersection
Core,1.1799410029498525
Non-core,1.6666666666666667
