status,intersection
Core,0.704225352112676
Non-core,1.1904761904761905
