status,intersection
Core,4.123711340206185
Non-core,4.838709677419355
