status,intersection
Core,7.0588235294117645
Non-core,1.9230769230769231
