status,intersection
Core,0.5434782608695652
Non-core,0.819672131147541
