status,intersection
Core,1.0781671159029649
Non-core,1.2244897959183674
