status,intersection
Core,2.459016393442623
Non-core,3.8461538461538463
