status,intersection
Core,1.5873015873015872
Non-core,3.3333333333333335
