status,intersection
Core,1.0380622837370241
Non-core,0.9950248756218906
