status,intersection
Core,3.7383177570093458
Non-core,5.357142857142857
