status,intersection
Core,3.6144578313253013
Non-core,8.333333333333334
