status,intersection
Core,0.8602150537634409
Non-core,0.8620689655172413
