status,intersection
Core,2.1052631578947367
Non-core,3.076923076923077
