status,intersection
Core,1.1814345991561181
Non-core,0.9186351706036745
