status,intersection
Core,6.382978723404255
Non-core,11.11111111111111
