status,intersection
Core,1.0362694300518134
Non-core,1.550387596899225
