status,intersection
Core,3.061224489795918
Non-core,6.122448979591836
