status,intersection
Core,1.098901098901099
Non-core,1.530612244897959
