status,intersection
Core,5.109489051094891
Non-core,3.7735849056603774
