status,intersection
Core,3.5398230088495577
Non-core,5.405405405405405
