status,intersection
Core,0.9345794392523364
Non-core,0.6369426751592356
