status,intersection
Core,1.858736059479554
Non-core,2.0725388601036268
