status,intersection
Core,2.8735632183908044
Non-core,2.727272727272727
