status,intersection
Core,3.0303030303030303
Non-core,6.0606060606060606
