status,intersection
Core,0.47443331576172904
Non-core,0.38486209108402825
