status,intersection
Core,3.6144578313253013
Non-core,7.6923076923076925
