status,intersection
Core,2.542372881355932
Non-core,3.3707865168539324
