status,intersection
Core,2.5974025974025974
Non-core,2.0408163265306123
