status,intersection
Core,0.7947019867549668
Non-core,0.7142857142857143
