status,intersection
Core,0.2976190476190476
Non-core,0.21413276231263384
