status,intersection
Core,5.797101449275362
Non-core,2.5641025641025643
