status,intersection
Core,1.8596787827557058
Non-core,1.314060446780552
