status,intersection
Core,1.342281879194631
Non-core,1.3157894736842106
