status,intersection
Core,0.967741935483871
Non-core,0.9900990099009901
