status,intersection
Core,4.938271604938271
Non-core,4.081632653061225
