status,intersection
Core,1.9305019305019304
Non-core,1.1904761904761905
