status,intersection
Core,1.36986301369863
Non-core,2.272727272727273
