status,intersection
Core,15.09433962264151
Non-core,13.793103448275861
