status,intersection
Core,0.6993006993006993
Non-core,1.1764705882352942
