status,intersection
Core,2.450980392156863
Non-core,3.5398230088495577
