status,intersection
Core,1.3986013986013985
Non-core,1.5544041450777202
