status,intersection
Core,5.405405405405405
Non-core,10.526315789473685
