status,intersection
Core,1.7467248908296944
Non-core,2.366863905325444
