status,intersection
Core,3.0303030303030303
Non-core,3.4482758620689653
