status,intersection
Core,2.3255813953488373
Non-core,4.3478260869565215
