status,intersection
Core,3.7037037037037037
Non-core,7.894736842105263
