status,intersection
Core,1.3404825737265416
Non-core,0.8064516129032258
