status,intersection
Core,3.488372093023256
Non-core,4.918032786885246
