status,intersection
Core,1.2987012987012987
Non-core,2.2222222222222223
