status,intersection
Core,3.1578947368421053
Non-core,5.882352941176471
