status,intersection
Core,0.1631986944104447
Non-core,0.09746588693957114
