status,intersection
Core,1.109350237717908
Non-core,0.8583690987124464
