status,intersection
Core,4.62962962962963
Non-core,1.3513513513513513
