status,intersection
Core,0.13531799729364005
Non-core,0.18181818181818182
