status,intersection
Core,1.174496644295302
Non-core,1.050420168067227
