status,intersection
Core,1.2820512820512822
Non-core,3.225806451612903
