status,intersection
Core,3.5294117647058822
Non-core,1.6260162601626016
