status,intersection
Core,2.4154589371980677
Non-core,3.278688524590164
