status,intersection
Core,5.660377358490566
Non-core,10.714285714285714
