status,intersection
Core,1.1784511784511784
Non-core,0.8791208791208791
