status,intersection
Core,1.1904761904761905
Non-core,2.272727272727273
