status,intersection
Core,0.8982035928143712
Non-core,0.8968609865470852
