status,intersection
Core,1.1282051282051282
Non-core,0.8108108108108109
