status,intersection
Core,0.684931506849315
Non-core,0.9900990099009901
