status,intersection
Core,2.18978102189781
Non-core,3.260869565217391
