status,intersection
Core,0.8130081300813008
Non-core,1.3157894736842106
