status,intersection
Core,7.575757575757576
Non-core,10.526315789473685
