status,intersection
Core,1.5479876160990713
Non-core,1.8691588785046729
