status,intersection
Core,1.4577259475218658
Non-core,0.8695652173913043
