status,intersection
Core,2.8776978417266186
Non-core,3.061224489795918
