status,intersection
Core,0.37341299477221807
Non-core,0.09671179883945841
