status,intersection
Core,1.0810810810810811
Non-core,1.1070110701107012
