status,intersection
Core,2.479338842975207
Non-core,3.260869565217391
