status,intersection
Core,2.1052631578947367
Non-core,2.586206896551724
