status,intersection
Core,0.7457121551081283
Non-core,0.7736943907156673
