status,intersection
Core,1.1278195488721805
Non-core,1.4218009478672986
