status,intersection
Core,3.361344537815126
Non-core,4.615384615384615
