status,intersection
Core,1.1627906976744187
Non-core,0.8620689655172413
