status,intersection
Core,4.705882352941177
Non-core,5.882352941176471
