status,intersection
Core,0.9118541033434651
Non-core,0.819672131147541
