status,intersection
Core,2.6143790849673203
Non-core,3.4482758620689653
