status,intersection
Core,0.8503401360544217
Non-core,0.6787330316742082
