status,intersection
Core,0.9950248756218906
Non-core,1.408450704225352
