status,intersection
Core,2.7777777777777777
Non-core,7.142857142857143
