status,intersection
Core,0.8547008547008547
Non-core,0.6369426751592356
