status,intersection
Core,1.9607843137254901
Non-core,2.4390243902439024
