status,intersection
Core,5.084745762711864
Non-core,7.6923076923076925
