status,intersection
Core,3.1496062992125986
Non-core,4.411764705882353
