status,intersection
Core,1.3071895424836601
Non-core,1.0101010101010102
