status,intersection
Core,5.084745762711864
Non-core,8.571428571428571
