status,intersection
Core,2.857142857142857
Non-core,5.882352941176471
