status,intersection
Core,2.247191011235955
Non-core,3.508771929824561
