status,intersection
Core,0.9049773755656109
Non-core,1.2578616352201257
