status,intersection
Core,1.9230769230769231
Non-core,2.4193548387096775
