status,intersection
Core,4.838709677419355
Non-core,8.571428571428571
