status,intersection
Core,1.1844331641285957
Non-core,0.9009009009009009
