status,intersection
Core,3.1914893617021276
Non-core,5.769230769230769
