status,intersection
Core,11.864406779661017
Non-core,13.333333333333334
