status,intersection
Core,0.8902077151335311
Non-core,0.8547008547008547
