status,intersection
Core,4.3478260869565215
Non-core,9.523809523809524
