status,intersection
Core,1.160092807424594
Non-core,0.9900990099009901
