status,intersection
Core,4.301075268817204
Non-core,3.3333333333333335
