status,intersection
Core,0.3665987780040733
Non-core,0.19474196689386564
