status,intersection
Core,4.761904761904762
Non-core,33.333333333333336
