status,intersection
Core,2.5806451612903225
Non-core,3.260869565217391
