status,intersection
Core,3.883495145631068
Non-core,5.555555555555555
