status,intersection
Core,1.3745704467353952
Non-core,1.4018691588785046
