status,intersection
Core,1.5037593984962405
Non-core,1.0416666666666667
