status,intersection
Core,5.063291139240507
Non-core,4.081632653061225
