status,intersection
Core,0.9271523178807947
Non-core,0.7117437722419929
