status,intersection
Core,0.8064516129032258
Non-core,1.2345679012345678
