status,intersection
Core,6.0606060606060606
Non-core,15.384615384615385
