status,intersection
Core,3.8095238095238093
Non-core,5.172413793103448
