status,intersection
Core,2.1739130434782608
Non-core,3.3333333333333335
