status,intersection
Core,1.492537313432836
Non-core,1.4150943396226414
