status,intersection
Core,1.5706806282722514
Non-core,1.7094017094017093
