status,intersection
Core,1.4285714285714286
Non-core,1.4705882352941178
