status,intersection
Core,0.9578544061302682
Non-core,0.821917808219178
