status,intersection
Core,1.8575851393188854
Non-core,2.336448598130841
