status,intersection
Core,0.8948545861297539
Non-core,0.5808325266214908
