status,intersection
Core,5.0359712230215825
Non-core,3.7735849056603774
