status,intersection
Core,1.0050251256281406
Non-core,1.050420168067227
