status,intersection
Core,2.112676056338028
Non-core,4.109589041095891
