status,intersection
Core,0.4484304932735426
Non-core,0.34096444227959083
