status,intersection
Core,1.2285012285012284
Non-core,1.408450704225352
