status,intersection
Core,5.2631578947368425
Non-core,3.3333333333333335
