status,intersection
Core,1.001669449081803
Non-core,1.0482180293501049
