status,intersection
Core,1.048951048951049
Non-core,0.4716981132075472
