status,intersection
Core,6.521739130434782
Non-core,10.714285714285714
