status,intersection
Core,1.0666666666666667
Non-core,1.1029411764705883
