status,intersection
Core,3.821656050955414
Non-core,3.3707865168539324
