status,intersection
Core,2.0905923344947737
Non-core,1.5463917525773196
