status,intersection
Core,2.2222222222222223
Non-core,4.166666666666667
