status,intersection
Core,2.5641025641025643
Non-core,3.8461538461538463
