status,intersection
Core,5.376344086021505
Non-core,6.779661016949152
