status,intersection
Core,2.2857142857142856
Non-core,3.9603960396039604
