status,intersection
Core,2.898550724637681
Non-core,4.761904761904762
