status,intersection
Core,1.8556701030927836
Non-core,1.1049723756906078
