status,intersection
Core,1.834862385321101
Non-core,3.076923076923077
