status,intersection
Core,0.5274261603375527
Non-core,0.38486209108402825
