status,intersection
Core,2.830188679245283
Non-core,4.109589041095891
