status,intersection
Core,5.405405405405405
Non-core,3.7037037037037037
