status,intersection
Core,4.705882352941177
Non-core,1.8518518518518519
