status,intersection
Core,0.6896551724137931
Non-core,1.2345679012345678
