status,intersection
Core,0.7936507936507936
Non-core,0.8064516129032258
