status,intersection
Core,1.0224948875255624
Non-core,0.8075370121130552
