status,intersection
Core,3.3333333333333335
Non-core,5.2631578947368425
