status,intersection
Core,3.7974683544303796
Non-core,7.317073170731708
