status,intersection
Core,0.30959752321981426
Non-core,0.38022813688212925
