status,intersection
Core,3.061224489795918
Non-core,5.660377358490566
