status,intersection
Core,2.3529411764705883
Non-core,2.6785714285714284
