status,intersection
Core,1.6574585635359116
Non-core,1.7241379310344827
