status,intersection
Core,1.0810810810810811
Non-core,1.1111111111111112
