status,intersection
Core,2.898550724637681
Non-core,3.0303030303030303
