status,intersection
Core,8.49056603773585
Non-core,6.0606060606060606
