status,intersection
Core,1.1811023622047243
Non-core,1.7341040462427746
