status,intersection
Core,1.3392857142857142
Non-core,1.2422360248447204
