status,intersection
Core,2.962962962962963
Non-core,4.285714285714286
