status,intersection
Core,2.5316455696202533
Non-core,4.878048780487805
