status,intersection
Core,1.152073732718894
Non-core,0.9803921568627451
