status,intersection
Core,0.9153318077803204
Non-core,0.6514657980456026
