status,intersection
Core,1.7322834645669292
Non-core,1.0683760683760684
