status,intersection
Core,1.4705882352941178
Non-core,1.7777777777777777
