status,intersection
Core,0.8547008547008547
Non-core,1.4705882352941178
