status,intersection
Core,1.0126582278481013
Non-core,0.9186351706036745
