status,intersection
Core,0.5050505050505051
Non-core,0.4807692307692308
