status,intersection
Core,0.7884362680683311
Non-core,0.5328596802841918
