status,intersection
Core,3.061224489795918
Non-core,5.2631578947368425
