status,intersection
Core,2.8846153846153846
Non-core,3.3057851239669422
