status,intersection
Core,0.7446016381236039
Non-core,0.5797101449275363
