status,intersection
Core,0.8503401360544217
Non-core,0.9049773755656109
