status,intersection
Core,1.2048192771084338
Non-core,2.380952380952381
