status,intersection
Core,2.380952380952381
Non-core,3.076923076923077
