status,intersection
Core,10.465116279069768
Non-core,7.407407407407407
