status,intersection
Core,1.9736842105263157
Non-core,3.3333333333333335
