status,intersection
Core,0.9211873080859775
Non-core,0.8097165991902834
