status,intersection
Core,1.0729613733905579
Non-core,0.8645533141210374
