status,intersection
Core,0.9463722397476341
Non-core,0.9174311926605505
