status,intersection
Core,2.4271844660194173
Non-core,2.7027027027027026
