status,intersection
Core,1.5544041450777202
Non-core,1.7094017094017093
