status,intersection
Core,5.405405405405405
Non-core,9.523809523809524
