status,intersection
Core,1.82648401826484
Non-core,1.8867924528301887
