status,intersection
Core,0.49079754601226994
Non-core,0.49261083743842365
