status,intersection
Core,8.791208791208792
Non-core,6.122448979591836
