status,intersection
Core,3.2085561497326203
Non-core,4.3478260869565215
