status,intersection
Core,1.0101010101010102
Non-core,1.550387596899225
