status,intersection
Core,1.366120218579235
Non-core,1.838235294117647
