status,intersection
Core,0.5067567567567568
Non-core,0.21052631578947367
