status,intersection
Core,3.875968992248062
Non-core,0.9900990099009901
