status,intersection
Core,4.938271604938271
Non-core,1.8867924528301887
