status,intersection
Core,3.225806451612903
Non-core,4.3478260869565215
