status,intersection
Core,5.084745762711864
Non-core,9.67741935483871
