status,intersection
Core,2.094240837696335
Non-core,3.1578947368421053
