status,intersection
Core,3.488372093023256
Non-core,2.830188679245283
