status,intersection
Core,2.9411764705882355
Non-core,4.081632653061225
