status,intersection
Core,2.272727272727273
Non-core,4.25531914893617
