status,intersection
Core,0.5494505494505495
Non-core,0.37593984962406013
