status,intersection
Core,2.7027027027027026
Non-core,3.5714285714285716
