status,intersection
Core,2.7777777777777777
Non-core,4.761904761904762
