status,intersection
Core,2.127659574468085
Non-core,4.081632653061225
