status,intersection
Core,1.6666666666666667
Non-core,2.4390243902439024
