status,intersection
Core,1.1152416356877324
Non-core,1.4354066985645932
