status,intersection
Core,2.7777777777777777
Non-core,4.054054054054054
