status,intersection
Core,3.0303030303030303
Non-core,5.714285714285714
