status,intersection
Core,0.6060606060606061
Non-core,0.8928571428571429
