status,intersection
Core,0.535475234270415
Non-core,0.539568345323741
