status,intersection
Core,7.6923076923076925
Non-core,15.384615384615385
