status,intersection
Core,2.985074626865672
Non-core,3.3333333333333335
