status,intersection
Core,2.450980392156863
Non-core,2.6785714285714284
