status,intersection
Core,0.746268656716418
Non-core,1.408450704225352
