status,intersection
Core,2.7777777777777777
Non-core,5.2631578947368425
