status,intersection
Core,0.9950248756218906
Non-core,0.6550218340611353
