status,intersection
Core,1.488833746898263
Non-core,1.8867924528301887
