status,intersection
Core,0.37369207772795215
Non-core,0.09671179883945841
