status,intersection
Core,1.4851485148514851
Non-core,2.158273381294964
