status,intersection
Core,3.7974683544303796
Non-core,2.0408163265306123
