status,intersection
Core,1.6574585635359116
Non-core,1.4814814814814814
