status,intersection
Core,2.380952380952381
Non-core,3.409090909090909
