status,intersection
Core,4.615384615384615
Non-core,6.976744186046512
