status,intersection
Core,3.8461538461538463
Non-core,16.666666666666668
