status,intersection
Core,2.843601895734597
Non-core,2.380952380952381
