status,intersection
Core,3.4285714285714284
Non-core,1.9801980198019802
