status,intersection
Core,3.061224489795918
Non-core,4.761904761904762
