status,intersection
Core,0.9221311475409836
Non-core,0.8097165991902834
