status,intersection
Core,1.1627906976744187
Non-core,1.1904761904761905
