status,intersection
Core,1.3029315960912051
Non-core,0.9900990099009901
