status,intersection
Core,1.263823064770932
Non-core,0.6382978723404256
