status,intersection
Core,2.158273381294964
Non-core,3.0927835051546393
