status,intersection
Core,1.466275659824047
Non-core,1.3274336283185841
