status,intersection
Core,1.1816838995568686
Non-core,1.0638297872340425
