status,intersection
Core,0.4920049200492005
Non-core,0.4942339373970346
