status,intersection
Core,3.278688524590164
Non-core,4.225352112676056
