status,intersection
Core,1.3937282229965158
Non-core,1.5463917525773196
