status,intersection
Core,1.4285714285714286
Non-core,3.5714285714285716
