status,intersection
Core,0.6172839506172839
Non-core,0.5305039787798409
