status,intersection
Core,2.255639097744361
Non-core,3.3333333333333335
