status,intersection
Core,1.1363636363636365
Non-core,1.0101010101010102
