status,intersection
Core,1.1538461538461537
Non-core,0.546448087431694
