status,intersection
Core,0.41025641025641024
Non-core,0.13513513513513514
