status,intersection
Core,0.9487666034155597
Non-core,0.546448087431694
