status,intersection
Core,2.3622047244094486
Non-core,4.411764705882353
