status,intersection
Core,0.9925558312655087
Non-core,1.408450704225352
