status,intersection
Core,2.0689655172413794
Non-core,2.0725388601036268
