status,intersection
Core,3.0927835051546393
Non-core,5.357142857142857
