status,intersection
Core,3.6144578313253013
Non-core,6.818181818181818
