status,intersection
Core,3.5294117647058822
Non-core,5.555555555555555
