status,intersection
Core,2.8368794326241136
Non-core,4.081632653061225
