status,intersection
Core,10.526315789473685
Non-core,14.814814814814815
