status,intersection
Core,1.5659955257270695
Non-core,1.5527950310559007
