status,intersection
Core,1.9607843137254901
Non-core,4.3478260869565215
