status,intersection
Core,1.36986301369863
Non-core,1.7543859649122806
