status,intersection
Core,9.89010989010989
Non-core,7.017543859649122
