status,intersection
Core,5.405405405405405
Non-core,3.0303030303030303
