status,intersection
Core,0.5154639175257731
Non-core,0.22779043280182232
