status,intersection
Core,1.075268817204301
Non-core,1.1029411764705883
