status,intersection
Core,3.488372093023256
Non-core,4.25531914893617
