status,intersection
Core,2.7777777777777777
Non-core,5.172413793103448
