status,intersection
Core,0.8928571428571429
Non-core,0.45045045045045046
