status,intersection
Core,2.5974025974025974
Non-core,4.3478260869565215
