status,intersection
Core,1.2578616352201257
Non-core,0.9090909090909091
