status,intersection
Core,1.174496644295302
Non-core,0.8830022075055187
