status,intersection
Core,2.272727272727273
Non-core,3.278688524590164
