status,intersection
Core,0.5509641873278237
Non-core,0.4149377593360996
