status,intersection
Core,1.7730496453900708
Non-core,2.094240837696335
