status,intersection
Core,0.2074688796680498
Non-core,0.2680965147453083
