status,intersection
Core,1.3636363636363635
Non-core,1.4598540145985401
