status,intersection
Core,3.0120481927710845
Non-core,3.669724770642202
