status,intersection
Core,3.076923076923077
Non-core,4.285714285714286
