status,intersection
Core,2.9411764705882355
Non-core,4.651162790697675
