status,intersection
Core,2.73224043715847
Non-core,2.830188679245283
