status,intersection
Core,2.380952380952381
Non-core,3.9215686274509802
