status,intersection
Core,1.1389521640091116
Non-core,0.9771986970684039
