status,intersection
Core,5.147058823529412
Non-core,3.7735849056603774
