status,intersection
Core,0.8658008658008658
Non-core,1.1976047904191616
