status,intersection
Core,1.0638297872340425
Non-core,2.2222222222222223
