status,intersection
Core,1.2219959266802445
Non-core,0.6720430107526881
