status,intersection
Core,1.408450704225352
Non-core,1.6666666666666667
