status,intersection
Core,2.3076923076923075
Non-core,2.816901408450704
