status,intersection
Core,0.4807692307692308
Non-core,0.746268656716418
