status,intersection
Core,4.098360655737705
Non-core,3.6144578313253013
