status,intersection
Core,0.13003901170351106
Non-core,0.1736111111111111
