status,intersection
Core,1.0830324909747293
Non-core,0.5586592178770949
