status,intersection
Core,0.8547008547008547
Non-core,1.3333333333333333
