status,intersection
Core,0.13054830287206268
Non-core,0.1736111111111111
