status,intersection
Core,0.9020618556701031
Non-core,0.34305317324185247
