status,intersection
Core,0.9247027741083224
Non-core,0.5328596802841918
