status,intersection
Core,0.9615384615384616
Non-core,0.8333333333333334
