status,intersection
Core,1.0380622837370241
Non-core,1.015228426395939
