status,intersection
Core,1.5810276679841897
Non-core,2.3121387283236996
