status,intersection
Core,1.36986301369863
Non-core,1.3953488372093024
