status,intersection
Core,5.555555555555555
Non-core,9.30232558139535
