status,intersection
Core,2.4390243902439024
Non-core,3.409090909090909
