status,intersection
Core,2.2099447513812156
Non-core,2.380952380952381
