status,intersection
Core,0.796812749003984
Non-core,0.6172839506172839
