status,intersection
Core,1.0050251256281406
Non-core,1.1013215859030836
