status,intersection
Core,1.1904761904761905
Non-core,2.2222222222222223
