status,intersection
Core,0.40160642570281124
Non-core,0.3616636528028933
