status,intersection
Core,2.830188679245283
Non-core,4.285714285714286
