status,intersection
Core,2.9702970297029703
Non-core,4.3478260869565215
