status,intersection
Core,1.5706806282722514
Non-core,1.550387596899225
