status,intersection
Core,1.8633540372670807
Non-core,2.7777777777777777
