status,intersection
Core,0.33812341504649196
Non-core,0.1314060446780552
