status,intersection
Core,0.7058823529411765
Non-core,0.3333333333333333
