status,intersection
Core,1.6528925619834711
Non-core,3.076923076923077
