status,intersection
Core,0.6289308176100629
Non-core,0.9259259259259259
