status,intersection
Core,7.954545454545454
Non-core,5.172413793103448
