status,intersection
Core,1.092896174863388
Non-core,1.4760147601476015
