status,intersection
Core,0.9009009009009009
Non-core,1.6129032258064515
