status,intersection
Core,0.704225352112676
Non-core,0.47393364928909953
