status,intersection
Core,3.260869565217391
Non-core,5.555555555555555
