status,intersection
Core,2.9411764705882355
Non-core,5.714285714285714
