status,intersection
Core,2.304147465437788
Non-core,2.857142857142857
