status,intersection
Core,2.2099447513812156
Non-core,2.912621359223301
