status,intersection
Core,3.9603960396039604
Non-core,4.25531914893617
