status,intersection
Core,9.615384615384615
Non-core,12.903225806451612
