status,intersection
Core,3.0120481927710845
Non-core,2.479338842975207
