status,intersection
Core,0.8583690987124464
Non-core,1.1764705882352942
