status,intersection
Core,1.1811023622047243
Non-core,1.744186046511628
