status,intersection
Core,0.8247422680412371
Non-core,1.0695187165775402
