status,intersection
Core,1.7341040462427746
Non-core,2.0202020202020203
