status,intersection
Core,3.1914893617021276
Non-core,4.3478260869565215
