status,intersection
Core,0.8456659619450317
Non-core,0.8595988538681948
