status,intersection
Core,0.6896551724137931
Non-core,0.6535947712418301
