status,intersection
Core,1.8867924528301887
Non-core,3.3333333333333335
