status,intersection
Core,2.7586206896551726
Non-core,3.2967032967032965
