status,intersection
Core,0.6772009029345373
Non-core,0.31347962382445144
