status,intersection
Core,4.651162790697675
Non-core,7.142857142857143
