status,intersection
Core,4.395604395604396
Non-core,5.660377358490566
