status,intersection
Core,2.242152466367713
Non-core,1.557632398753894
