status,intersection
Core,0.8213552361396304
Non-core,0.8021390374331551
