status,intersection
Core,1.3513513513513513
Non-core,1.2345679012345678
