status,intersection
Core,0.746268656716418
Non-core,0.6769825918762089
