status,intersection
Core,1.404494382022472
Non-core,1.5686274509803921
