status,intersection
Core,4.838709677419355
Non-core,7.317073170731708
