status,intersection
Core,0.2684563758389262
Non-core,0.3616636528028933
