status,intersection
Core,0.7782101167315175
Non-core,0.2777777777777778
