status,intersection
Core,0.9652509652509652
Non-core,0.5494505494505495
