status,intersection
Core,0.8982035928143712
Non-core,0.9090909090909091
