status,intersection
Core,0.22935779816513763
Non-core,0.32786885245901637
