status,intersection
Core,1.675977653631285
Non-core,2.459016393442623
