status,intersection
Core,0.7334963325183375
Non-core,0.7407407407407407
