status,intersection
Core,1.3245033112582782
Non-core,2.1739130434782608
