status,intersection
Core,0.9090909090909091
Non-core,1.2658227848101267
