status,intersection
Core,2.150537634408602
Non-core,2.803738317757009
