status,intersection
Core,3.409090909090909
Non-core,5.2631578947368425
