status,intersection
Core,0.9118541033434651
Non-core,1.2448132780082988
