status,intersection
Core,3.361344537815126
Non-core,5.128205128205129
