status,intersection
Core,1.8072289156626506
Non-core,1.8018018018018018
