status,intersection
Core,0.7407407407407407
Non-core,1.0526315789473684
