status,intersection
Core,1.7804154302670623
Non-core,1.6666666666666667
