status,intersection
Core,0.8588957055214724
Non-core,0.32733224222585927
