status,intersection
Core,1.2195121951219512
Non-core,0.9345794392523364
