status,intersection
Core,1.9607843137254901
Non-core,3.4482758620689653
