status,intersection
Core,1.932367149758454
Non-core,3.252032520325203
