status,intersection
Core,2.3076923076923075
Non-core,4.3478260869565215
