status,intersection
Core,0.6402048655569782
Non-core,0.34305317324185247
