status,intersection
Core,4.166666666666667
Non-core,6.896551724137931
