status,intersection
Core,1.1647254575707155
Non-core,0.8333333333333334
