status,intersection
Core,2.0833333333333335
Non-core,3.4482758620689653
