status,intersection
Core,2.3529411764705883
Non-core,3.1578947368421053
