status,intersection
Core,1.2257405515832482
Non-core,0.6720430107526881
