status,intersection
Core,1.097972972972973
Non-core,1.1826544021024967
