status,intersection
Core,0.8547008547008547
Non-core,1.3157894736842106
