status,intersection
Core,0.517464424320828
Non-core,0.3454231433506045
