status,intersection
Core,2.4271844660194173
Non-core,3.508771929824561
