status,intersection
Core,2.5641025641025643
Non-core,2.5316455696202533
