status,intersection
Core,0.975609756097561
Non-core,1.5037593984962405
