status,intersection
Core,8.333333333333334
Non-core,6.779661016949152
