status,intersection
Core,1.5037593984962405
Non-core,1.4285714285714286
