status,intersection
Core,2.843601895734597
Non-core,3.508771929824561
