status,intersection
Core,0.6791171477079796
Non-core,0.6787330316742082
