status,intersection
Core,0.30864197530864196
Non-core,0.37735849056603776
