status,intersection
Core,3.3333333333333335
Non-core,4.3478260869565215
