status,intersection
Core,2.2900763358778624
Non-core,3.409090909090909
