status,intersection
Core,2.5641025641025643
Non-core,4.545454545454546
