status,intersection
Core,2.6315789473684212
Non-core,4.761904761904762
