status,intersection
Core,1.171875
Non-core,1.2121212121212122
