status,intersection
Core,4.761904761904762
Non-core,11.11111111111111
