status,intersection
Core,2.7906976744186047
Non-core,3.225806451612903
