status,intersection
Core,0.36689767631471665
Non-core,0.34096444227959083
