status,intersection
Core,3.225806451612903
Non-core,4.444444444444445
