status,intersection
Core,1.6172506738544474
Non-core,1.4760147601476015
