status,intersection
Core,5.681818181818182
Non-core,7.407407407407407
