status,intersection
Core,1.1784511784511784
Non-core,0.6741573033707865
