status,intersection
Core,5.084745762711864
Non-core,7.142857142857143
