status,intersection
Core,0.3194888178913738
Non-core,0.38910505836575876
