status,intersection
Core,1.7182130584192439
Non-core,1.3888888888888888
