status,intersection
Core,0.40268456375838924
Non-core,0.5424954792043399
