status,intersection
Core,2.2988505747126435
Non-core,2.0408163265306123
