status,intersection
Core,2.608695652173913
Non-core,3.076923076923077
