status,intersection
Core,7.142857142857143
Non-core,11.11111111111111
