status,intersection
Core,0.9508716323296355
Non-core,0.8565310492505354
