status,intersection
Core,5.673758865248227
Non-core,3.7735849056603774
