status,intersection
Core,1.1851851851851851
Non-core,1.0638297872340425
