status,intersection
Core,2.2058823529411766
Non-core,2.380952380952381
