status,intersection
Core,2.4242424242424243
Non-core,0.9615384615384616
