status,intersection
Core,3.1914893617021276
Non-core,4.444444444444445
