status,intersection
Core,2.142857142857143
Non-core,3.260869565217391
