status,intersection
Core,1.2219959266802445
Non-core,1.1049723756906078
