status,intersection
Core,1.6666666666666667
Non-core,3.0303030303030303
