status,intersection
Core,0.9950248756218906
Non-core,0.9090909090909091
