status,intersection
Core,1.36986301369863
Non-core,1.8181818181818181
