status,intersection
Core,1.8518518518518519
Non-core,3.076923076923077
