status,intersection
Core,0.821917808219178
Non-core,1.098901098901099
