status,intersection
Core,0.8130081300813008
Non-core,0.819672131147541
