status,intersection
Core,3.4482758620689653
Non-core,2.380952380952381
