status,intersection
Core,1.5544041450777202
Non-core,1.7391304347826086
