status,intersection
Core,4.3478260869565215
Non-core,6.666666666666667
