status,intersection
Core,10.227272727272727
Non-core,5.555555555555555
