status,intersection
Core,0.6696428571428571
Non-core,0.4821600771456123
