status,intersection
Core,2.6143790849673203
Non-core,1.2820512820512822
