status,intersection
Core,1.8633540372670807
Non-core,2.8846153846153846
