status,intersection
Core,2.727272727272727
Non-core,5.454545454545454
