status,intersection
Core,0.8823529411764706
Non-core,1.2345679012345678
