status,intersection
Core,1.0380622837370241
Non-core,1.0050251256281406
