status,intersection
Core,0.517464424320828
Non-core,0.5172413793103449
