status,intersection
Core,0.36861506055818855
Non-core,0.2560819462227913
