status,intersection
Core,0.1773049645390071
Non-core,0.23923444976076555
