status,intersection
Core,13.72549019607843
Non-core,11.538461538461538
