status,intersection
Core,2.3121387283236996
Non-core,3.4188034188034186
