status,intersection
Core,10.377358490566039
Non-core,7.462686567164179
