status,intersection
Core,1.9138755980861244
Non-core,3.252032520325203
