status,intersection
Core,1.1627906976744187
Non-core,1.3157894736842106
