status,intersection
Core,1.1583011583011582
Non-core,0.8287292817679558
