status,intersection
Core,2.3255813953488373
Non-core,3.260869565217391
