status,intersection
Core,2.487562189054726
Non-core,2.5806451612903225
