status,intersection
Core,2.7522935779816513
Non-core,4.545454545454546
