status,intersection
Core,5.194805194805195
Non-core,7.6923076923076925
