status,intersection
Core,2.9411764705882355
Non-core,4.411764705882353
