status,intersection
Core,2.3622047244094486
Non-core,3.3333333333333335
