status,intersection
Core,1.1686143572621035
Non-core,1.0438413361169103
