status,intersection
Core,3.4188034188034186
Non-core,4.411764705882353
