status,intersection
Core,1.0660980810234542
Non-core,0.8595988538681948
