status,intersection
Core,2.5641025641025643
Non-core,3.409090909090909
