status,intersection
Core,1.7667844522968197
Non-core,2.0833333333333335
