status,intersection
Core,1.3215859030837005
Non-core,1.7964071856287425
