status,intersection
Core,3.7383177570093458
Non-core,6.349206349206349
