status,intersection
Core,1.4245014245014245
Non-core,0.8583690987124464
