status,intersection
Core,3.488372093023256
Non-core,4.761904761904762
