status,intersection
Core,1.1547344110854503
Non-core,0.6600660066006601
