status,intersection
Core,1.7341040462427746
Non-core,2.5641025641025643
