status,intersection
Core,0.5253940455341506
Non-core,0.47058823529411764
