status,intersection
Core,0.2777777777777778
Non-core,0.373134328358209
