status,intersection
Core,0.6706408345752608
Non-core,0.4830917874396135
