status,intersection
Core,1.366742596810934
Non-core,0.974025974025974
