status,intersection
Core,4.054054054054054
Non-core,7.142857142857143
