status,intersection
Core,1.1267605633802817
Non-core,1.1811023622047243
