status,intersection
Core,0.9554140127388535
Non-core,0.9174311926605505
