status,intersection
Core,2.5316455696202533
Non-core,3.4482758620689653
