status,intersection
Core,0.44776119402985076
Non-core,0.2145922746781116
