status,intersection
Core,1.5267175572519085
Non-core,2.3529411764705883
