status,intersection
Core,0.40816326530612246
Non-core,0.6410256410256411
