status,intersection
Core,7.964601769911504
Non-core,3.9473684210526314
