status,intersection
Core,11.818181818181818
Non-core,7.462686567164179
