status,intersection
Core,3.7735849056603774
Non-core,5.2631578947368425
