status,intersection
Core,1.4018691588785046
Non-core,1.4492753623188406
