status,intersection
Core,1.2371134020618557
Non-core,1.1173184357541899
