status,intersection
Core,12.213740458015268
Non-core,15.151515151515152
