status,intersection
Core,2.7888446215139444
Non-core,3.9473684210526314
