status,intersection
Core,4.8034934497816595
Non-core,5.517241379310345
