status,intersection
Core,4.62046204620462
Non-core,5.633802816901408
