status,intersection
Core,11.475409836065573
Non-core,13.88888888888889
