status,intersection
Core,6.2015503875969
Non-core,5.2264808362369335
