status,intersection
Core,3.7122969837587005
Non-core,4.329004329004329
