status,intersection
Core,5.813953488372093
Non-core,4.761904761904762
