status,intersection
Core,5.084745762711864
Non-core,4.032258064516129
