status,intersection
Core,7.4324324324324325
Non-core,9.574468085106384
