status,intersection
Core,6.818181818181818
Non-core,9.615384615384615
