status,intersection
Core,7.042253521126761
Non-core,5.128205128205129
