status,intersection
Core,10.833333333333334
Non-core,13.636363636363637
