status,intersection
Core,4.830917874396135
Non-core,6.569343065693431
