status,intersection
Core,5.603448275862069
Non-core,6.369426751592357
