status,intersection
Core,3.02571860816944
Non-core,2.6804123711340204
