status,intersection
Core,9.333333333333334
Non-core,7.6923076923076925
