status,intersection
Core,3.6093418259023355
Non-core,3.9877300613496933
