status,intersection
Core,6.153846153846154
Non-core,10.81081081081081
