status,intersection
Core,8.75912408759124
Non-core,13.043478260869565
