status,intersection
Core,7.317073170731708
Non-core,7.2727272727272725
