status,intersection
Core,3.669724770642202
Non-core,3.5714285714285716
