status,intersection
Core,4.3478260869565215
Non-core,5.05050505050505
