status,intersection
Core,9.523809523809524
Non-core,10.81081081081081
