status,intersection
Core,4.761904761904762
Non-core,8.16326530612245
