status,intersection
Core,5.970149253731344
Non-core,8.641975308641975
