status,intersection
Core,6.140350877192983
Non-core,12.068965517241379
