status,intersection
Core,7.333333333333333
Non-core,7.954545454545454
