status,intersection
Core,11.023622047244094
Non-core,14.084507042253522
