status,intersection
Core,9.929078014184396
Non-core,11.627906976744185
