status,intersection
Core,1.5104166666666667
Non-core,1.1428571428571428
