status,intersection
Core,2.857142857142857
Non-core,4.878048780487805
