status,intersection
Core,6.306306306306307
Non-core,6.944444444444445
