status,intersection
Core,7.762557077625571
Non-core,9.734513274336283
