status,intersection
Core,10.76923076923077
Non-core,12.987012987012987
