status,intersection
Core,2.594033722438392
Non-core,2.097902097902098
