status,intersection
Core,5.28169014084507
Non-core,5.208333333333333
