status,intersection
Core,5.325443786982248
Non-core,6.1946902654867255
