status,intersection
Core,5.963302752293578
Non-core,7.874015748031496
