status,intersection
Core,1.492537313432836
Non-core,2.2222222222222223
