status,intersection
Core,5.617977528089888
Non-core,8.16326530612245
