status,intersection
Core,7.142857142857143
Non-core,10.256410256410257
