status,intersection
Core,9.345794392523365
Non-core,11.290322580645162
