status,intersection
Core,9.63855421686747
Non-core,16.666666666666668
