status,intersection
Core,1.3157894736842106
Non-core,1.8518518518518519
