status,intersection
Core,7.2368421052631575
Non-core,9.876543209876543
