status,intersection
Core,1.834862385321101
Non-core,3.508771929824561
