status,intersection
Core,0.35335689045936397
Non-core,0.5347593582887701
