status,intersection
Core,1.9867549668874172
Non-core,2.525252525252525
