status,intersection
Core,8.928571428571429
Non-core,10.344827586206897
