status,intersection
Core,3.349282296650718
Non-core,1.5151515151515151
