status,intersection
Core,5.769230769230769
Non-core,3.0303030303030303
