status,intersection
Core,2.6402640264026402
Non-core,2.4271844660194173
