status,intersection
Core,1.7482517482517483
Non-core,2.1052631578947367
