status,intersection
Core,0.36101083032490977
Non-core,0.5524861878453039
