status,intersection
Core,9.701492537313433
Non-core,5.9523809523809526
