status,intersection
Core,1.3793103448275863
Non-core,1.0362694300518134
