status,intersection
Core,3.896103896103896
Non-core,1.7857142857142858
