status,intersection
Core,1.3840830449826989
Non-core,1.5544041450777202
