status,intersection
Core,4.065040650406504
Non-core,5.633802816901408
