status,intersection
Core,7.142857142857143
Non-core,2.7777777777777777
