status,intersection
Core,2.0338983050847457
Non-core,2.0100502512562812
