status,intersection
Core,9.278350515463918
Non-core,6.756756756756757
