status,intersection
Core,2.7777777777777777
Non-core,8.333333333333334
