status,intersection
Core,1.3201320132013201
Non-core,0.970873786407767
