status,intersection
Core,15.671641791044776
Non-core,12.546125461254613
