status,intersection
Core,1.0344827586206897
Non-core,1.0362694300518134
