status,intersection
Core,10.294117647058824
Non-core,8.51063829787234
