status,intersection
Core,2.2801302931596092
Non-core,0.966183574879227
