status,intersection
Core,1.8575851393188854
Non-core,1.3953488372093024
