status,intersection
Core,4.411764705882353
Non-core,2.127659574468085
