status,intersection
Core,3.821656050955414
Non-core,4.147465437788019
