status,intersection
Core,0.7092198581560284
Non-core,0.5376344086021505
