status,intersection
Core,2.236421725239617
Non-core,1.8604651162790697
