status,intersection
Core,2.0618556701030926
Non-core,1.5463917525773196
