status,intersection
Core,1.2539184952978057
Non-core,0.9345794392523364
