status,intersection
Core,3.3033033033033035
Non-core,2.9914529914529915
