status,intersection
Core,5.333333333333333
Non-core,1.8181818181818181
