status,intersection
Core,2.3178807947019866
Non-core,1.9607843137254901
