status,intersection
Core,1.9169329073482428
Non-core,2.314814814814815
