status,intersection
Core,9.221902017291066
Non-core,7.488986784140969
