status,intersection
Core,1.3029315960912051
Non-core,0.47619047619047616
