status,intersection
Core,11.842105263157896
Non-core,10.714285714285714
