status,intersection
Core,4.25531914893617
Non-core,3.0821917808219177
