status,intersection
Core,1.5151515151515151
Non-core,2.6315789473684212
