status,intersection
Core,1.4184397163120568
Non-core,1.6129032258064515
