status,intersection
Core,7.0325900514579756
Non-core,6.293706293706293
