status,intersection
Core,0.7117437722419929
Non-core,1.1049723756906078
