status,intersection
Core,2.046783625730994
Non-core,2.1459227467811157
