status,intersection
Core,2.26628895184136
Non-core,2.0661157024793386
