status,intersection
Core,3.5031847133757963
Non-core,3.686635944700461
