status,intersection
Core,5.737704918032787
Non-core,6.976744186046512
