status,intersection
Core,2.985074626865672
Non-core,2.127659574468085
