status,intersection
Core,5.319148936170213
Non-core,7.017543859649122
