status,intersection
Core,5.2631578947368425
Non-core,10.526315789473685
