status,intersection
Core,7.017543859649122
Non-core,4.878048780487805
