status,intersection
Core,2.6666666666666665
Non-core,1.0204081632653061
