status,intersection
Core,7.317073170731708
Non-core,3.8461538461538463
