status,intersection
Core,4.819277108433735
Non-core,6.382978723404255
