status,intersection
Core,1.9867549668874172
Non-core,0.9900990099009901
