status,intersection
Core,0.970873786407767
Non-core,1.694915254237288
