status,intersection
Core,9.615384615384615
Non-core,5.555555555555555
