status,intersection
Core,1.36986301369863
Non-core,3.0303030303030303
