status,intersection
Core,1.408450704225352
Non-core,2.7027027027027026
