status,intersection
Core,2.4930747922437675
Non-core,2.158273381294964
