status,intersection
Core,1.5384615384615385
Non-core,3.225806451612903
