status,intersection
Core,2.727272727272727
Non-core,1.4705882352941178
