status,intersection
Core,3.361344537815126
Non-core,3.4482758620689653
