status,intersection
Core,11.475409836065573
Non-core,8.88888888888889
