status,intersection
Core,6.542056074766355
Non-core,7.042253521126761
