status,intersection
Core,5.660377358490566
Non-core,2.6315789473684212
