status,intersection
Core,8.19672131147541
Non-core,4.545454545454546
