status,intersection
Core,3.658536585365854
Non-core,4.3478260869565215
