status,intersection
Core,2.4630541871921183
Non-core,2.8776978417266186
