status,intersection
Core,3.389830508474576
Non-core,1.8181818181818181
