status,intersection
Core,3.1963470319634704
Non-core,2.6143790849673203
