status,intersection
Core,3.187250996015936
Non-core,2.2598870056497176
