status,intersection
Core,2.4154589371980677
Non-core,2.097902097902098
