status,intersection
Core,2.7906976744186047
Non-core,1.9867549668874172
