status,intersection
Core,1.941747572815534
Non-core,1.4184397163120568
