status,intersection
Core,3.3582089552238807
Non-core,5.294117647058823
