status,intersection
Core,2.3696682464454977
Non-core,2.0408163265306123
