status,intersection
Core,1.7777777777777777
Non-core,1.2578616352201257
