status,intersection
Core,1.0050251256281406
Non-core,0.7407407407407407
