status,intersection
Core,1.5228426395939085
Non-core,2.3255813953488373
