status,intersection
Core,5.217391304347826
Non-core,5.454545454545454
