status,intersection
Core,3.686635944700461
Non-core,4.827586206896552
