status,intersection
Core,4.044117647058823
Non-core,4.1450777202072535
