status,intersection
Core,3.587443946188341
Non-core,3.2051282051282053
