status,intersection
Core,2.9166666666666665
Non-core,2.8735632183908044
